customer_id,customer_name,email,phone,city,state,pincode,customer_segment,registration_date
10001,Customer_10001,customer10001@example.com,9634895718,Mumbai,Punjab,484096,Consumer,2023-01-18
10002,Customer_10002,customer10002@example.com,9299900595,Chennai,West Bengal,484096,Consumer,2022-01-17
10003,Customer_10003,customer10003@example.com,9962061404,Kochi,Delhi,484096,Consumer,2023-05-08
10004,Customer_10004,customer10004@example.com,9887846414,Ahmedabad,Haryana,484096,Home Office,2025-09-16
10005,Customer_10005,customer10005@example.com,9227521863,Gurugram,Rajasthan,484096,Consumer,2024-07-14
10006,Customer_10006,customer10006@example.com,9523734972,Hyderabad,Telangana,484096,Corporate,2026-02-18
10007,Customer_10007,customer10007@example.com,9515968276,Kochi,Tamil Nadu,484096,Consumer,2025-11-30
10008,Customer_10008,customer10008@example.com,9770094950,Ahmedabad,Punjab,484096,Home Office,2022-04-27
10009,Customer_10009,customer10009@example.com,9941095289,Mumbai,Telangana,484096,Consumer,2026-04-28
10010,Customer_10010,customer10010@example.com,9769991378,Ahmedabad,Uttar Pradesh,484096,Corporate,2024-05-29
10011,Customer_10011,customer10011@example.com,9529389014,Kochi,Rajasthan,484096,Consumer,2022-04-25
10012,Customer_10012,customer10012@example.com,9349467210,Bengaluru,Kerala,484096,Consumer,2026-04-22
10013,Customer_10013,customer10013@example.com,9998717130,Ludhiana,Kerala,484096,Consumer,2024-03-24
10014,Customer_10014,customer10014@example.com,9598972759,Lucknow,Rajasthan,484096,Consumer,2026-07-07
10015,Customer_10015,customer10015@example.com,9459525748,Chennai,Tamil Nadu,484096,Home Office,2026-04-20
10016,Customer_10016,customer10016@example.com,9534285667,Mumbai,Gujarat,484096,Home Office,2023-10-06
10017,Customer_10017,customer10017@example.com,9713608295,Kochi,Telangana,484096,Home Office,2025-09-21
10018,Customer_10018,customer10018@example.com,9993664919,Ludhiana,Maharashtra,484096,Consumer,2022-12-02
10019,Customer_10019,customer10019@example.com,9748061058,Ludhiana,West Bengal,484096,Corporate,2024-07-10
10020,Customer_10020,customer10020@example.com,9188409749,Ahmedabad,Punjab,484096,Consumer,2022-05-27
10021,Customer_10021,customer10021@example.com,9342285876,Lucknow,Gujarat,484096,Consumer,2022-05-02
10022,Customer_10022,customer10022@example.com,9454088427,Ludhiana,Maharashtra,484096,Consumer,2022-03-22
10023,Customer_10023,customer10023@example.com,9909827741,Lucknow,Haryana,484096,Consumer,2023-11-16
10024,Customer_10024,customer10024@example.com,9103344769,Ahmedabad,Punjab,484096,Consumer,2026-08-17
10025,Customer_10025,customer10025@example.com,9880932287,Kochi,Punjab,484096,Consumer,2023-10-24
10026,Customer_10026,customer10026@example.com,9887716372,Hyderabad,Kerala,484096,Consumer,2023-01-10
10027,Customer_10027,customer10027@example.com,9604579232,Bengaluru,Tamil Nadu,484096,Corporate,2026-05-13
10028,Customer_10028,customer10028@example.com,9332968651,Ludhiana,Haryana,484096,Consumer,2022-03-04
10029,Customer_10029,customer10029@example.com,9579546681,Delhi,West Bengal,484096,Consumer,2023-05-19
10030,Customer_10030,customer10030@example.com,9206328085,Bengaluru,Karnataka,484096,Consumer,2023-10-30
10031,Customer_10031,customer10031@example.com,9130349564,Ahmedabad,Maharashtra,484096,Consumer,2023-03-25
10032,Customer_10032,customer10032@example.com,9881447915,Chennai,Kerala,484096,Consumer,2025-12-22
10033,Customer_10033,customer10033@example.com,9199052376,Delhi,Punjab,484096,Consumer,2024-05-17
10034,Customer_10034,customer10034@example.com,9277077808,Mumbai,Gujarat,484096,Consumer,2025-12-21
10035,Customer_10035,customer10035@example.com,9206406362,Bengaluru,Kerala,484096,Corporate,2025-12-15
10036,Customer_10036,customer10036@example.com,9580404538,Ahmedabad,Maharashtra,484096,Consumer,2025-09-07
10037,Customer_10037,customer10037@example.com,9743647998,Bengaluru,Maharashtra,484096,Corporate,2023-11-11
10038,Customer_10038,customer10038@example.com,9699121577,Ludhiana,Tamil Nadu,484096,Consumer,2025-04-04
10039,Customer_10039,customer10039@example.com,9300427519,Kochi,Punjab,484096,Consumer,2026-06-09
10040,Customer_10040,customer10040@example.com,9281009883,Delhi,Haryana,484096,Corporate,2026-07-31
10041,Customer_10041,customer10041@example.com,9599770319,Kolkata,Telangana,484096,Consumer,2023-04-06
10042,Customer_10042,customer10042@example.com,9985063869,Gurugram,Karnataka,484096,Consumer,2023-04-04
10043,Customer_10043,customer10043@example.com,9489151677,Bengaluru,Tamil Nadu,484096,Home Office,2025-04-27
10044,Customer_10044,customer10044@example.com,9251079598,Mumbai,Uttar Pradesh,484096,Consumer,2023-04-09
10045,Customer_10045,customer10045@example.com,9608464061,Mumbai,Punjab,484096,Corporate,2024-06-30
10046,Customer_10046,customer10046@example.com,9957592370,Jaipur,Tamil Nadu,484096,Consumer,2023-01-14
10047,Customer_10047,customer10047@example.com,9668919915,Bengaluru,West Bengal,484096,Corporate,2024-10-22
10048,Customer_10048,customer10048@example.com,9161136438,Gurugram,Karnataka,484096,Consumer,2026-06-30
10049,Customer_10049,customer10049@example.com,9496917567,Hyderabad,Kerala,484096,Consumer,2022-12-30
10050,Customer_10050,customer10050@example.com,9299502978,Ludhiana,Rajasthan,484096,Consumer,2022-03-13
10051,Customer_10051,customer10051@example.com,9572190436,Lucknow,Uttar Pradesh,484096,Consumer,2025-12-21
10052,Customer_10052,customer10052@example.com,9561901618,Kochi,Delhi,484096,Consumer,2023-09-30
10053,Customer_10053,customer10053@example.com,9874414982,Gurugram,Tamil Nadu,484096,Consumer,2025-04-08
10054,Customer_10054,customer10054@example.com,9832395540,Lucknow,Maharashtra,484096,Consumer,2025-05-13
10055,Customer_10055,customer10055@example.com,9961137736,Lucknow,Telangana,484096,Consumer,2022-12-03
10056,Customer_10056,customer10056@example.com,9379394470,Kolkata,Rajasthan,484096,Consumer,2026-02-04
10057,Customer_10057,customer10057@example.com,9156972561,Jaipur,Tamil Nadu,484096,Home Office,2022-07-14
10058,Customer_10058,customer10058@example.com,9954206851,Gurugram,Tamil Nadu,484096,Consumer,2026-08-21
10059,Customer_10059,customer10059@example.com,9925500248,Gurugram,Gujarat,484096,Consumer,2024-10-08
10060,Customer_10060,customer10060@example.com,9371820813,Kolkata,Gujarat,484096,Consumer,2023-10-15
10061,Customer_10061,customer10061@example.com,9350814705,Bengaluru,Rajasthan,484096,Consumer,2025-07-22
10062,Customer_10062,customer10062@example.com,9681609465,Bengaluru,Haryana,484096,Home Office,2022-01-07
10063,Customer_10063,customer10063@example.com,9334564360,Bengaluru,Kerala,484096,Consumer,2024-06-23
10064,Customer_10064,customer10064@example.com,9168574553,Chennai,Gujarat,484096,Home Office,2024-09-05
10065,Customer_10065,customer10065@example.com,9519498548,Lucknow,Maharashtra,484096,Consumer,2023-07-20
10066,Customer_10066,,9891274835,Chennai,Uttar Pradesh,484096,Corporate,2023-09-08
10067,Customer_10067,customer10067@example.com,9916698734,Jaipur,Delhi,484096,Consumer,2023-07-27
10068,Customer_10068,customer10068@example.com,9887110843,Kochi,Karnataka,484096,Home Office,2023-08-22
10069,Customer_10069,customer10069@example.com,9624150214,Kolkata,Delhi,484096,Consumer,2024-02-09
10070,Customer_10070,customer10070@example.com,9572432043,Gurugram,Delhi,484096,Consumer,2025-04-16
10071,Customer_10071,customer10071@example.com,9457319431,Ludhiana,Karnataka,484096,Consumer,2022-08-30
10072,Customer_10072,customer10072@example.com,9247697582,Lucknow,Gujarat,484096,Consumer,2025-05-11
10073,Customer_10073,customer10073@example.com,9844595490,Chennai,Rajasthan,484096,Home Office,2026-04-16
10074,Customer_10074,customer10074@example.com,9784275917,Chennai,Karnataka,484096,Consumer,2026-01-25
10075,Customer_10075,customer10075@example.com,9705850704,Ahmedabad,Kerala,484096,Consumer,2025-01-08
10076,Customer_10076,customer10076@example.com,9137709731,Chennai,Kerala,484096,Corporate,2026-03-27
10077,Customer_10077,customer10077@example.com,9882698033,Kochi,Punjab,484096,Consumer,2025-12-11
10078,Customer_10078,customer10078@example.com,9798027879,Hyderabad,West Bengal,484096,Home Office,2024-02-05
10079,Customer_10079,customer10079@example.com,9123027075,Gurugram,Haryana,484096,Corporate,2023-01-19
10080,Customer_10080,customer10080@example.com,9365047041,Hyderabad,Uttar Pradesh,484096,Consumer,2023-01-26
10081,Customer_10081,customer10081@example.com,9852288765,Gurugram,Telangana,484096,Home Office,2024-06-14
10082,Customer_10082,customer10082@example.com,9186191493,Kolkata,Gujarat,484096,Consumer,2023-11-19
10083,Customer_10083,customer10083@example.com,9993102645,Gurugram,Haryana,484096,Consumer,2025-02-23
10084,Customer_10084,customer10084@example.com,9300619113,Hyderabad,Karnataka,484096,Consumer,2026-02-26
10085,Customer_10085,customer10085@example.com,9390770691,Gurugram,West Bengal,484096,Consumer,2022-02-16
10086,Customer_10086,customer10086@example.com,9893943861,Kolkata,Telangana,484096,Corporate,2026-02-08
10087,Customer_10087,customer10087@example.com,9234489564,Kolkata,Uttar Pradesh,484096,Home Office,2023-09-11
10088,Customer_10088,customer10088@example.com,9496360081,Jaipur,Uttar Pradesh,484096,Consumer,2023-04-09
10089,Customer_10089,customer10089@example.com,9207944665,Gurugram,Gujarat,484096,Consumer,2022-05-03
10090,Customer_10090,customer10090@example.com,9957937451,Ludhiana,Karnataka,484096,Home Office,2026-02-06
10091,Customer_10091,customer10091@example.com,9913891745,Ahmedabad,Haryana,484096,Consumer,2022-05-14
10092,Customer_10092,customer10092@example.com,9723415497,Bengaluru,Rajasthan,484096,Consumer,2026-07-01
10093,Customer_10093,customer10093@example.com,9722028733,Mumbai,Haryana,484096,Consumer,2024-04-20
10094,Customer_10094,customer10094@example.com,9858744035,Kolkata,Haryana,484096,Home Office,2026-05-05
10095,Customer_10095,customer10095@example.com,9520477197,Delhi,Uttar Pradesh,484096,Consumer,2024-04-28
10096,Customer_10096,customer10096@example.com,9838194223,Bengaluru,Rajasthan,484096,Corporate,2023-08-30
10097,Customer_10097,customer10097@example.com,9428740110,Kochi,Rajasthan,484096,Corporate,2022-01-23
10098,Customer_10098,customer10098@example.com,9480072391,Lucknow,Gujarat,484096,Consumer,2023-07-20
10099,Customer_10099,customer10099@example.com,9402554573,Gurugram,Telangana,484096,Consumer,2024-02-05
10100,Customer_10100,customer10100@example.com,9941739990,Hyderabad,Tamil Nadu,484096,Corporate,2024-08-22
10101,Customer_10101,customer10101@example.com,9189482491,Mumbai,Delhi,484096,Consumer,2022-08-23
10102,Customer_10102,customer10102@example.com,9294249720,Delhi,Delhi,484096,Corporate,2024-09-22
10103,Customer_10103,customer10103@example.com,9423541287,Bengaluru,Uttar Pradesh,484096,Home Office,2024-12-18
10104,Customer_10104,customer10104@example.com,9506019796,Gurugram,Tamil Nadu,484096,Consumer,2025-04-02
10105,Customer_10105,customer10105@example.com,9695614415,Jaipur,Telangana,484096,Corporate,2024-04-05
10106,Customer_10106,customer10106@example.com,9191693393,Lucknow,Tamil Nadu,484096,Corporate,2022-08-04
10107,Customer_10107,customer10107@example.com,9270476398,Mumbai,Gujarat,484096,Corporate,2025-04-21
10108,Customer_10108,customer10108@example.com,9438175028,Ahmedabad,Haryana,484096,Consumer,2026-05-12
10109,Customer_10109,customer10109@example.com,9472593431,Jaipur,Uttar Pradesh,484096,Consumer,2023-10-19
10110,Customer_10110,customer10110@example.com,9558502041,Delhi,Rajasthan,484096,Consumer,2024-07-23
10111,Customer_10111,customer10111@example.com,9232862715,Kochi,Kerala,484096,Corporate,2025-01-18
10112,Customer_10112,customer10112@example.com,9559708603,Mumbai,Uttar Pradesh,484096,Consumer,2022-11-07
10113,Customer_10113,customer10113@example.com,9283378299,Jaipur,Delhi,484096,Corporate,2023-07-11
10114,Customer_10114,customer10114@example.com,9211665644,Lucknow,Telangana,484096,Consumer,2024-08-29
10115,Customer_10115,customer10115@example.com,9705264936,Ahmedabad,Tamil Nadu,484096,Consumer,2022-09-14
10116,Customer_10116,customer10116@example.com,9298743196,Jaipur,Telangana,484096,Consumer,2023-06-17
10117,Customer_10117,customer10117@example.com,9324184334,Chennai,Gujarat,484096,Corporate,2026-04-06
10118,Customer_10118,customer10118@example.com,9809816108,Ahmedabad,Uttar Pradesh,484096,Consumer,2022-02-21
10119,Customer_10119,customer10119@example.com,9420192576,Delhi,Karnataka,484096,Consumer,2025-09-23
10120,Customer_10120,customer10120@example.com,9167157848,Kochi,Uttar Pradesh,484096,Consumer,2025-04-09
10121,Customer_10121,customer10121@example.com,9844753672,Lucknow,Rajasthan,484096,Corporate,2024-12-26
10122,Customer_10122,customer10122@example.com,9195540567,Ludhiana,Uttar Pradesh,484096,Consumer,2026-07-07
10123,Customer_10123,customer10123@example.com,9722261376,Gurugram,West Bengal,484096,Consumer,2022-10-27
10124,Customer_10124,customer10124@example.com,9953477355,Hyderabad,Gujarat,484096,Home Office,2023-11-03
10125,Customer_10125,customer10125@example.com,9286780295,Hyderabad,Maharashtra,484096,Corporate,2024-02-17
10126,Customer_10126,customer10126@example.com,9123717335,Hyderabad,Gujarat,484096,Home Office,2024-04-11
10127,Customer_10127,customer10127@example.com,9160472382,Mumbai,Tamil Nadu,484096,Consumer,2022-08-20
10128,Customer_10128,customer10128@example.com,9381154698,Delhi,Kerala,484096,Consumer,2024-09-01
10129,Customer_10129,customer10129@example.com,9954021618,Lucknow,Maharashtra,484096,Home Office,2024-12-27
10130,Customer_10130,customer10130@example.com,9988445520,Ahmedabad,Tamil Nadu,484096,Consumer,2026-03-10
10131,Customer_10131,customer10131@example.com,9272552610,Mumbai,Tamil Nadu,484096,Corporate,2022-01-28
10132,Customer_10132,customer10132@example.com,9191355424,Delhi,Rajasthan,484096,Consumer,2026-07-10
10133,Customer_10133,customer10133@example.com,9555094650,Gurugram,Rajasthan,484096,Consumer,2024-12-10
10134,Customer_10134,customer10134@example.com,9418019332,Chennai,Punjab,484096,Consumer,2025-07-07
10135,Customer_10135,customer10135@example.com,9857206505,Lucknow,Haryana,484096,Consumer,2023-08-14
10136,Customer_10136,customer10136@example.com,9565856742,Hyderabad,Delhi,484096,Consumer,2024-02-24
10137,Customer_10137,customer10137@example.com,9748870905,Jaipur,Haryana,484096,Consumer,2023-09-12
10138,Customer_10138,customer10138@example.com,9597653800,Ludhiana,Haryana,484096,Home Office,2023-08-09
10139,Customer_10139,customer10139@example.com,9808496411,Lucknow,Kerala,484096,Consumer,2024-09-28
10140,Customer_10140,customer10140@example.com,9585775494,Kolkata,Delhi,484096,Corporate,2022-07-03
10141,Customer_10141,customer10141@example.com,9529662408,Kochi,Karnataka,484096,Corporate,2024-11-12
10142,Customer_10142,customer10142@example.com,9629561415,Delhi,Maharashtra,484096,Consumer,2022-05-09
10143,Customer_10143,customer10143@example.com,9956634123,Bengaluru,Telangana,484096,Consumer,2022-10-18
10144,Customer_10144,customer10144@example.com,9447454369,Gurugram,Haryana,484096,Corporate,2023-05-16
10145,Customer_10145,customer10145@example.com,9509783328,Chennai,Kerala,484096,Consumer,2022-07-05
10146,Customer_10146,customer10146@example.com,9372981039,Gurugram,Punjab,484096,Corporate,2023-04-24
10147,Customer_10147,customer10147@example.com,9618910454,Lucknow,Uttar Pradesh,484096,Corporate,2026-05-14
10148,Customer_10148,customer10148@example.com,9361917078,Bengaluru,Uttar Pradesh,484096,Home Office,2023-05-07
10149,Customer_10149,customer10149@example.com,9825167677,Kolkata,Tamil Nadu,484096,Consumer,2023-05-28
10150,Customer_10150,customer10150@example.com,9422909911,Ahmedabad,Delhi,484096,Consumer,2026-07-25
10151,Customer_10151,customer10151@example.com,9812631076,Jaipur,Tamil Nadu,484096,Consumer,2024-12-26
10152,Customer_10152,customer10152@example.com,9492121003,Bengaluru,Kerala,484096,Consumer,2023-04-12
10153,Customer_10153,customer10153@example.com,9690804839,Delhi,West Bengal,484096,Home Office,2022-10-12
10154,Customer_10154,customer10154@example.com,9206179285,Hyderabad,West Bengal,484096,Consumer,2023-08-24
10155,Customer_10155,customer10155@example.com,9689324250,Kolkata,Punjab,484096,Consumer,2025-12-11
10156,Customer_10156,customer10156@example.com,9363038498,Jaipur,Telangana,484096,Corporate,2025-01-28
10157,Customer_10157,customer10157@example.com,9670916578,Ludhiana,Rajasthan,484096,Consumer,2022-07-08
10158,Customer_10158,customer10158@example.com,9613653348,Chennai,Rajasthan,484096,Consumer,2024-09-15
10159,Customer_10159,customer10159@example.com,9524831618,Hyderabad,Delhi,484096,Consumer,2024-06-08
10160,Customer_10160,customer10160@example.com,9146321408,Lucknow,Delhi,484096,Home Office,2023-01-23
10161,Customer_10161,customer10161@example.com,9363183577,Bengaluru,Haryana,484096,Consumer,2022-08-29
10162,Customer_10162,customer10162@example.com,9190053374,Jaipur,West Bengal,484096,Home Office,2023-02-21
10163,Customer_10163,customer10163@example.com,9126063245,Kochi,Haryana,484096,Consumer,2022-06-25
10164,Customer_10164,customer10164@example.com,9273660954,Mumbai,Rajasthan,484096,Corporate,2023-01-22
10165,Customer_10165,customer10165@example.com,9197636744,Kochi,Maharashtra,484096,Corporate,2026-02-03
10166,Customer_10166,customer10166@example.com,9862532878,Ahmedabad,Maharashtra,484096,Consumer,2024-05-02
10167,Customer_10167,customer10167@example.com,9576272473,Kochi,Delhi,484096,Consumer,2025-06-10
10168,Customer_10168,customer10168@example.com,9209174313,Ludhiana,Tamil Nadu,484096,Consumer,2023-10-25
10169,Customer_10169,customer10169@example.com,9913194107,Ahmedabad,Rajasthan,484096,Corporate,2023-03-28
10170,Customer_10170,customer10170@example.com,9563390156,Kolkata,Maharashtra,484096,Consumer,2022-10-04
10171,Customer_10171,customer10171@example.com,9966377394,Chennai,Rajasthan,484096,Consumer,2025-06-06
10172,Customer_10172,customer10172@example.com,9234987326,Kolkata,Gujarat,484096,Consumer,2025-04-09
10173,Customer_10173,customer10173@example.com,9726049887,Mumbai,Uttar Pradesh,484096,Consumer,2022-08-01
10174,Customer_10174,customer10174@example.com,9685878246,Delhi,West Bengal,484096,Consumer,2025-07-29
10175,Customer_10175,customer10175@example.com,9376406835,Chennai,Haryana,484096,Consumer,2022-02-10
10176,Customer_10176,customer10176@example.com,9371766524,Kochi,Rajasthan,484096,Consumer,2025-02-19
10177,Customer_10177,customer10177@example.com,9136810847,Gurugram,Uttar Pradesh,484096,Home Office,2025-06-04
10178,Customer_10178,customer10178@example.com,9939735171,Delhi,Gujarat,484096,Corporate,2022-10-21
10179,Customer_10179,customer10179@example.com,9776742877,Chennai,Haryana,484096,Consumer,2023-08-23
10180,Customer_10180,customer10180@example.com,9698424036,Chennai,Rajasthan,484096,Home Office,2025-07-14
10181,Customer_10181,customer10181@example.com,9548469222,Mumbai,Delhi,484096,Corporate,2023-06-25
10182,Customer_10182,customer10182@example.com,9788839404,Lucknow,Uttar Pradesh,484096,Home Office,2023-03-27
10183,Customer_10183,customer10183@example.com,9271116174,Kochi,Haryana,484096,Consumer,2026-01-12
10184,Customer_10184,customer10184@example.com,9123841962,Mumbai,Rajasthan,484096,Consumer,2024-12-20
10185,Customer_10185,customer10185@example.com,9972141340,Chennai,Uttar Pradesh,484096,Consumer,2026-03-06
10186,Customer_10186,customer10186@example.com,9928299788,Jaipur,Gujarat,484096,Corporate,2025-03-16
10187,Customer_10187,customer10187@example.com,9430626207,Delhi,Rajasthan,484096,Consumer,2024-02-29
10188,Customer_10188,customer10188@example.com,9524623942,Mumbai,Rajasthan,484096,Consumer,2022-11-30
10189,Customer_10189,customer10189@example.com,9270731194,Lucknow,Rajasthan,484096,Consumer,2024-06-09
10190,Customer_10190,customer10190@example.com,9936594930,Bengaluru,Punjab,484096,Consumer,2025-03-11
10191,Customer_10191,customer10191@example.com,9792440149,Kolkata,Telangana,484096,Consumer,2022-02-13
10192,Customer_10192,customer10192@example.com,9660355099,Chennai,Punjab,484096,Consumer,2022-05-24
10193,Customer_10193,customer10193@example.com,9871795521,Kochi,Delhi,484096,Consumer,2022-11-29
10194,Customer_10194,customer10194@example.com,9634096553,Gurugram,Gujarat,484096,Consumer,2024-09-24
10195,Customer_10195,customer10195@example.com,9349625132,Bengaluru,Punjab,484096,Home Office,2026-03-01
10196,Customer_10196,customer10196@example.com,9295995197,Ahmedabad,Haryana,484096,Corporate,2025-11-20
10197,Customer_10197,customer10197@example.com,9672964792,Hyderabad,Kerala,484096,Home Office,2022-02-24
10198,Customer_10198,customer10198@example.com,9553094388,Lucknow,Telangana,484096,Corporate,2025-08-23
10199,Customer_10199,customer10199@example.com,9621669253,Gurugram,Tamil Nadu,484096,Consumer,2024-05-19
10200,Customer_10200,customer10200@example.com,9987059227,Hyderabad,Kerala,484096,Consumer,2025-12-17
10201,Customer_10201,customer10201@example.com,9330519835,Lucknow,Telangana,484096,Corporate,2025-12-11
10202,Customer_10202,customer10202@example.com,9901312299,Kochi,West Bengal,484096,Consumer,2026-08-24
10203,Customer_10203,customer10203@example.com,9815154771,Jaipur,West Bengal,484096,Consumer,2024-03-07
10204,Customer_10204,customer10204@example.com,9712286237,Kochi,Rajasthan,484096,Consumer,2022-11-21
10205,Customer_10205,customer10205@example.com,9672434365,Kolkata,Telangana,484096,Consumer,2026-08-22
10206,Customer_10206,customer10206@example.com,9268973642,Bengaluru,Tamil Nadu,484096,Consumer,2022-03-21
10207,Customer_10207,customer10207@example.com,9419309439,Delhi,Telangana,484096,Consumer,2024-11-20
10208,Customer_10208,customer10208@example.com,9346703609,Lucknow,Delhi,484096,Consumer,2024-09-11
10209,Customer_10209,customer10209@example.com,9624363766,Kochi,Kerala,484096,Corporate,2025-02-09
10210,Customer_10210,customer10210@example.com,9727457371,Delhi,Delhi,484096,Consumer,2023-07-12
10211,Customer_10211,customer10211@example.com,9556545752,Kolkata,Tamil Nadu,484096,Consumer,2024-05-14
10212,Customer_10212,customer10212@example.com,9392072678,Chennai,Telangana,484096,Consumer,2023-12-18
10213,Customer_10213,customer10213@example.com,9773573053,Ahmedabad,Uttar Pradesh,484096,Corporate,2026-05-07
10214,Customer_10214,customer10214@example.com,9572669408,Bengaluru,Delhi,484096,Consumer,2026-08-01
10215,Customer_10215,customer10215@example.com,9195057280,Kolkata,Delhi,484096,Consumer,2023-04-17
10216,Customer_10216,customer10216@example.com,9734324250,Kolkata,Maharashtra,484096,Consumer,2022-03-15
10217,Customer_10217,customer10217@example.com,9860672189,Kochi,Telangana,484096,Consumer,2026-04-26
10218,Customer_10218,customer10218@example.com,9102235000,Jaipur,Delhi,484096,Home Office,2026-02-11
10219,Customer_10219,customer10219@example.com,9392121203,Hyderabad,Punjab,484096,Home Office,2023-08-12
10220,Customer_10220,,9540529868,Ahmedabad,Gujarat,484096,Consumer,2025-11-11
10221,Customer_10221,customer10221@example.com,9575584232,Bengaluru,Telangana,484096,Consumer,2023-07-18
10222,Customer_10222,customer10222@example.com,9335283714,Chennai,West Bengal,484096,Corporate,2025-12-27
10223,Customer_10223,customer10223@example.com,9129859174,Chennai,Maharashtra,484096,Consumer,2025-12-06
10224,Customer_10224,customer10224@example.com,9807191493,Mumbai,Delhi,484096,Consumer,2023-04-12
10225,Customer_10225,customer10225@example.com,9146159303,Kolkata,Maharashtra,484096,Consumer,2023-08-22
10226,Customer_10226,customer10226@example.com,9246412954,Lucknow,West Bengal,484096,Home Office,2026-07-03
10227,Customer_10227,customer10227@example.com,9819024776,Jaipur,Tamil Nadu,484096,Consumer,2024-09-18
10228,Customer_10228,customer10228@example.com,9926506464,Ahmedabad,Tamil Nadu,484096,Consumer,2024-01-07
10229,Customer_10229,customer10229@example.com,9614817842,Kochi,Kerala,484096,Corporate,2024-09-20
10230,Customer_10230,customer10230@example.com,9183375337,Chennai,Telangana,484096,Consumer,2022-09-05
10231,Customer_10231,customer10231@example.com,9476304299,Bengaluru,West Bengal,484096,Consumer,2026-05-24
10232,Customer_10232,customer10232@example.com,9928540878,Mumbai,Karnataka,484096,Home Office,2025-02-17
10233,Customer_10233,customer10233@example.com,9822804538,Bengaluru,Kerala,484096,Consumer,2022-03-08
10234,Customer_10234,customer10234@example.com,9414404213,Jaipur,Karnataka,484096,Consumer,2023-07-27
10235,Customer_10235,customer10235@example.com,9180705119,Lucknow,Telangana,484096,Consumer,2025-09-12
10236,Customer_10236,customer10236@example.com,9349546199,Mumbai,Rajasthan,484096,Consumer,2023-12-04
10237,Customer_10237,customer10237@example.com,9971959784,Mumbai,Maharashtra,484096,Consumer,2023-04-15
10238,Customer_10238,customer10238@example.com,9760721331,Hyderabad,Maharashtra,484096,Consumer,2023-05-08
10239,Customer_10239,customer10239@example.com,9588035440,Ahmedabad,Tamil Nadu,484096,Consumer,2023-10-25
10240,Customer_10240,customer10240@example.com,9378710077,Mumbai,Karnataka,484096,Corporate,2022-10-13
10241,Customer_10241,customer10241@example.com,9116816569,Ludhiana,Punjab,484096,Consumer,2026-06-20
10242,Customer_10242,customer10242@example.com,9107654909,Hyderabad,Haryana,484096,Consumer,2022-11-08
10243,Customer_10243,customer10243@example.com,9943120422,Hyderabad,Delhi,484096,Consumer,2022-11-05
10244,Customer_10244,customer10244@example.com,9318520688,Jaipur,Delhi,484096,Corporate,2024-02-14
10245,Customer_10245,customer10245@example.com,9736028516,Ludhiana,Delhi,484096,Consumer,2025-01-25
10246,Customer_10246,,9249638768,Delhi,Tamil Nadu,484096,Consumer,2024-08-22
10247,Customer_10247,customer10247@example.com,9258428240,Bengaluru,West Bengal,484096,Consumer,2025-02-10
10248,Customer_10248,customer10248@example.com,9172073914,Lucknow,Punjab,484096,Consumer,2026-07-19
10249,Customer_10249,customer10249@example.com,9570575216,Gurugram,Uttar Pradesh,484096,Consumer,2023-04-01
10250,Customer_10250,customer10250@example.com,9111506305,Bengaluru,Karnataka,484096,Corporate,2026-01-26
10251,Customer_10251,customer10251@example.com,9791648731,Mumbai,Punjab,484096,Consumer,2022-05-12
10252,Customer_10252,customer10252@example.com,9321099573,Lucknow,Kerala,484096,Consumer,2024-07-18
10253,Customer_10253,customer10253@example.com,9241951830,Chennai,Karnataka,484096,Consumer,2024-08-22
10254,Customer_10254,customer10254@example.com,9223035620,Delhi,Punjab,484096,Corporate,2024-07-17
10255,Customer_10255,customer10255@example.com,9508327903,Chennai,Haryana,484096,Consumer,2022-05-01
10256,Customer_10256,customer10256@example.com,9779746784,Ludhiana,Punjab,484096,Consumer,2025-05-05
10257,Customer_10257,customer10257@example.com,9677034624,Chennai,Punjab,484096,Consumer,2026-02-14
10258,Customer_10258,customer10258@example.com,9876124029,Kochi,Punjab,484096,Consumer,2023-09-26
10259,Customer_10259,customer10259@example.com,9722318721,Ahmedabad,Maharashtra,484096,Consumer,2024-06-15
10260,Customer_10260,customer10260@example.com,9232863028,Bengaluru,Rajasthan,484096,Consumer,2024-02-11
10261,Customer_10261,customer10261@example.com,9949472217,Gurugram,Telangana,484096,Consumer,2024-11-28
10262,Customer_10262,customer10262@example.com,9327174085,Kochi,Kerala,484096,Consumer,2023-07-20
10263,Customer_10263,customer10263@example.com,9498129398,Jaipur,Kerala,484096,Consumer,2023-05-27
10264,Customer_10264,customer10264@example.com,9839316547,Gurugram,Maharashtra,484096,Consumer,2026-02-06
10265,Customer_10265,customer10265@example.com,9447262390,Chennai,West Bengal,484096,Consumer,2025-03-30
10266,Customer_10266,customer10266@example.com,9149905866,Mumbai,Telangana,484096,Corporate,2022-10-16
10267,Customer_10267,customer10267@example.com,9613911991,Delhi,Karnataka,484096,Home Office,2022-07-19
10268,Customer_10268,customer10268@example.com,9328233509,Kolkata,West Bengal,484096,Home Office,2023-06-12
10269,Customer_10269,customer10269@example.com,9605874711,Gurugram,Telangana,484096,Home Office,2024-07-05
10270,Customer_10270,customer10270@example.com,9668249203,Chennai,Haryana,484096,Consumer,2026-03-07
10271,Customer_10271,customer10271@example.com,9673505733,Delhi,Haryana,484096,Corporate,2025-06-25
10272,Customer_10272,customer10272@example.com,9739196117,Lucknow,Gujarat,484096,Consumer,2025-11-07
10273,Customer_10273,customer10273@example.com,9253651082,Bengaluru,Uttar Pradesh,484096,Consumer,2025-05-26
10274,Customer_10274,customer10274@example.com,9385322750,Hyderabad,Haryana,484096,Consumer,2025-01-15
10275,Customer_10275,customer10275@example.com,9487791599,Ahmedabad,Karnataka,484096,Consumer,2025-01-10
10276,Customer_10276,customer10276@example.com,9307640719,Delhi,Rajasthan,484096,Corporate,2024-12-21
10277,Customer_10277,customer10277@example.com,9466371424,Mumbai,Delhi,484096,Consumer,2024-03-09
10278,Customer_10278,customer10278@example.com,9747326920,Ludhiana,Gujarat,484096,Consumer,2026-03-04
10279,Customer_10279,customer10279@example.com,9403998075,Mumbai,Delhi,484096,Home Office,2024-12-01
10280,Customer_10280,customer10280@example.com,9135213498,Delhi,Kerala,484096,Consumer,2022-01-12
10281,Customer_10281,customer10281@example.com,9901090885,Mumbai,Punjab,484096,Consumer,2024-04-12
10282,Customer_10282,customer10282@example.com,9941009615,Bengaluru,Uttar Pradesh,484096,Home Office,2024-04-20
10283,Customer_10283,customer10283@example.com,9275127900,Mumbai,Kerala,484096,Consumer,2023-10-05
10284,Customer_10284,customer10284@example.com,9565397506,Gurugram,Telangana,484096,Consumer,2025-02-12
10285,Customer_10285,customer10285@example.com,9490382227,Hyderabad,Kerala,484096,Consumer,2025-05-26
10286,Customer_10286,customer10286@example.com,9426241019,Mumbai,Tamil Nadu,484096,Consumer,2026-07-31
10287,Customer_10287,customer10287@example.com,9862633146,Hyderabad,Haryana,484096,Home Office,2022-04-16
10288,Customer_10288,customer10288@example.com,9171244178,Chennai,Rajasthan,484096,Consumer,2023-11-22
10289,Customer_10289,customer10289@example.com,9151939266,Jaipur,Uttar Pradesh,484096,Consumer,2023-06-12
10290,Customer_10290,customer10290@example.com,9355555070,Bengaluru,Delhi,484096,Consumer,2026-02-04
10291,Customer_10291,customer10291@example.com,9523767187,Jaipur,Gujarat,484096,Consumer,2024-04-25
10292,Customer_10292,customer10292@example.com,9723512415,Chennai,Haryana,484096,Home Office,2024-06-11
10293,Customer_10293,customer10293@example.com,9513075142,Bengaluru,Karnataka,484096,Consumer,2023-01-22
10294,Customer_10294,customer10294@example.com,9848898099,Delhi,Haryana,484096,Consumer,2025-06-03
10295,Customer_10295,customer10295@example.com,9918291176,Delhi,Gujarat,484096,Consumer,2023-04-26
10296,Customer_10296,customer10296@example.com,9920071328,Hyderabad,Gujarat,484096,Corporate,2023-02-12
10297,Customer_10297,,9733816999,Chennai,Tamil Nadu,484096,Home Office,2026-01-20
10298,Customer_10298,customer10298@example.com,9687273855,Hyderabad,Haryana,484096,Consumer,2026-08-04
10299,Customer_10299,customer10299@example.com,9176241446,Ahmedabad,Kerala,484096,Consumer,2024-06-16
10300,Customer_10300,customer10300@example.com,9901999185,Mumbai,Haryana,484096,Consumer,2023-12-12
10301,Customer_10301,customer10301@example.com,9476712039,Kolkata,Punjab,484096,Corporate,2026-07-06
10302,Customer_10302,customer10302@example.com,9690647936,Ahmedabad,Tamil Nadu,484096,Consumer,2023-10-01
10303,Customer_10303,customer10303@example.com,9854583306,Mumbai,West Bengal,484096,Home Office,2024-11-10
10304,Customer_10304,customer10304@example.com,9491127003,Bengaluru,West Bengal,484096,Consumer,2026-08-10
10305,Customer_10305,customer10305@example.com,9587365080,Hyderabad,Punjab,484096,Home Office,2026-06-13
10306,Customer_10306,customer10306@example.com,9997955761,Bengaluru,Telangana,484096,Consumer,2024-03-25
10307,Customer_10307,customer10307@example.com,9850303382,Kochi,West Bengal,484096,Consumer,2024-07-06
10308,Customer_10308,customer10308@example.com,9278017694,Kochi,Punjab,484096,Consumer,2022-07-22
10309,Customer_10309,customer10309@example.com,9646918365,Kochi,Maharashtra,484096,Consumer,2023-02-21
10310,Customer_10310,customer10310@example.com,9940887593,Bengaluru,Kerala,484096,Home Office,2023-02-20
10311,Customer_10311,customer10311@example.com,9134109026,Mumbai,Haryana,484096,Corporate,2026-01-11
10312,Customer_10312,customer10312@example.com,9787126267,Kochi,Kerala,484096,Corporate,2026-03-16
10313,Customer_10313,customer10313@example.com,9851425679,Chennai,Punjab,484096,Consumer,2022-03-26
10314,Customer_10314,customer10314@example.com,9388717145,Ludhiana,Rajasthan,484096,Consumer,2022-06-16
10315,Customer_10315,customer10315@example.com,9337085688,Mumbai,Haryana,484096,Corporate,2023-01-19
10316,Customer_10316,customer10316@example.com,9171450611,Kochi,Maharashtra,484096,Consumer,2023-04-13
10317,Customer_10317,customer10317@example.com,9227348283,Lucknow,Maharashtra,484096,Consumer,2024-12-31
10318,Customer_10318,customer10318@example.com,9146510960,Delhi,Kerala,484096,Consumer,2024-03-20
10319,Customer_10319,customer10319@example.com,9499873327,Delhi,Delhi,484096,Consumer,2024-09-23
10320,Customer_10320,customer10320@example.com,9732286859,Ahmedabad,Haryana,484096,Consumer,2026-03-25
10321,Customer_10321,customer10321@example.com,9350368452,Delhi,Uttar Pradesh,484096,Consumer,2023-04-18
10322,Customer_10322,customer10322@example.com,9746040612,Mumbai,Maharashtra,484096,Consumer,2024-09-19
10323,Customer_10323,customer10323@example.com,9669668767,Gurugram,Rajasthan,484096,Home Office,2025-07-05
10324,Customer_10324,customer10324@example.com,9671666426,Hyderabad,Tamil Nadu,484096,Consumer,2022-10-02
10325,Customer_10325,customer10325@example.com,9910490870,Mumbai,Telangana,484096,Consumer,2024-11-09
10326,Customer_10326,customer10326@example.com,9482380040,Ludhiana,Delhi,484096,Consumer,2026-02-22
10327,Customer_10327,customer10327@example.com,9224001512,Mumbai,Tamil Nadu,484096,Corporate,2023-05-05
10328,Customer_10328,customer10328@example.com,9526101858,Kolkata,Delhi,484096,Consumer,2022-11-22
10329,Customer_10329,customer10329@example.com,9960530322,Hyderabad,Rajasthan,484096,Consumer,2023-06-13
10330,Customer_10330,customer10330@example.com,9515156431,Lucknow,Kerala,484096,Consumer,2024-06-10
10331,Customer_10331,customer10331@example.com,9731833730,Delhi,Gujarat,484096,Consumer,2022-03-30
10332,Customer_10332,customer10332@example.com,9556659347,Hyderabad,Haryana,484096,Consumer,2023-05-01
10333,Customer_10333,customer10333@example.com,9688781719,Delhi,Punjab,484096,Corporate,2023-12-09
10334,Customer_10334,customer10334@example.com,9763607349,Ahmedabad,Karnataka,484096,Home Office,2022-12-16
10335,Customer_10335,customer10335@example.com,9228314487,Hyderabad,Uttar Pradesh,484096,Consumer,2025-01-12
10336,Customer_10336,customer10336@example.com,9691718048,Kochi,Tamil Nadu,484096,Consumer,2023-01-22
10337,Customer_10337,customer10337@example.com,9710021271,Delhi,Haryana,484096,Home Office,2022-03-28
10338,Customer_10338,customer10338@example.com,9533484403,Lucknow,Uttar Pradesh,484096,Consumer,2022-11-03
10339,Customer_10339,customer10339@example.com,9461378378,Kochi,Gujarat,484096,Corporate,2025-03-23
10340,Customer_10340,customer10340@example.com,9897296240,Jaipur,Karnataka,484096,Consumer,2023-03-16
10341,Customer_10341,customer10341@example.com,9794190023,Bengaluru,Uttar Pradesh,484096,Home Office,2024-01-10
10342,Customer_10342,customer10342@example.com,9251786915,Bengaluru,Uttar Pradesh,484096,Corporate,2022-09-21
10343,Customer_10343,customer10343@example.com,9738035365,Lucknow,Tamil Nadu,484096,Home Office,2024-09-03
10344,Customer_10344,customer10344@example.com,9825799015,Kolkata,West Bengal,484096,Corporate,2024-01-05
10345,Customer_10345,customer10345@example.com,9557109331,Jaipur,Karnataka,484096,Consumer,2023-02-25
10346,Customer_10346,customer10346@example.com,9446546429,Ahmedabad,Haryana,484096,Home Office,2023-05-08
10347,Customer_10347,customer10347@example.com,9139501026,Lucknow,Gujarat,484096,Consumer,2023-09-25
10348,Customer_10348,customer10348@example.com,9625200495,Kochi,Karnataka,484096,Consumer,2024-09-19
10349,Customer_10349,customer10349@example.com,9535816957,Bengaluru,Kerala,484096,Corporate,2023-02-15
10350,Customer_10350,customer10350@example.com,9916616920,Bengaluru,Rajasthan,484096,Corporate,2022-06-22
10351,Customer_10351,customer10351@example.com,9802234722,Bengaluru,Kerala,484096,Home Office,2022-01-04
10352,Customer_10352,customer10352@example.com,9121739356,Kochi,West Bengal,484096,Consumer,2024-05-03
10353,Customer_10353,customer10353@example.com,9245689489,Chennai,Rajasthan,484096,Corporate,2026-07-22
10354,Customer_10354,customer10354@example.com,9790665343,Lucknow,Gujarat,484096,Corporate,2024-09-12
10355,Customer_10355,customer10355@example.com,9337785965,Mumbai,Tamil Nadu,484096,Consumer,2026-02-04
10356,Customer_10356,customer10356@example.com,9309310033,Ahmedabad,Tamil Nadu,484096,Consumer,2025-02-07
10357,Customer_10357,customer10357@example.com,9924183605,Bengaluru,Gujarat,484096,Consumer,2024-11-26
10358,Customer_10358,customer10358@example.com,9952225186,Delhi,Delhi,484096,Consumer,2023-08-06
10359,Customer_10359,customer10359@example.com,9752668623,Lucknow,Gujarat,484096,Home Office,2024-11-20
10360,Customer_10360,customer10360@example.com,9855593187,Ludhiana,Kerala,484096,Consumer,2023-01-16
10361,Customer_10361,customer10361@example.com,9177633091,Kochi,West Bengal,484096,Corporate,2025-07-15
10362,Customer_10362,customer10362@example.com,9423839252,Chennai,Maharashtra,484096,Home Office,2024-10-31
10363,Customer_10363,customer10363@example.com,9868037679,Lucknow,Tamil Nadu,484096,Consumer,2022-12-10
10364,Customer_10364,customer10364@example.com,9600229623,Ahmedabad,Telangana,484096,Corporate,2026-04-17
10365,Customer_10365,customer10365@example.com,9742668415,Chennai,West Bengal,484096,Consumer,2026-05-12
10366,Customer_10366,customer10366@example.com,9526161286,Ahmedabad,Punjab,484096,Home Office,2022-06-15
10367,Customer_10367,customer10367@example.com,9776942224,Lucknow,West Bengal,484096,Consumer,2023-12-01
10368,Customer_10368,customer10368@example.com,9349369215,Mumbai,West Bengal,484096,Home Office,2022-12-08
10369,Customer_10369,customer10369@example.com,9393383200,Ludhiana,Uttar Pradesh,484096,Consumer,2026-02-14
10370,Customer_10370,customer10370@example.com,9282708911,Ahmedabad,West Bengal,484096,Consumer,2024-11-08
10371,Customer_10371,customer10371@example.com,9502330059,Chennai,Tamil Nadu,484096,Corporate,2026-07-10
10372,Customer_10372,customer10372@example.com,9137856186,Chennai,Maharashtra,484096,Consumer,2024-09-06
10373,Customer_10373,customer10373@example.com,9605585522,Ahmedabad,Maharashtra,484096,Consumer,2025-04-22
10374,Customer_10374,,9685544149,Gurugram,West Bengal,484096,Consumer,2023-06-29
10375,Customer_10375,customer10375@example.com,9165293686,Lucknow,Punjab,484096,Corporate,2024-10-30
10376,Customer_10376,customer10376@example.com,9101983509,Gurugram,Rajasthan,484096,Consumer,2026-06-04
10377,Customer_10377,customer10377@example.com,9485992349,Kolkata,Tamil Nadu,484096,Consumer,2022-07-11
10378,Customer_10378,customer10378@example.com,9714600044,Lucknow,Tamil Nadu,484096,Consumer,2022-11-16
10379,Customer_10379,customer10379@example.com,9710085301,Ahmedabad,Punjab,484096,Consumer,2023-08-03
10380,Customer_10380,customer10380@example.com,9770439175,Jaipur,Karnataka,484096,Consumer,2023-04-20
10381,Customer_10381,customer10381@example.com,9663236122,Ahmedabad,Kerala,484096,Consumer,2023-09-29
10382,Customer_10382,customer10382@example.com,9891967770,Gurugram,Punjab,484096,Consumer,2023-03-03
10383,Customer_10383,customer10383@example.com,9292463073,Mumbai,Punjab,484096,Consumer,2024-12-18
10384,Customer_10384,customer10384@example.com,9529833492,Ahmedabad,Haryana,484096,Consumer,2025-12-30
10385,Customer_10385,customer10385@example.com,9111326237,Ahmedabad,Delhi,484096,Home Office,2022-04-07
10386,Customer_10386,customer10386@example.com,9723214176,Mumbai,Punjab,484096,Consumer,2023-05-11
10387,Customer_10387,customer10387@example.com,9430299675,Ahmedabad,Delhi,484096,Consumer,2023-10-23
10388,Customer_10388,customer10388@example.com,9825523310,Bengaluru,Rajasthan,484096,Corporate,2025-07-25
10389,Customer_10389,customer10389@example.com,9590345952,Jaipur,Delhi,484096,Consumer,2025-07-12
10390,Customer_10390,customer10390@example.com,9938562244,Delhi,Karnataka,484096,Corporate,2022-01-09
10391,Customer_10391,customer10391@example.com,9232166290,Jaipur,Punjab,484096,Consumer,2023-04-02
10392,Customer_10392,customer10392@example.com,9409255683,Kochi,Punjab,484096,Consumer,2022-09-30
10393,Customer_10393,customer10393@example.com,9204436258,Ludhiana,Gujarat,484096,Consumer,2024-07-28
10394,Customer_10394,customer10394@example.com,9179688895,Ahmedabad,Delhi,484096,Corporate,2024-10-28
10395,Customer_10395,customer10395@example.com,9724798768,Bengaluru,Tamil Nadu,484096,Corporate,2022-07-27
10396,Customer_10396,customer10396@example.com,9287276799,Lucknow,Punjab,484096,Consumer,2026-07-19
10397,Customer_10397,customer10397@example.com,9860684560,Ahmedabad,Kerala,484096,Consumer,2025-02-20
10398,Customer_10398,customer10398@example.com,9918013403,Gurugram,Gujarat,484096,Home Office,2024-11-22
10399,Customer_10399,customer10399@example.com,9975866588,Bengaluru,Delhi,484096,Consumer,2026-03-17
10400,Customer_10400,customer10400@example.com,9226960685,Mumbai,Tamil Nadu,484096,Consumer,2022-07-23
10401,Customer_10401,customer10401@example.com,9808087156,Bengaluru,Tamil Nadu,484096,Home Office,2023-06-02
10402,Customer_10402,customer10402@example.com,9673352453,Kochi,West Bengal,484096,Corporate,2023-06-01
10403,Customer_10403,customer10403@example.com,9616077666,Mumbai,Maharashtra,484096,Consumer,2023-03-19
10404,Customer_10404,customer10404@example.com,9166385640,Kolkata,Rajasthan,484096,Corporate,2026-06-04
10405,Customer_10405,customer10405@example.com,9972186916,Delhi,Karnataka,484096,Home Office,2023-11-20
10406,Customer_10406,customer10406@example.com,9865872407,Hyderabad,Uttar Pradesh,484096,Consumer,2024-04-29
10407,Customer_10407,customer10407@example.com,9446819932,Bengaluru,Punjab,484096,Consumer,2024-04-12
10408,Customer_10408,customer10408@example.com,9865295088,Chennai,Haryana,484096,Consumer,2022-12-05
10409,Customer_10409,customer10409@example.com,9326623789,Gurugram,Delhi,484096,Home Office,2026-01-01
10410,Customer_10410,customer10410@example.com,9410493790,Ahmedabad,Delhi,484096,Corporate,2026-01-08
10411,Customer_10411,customer10411@example.com,9542422240,Gurugram,Gujarat,484096,Consumer,2025-03-05
10412,Customer_10412,customer10412@example.com,9423609715,Jaipur,Gujarat,484096,Home Office,2023-01-22
10413,Customer_10413,customer10413@example.com,9290906558,Hyderabad,Haryana,484096,Consumer,2024-11-14
10414,Customer_10414,customer10414@example.com,9339216892,Jaipur,Delhi,484096,Consumer,2023-05-21
10415,Customer_10415,customer10415@example.com,9680240340,Kolkata,Telangana,484096,Consumer,2025-09-10
10416,Customer_10416,customer10416@example.com,9919956639,Hyderabad,Karnataka,484096,Consumer,2023-11-11
10417,Customer_10417,customer10417@example.com,9534378710,Hyderabad,Delhi,484096,Home Office,2025-09-23
10418,Customer_10418,customer10418@example.com,9179348896,Jaipur,Punjab,484096,Consumer,2023-11-21
10419,Customer_10419,customer10419@example.com,9387427839,Mumbai,Maharashtra,484096,Corporate,2024-06-03
10420,Customer_10420,customer10420@example.com,9827965823,Kochi,Haryana,484096,Consumer,2025-01-23
10421,Customer_10421,customer10421@example.com,9626936081,Jaipur,Punjab,484096,Consumer,2026-04-18
10422,Customer_10422,customer10422@example.com,9343959576,Gurugram,Telangana,484096,Home Office,2023-09-15
10423,Customer_10423,customer10423@example.com,9721445097,Mumbai,Karnataka,484096,Consumer,2025-03-15
10424,Customer_10424,customer10424@example.com,9899528670,Gurugram,Delhi,484096,Consumer,2024-06-11
10425,Customer_10425,customer10425@example.com,9504642357,Kochi,Uttar Pradesh,484096,Consumer,2024-08-10
10426,Customer_10426,customer10426@example.com,9941941561,Kolkata,West Bengal,484096,Home Office,2025-06-08
10427,Customer_10427,customer10427@example.com,9873166402,Ahmedabad,Punjab,484096,Consumer,2024-02-23
10428,Customer_10428,customer10428@example.com,9400910439,Kochi,Maharashtra,484096,Consumer,2023-05-10
10429,Customer_10429,customer10429@example.com,9402434989,Ludhiana,Uttar Pradesh,484096,Consumer,2024-11-27
10430,Customer_10430,customer10430@example.com,9517369879,Lucknow,Kerala,484096,Consumer,2025-12-19
10431,Customer_10431,customer10431@example.com,9997299057,Mumbai,Gujarat,484096,Corporate,2026-07-29
10432,Customer_10432,customer10432@example.com,9593952287,Kolkata,Punjab,484096,Consumer,2024-01-17
10433,Customer_10433,customer10433@example.com,9835055790,Ludhiana,Gujarat,484096,Consumer,2023-03-13
10434,Customer_10434,customer10434@example.com,9566634390,Chennai,Delhi,484096,Consumer,2025-10-23
10435,Customer_10435,customer10435@example.com,9701656257,Kolkata,Gujarat,484096,Consumer,2022-12-11
10436,Customer_10436,customer10436@example.com,9117882750,Jaipur,Kerala,484096,Home Office,2025-03-29
10437,Customer_10437,customer10437@example.com,9178725274,Jaipur,Maharashtra,484096,Consumer,2023-07-04
10438,Customer_10438,customer10438@example.com,9294521577,Kochi,Karnataka,484096,Home Office,2026-08-13
10439,Customer_10439,customer10439@example.com,9647063169,Lucknow,Tamil Nadu,484096,Consumer,2024-03-30
10440,Customer_10440,customer10440@example.com,9411603161,Kolkata,Rajasthan,484096,Consumer,2023-06-25
10441,Customer_10441,customer10441@example.com,9523783527,Delhi,Haryana,484096,Home Office,2022-05-24
10442,Customer_10442,customer10442@example.com,9946176160,Ahmedabad,Karnataka,484096,Consumer,2023-08-11
10443,Customer_10443,customer10443@example.com,9686784136,Kochi,Tamil Nadu,484096,Corporate,2023-10-19
10444,Customer_10444,customer10444@example.com,9969662506,Jaipur,Telangana,484096,Home Office,2026-05-19
10445,Customer_10445,customer10445@example.com,9997265909,Lucknow,Punjab,484096,Consumer,2022-12-11
10446,Customer_10446,customer10446@example.com,9570260911,Ahmedabad,Punjab,484096,Consumer,2025-07-16
10447,Customer_10447,customer10447@example.com,9326860070,Kolkata,Maharashtra,484096,Corporate,2023-11-27
10448,Customer_10448,customer10448@example.com,9287225564,,Punjab,484096,Consumer,2022-09-25
10449,Customer_10449,customer10449@example.com,9299759529,Hyderabad,Uttar Pradesh,484096,Consumer,2022-06-18
10450,Customer_10450,customer10450@example.com,9354954230,Lucknow,Tamil Nadu,484096,Consumer,2022-02-02
10451,Customer_10451,customer10451@example.com,9829203225,Ludhiana,Maharashtra,484096,Consumer,2023-01-12
10452,Customer_10452,customer10452@example.com,9358185058,Jaipur,West Bengal,484096,Corporate,2025-05-22
10453,Customer_10453,customer10453@example.com,9126658609,Delhi,Uttar Pradesh,484096,Consumer,2026-05-05
10454,Customer_10454,customer10454@example.com,9602821784,Kolkata,Punjab,484096,Consumer,2026-01-03
10455,Customer_10455,customer10455@example.com,9578947735,Delhi,Gujarat,484096,Consumer,2026-02-24
10456,Customer_10456,customer10456@example.com,9801112844,Kolkata,Kerala,484096,Consumer,2023-01-28
10457,Customer_10457,customer10457@example.com,9450444347,Jaipur,Gujarat,484096,Consumer,2023-05-04
10458,Customer_10458,customer10458@example.com,9148715257,Ahmedabad,Uttar Pradesh,484096,Corporate,2023-12-23
10459,Customer_10459,customer10459@example.com,9122268806,Bengaluru,Telangana,484096,Consumer,2024-08-03
10460,Customer_10460,customer10460@example.com,9106512440,Ahmedabad,Punjab,484096,Corporate,2024-11-18
10461,Customer_10461,customer10461@example.com,9649302307,Kolkata,Telangana,484096,Home Office,2022-02-08
10462,Customer_10462,customer10462@example.com,9307426220,Gurugram,Telangana,484096,Consumer,2026-06-24
10463,Customer_10463,customer10463@example.com,9934400275,Bengaluru,Tamil Nadu,484096,Consumer,2025-04-11
10464,Customer_10464,customer10464@example.com,9744090176,Ludhiana,Haryana,484096,Consumer,2024-11-06
10465,Customer_10465,customer10465@example.com,9404688903,Bengaluru,Tamil Nadu,484096,Consumer,2024-12-15
10466,Customer_10466,customer10466@example.com,9967441151,Delhi,Delhi,484096,Home Office,2022-08-14
10467,Customer_10467,customer10467@example.com,9730431725,Lucknow,Rajasthan,484096,Home Office,2026-05-01
10468,Customer_10468,customer10468@example.com,9296678031,Delhi,Uttar Pradesh,484096,Consumer,2022-03-08
10469,Customer_10469,customer10469@example.com,9318049165,Kochi,Karnataka,484096,Consumer,2025-05-05
10470,Customer_10470,customer10470@example.com,9701318347,Delhi,Rajasthan,484096,Home Office,2026-08-05
10471,Customer_10471,customer10471@example.com,9686766194,Ludhiana,West Bengal,484096,Home Office,2024-04-14
10472,Customer_10472,customer10472@example.com,9477936342,Gurugram,Kerala,484096,Consumer,2024-11-12
10473,Customer_10473,customer10473@example.com,9218613134,Ahmedabad,Tamil Nadu,484096,Consumer,2024-09-25
10474,Customer_10474,customer10474@example.com,9639374683,Ahmedabad,Tamil Nadu,484096,Consumer,2026-06-18
10475,Customer_10475,customer10475@example.com,9438722145,Chennai,Maharashtra,484096,Home Office,2022-08-25
10476,Customer_10476,customer10476@example.com,9503649345,Kolkata,Rajasthan,484096,Consumer,2024-08-14
10477,Customer_10477,customer10477@example.com,9909490207,Gurugram,Maharashtra,484096,Consumer,2024-07-07
10478,Customer_10478,customer10478@example.com,9436210646,Chennai,Karnataka,484096,Consumer,2026-05-09
10479,Customer_10479,customer10479@example.com,9838846654,Kochi,Maharashtra,484096,Consumer,2025-03-07
10480,Customer_10480,customer10480@example.com,9254370901,Jaipur,Rajasthan,484096,Consumer,2023-04-18
10481,Customer_10481,customer10481@example.com,9435663154,Kolkata,Uttar Pradesh,484096,Home Office,2023-07-07
10482,Customer_10482,customer10482@example.com,9765898681,Kolkata,Punjab,484096,Consumer,2026-06-22
10483,Customer_10483,customer10483@example.com,9283157310,Hyderabad,Punjab,484096,Consumer,2023-11-26
10484,Customer_10484,customer10484@example.com,9256943484,Hyderabad,Kerala,484096,Consumer,2026-07-22
10485,Customer_10485,customer10485@example.com,9481966485,Mumbai,West Bengal,484096,Consumer,2025-06-06
10486,Customer_10486,customer10486@example.com,9490125881,Mumbai,Tamil Nadu,484096,Consumer,2022-11-13
10487,Customer_10487,customer10487@example.com,9574184249,Delhi,Karnataka,484096,Consumer,2023-08-21
10488,Customer_10488,customer10488@example.com,9230997589,Jaipur,Tamil Nadu,484096,Consumer,2024-02-07
10489,Customer_10489,customer10489@example.com,9101079600,Bengaluru,Delhi,484096,Consumer,2024-06-04
10490,Customer_10490,customer10490@example.com,9260409267,Bengaluru,Kerala,484096,Consumer,2026-06-24
10491,Customer_10491,customer10491@example.com,9266793897,Hyderabad,West Bengal,484096,Consumer,2023-07-15
10492,Customer_10492,customer10492@example.com,9411817029,Hyderabad,Haryana,484096,Home Office,2025-05-09
10493,Customer_10493,customer10493@example.com,9328773646,Hyderabad,Maharashtra,484096,Home Office,2022-09-15
10494,Customer_10494,customer10494@example.com,9573265205,Gurugram,Gujarat,484096,Consumer,2026-02-12
10495,Customer_10495,customer10495@example.com,9259267818,Lucknow,Rajasthan,484096,Consumer,2025-04-16
10496,Customer_10496,customer10496@example.com,9645720763,Mumbai,Tamil Nadu,484096,Home Office,2024-01-27
10497,Customer_10497,customer10497@example.com,9429214564,Gurugram,Maharashtra,484096,Consumer,2022-05-03
10498,Customer_10498,customer10498@example.com,9195534048,Ahmedabad,Karnataka,484096,Corporate,2022-12-08
10499,Customer_10499,customer10499@example.com,9434444807,Bengaluru,Tamil Nadu,484096,Home Office,2025-04-09
10500,Customer_10500,,9185871668,Kochi,Haryana,484096,Consumer,2026-07-30
10501,Customer_10501,customer10501@example.com,9192526139,,Punjab,484096,Consumer,2024-12-18
10502,Customer_10502,customer10502@example.com,9627810564,Kolkata,West Bengal,484096,Home Office,2026-01-28
10503,Customer_10503,customer10503@example.com,9990197094,Mumbai,Kerala,484096,Consumer,2022-09-17
10504,Customer_10504,customer10504@example.com,9466564547,Chennai,West Bengal,484096,Consumer,2025-10-28
10505,Customer_10505,customer10505@example.com,9495236101,Ahmedabad,Punjab,484096,Consumer,2022-04-05
10506,Customer_10506,customer10506@example.com,9321971308,Kochi,Tamil Nadu,484096,Consumer,2025-02-22
10507,Customer_10507,customer10507@example.com,9934855903,Mumbai,Karnataka,484096,Corporate,2022-02-10
10508,Customer_10508,customer10508@example.com,9234667123,Ludhiana,West Bengal,484096,Corporate,2022-09-11
10509,Customer_10509,customer10509@example.com,9793009757,Gurugram,West Bengal,484096,Home Office,2022-01-07
10510,Customer_10510,customer10510@example.com,9274526510,Jaipur,Haryana,484096,Consumer,2026-02-03
10511,Customer_10511,customer10511@example.com,9956898402,Kolkata,Rajasthan,484096,Consumer,2023-12-29
10512,Customer_10512,customer10512@example.com,9690256950,Mumbai,Karnataka,484096,Consumer,2026-03-15
10513,Customer_10513,customer10513@example.com,9694221991,Lucknow,Karnataka,484096,Consumer,2026-05-24
10514,Customer_10514,customer10514@example.com,9670137231,Hyderabad,Uttar Pradesh,484096,Consumer,2022-03-10
10515,Customer_10515,customer10515@example.com,9170009467,Hyderabad,Punjab,484096,Home Office,2025-01-09
10516,Customer_10516,customer10516@example.com,9413345693,Kolkata,Uttar Pradesh,484096,Home Office,2023-06-26
10517,Customer_10517,customer10517@example.com,9276383634,Ludhiana,Punjab,484096,Consumer,2026-05-28
10518,Customer_10518,customer10518@example.com,9294073232,Kochi,West Bengal,484096,Consumer,2025-07-09
10519,Customer_10519,customer10519@example.com,9739180919,Gurugram,Punjab,484096,Consumer,2022-03-30
10520,Customer_10520,customer10520@example.com,9189473854,Hyderabad,Gujarat,484096,Consumer,2025-05-16
10521,Customer_10521,customer10521@example.com,9888215570,Mumbai,Uttar Pradesh,484096,Corporate,2022-08-01
10522,Customer_10522,customer10522@example.com,9911626075,Chennai,West Bengal,484096,Consumer,2024-04-13
10523,Customer_10523,customer10523@example.com,9436967606,Bengaluru,Telangana,484096,Home Office,2022-09-23
10524,Customer_10524,customer10524@example.com,9103695961,Bengaluru,Delhi,484096,Consumer,2024-06-30
10525,Customer_10525,customer10525@example.com,9208880612,Ahmedabad,Delhi,484096,Consumer,2022-10-20
10526,Customer_10526,customer10526@example.com,9891707097,Kochi,Karnataka,484096,Corporate,2025-05-15
10527,Customer_10527,customer10527@example.com,9447346749,Delhi,Gujarat,484096,Consumer,2022-11-29
10528,Customer_10528,customer10528@example.com,9469281814,Jaipur,Haryana,484096,Consumer,2025-01-05
10529,Customer_10529,customer10529@example.com,9865854846,Kolkata,Rajasthan,484096,Consumer,2025-08-04
10530,Customer_10530,customer10530@example.com,9941702792,Ahmedabad,Uttar Pradesh,484096,Consumer,2024-10-01
10531,Customer_10531,customer10531@example.com,9909600907,Delhi,Telangana,484096,Corporate,2022-02-16
10532,Customer_10532,customer10532@example.com,9782697716,Gurugram,West Bengal,484096,Consumer,2023-09-14
10533,Customer_10533,customer10533@example.com,9349939584,Lucknow,Gujarat,484096,Corporate,2025-05-08
10534,Customer_10534,customer10534@example.com,9844293433,Lucknow,Karnataka,484096,Consumer,2023-03-03
10535,Customer_10535,customer10535@example.com,9809587577,Jaipur,Kerala,484096,Consumer,2022-07-29
10536,Customer_10536,customer10536@example.com,9771891968,Kochi,Uttar Pradesh,484096,Corporate,2024-06-06
10537,Customer_10537,customer10537@example.com,9926146542,Hyderabad,Gujarat,484096,Consumer,2025-12-14
10538,Customer_10538,customer10538@example.com,9101043233,Mumbai,Uttar Pradesh,484096,Consumer,2022-06-03
10539,Customer_10539,customer10539@example.com,9311426941,Ahmedabad,Kerala,484096,Consumer,2026-03-26
10540,Customer_10540,customer10540@example.com,9503182709,Ahmedabad,Rajasthan,484096,Consumer,2023-02-19
10541,Customer_10541,customer10541@example.com,9885403480,Kolkata,Rajasthan,484096,Consumer,2025-10-08
10542,Customer_10542,customer10542@example.com,9788042471,Kolkata,Haryana,484096,Consumer,2025-03-26
10543,Customer_10543,customer10543@example.com,9892911084,Lucknow,Delhi,484096,Consumer,2025-07-08
10544,Customer_10544,customer10544@example.com,9228565108,Lucknow,Punjab,484096,Consumer,2025-01-05
10545,Customer_10545,customer10545@example.com,9693867648,Kochi,Maharashtra,484096,Home Office,2024-02-08
10546,Customer_10546,customer10546@example.com,9979889679,Ludhiana,Maharashtra,484096,Consumer,2024-09-09
10547,Customer_10547,customer10547@example.com,9171709884,Chennai,Uttar Pradesh,484096,Home Office,2026-02-20
10548,Customer_10548,customer10548@example.com,9774788031,Chennai,Kerala,484096,Consumer,2025-02-28
10549,Customer_10549,customer10549@example.com,9333448894,Ludhiana,Haryana,484096,Consumer,2023-08-02
10550,Customer_10550,customer10550@example.com,9897459012,Hyderabad,Maharashtra,484096,Home Office,2026-01-18
10551,Customer_10551,customer10551@example.com,9579836949,Chennai,Punjab,484096,Consumer,2024-01-10
10552,Customer_10552,customer10552@example.com,9828426742,Kochi,Karnataka,484096,Corporate,2022-06-12
10553,Customer_10553,customer10553@example.com,9304939202,Mumbai,Maharashtra,484096,Consumer,2024-11-04
10554,Customer_10554,customer10554@example.com,9383627673,Mumbai,Tamil Nadu,484096,Consumer,2025-06-09
10555,Customer_10555,customer10555@example.com,9555149199,Ahmedabad,West Bengal,484096,Consumer,2022-07-14
10556,Customer_10556,customer10556@example.com,9781381298,Bengaluru,Haryana,484096,Consumer,2023-06-26
10557,Customer_10557,customer10557@example.com,9133698788,Ludhiana,Karnataka,484096,Home Office,2022-12-25
10558,Customer_10558,customer10558@example.com,9616103253,Mumbai,Gujarat,484096,Consumer,2024-04-29
10559,Customer_10559,customer10559@example.com,9161819576,Delhi,Karnataka,484096,Home Office,2025-09-16
10560,Customer_10560,customer10560@example.com,9494620188,Lucknow,Delhi,484096,Home Office,2023-03-03
10561,Customer_10561,customer10561@example.com,9598528205,Kolkata,Gujarat,484096,Consumer,2023-05-12
10562,Customer_10562,customer10562@example.com,9494274011,Kochi,Telangana,484096,Consumer,2024-04-07
10563,Customer_10563,customer10563@example.com,9297579844,Chennai,West Bengal,484096,Home Office,2023-05-01
10564,Customer_10564,customer10564@example.com,9504401198,Ludhiana,West Bengal,484096,Home Office,2026-01-12
10565,Customer_10565,customer10565@example.com,9274928880,Ahmedabad,West Bengal,484096,Consumer,2025-12-07
10566,Customer_10566,,9363768157,Jaipur,Kerala,484096,Consumer,2022-11-26
10567,Customer_10567,customer10567@example.com,9552949741,Kolkata,West Bengal,484096,Consumer,2024-06-07
10568,Customer_10568,customer10568@example.com,9974703859,Delhi,Uttar Pradesh,484096,Corporate,2024-09-17
10569,Customer_10569,customer10569@example.com,9853037764,Chennai,West Bengal,484096,Consumer,2025-03-16
10570,Customer_10570,customer10570@example.com,9173706383,Delhi,Punjab,484096,Corporate,2022-09-16
10571,Customer_10571,customer10571@example.com,9520194521,Lucknow,West Bengal,484096,Consumer,2022-10-19
10572,Customer_10572,customer10572@example.com,9157399769,Lucknow,West Bengal,484096,Consumer,2022-05-23
10573,Customer_10573,customer10573@example.com,9344439380,,Kerala,484096,Consumer,2024-01-17
10574,Customer_10574,customer10574@example.com,9513623907,Hyderabad,Haryana,484096,Consumer,2023-09-19
10575,Customer_10575,customer10575@example.com,9843896352,Ahmedabad,Uttar Pradesh,484096,Consumer,2025-10-20
10576,Customer_10576,customer10576@example.com,9889636829,Kolkata,Kerala,484096,Consumer,2022-03-31
10577,Customer_10577,customer10577@example.com,9743273060,Gurugram,Rajasthan,484096,Consumer,2023-12-21
10578,Customer_10578,customer10578@example.com,9737822998,Gurugram,Karnataka,484096,Consumer,2025-04-02
10579,Customer_10579,customer10579@example.com,9306411513,Kolkata,Karnataka,484096,Consumer,2023-04-26
10580,Customer_10580,customer10580@example.com,9597572361,Jaipur,Gujarat,484096,Home Office,2022-03-25
10581,Customer_10581,customer10581@example.com,9955324405,Kochi,Haryana,484096,Consumer,2025-01-05
10582,Customer_10582,customer10582@example.com,9680222788,Ahmedabad,Tamil Nadu,484096,Consumer,2023-11-04
10583,Customer_10583,customer10583@example.com,9687037795,Delhi,Karnataka,484096,Consumer,2023-06-01
10584,Customer_10584,customer10584@example.com,9294579233,Jaipur,Maharashtra,484096,Home Office,2023-04-30
10585,Customer_10585,customer10585@example.com,9146787763,Bengaluru,Tamil Nadu,484096,Consumer,2026-06-02
10586,Customer_10586,customer10586@example.com,9635207134,Kolkata,West Bengal,484096,Corporate,2026-06-15
10587,Customer_10587,customer10587@example.com,9165732489,Delhi,West Bengal,484096,Corporate,2026-06-11
10588,Customer_10588,customer10588@example.com,9640564217,Gurugram,Uttar Pradesh,484096,Consumer,2024-02-21
10589,Customer_10589,customer10589@example.com,9887852946,Mumbai,Tamil Nadu,484096,Consumer,2022-04-14
10590,Customer_10590,customer10590@example.com,9113470137,Ludhiana,Maharashtra,484096,Corporate,2026-01-15
10591,Customer_10591,customer10591@example.com,9104466271,Hyderabad,Uttar Pradesh,484096,Consumer,2026-02-19
10592,Customer_10592,customer10592@example.com,9557370368,Gurugram,Punjab,484096,Consumer,2022-12-05
10593,Customer_10593,customer10593@example.com,9269124855,Ahmedabad,Kerala,484096,Corporate,2023-11-18
10594,Customer_10594,customer10594@example.com,9781583940,Lucknow,Gujarat,484096,Consumer,2026-05-09
10595,Customer_10595,customer10595@example.com,9890118380,Ludhiana,Tamil Nadu,484096,Corporate,2024-06-18
10596,Customer_10596,customer10596@example.com,9799798019,Ludhiana,Haryana,484096,Consumer,2026-02-10
10597,Customer_10597,customer10597@example.com,9597576975,Mumbai,West Bengal,484096,Corporate,2023-08-30
10598,Customer_10598,customer10598@example.com,9403090455,Hyderabad,West Bengal,484096,Consumer,2022-08-11
10599,Customer_10599,customer10599@example.com,9932758095,Hyderabad,Delhi,484096,Consumer,2024-10-29
10600,Customer_10600,customer10600@example.com,9711686134,Bengaluru,Kerala,484096,Consumer,2024-12-12
10601,Customer_10601,customer10601@example.com,9934304257,Bengaluru,Kerala,484096,Home Office,2025-01-05
10602,Customer_10602,customer10602@example.com,9213865200,Chennai,Uttar Pradesh,484096,Consumer,2023-05-18
10603,Customer_10603,customer10603@example.com,9603365595,Gurugram,Rajasthan,484096,Consumer,2025-09-01
10604,Customer_10604,customer10604@example.com,9468403327,Gurugram,Rajasthan,484096,Consumer,2024-04-01
10605,Customer_10605,customer10605@example.com,9685848991,Gurugram,Uttar Pradesh,484096,Consumer,2023-09-16
10606,Customer_10606,customer10606@example.com,9917032666,Chennai,Haryana,484096,Consumer,2022-06-14
10607,Customer_10607,customer10607@example.com,9318825555,Kochi,Telangana,484096,Consumer,2025-07-26
10608,Customer_10608,customer10608@example.com,9424159127,Jaipur,Uttar Pradesh,484096,Consumer,2024-11-16
10609,Customer_10609,customer10609@example.com,9860932235,Hyderabad,Haryana,484096,Consumer,2024-12-29
10610,Customer_10610,customer10610@example.com,9693435313,Mumbai,Gujarat,484096,Consumer,2025-05-26
10611,Customer_10611,customer10611@example.com,9415109026,Ahmedabad,West Bengal,484096,Consumer,2025-10-20
10612,Customer_10612,customer10612@example.com,9715418235,Hyderabad,Maharashtra,484096,Corporate,2025-08-22
10613,Customer_10613,customer10613@example.com,9651904800,Bengaluru,Telangana,484096,Consumer,2025-02-21
10614,Customer_10614,customer10614@example.com,9994439328,Ludhiana,Tamil Nadu,484096,Consumer,2022-01-19
10615,Customer_10615,customer10615@example.com,9362869948,Delhi,Telangana,484096,Consumer,2025-07-04
10616,Customer_10616,customer10616@example.com,9295922610,Lucknow,Maharashtra,484096,Home Office,2025-08-12
10617,Customer_10617,customer10617@example.com,9403394218,Chennai,Delhi,484096,Home Office,2024-11-11
10618,Customer_10618,customer10618@example.com,9922335076,Kolkata,Kerala,484096,Corporate,2024-09-15
10619,Customer_10619,customer10619@example.com,9640906763,Delhi,West Bengal,484096,Consumer,2023-03-26
10620,Customer_10620,customer10620@example.com,9684556354,Ahmedabad,Rajasthan,484096,Consumer,2023-07-06
10621,Customer_10621,customer10621@example.com,9402480960,Gurugram,Haryana,484096,Consumer,2026-04-23
10622,Customer_10622,customer10622@example.com,9750622119,Bengaluru,Uttar Pradesh,484096,Consumer,2024-12-07
10623,Customer_10623,customer10623@example.com,9767225929,Bengaluru,Uttar Pradesh,484096,Consumer,2023-11-26
10624,Customer_10624,customer10624@example.com,9987702570,Bengaluru,Rajasthan,484096,Corporate,2023-08-10
10625,Customer_10625,customer10625@example.com,9940916523,Gurugram,Telangana,484096,Home Office,2023-12-22
10626,Customer_10626,customer10626@example.com,9202912284,Kolkata,West Bengal,484096,Corporate,2025-04-21
10627,Customer_10627,customer10627@example.com,9397904524,Chennai,Karnataka,484096,Consumer,2025-12-29
10628,Customer_10628,customer10628@example.com,9532838238,Delhi,Haryana,484096,Corporate,2022-04-17
10629,Customer_10629,customer10629@example.com,9646573613,Gurugram,Punjab,484096,Consumer,2025-04-26
10630,Customer_10630,customer10630@example.com,9178262145,Ahmedabad,Gujarat,484096,Consumer,2024-02-15
10631,Customer_10631,customer10631@example.com,9267345404,Chennai,Maharashtra,484096,Corporate,2025-01-14
10632,Customer_10632,customer10632@example.com,9505629426,Ahmedabad,Telangana,484096,Consumer,2026-01-19
10633,Customer_10633,customer10633@example.com,9607896561,Chennai,Kerala,484096,Consumer,2025-03-06
10634,Customer_10634,customer10634@example.com,9886008098,Kolkata,Kerala,484096,Consumer,2024-06-16
10635,Customer_10635,customer10635@example.com,9471747542,Lucknow,Tamil Nadu,484096,Corporate,2022-12-02
10636,Customer_10636,customer10636@example.com,9405752912,Ahmedabad,Delhi,484096,Corporate,2023-08-30
10637,Customer_10637,customer10637@example.com,9768823641,Gurugram,Kerala,484096,Consumer,2024-04-17
10638,Customer_10638,customer10638@example.com,9396248071,Chennai,Uttar Pradesh,484096,Corporate,2026-02-01
10639,Customer_10639,customer10639@example.com,9681524060,Bengaluru,Telangana,484096,Consumer,2023-08-25
10640,Customer_10640,customer10640@example.com,9507486361,Kochi,Delhi,484096,Consumer,2026-05-14
10641,Customer_10641,customer10641@example.com,9880024777,Hyderabad,Maharashtra,484096,Corporate,2023-02-07
10642,Customer_10642,customer10642@example.com,9199952217,Bengaluru,Uttar Pradesh,484096,Corporate,2023-06-24
10643,Customer_10643,customer10643@example.com,9489229565,Jaipur,Uttar Pradesh,484096,Home Office,2024-12-31
10644,Customer_10644,customer10644@example.com,9376890017,Lucknow,Karnataka,484096,Consumer,2022-01-24
10645,Customer_10645,customer10645@example.com,9145932658,Lucknow,Punjab,484096,Corporate,2023-09-16
10646,Customer_10646,customer10646@example.com,9236815208,Bengaluru,Telangana,484096,Consumer,2026-02-17
10647,Customer_10647,customer10647@example.com,9607514051,Delhi,West Bengal,484096,Home Office,2024-12-15
10648,Customer_10648,customer10648@example.com,9928457785,Kolkata,Rajasthan,484096,Consumer,2024-09-12
10649,Customer_10649,customer10649@example.com,9944979700,Ahmedabad,Rajasthan,484096,Corporate,2022-08-11
10650,Customer_10650,customer10650@example.com,9522352497,Gurugram,Gujarat,484096,Consumer,2026-07-14
10651,Customer_10651,customer10651@example.com,9653805292,Lucknow,Tamil Nadu,484096,Consumer,2022-06-28
10652,Customer_10652,customer10652@example.com,9901647690,Bengaluru,Delhi,484096,Consumer,2024-03-10
10653,Customer_10653,customer10653@example.com,9647488156,Bengaluru,Telangana,484096,Consumer,2023-03-10
10654,Customer_10654,customer10654@example.com,9268303991,Kolkata,Kerala,484096,Consumer,2026-01-13
10655,Customer_10655,customer10655@example.com,9821322712,Kolkata,Haryana,484096,Home Office,2024-03-03
10656,Customer_10656,customer10656@example.com,9329698836,Mumbai,Tamil Nadu,484096,Consumer,2024-06-02
10657,Customer_10657,customer10657@example.com,9237587448,Mumbai,Karnataka,484096,Consumer,2023-05-07
10658,Customer_10658,customer10658@example.com,9306037667,Delhi,Kerala,484096,Consumer,2025-04-27
10659,Customer_10659,customer10659@example.com,9862097033,Kochi,Uttar Pradesh,484096,Consumer,2026-05-21
10660,Customer_10660,customer10660@example.com,9845052004,Kochi,West Bengal,484096,Consumer,2024-03-20
10661,Customer_10661,customer10661@example.com,9102640328,Delhi,Telangana,484096,Consumer,2024-08-18
10662,Customer_10662,customer10662@example.com,9394292375,Jaipur,Punjab,484096,Consumer,2023-02-24
10663,Customer_10663,customer10663@example.com,9344103359,Delhi,Tamil Nadu,484096,Consumer,2025-06-26
10664,Customer_10664,customer10664@example.com,9426093538,Chennai,Tamil Nadu,484096,Consumer,2026-05-31
10665,Customer_10665,customer10665@example.com,9798437615,Kolkata,West Bengal,484096,Consumer,2023-10-11
10666,Customer_10666,customer10666@example.com,9648423203,Kochi,Kerala,484096,Consumer,2025-04-02
10667,Customer_10667,customer10667@example.com,9624063697,Gurugram,Gujarat,484096,Consumer,2025-07-02
10668,Customer_10668,customer10668@example.com,9100070640,Chennai,Delhi,484096,Consumer,2023-04-21
10669,Customer_10669,customer10669@example.com,9213442790,Ahmedabad,Kerala,484096,Home Office,2025-12-11
10670,Customer_10670,customer10670@example.com,9445933919,Bengaluru,Delhi,484096,Home Office,2022-06-19
10671,Customer_10671,,9489998231,Delhi,Tamil Nadu,484096,Corporate,2025-09-02
10672,Customer_10672,customer10672@example.com,9603011990,Bengaluru,Maharashtra,484096,Consumer,2022-06-23
10673,Customer_10673,customer10673@example.com,9876346813,Lucknow,Tamil Nadu,484096,Corporate,2023-04-15
10674,Customer_10674,customer10674@example.com,9365715423,Jaipur,Tamil Nadu,484096,Corporate,2022-12-11
10675,Customer_10675,customer10675@example.com,9565629220,Lucknow,West Bengal,484096,Corporate,2023-03-21
10676,Customer_10676,customer10676@example.com,9868773488,Jaipur,Uttar Pradesh,484096,Consumer,2024-11-07
10677,Customer_10677,customer10677@example.com,9872427446,Mumbai,West Bengal,484096,Consumer,2024-12-29
10678,Customer_10678,customer10678@example.com,9103741196,Bengaluru,Telangana,484096,Corporate,2025-09-23
10679,Customer_10679,customer10679@example.com,9119511512,Jaipur,Tamil Nadu,484096,Consumer,2023-09-20
10680,Customer_10680,customer10680@example.com,9542913640,Ludhiana,Delhi,484096,Consumer,2023-08-15
10681,Customer_10681,customer10681@example.com,9648591389,Kochi,Haryana,484096,Consumer,2023-06-11
10682,Customer_10682,customer10682@example.com,9755209744,Ludhiana,Delhi,484096,Consumer,2023-04-01
10683,Customer_10683,customer10683@example.com,9247435376,Ludhiana,Punjab,484096,Consumer,2025-07-16
10684,Customer_10684,customer10684@example.com,9122558781,Hyderabad,Kerala,484096,Consumer,2026-07-13
10685,Customer_10685,customer10685@example.com,9428382319,Kochi,Rajasthan,484096,Consumer,2024-03-21
10686,Customer_10686,customer10686@example.com,9699655128,Chennai,Punjab,484096,Consumer,2022-07-07
10687,Customer_10687,customer10687@example.com,9400860757,Jaipur,Gujarat,484096,Consumer,2024-10-17
10688,Customer_10688,customer10688@example.com,9304591500,Jaipur,Karnataka,484096,Consumer,2026-05-12
10689,Customer_10689,customer10689@example.com,9725017530,Chennai,Telangana,484096,Consumer,2023-12-12
10690,Customer_10690,customer10690@example.com,9529431826,Bengaluru,Telangana,484096,Corporate,2023-06-13
10691,Customer_10691,customer10691@example.com,9697866672,Bengaluru,Gujarat,484096,Corporate,2023-03-10
10692,Customer_10692,customer10692@example.com,9329717603,Ludhiana,Haryana,484096,Consumer,2022-10-15
10693,Customer_10693,customer10693@example.com,9146547339,Chennai,Karnataka,484096,Consumer,2026-05-10
10694,Customer_10694,customer10694@example.com,9995678908,Kochi,Uttar Pradesh,484096,Consumer,2023-05-14
10695,Customer_10695,customer10695@example.com,9767360488,Ludhiana,Tamil Nadu,484096,Home Office,2026-01-04
10696,Customer_10696,customer10696@example.com,9517226642,Lucknow,Karnataka,484096,Consumer,2022-10-30
10697,Customer_10697,customer10697@example.com,9492073291,Hyderabad,Haryana,484096,Consumer,2022-03-28
10698,Customer_10698,customer10698@example.com,9550564360,Gurugram,Maharashtra,484096,Consumer,2024-04-09
10699,Customer_10699,customer10699@example.com,9397699782,Ahmedabad,Rajasthan,484096,Consumer,2023-03-14
10700,Customer_10700,customer10700@example.com,9988203035,Hyderabad,Karnataka,484096,Home Office,2023-06-25
10701,Customer_10701,customer10701@example.com,9959259597,Bengaluru,Karnataka,484096,Corporate,2024-11-11
10702,Customer_10702,customer10702@example.com,9859220958,Gurugram,Rajasthan,484096,Consumer,2024-04-12
10703,Customer_10703,customer10703@example.com,9961601151,Mumbai,Tamil Nadu,484096,Consumer,2024-03-07
10704,Customer_10704,customer10704@example.com,9415413330,Delhi,Karnataka,484096,Consumer,2023-07-14
10705,Customer_10705,customer10705@example.com,9666236526,Ludhiana,Rajasthan,484096,Consumer,2026-03-21
10706,Customer_10706,customer10706@example.com,9457703823,Jaipur,Rajasthan,484096,Consumer,2024-02-01
10707,Customer_10707,customer10707@example.com,9952317044,Chennai,Rajasthan,484096,Consumer,2026-08-26
10708,Customer_10708,customer10708@example.com,9493866308,Chennai,West Bengal,484096,Consumer,2026-03-07
10709,Customer_10709,customer10709@example.com,9285588834,Jaipur,Haryana,484096,Consumer,2023-04-12
10710,Customer_10710,customer10710@example.com,9539980427,Ludhiana,West Bengal,484096,Home Office,2025-01-29
10711,Customer_10711,customer10711@example.com,9437861656,Delhi,Maharashtra,484096,Consumer,2026-05-26
10712,Customer_10712,customer10712@example.com,9330652851,Ahmedabad,Punjab,484096,Corporate,2023-11-06
10713,Customer_10713,customer10713@example.com,9840961146,Delhi,Uttar Pradesh,484096,Corporate,2023-11-16
10714,Customer_10714,customer10714@example.com,9110198499,Gurugram,West Bengal,484096,Consumer,2025-03-10
10715,Customer_10715,customer10715@example.com,9942649140,Delhi,West Bengal,484096,Corporate,2022-05-18
10716,Customer_10716,customer10716@example.com,9278580630,Gurugram,Punjab,484096,Consumer,2023-08-01
10717,Customer_10717,customer10717@example.com,9234415503,Delhi,Haryana,484096,Consumer,2023-12-11
10718,Customer_10718,customer10718@example.com,9270158648,Ahmedabad,Punjab,484096,Consumer,2022-08-16
10719,Customer_10719,customer10719@example.com,9587326758,Ahmedabad,Uttar Pradesh,484096,Home Office,2022-10-08
10720,Customer_10720,customer10720@example.com,9491727212,,Gujarat,484096,Consumer,2023-11-15
10721,Customer_10721,customer10721@example.com,9877084596,Jaipur,Rajasthan,484096,Consumer,2024-04-07
10722,Customer_10722,customer10722@example.com,9347212966,Ahmedabad,Kerala,484096,Home Office,2023-03-07
10723,Customer_10723,customer10723@example.com,9312724958,Gurugram,Telangana,484096,Consumer,2024-11-29
10724,Customer_10724,customer10724@example.com,9339964793,Ahmedabad,Uttar Pradesh,484096,Corporate,2026-03-23
10725,Customer_10725,customer10725@example.com,9922617220,Bengaluru,Maharashtra,484096,Corporate,2026-08-14
10726,Customer_10726,customer10726@example.com,9691434966,Chennai,Tamil Nadu,484096,Corporate,2025-05-19
10727,Customer_10727,customer10727@example.com,9297206748,Gurugram,Maharashtra,484096,Home Office,2022-10-29
10728,Customer_10728,customer10728@example.com,9533426666,Bengaluru,Rajasthan,484096,Home Office,2025-01-14
10729,Customer_10729,customer10729@example.com,9984039498,Lucknow,Uttar Pradesh,484096,Consumer,2025-11-21
10730,Customer_10730,customer10730@example.com,9602798993,Lucknow,Maharashtra,484096,Corporate,2025-06-30
10731,Customer_10731,customer10731@example.com,9714144587,Mumbai,Maharashtra,484096,Consumer,2023-06-17
10732,Customer_10732,customer10732@example.com,9907582728,Delhi,Punjab,484096,Consumer,2024-02-08
10733,Customer_10733,customer10733@example.com,9149437769,Jaipur,Gujarat,484096,Consumer,2025-11-05
10734,Customer_10734,customer10734@example.com,9473507001,Kolkata,Gujarat,484096,Corporate,2023-03-20
10735,Customer_10735,customer10735@example.com,9607742699,Hyderabad,Uttar Pradesh,484096,Home Office,2024-11-22
10736,Customer_10736,customer10736@example.com,9601947280,Bengaluru,Rajasthan,484096,Home Office,2022-09-17
10737,Customer_10737,customer10737@example.com,9534318588,Chennai,West Bengal,484096,Consumer,2025-06-11
10738,Customer_10738,customer10738@example.com,9480021989,Hyderabad,Delhi,484096,Consumer,2026-03-19
10739,Customer_10739,,9461235974,Chennai,Karnataka,484096,Consumer,2025-08-24
10740,Customer_10740,customer10740@example.com,9856307117,Kochi,Telangana,484096,Corporate,2024-01-09
10741,Customer_10741,customer10741@example.com,9963155852,Kochi,Karnataka,484096,Corporate,2024-03-06
10742,Customer_10742,customer10742@example.com,9412514729,Kochi,Haryana,484096,Consumer,2022-03-11
10743,Customer_10743,customer10743@example.com,9729863816,Hyderabad,Kerala,484096,Consumer,2026-01-17
10744,Customer_10744,customer10744@example.com,9408636593,Bengaluru,Gujarat,484096,Consumer,2026-01-02
10745,Customer_10745,customer10745@example.com,9709442586,Kolkata,Uttar Pradesh,484096,Consumer,2025-10-19
10746,Customer_10746,customer10746@example.com,9985803641,,Karnataka,484096,Home Office,2024-09-09
10747,Customer_10747,customer10747@example.com,9729662913,Bengaluru,Rajasthan,484096,Consumer,2023-04-26
10748,Customer_10748,customer10748@example.com,9449390340,,Telangana,484096,Consumer,2025-03-13
10749,Customer_10749,customer10749@example.com,9157235484,Kolkata,Karnataka,484096,Consumer,2022-01-24
10750,Customer_10750,customer10750@example.com,9464375204,Kochi,Telangana,484096,Consumer,2024-08-22
10751,Customer_10751,customer10751@example.com,9449204103,Gurugram,Tamil Nadu,484096,Home Office,2025-12-19
10752,Customer_10752,customer10752@example.com,9633738991,Chennai,Rajasthan,484096,Consumer,2024-01-16
10753,Customer_10753,customer10753@example.com,9585926252,Kochi,Kerala,484096,Consumer,2024-04-24
10754,Customer_10754,customer10754@example.com,9618154048,Lucknow,Delhi,484096,Consumer,2025-04-13
10755,Customer_10755,customer10755@example.com,9659891797,Delhi,Punjab,484096,Corporate,2022-11-21
10756,Customer_10756,customer10756@example.com,9369722099,Lucknow,Maharashtra,484096,Corporate,2026-08-22
10757,Customer_10757,customer10757@example.com,9947176190,Kochi,Telangana,484096,Corporate,2025-10-03
10758,Customer_10758,customer10758@example.com,9777289286,Kolkata,Kerala,484096,Consumer,2024-03-08
10759,Customer_10759,customer10759@example.com,9494659116,Gurugram,Rajasthan,484096,Consumer,2022-01-18
10760,Customer_10760,customer10760@example.com,9114509187,Chennai,Telangana,484096,Consumer,2022-02-13
10761,Customer_10761,customer10761@example.com,9530434083,Gurugram,Telangana,484096,Corporate,2022-06-04
10762,Customer_10762,customer10762@example.com,9642280773,Hyderabad,West Bengal,484096,Consumer,2024-05-16
10763,Customer_10763,customer10763@example.com,9994131451,Chennai,West Bengal,484096,Consumer,2024-07-10
10764,Customer_10764,customer10764@example.com,9458632862,Kochi,Punjab,484096,Home Office,2025-11-01
10765,Customer_10765,customer10765@example.com,9216595132,Hyderabad,Kerala,484096,Home Office,2024-01-13
10766,Customer_10766,customer10766@example.com,9649702507,Bengaluru,Rajasthan,484096,Consumer,2025-11-26
10767,Customer_10767,customer10767@example.com,9350844341,Kolkata,Punjab,484096,Consumer,2022-08-13
10768,Customer_10768,customer10768@example.com,9980830630,Ludhiana,West Bengal,484096,Consumer,2022-08-05
10769,Customer_10769,customer10769@example.com,9848277850,Bengaluru,Haryana,484096,Corporate,2026-05-11
10770,Customer_10770,customer10770@example.com,9771536985,Mumbai,Delhi,484096,Corporate,2022-01-31
10771,Customer_10771,customer10771@example.com,9444682002,Gurugram,Punjab,484096,Consumer,2024-12-18
10772,Customer_10772,customer10772@example.com,9577589542,Ludhiana,Uttar Pradesh,484096,Consumer,2024-06-16
10773,Customer_10773,customer10773@example.com,9892214653,Hyderabad,Punjab,484096,Corporate,2025-10-08
10774,Customer_10774,customer10774@example.com,9115814828,Ahmedabad,Rajasthan,484096,Home Office,2024-07-23
10775,Customer_10775,customer10775@example.com,9148763532,Bengaluru,Rajasthan,484096,Consumer,2023-03-21
10776,Customer_10776,customer10776@example.com,9766587889,Mumbai,Haryana,484096,Consumer,2025-06-12
10777,Customer_10777,customer10777@example.com,9406974333,Jaipur,Gujarat,484096,Consumer,2025-02-04
10778,Customer_10778,customer10778@example.com,9341820729,Ludhiana,Gujarat,484096,Consumer,2025-04-29
10779,Customer_10779,customer10779@example.com,9610319067,Lucknow,West Bengal,484096,Home Office,2023-06-14
10780,Customer_10780,customer10780@example.com,9173851335,Chennai,Uttar Pradesh,484096,Corporate,2024-01-08
10781,Customer_10781,customer10781@example.com,9604771388,Mumbai,West Bengal,484096,Corporate,2026-05-26
10782,Customer_10782,customer10782@example.com,9412632190,Kolkata,Tamil Nadu,484096,Consumer,2024-05-23
10783,Customer_10783,customer10783@example.com,9740853352,Ludhiana,Tamil Nadu,484096,Corporate,2023-07-20
10784,Customer_10784,customer10784@example.com,9877558402,Bengaluru,Maharashtra,484096,Consumer,2025-06-22
10785,Customer_10785,customer10785@example.com,9458066124,Kolkata,Tamil Nadu,484096,Consumer,2022-03-17
10786,Customer_10786,customer10786@example.com,9745202424,Lucknow,Gujarat,484096,Consumer,2023-07-01
10787,Customer_10787,customer10787@example.com,9636315070,Ahmedabad,Delhi,484096,Consumer,2022-09-24
10788,Customer_10788,customer10788@example.com,9253382256,Gurugram,Tamil Nadu,484096,Corporate,2022-11-13
10789,Customer_10789,customer10789@example.com,9456015512,Gurugram,West Bengal,484096,Consumer,2025-02-18
10790,Customer_10790,customer10790@example.com,9609379383,Kochi,Telangana,484096,Consumer,2022-01-25
10791,Customer_10791,customer10791@example.com,9221848736,Kolkata,Rajasthan,484096,Consumer,2025-12-26
10792,Customer_10792,customer10792@example.com,9900306292,Hyderabad,Delhi,484096,Consumer,2022-06-09
10793,Customer_10793,customer10793@example.com,9323807545,Ahmedabad,Delhi,484096,Consumer,2023-08-19
10794,Customer_10794,customer10794@example.com,9152203051,Gurugram,Punjab,484096,Consumer,2025-02-11
10795,Customer_10795,customer10795@example.com,9340539820,Ahmedabad,West Bengal,484096,Corporate,2024-06-18
10796,Customer_10796,customer10796@example.com,9285370428,Mumbai,Rajasthan,484096,Consumer,2023-05-17
10797,Customer_10797,customer10797@example.com,9412185646,Ahmedabad,Gujarat,484096,Consumer,2025-04-04
10798,Customer_10798,customer10798@example.com,9706205076,Delhi,Delhi,484096,Consumer,2024-10-09
10799,Customer_10799,customer10799@example.com,9286404943,Lucknow,Maharashtra,484096,Corporate,2023-12-04
10800,Customer_10800,customer10800@example.com,9218975349,Gurugram,West Bengal,484096,Consumer,2025-04-13
10801,Customer_10801,customer10801@example.com,9850087380,Ahmedabad,Delhi,484096,Consumer,2022-01-01
10802,Customer_10802,customer10802@example.com,9826346491,Kolkata,Uttar Pradesh,484096,Consumer,2024-01-11
10803,Customer_10803,customer10803@example.com,9416953828,Jaipur,Kerala,484096,Consumer,2025-01-14
10804,Customer_10804,customer10804@example.com,9112842659,Delhi,Punjab,484096,Consumer,2026-05-17
10805,Customer_10805,customer10805@example.com,9331302370,Delhi,Rajasthan,484096,Corporate,2022-11-16
10806,Customer_10806,customer10806@example.com,9939284370,Hyderabad,Tamil Nadu,484096,Consumer,2025-11-25
10807,Customer_10807,customer10807@example.com,9423988920,Ahmedabad,Delhi,484096,Consumer,2023-01-17
10808,Customer_10808,customer10808@example.com,9199204497,Kochi,West Bengal,484096,Corporate,2026-06-29
10809,Customer_10809,customer10809@example.com,9813889838,Hyderabad,Tamil Nadu,484096,Corporate,2025-09-03
10810,Customer_10810,customer10810@example.com,9655762920,Hyderabad,Kerala,484096,Consumer,2025-06-27
10811,Customer_10811,customer10811@example.com,9940734221,Jaipur,Maharashtra,484096,Consumer,2026-03-29
10812,Customer_10812,customer10812@example.com,9291100046,Mumbai,Tamil Nadu,484096,Consumer,2026-08-26
10813,Customer_10813,customer10813@example.com,9978497182,Ahmedabad,Uttar Pradesh,484096,Consumer,2026-04-28
10814,Customer_10814,customer10814@example.com,9647857780,Bengaluru,Gujarat,484096,Corporate,2024-06-16
10815,Customer_10815,customer10815@example.com,9945786677,Gurugram,Delhi,484096,Home Office,2026-07-05
10816,Customer_10816,customer10816@example.com,9462127221,Hyderabad,Karnataka,484096,Home Office,2023-12-18
10817,Customer_10817,customer10817@example.com,9676392450,Lucknow,Karnataka,484096,Consumer,2025-07-03
10818,Customer_10818,customer10818@example.com,9749218703,Chennai,Tamil Nadu,484096,Consumer,2022-11-03
10819,Customer_10819,customer10819@example.com,9295190712,Lucknow,Haryana,484096,Consumer,2025-03-13
10820,Customer_10820,customer10820@example.com,9809761994,Jaipur,Rajasthan,484096,Corporate,2026-08-09
10821,Customer_10821,customer10821@example.com,9232985867,Jaipur,Punjab,484096,Consumer,2023-01-26
10822,Customer_10822,customer10822@example.com,9996369993,Kolkata,Karnataka,484096,Consumer,2026-08-27
10823,Customer_10823,customer10823@example.com,9960760799,Mumbai,Haryana,484096,Corporate,2025-04-07
10824,Customer_10824,customer10824@example.com,9348523535,Kochi,Karnataka,484096,Corporate,2024-09-16
10825,Customer_10825,customer10825@example.com,9702428359,Gurugram,Haryana,484096,Corporate,2022-10-25
10826,Customer_10826,customer10826@example.com,9720716389,Ludhiana,Rajasthan,484096,Consumer,2022-08-21
10827,Customer_10827,customer10827@example.com,9983289035,Hyderabad,Telangana,484096,Corporate,2022-09-28
10828,Customer_10828,customer10828@example.com,9558513815,Lucknow,Karnataka,484096,Home Office,2024-12-19
10829,Customer_10829,customer10829@example.com,9615965595,Chennai,Uttar Pradesh,484096,Consumer,2025-08-12
10830,Customer_10830,customer10830@example.com,9467907188,Jaipur,Kerala,484096,Consumer,2026-01-30
10831,Customer_10831,customer10831@example.com,9217601287,Jaipur,Delhi,484096,Consumer,2025-06-12
10832,Customer_10832,customer10832@example.com,9828769657,Mumbai,Haryana,484096,Home Office,2023-11-08
10833,Customer_10833,customer10833@example.com,9907974235,Chennai,Kerala,484096,Consumer,2023-12-07
10834,Customer_10834,customer10834@example.com,9730708899,Chennai,Delhi,484096,Consumer,2022-08-22
10835,Customer_10835,customer10835@example.com,9693858183,Mumbai,West Bengal,484096,Consumer,2025-10-23
10836,Customer_10836,customer10836@example.com,9543894457,Jaipur,West Bengal,484096,Corporate,2024-04-24
10837,Customer_10837,customer10837@example.com,9459300273,Gurugram,Punjab,484096,Consumer,2025-06-09
10838,Customer_10838,customer10838@example.com,9168452891,Ahmedabad,Kerala,484096,Consumer,2023-05-06
10839,Customer_10839,customer10839@example.com,9433867739,Ahmedabad,Rajasthan,484096,Consumer,2026-07-01
10840,Customer_10840,customer10840@example.com,9573928548,Mumbai,Haryana,484096,Home Office,2023-05-18
10841,Customer_10841,customer10841@example.com,9142734307,Chennai,Maharashtra,484096,Consumer,2024-06-08
10842,Customer_10842,customer10842@example.com,9972912794,Hyderabad,West Bengal,484096,Consumer,2023-08-15
10843,Customer_10843,customer10843@example.com,9951098101,Mumbai,Rajasthan,484096,Corporate,2024-01-16
10844,Customer_10844,customer10844@example.com,9238795966,Gurugram,Kerala,484096,Consumer,2025-11-05
10845,Customer_10845,customer10845@example.com,9255032720,Mumbai,West Bengal,484096,Home Office,2023-03-04
10846,Customer_10846,customer10846@example.com,9227833288,Delhi,West Bengal,484096,Consumer,2023-11-28
10847,Customer_10847,customer10847@example.com,9355669152,Lucknow,Maharashtra,484096,Consumer,2023-10-08
10848,Customer_10848,customer10848@example.com,9792377588,Chennai,Karnataka,484096,Consumer,2024-01-02
10849,Customer_10849,customer10849@example.com,9373997523,Kochi,Tamil Nadu,484096,Consumer,2024-03-10
10850,Customer_10850,customer10850@example.com,9541444812,Kolkata,Kerala,484096,Corporate,2022-12-30
10851,Customer_10851,customer10851@example.com,9893414363,Kolkata,Punjab,484096,Consumer,2022-07-21
10852,Customer_10852,customer10852@example.com,9190012399,Chennai,Telangana,484096,Corporate,2024-05-31
10853,Customer_10853,customer10853@example.com,9798434460,Kochi,West Bengal,484096,Consumer,2022-05-26
10854,Customer_10854,customer10854@example.com,9672025740,Ludhiana,Kerala,484096,Consumer,2024-04-15
10855,Customer_10855,customer10855@example.com,9791177005,Gurugram,West Bengal,484096,Consumer,2023-10-01
10856,Customer_10856,customer10856@example.com,9427278114,Delhi,Uttar Pradesh,484096,Home Office,2026-01-20
10857,Customer_10857,customer10857@example.com,9411545084,Delhi,Telangana,484096,Consumer,2022-05-15
10858,Customer_10858,customer10858@example.com,9918327941,Jaipur,Maharashtra,484096,Consumer,2023-09-18
10859,Customer_10859,customer10859@example.com,9958134097,Lucknow,Delhi,484096,Consumer,2025-07-11
10860,Customer_10860,customer10860@example.com,9815709298,Ahmedabad,Haryana,484096,Consumer,2022-03-05
10861,Customer_10861,customer10861@example.com,9448590788,Bengaluru,West Bengal,484096,Consumer,2023-05-06
10862,Customer_10862,customer10862@example.com,9587114542,Gurugram,Tamil Nadu,484096,Home Office,2026-07-29
10863,Customer_10863,customer10863@example.com,9826607768,Bengaluru,Haryana,484096,Consumer,2022-02-10
10864,Customer_10864,customer10864@example.com,9822598337,Bengaluru,Telangana,484096,Home Office,2025-08-12
10865,Customer_10865,customer10865@example.com,9455401737,Chennai,Haryana,484096,Consumer,2024-10-23
10866,Customer_10866,customer10866@example.com,9884812855,Kolkata,Karnataka,484096,Corporate,2024-07-01
10867,Customer_10867,customer10867@example.com,9644006941,Kolkata,West Bengal,484096,Home Office,2024-09-01
10868,Customer_10868,customer10868@example.com,9598490609,Ahmedabad,Haryana,484096,Consumer,2025-02-07
10869,Customer_10869,customer10869@example.com,9321568250,Chennai,Delhi,484096,Home Office,2025-05-29
10870,Customer_10870,customer10870@example.com,9294212716,Bengaluru,Delhi,484096,Consumer,2025-10-25
10871,Customer_10871,customer10871@example.com,9807957764,Kochi,West Bengal,484096,Home Office,2023-01-03
10872,Customer_10872,customer10872@example.com,9213245302,Ludhiana,Gujarat,484096,Corporate,2025-12-30
10873,Customer_10873,customer10873@example.com,9792585463,Hyderabad,Delhi,484096,Consumer,2024-07-06
10874,Customer_10874,customer10874@example.com,9643156000,Kolkata,Haryana,484096,Consumer,2024-10-24
10875,Customer_10875,customer10875@example.com,9218550901,Gurugram,Punjab,484096,Consumer,2022-09-01
10876,Customer_10876,customer10876@example.com,9360074560,Kochi,Rajasthan,484096,Consumer,2024-06-20
10877,Customer_10877,customer10877@example.com,9746035632,Gurugram,Delhi,484096,Consumer,2022-06-15
10878,Customer_10878,customer10878@example.com,9644339722,Jaipur,Kerala,484096,Consumer,2024-11-15
10879,Customer_10879,,9504288340,Mumbai,Telangana,484096,Consumer,2025-11-19
10880,Customer_10880,customer10880@example.com,9662171966,Hyderabad,Gujarat,484096,Corporate,2026-02-06
10881,Customer_10881,customer10881@example.com,9714135000,Kolkata,Kerala,484096,Consumer,2024-11-06
10882,Customer_10882,customer10882@example.com,9440007738,Delhi,Haryana,484096,Consumer,2023-12-29
10883,Customer_10883,customer10883@example.com,9495647770,Kolkata,Maharashtra,484096,Consumer,2025-01-20
10884,Customer_10884,customer10884@example.com,9396702640,Kochi,Uttar Pradesh,484096,Consumer,2023-04-28
10885,Customer_10885,customer10885@example.com,9479368908,Jaipur,Maharashtra,484096,Consumer,2023-06-27
10886,Customer_10886,customer10886@example.com,9372781216,Gurugram,Karnataka,484096,Consumer,2025-05-13
10887,Customer_10887,customer10887@example.com,9258148712,Bengaluru,Kerala,484096,Home Office,2026-03-06
10888,Customer_10888,customer10888@example.com,9807894370,Delhi,Uttar Pradesh,484096,Corporate,2024-07-19
10889,Customer_10889,customer10889@example.com,9674890494,Chennai,Karnataka,484096,Consumer,2023-02-04
10890,Customer_10890,customer10890@example.com,9200532608,Lucknow,Uttar Pradesh,484096,Corporate,2025-05-15
10891,Customer_10891,customer10891@example.com,9158720660,Bengaluru,Uttar Pradesh,484096,Consumer,2023-09-11
10892,Customer_10892,customer10892@example.com,9342130927,Lucknow,Rajasthan,484096,Corporate,2025-03-15
10893,Customer_10893,customer10893@example.com,9423664694,Hyderabad,Tamil Nadu,484096,Corporate,2024-05-28
10894,Customer_10894,customer10894@example.com,9592728837,Ludhiana,Telangana,484096,Consumer,2022-04-11
10895,Customer_10895,customer10895@example.com,9923407067,Mumbai,Maharashtra,484096,Consumer,2024-05-29
10896,Customer_10896,customer10896@example.com,9370157776,Ludhiana,Delhi,484096,Consumer,2024-04-09
10897,Customer_10897,customer10897@example.com,9247516100,Delhi,Haryana,484096,Consumer,2025-06-18
10898,Customer_10898,customer10898@example.com,9800791554,Ahmedabad,Gujarat,484096,Home Office,2024-01-29
10899,Customer_10899,customer10899@example.com,9338077364,Delhi,Telangana,484096,Consumer,2022-06-12
10900,Customer_10900,customer10900@example.com,9465714454,Ludhiana,Karnataka,484096,Corporate,2025-04-11
10901,Customer_10901,customer10901@example.com,9181550308,Kolkata,Rajasthan,484096,Home Office,2023-05-17
10902,Customer_10902,customer10902@example.com,9936512420,Kochi,Karnataka,484096,Consumer,2023-07-01
10903,Customer_10903,customer10903@example.com,9130413513,Gurugram,Tamil Nadu,484096,Corporate,2025-07-31
10904,Customer_10904,customer10904@example.com,9527982281,Kolkata,Gujarat,484096,Corporate,2025-10-14
10905,Customer_10905,customer10905@example.com,9649113938,,Rajasthan,484096,Home Office,2023-01-16
10906,Customer_10906,customer10906@example.com,9961330509,Kochi,Karnataka,484096,Home Office,2024-05-19
10907,Customer_10907,customer10907@example.com,9980662984,Kochi,Tamil Nadu,484096,Corporate,2024-06-23
10908,Customer_10908,customer10908@example.com,9654735469,Hyderabad,Haryana,484096,Consumer,2026-04-06
10909,Customer_10909,customer10909@example.com,9106195200,Bengaluru,Haryana,484096,Corporate,2025-04-01
10910,Customer_10910,customer10910@example.com,9976392498,Ahmedabad,Karnataka,484096,Consumer,2024-09-28
10911,Customer_10911,customer10911@example.com,9206222252,Ahmedabad,Telangana,484096,Corporate,2023-09-01
10912,Customer_10912,customer10912@example.com,9556016588,Kolkata,Gujarat,484096,Home Office,2022-11-03
10913,Customer_10913,customer10913@example.com,9990035971,Lucknow,West Bengal,484096,Consumer,2025-09-24
10914,Customer_10914,customer10914@example.com,9650703552,Hyderabad,Telangana,484096,Consumer,2022-02-24
10915,Customer_10915,customer10915@example.com,9837448816,Kolkata,Haryana,484096,Consumer,2024-09-09
10916,Customer_10916,customer10916@example.com,9130061031,Mumbai,Gujarat,484096,Consumer,2022-11-29
10917,Customer_10917,customer10917@example.com,9607356959,Gurugram,Tamil Nadu,484096,Consumer,2022-05-07
10918,Customer_10918,customer10918@example.com,9301418785,Kochi,Rajasthan,484096,Corporate,2023-12-06
10919,Customer_10919,customer10919@example.com,9564555355,Bengaluru,Punjab,484096,Home Office,2022-08-31
10920,Customer_10920,customer10920@example.com,9180197726,Chennai,Kerala,484096,Home Office,2023-08-23
10921,Customer_10921,customer10921@example.com,9587726151,Kochi,Uttar Pradesh,484096,Consumer,2025-12-03
10922,Customer_10922,customer10922@example.com,9195282726,Mumbai,Karnataka,484096,Home Office,2023-05-18
10923,Customer_10923,customer10923@example.com,9836901273,Lucknow,Punjab,484096,Corporate,2023-08-27
10924,Customer_10924,customer10924@example.com,9187220897,Delhi,Maharashtra,484096,Consumer,2022-10-30
10925,Customer_10925,customer10925@example.com,9195856757,Delhi,Gujarat,484096,Consumer,2026-01-27
10926,Customer_10926,,9449487874,Ludhiana,Kerala,484096,Consumer,2022-08-23
10927,Customer_10927,customer10927@example.com,9186601594,Mumbai,Delhi,484096,Home Office,2024-11-27
10928,Customer_10928,customer10928@example.com,9348151345,Ludhiana,Tamil Nadu,484096,Consumer,2022-05-19
10929,Customer_10929,customer10929@example.com,9538866187,Kolkata,West Bengal,484096,Corporate,2022-07-14
10930,Customer_10930,customer10930@example.com,9385124544,Chennai,Uttar Pradesh,484096,Consumer,2026-03-31
10931,Customer_10931,customer10931@example.com,9322938165,Jaipur,Delhi,484096,Corporate,2023-10-09
10932,Customer_10932,customer10932@example.com,9361726596,Kochi,West Bengal,484096,Consumer,2022-01-01
10933,Customer_10933,customer10933@example.com,9479710429,Jaipur,Maharashtra,484096,Consumer,2023-07-15
10934,Customer_10934,customer10934@example.com,9643973085,Lucknow,Haryana,484096,Consumer,2025-01-24
10935,Customer_10935,customer10935@example.com,9279606266,Kolkata,Telangana,484096,Consumer,2023-12-14
10936,Customer_10936,customer10936@example.com,9759203896,Ahmedabad,Karnataka,484096,Corporate,2023-02-17
10937,Customer_10937,customer10937@example.com,9486357648,Kochi,Rajasthan,484096,Consumer,2023-06-22
10938,Customer_10938,customer10938@example.com,9675591023,Ludhiana,West Bengal,484096,Corporate,2023-03-05
10939,Customer_10939,customer10939@example.com,9223620654,Ahmedabad,Uttar Pradesh,484096,Consumer,2022-08-23
10940,Customer_10940,customer10940@example.com,9832445590,Bengaluru,Punjab,484096,Consumer,2022-12-15
10941,Customer_10941,customer10941@example.com,9122064334,Chennai,Gujarat,484096,Consumer,2026-02-13
10942,Customer_10942,customer10942@example.com,9248899044,Chennai,Haryana,484096,Consumer,2023-01-31
10943,Customer_10943,customer10943@example.com,9616725588,Delhi,Gujarat,484096,Home Office,2025-10-06
10944,Customer_10944,customer10944@example.com,9698552461,Hyderabad,Uttar Pradesh,484096,Consumer,2023-02-20
10945,Customer_10945,customer10945@example.com,9976515905,Kochi,Gujarat,484096,Corporate,2024-07-04
10946,Customer_10946,customer10946@example.com,9336415050,Ludhiana,West Bengal,484096,Home Office,2024-12-10
10947,Customer_10947,customer10947@example.com,9757778790,Lucknow,Punjab,484096,Consumer,2022-03-22
10948,Customer_10948,customer10948@example.com,9685711013,Jaipur,Tamil Nadu,484096,Consumer,2022-02-05
10949,Customer_10949,customer10949@example.com,9603643839,Lucknow,Gujarat,484096,Corporate,2024-12-26
10950,Customer_10950,customer10950@example.com,9162468859,Ahmedabad,Telangana,484096,Home Office,2023-10-03
10951,Customer_10951,customer10951@example.com,9532020261,Ahmedabad,Punjab,484096,Home Office,2024-05-31
10952,Customer_10952,customer10952@example.com,9564233777,Mumbai,Maharashtra,484096,Consumer,2026-08-18
10953,Customer_10953,customer10953@example.com,9486193505,Bengaluru,Rajasthan,484096,Corporate,2024-01-27
10954,Customer_10954,customer10954@example.com,9686882897,Kochi,West Bengal,484096,Consumer,2023-09-15
10955,Customer_10955,customer10955@example.com,9710933533,Chennai,Kerala,484096,Home Office,2026-02-13
10956,Customer_10956,customer10956@example.com,9335431246,Gurugram,Delhi,484096,Home Office,2023-04-13
10957,Customer_10957,customer10957@example.com,9905198682,Ludhiana,Punjab,484096,Consumer,2025-03-11
10958,Customer_10958,customer10958@example.com,9490850994,Lucknow,Kerala,484096,Consumer,2022-12-22
10959,Customer_10959,customer10959@example.com,9762106558,Ludhiana,Kerala,484096,Consumer,2023-12-10
10960,Customer_10960,customer10960@example.com,9522004019,Ahmedabad,Kerala,484096,Consumer,2026-02-03
10961,Customer_10961,customer10961@example.com,9303780344,Hyderabad,Uttar Pradesh,484096,Corporate,2026-07-03
10962,Customer_10962,customer10962@example.com,9160084389,Delhi,Haryana,484096,Consumer,2024-10-16
10963,Customer_10963,customer10963@example.com,9962903776,Jaipur,Punjab,484096,Consumer,2026-06-03
10964,Customer_10964,customer10964@example.com,9244538583,Bengaluru,West Bengal,484096,Consumer,2024-06-20
10965,Customer_10965,customer10965@example.com,9789218894,Hyderabad,Tamil Nadu,484096,Home Office,2023-11-04
10966,Customer_10966,customer10966@example.com,9729396475,Bengaluru,Kerala,484096,Consumer,2023-03-15
10967,Customer_10967,customer10967@example.com,9305984285,Mumbai,Haryana,484096,Consumer,2023-06-15
10968,Customer_10968,customer10968@example.com,9624358390,Gurugram,Telangana,484096,Consumer,2022-05-07
10969,Customer_10969,customer10969@example.com,9201370985,Ahmedabad,Uttar Pradesh,484096,Home Office,2022-07-24
10970,Customer_10970,customer10970@example.com,9582598450,Delhi,Haryana,484096,Corporate,2022-01-29
10971,Customer_10971,customer10971@example.com,9948865360,Kochi,Gujarat,484096,Consumer,2023-03-21
10972,Customer_10972,customer10972@example.com,9956934532,Hyderabad,West Bengal,484096,Consumer,2024-08-23
10973,Customer_10973,customer10973@example.com,9299594780,Bengaluru,Maharashtra,484096,Consumer,2023-04-09
10974,Customer_10974,customer10974@example.com,9731675779,Chennai,Uttar Pradesh,484096,Consumer,2025-07-27
10975,Customer_10975,customer10975@example.com,9999137673,Mumbai,Karnataka,484096,Consumer,2022-05-31
10976,Customer_10976,customer10976@example.com,9858438071,Chennai,Telangana,484096,Home Office,2022-08-28
10977,Customer_10977,customer10977@example.com,9495529616,Delhi,Kerala,484096,Consumer,2022-09-23
10978,Customer_10978,customer10978@example.com,9181251088,Kochi,Rajasthan,484096,Corporate,2025-02-02
10979,Customer_10979,customer10979@example.com,9135409403,Kochi,Uttar Pradesh,484096,Consumer,2025-12-27
10980,Customer_10980,customer10980@example.com,9384481363,Hyderabad,Tamil Nadu,484096,Corporate,2024-07-01
10981,Customer_10981,customer10981@example.com,9998231255,Ludhiana,West Bengal,484096,Corporate,2023-05-12
10982,Customer_10982,customer10982@example.com,9296972612,Mumbai,Gujarat,484096,Consumer,2026-01-03
10983,Customer_10983,customer10983@example.com,9618856453,Kochi,Rajasthan,484096,Consumer,2023-11-16
10984,Customer_10984,,9518387393,Kochi,Rajasthan,484096,Consumer,2022-06-07
10985,Customer_10985,customer10985@example.com,9438235596,Hyderabad,Telangana,484096,Consumer,2022-06-21
10986,Customer_10986,customer10986@example.com,9998209917,Ahmedabad,Haryana,484096,Consumer,2023-05-09
10987,Customer_10987,customer10987@example.com,9672952298,Kolkata,Tamil Nadu,484096,Consumer,2024-08-27
10988,Customer_10988,customer10988@example.com,9442093866,Mumbai,Haryana,484096,Home Office,2025-08-27
10989,Customer_10989,customer10989@example.com,9493261002,Chennai,Gujarat,484096,Consumer,2025-11-27
10990,Customer_10990,customer10990@example.com,9425830514,Delhi,Rajasthan,484096,Corporate,2026-08-20
10991,Customer_10991,customer10991@example.com,9260045166,Kochi,Tamil Nadu,484096,Consumer,2023-11-07
10992,Customer_10992,customer10992@example.com,9653534200,Kochi,Tamil Nadu,484096,Corporate,2023-10-21
10993,Customer_10993,customer10993@example.com,9649952694,Gurugram,Delhi,484096,Consumer,2024-06-21
10994,Customer_10994,customer10994@example.com,9464067663,Ahmedabad,West Bengal,484096,Home Office,2023-10-28
10995,Customer_10995,customer10995@example.com,9752417118,Kochi,Rajasthan,484096,Consumer,2026-01-26
10996,Customer_10996,customer10996@example.com,9745535690,Kolkata,Rajasthan,484096,Consumer,2023-01-02
10997,Customer_10997,customer10997@example.com,9696258165,Gurugram,Tamil Nadu,484096,Consumer,2023-07-04
10998,Customer_10998,customer10998@example.com,9948975759,Jaipur,Haryana,484096,Consumer,2023-10-05
10999,Customer_10999,customer10999@example.com,9705052423,Ahmedabad,Rajasthan,484096,Consumer,2022-09-12
11000,Customer_11000,customer11000@example.com,9873383043,Delhi,Tamil Nadu,484096,Consumer,2022-07-27
11001,Customer_11001,customer11001@example.com,9881168999,Bengaluru,Rajasthan,484096,Consumer,2023-03-26
11002,Customer_11002,customer11002@example.com,9943967363,Mumbai,Tamil Nadu,484096,Home Office,2022-04-05
11003,Customer_11003,customer11003@example.com,9510887863,Hyderabad,Delhi,484096,Consumer,2024-04-18
11004,Customer_11004,customer11004@example.com,9794329624,Delhi,West Bengal,484096,Consumer,2023-04-23
11005,Customer_11005,customer11005@example.com,9730451394,Mumbai,Tamil Nadu,484096,Corporate,2023-11-14
11006,Customer_11006,customer11006@example.com,9633940063,Gurugram,Punjab,484096,Consumer,2024-02-01
11007,Customer_11007,customer11007@example.com,9165438362,Ludhiana,Rajasthan,484096,Consumer,2022-07-09
11008,Customer_11008,customer11008@example.com,9819655004,Hyderabad,Gujarat,484096,Consumer,2023-12-12
11009,Customer_11009,customer11009@example.com,9840108209,Lucknow,West Bengal,484096,Home Office,2026-02-16
11010,Customer_11010,customer11010@example.com,9537809212,Chennai,Delhi,484096,Home Office,2026-04-09
11011,Customer_11011,customer11011@example.com,9925875065,Jaipur,Kerala,484096,Home Office,2024-01-26
11012,Customer_11012,customer11012@example.com,9275529362,Ahmedabad,Tamil Nadu,484096,Consumer,2025-12-17
11013,Customer_11013,customer11013@example.com,9408338452,Kochi,Gujarat,484096,Corporate,2024-04-15
11014,Customer_11014,customer11014@example.com,9825570564,Ludhiana,Tamil Nadu,484096,Consumer,2026-07-22
11015,Customer_11015,customer11015@example.com,9508376785,Ludhiana,Haryana,484096,Consumer,2026-06-17
11016,Customer_11016,customer11016@example.com,9222794587,Delhi,Rajasthan,484096,Consumer,2022-05-13
11017,Customer_11017,customer11017@example.com,9519271337,Jaipur,Uttar Pradesh,484096,Consumer,2022-02-24
11018,Customer_11018,customer11018@example.com,9860254268,Bengaluru,Telangana,484096,Consumer,2023-05-25
11019,Customer_11019,customer11019@example.com,9236600085,Mumbai,Maharashtra,484096,Consumer,2023-11-01
11020,Customer_11020,customer11020@example.com,9480974484,Mumbai,Haryana,484096,Consumer,2026-04-14
11021,Customer_11021,customer11021@example.com,9309230661,Delhi,Gujarat,484096,Consumer,2023-02-14
11022,Customer_11022,customer11022@example.com,9618127104,Kolkata,Haryana,484096,Corporate,2025-05-19
11023,Customer_11023,customer11023@example.com,9247847812,Kolkata,Karnataka,484096,Consumer,2026-08-17
11024,Customer_11024,customer11024@example.com,9555229963,Kochi,Tamil Nadu,484096,Corporate,2025-08-09
11025,Customer_11025,customer11025@example.com,9986196569,Lucknow,Tamil Nadu,484096,Consumer,2024-09-13
11026,Customer_11026,customer11026@example.com,9719408429,Chennai,Punjab,484096,Corporate,2024-01-04
11027,Customer_11027,customer11027@example.com,9590785313,Hyderabad,Maharashtra,484096,Consumer,2025-02-12
11028,Customer_11028,customer11028@example.com,9652970160,Bengaluru,Maharashtra,484096,Consumer,2026-08-21
11029,Customer_11029,customer11029@example.com,9114677069,Kochi,Karnataka,484096,Consumer,2022-09-16
11030,Customer_11030,customer11030@example.com,9444024793,Jaipur,Rajasthan,484096,Consumer,2025-02-19
11031,Customer_11031,customer11031@example.com,9917739564,Kolkata,Telangana,484096,Corporate,2022-10-26
11032,Customer_11032,customer11032@example.com,9407445658,Lucknow,Uttar Pradesh,484096,Consumer,2025-11-05
11033,Customer_11033,customer11033@example.com,9268844360,Lucknow,Kerala,484096,Consumer,2023-07-15
11034,Customer_11034,customer11034@example.com,9496385049,Delhi,Uttar Pradesh,484096,Home Office,2026-03-05
11035,Customer_11035,customer11035@example.com,9312216056,Bengaluru,Delhi,484096,Corporate,2022-10-24
11036,Customer_11036,customer11036@example.com,9649327992,Gurugram,Punjab,484096,Consumer,2022-12-28
11037,Customer_11037,customer11037@example.com,9906529237,Hyderabad,Kerala,484096,Consumer,2023-08-12
11038,Customer_11038,customer11038@example.com,9451152366,Chennai,Delhi,484096,Consumer,2026-01-26
11039,Customer_11039,customer11039@example.com,9150066487,Ahmedabad,Rajasthan,484096,Consumer,2026-01-01
11040,Customer_11040,customer11040@example.com,9630766173,Delhi,Delhi,484096,Consumer,2022-05-07
11041,Customer_11041,customer11041@example.com,9774213994,Hyderabad,Delhi,484096,Home Office,2022-07-16
11042,Customer_11042,customer11042@example.com,9833891390,Ahmedabad,Karnataka,484096,Consumer,2022-08-09
11043,Customer_11043,customer11043@example.com,9646689071,Ahmedabad,Karnataka,484096,Consumer,2024-09-21
11044,Customer_11044,customer11044@example.com,9362327868,Bengaluru,Delhi,484096,Consumer,2022-04-01
11045,Customer_11045,customer11045@example.com,9111145552,Bengaluru,Haryana,484096,Home Office,2023-02-15
11046,Customer_11046,customer11046@example.com,9215438617,Kochi,Kerala,484096,Corporate,2022-01-08
11047,Customer_11047,customer11047@example.com,9608099363,Jaipur,West Bengal,484096,Consumer,2023-06-28
11048,Customer_11048,customer11048@example.com,9341382656,Lucknow,West Bengal,484096,Corporate,2023-04-13
11049,Customer_11049,customer11049@example.com,9462997767,Hyderabad,Rajasthan,484096,Consumer,2022-11-16
11050,Customer_11050,customer11050@example.com,9517806178,Delhi,Uttar Pradesh,484096,Consumer,2025-11-18
11051,Customer_11051,customer11051@example.com,9892511740,Kochi,Punjab,484096,Consumer,2022-09-26
11052,Customer_11052,customer11052@example.com,9999148494,Mumbai,Maharashtra,484096,Consumer,2025-04-29
11053,Customer_11053,customer11053@example.com,9257155630,Delhi,Rajasthan,484096,Consumer,2026-08-26
11054,Customer_11054,customer11054@example.com,9617423742,Jaipur,Delhi,484096,Home Office,2022-03-02
11055,Customer_11055,customer11055@example.com,9847503671,Chennai,Karnataka,484096,Consumer,2026-01-01
11056,Customer_11056,customer11056@example.com,9607900377,Ludhiana,Tamil Nadu,484096,Home Office,2025-07-11
11057,Customer_11057,customer11057@example.com,9142758171,Ludhiana,Haryana,484096,Consumer,2024-03-07
11058,Customer_11058,customer11058@example.com,9610730198,Lucknow,Gujarat,484096,Consumer,2025-01-23
11059,Customer_11059,customer11059@example.com,9234285389,Ludhiana,Karnataka,484096,Consumer,2023-07-07
11060,Customer_11060,customer11060@example.com,9367754137,Ludhiana,West Bengal,484096,Consumer,2024-07-14
11061,Customer_11061,customer11061@example.com,9257553165,Mumbai,Punjab,484096,Consumer,2026-02-02
11062,Customer_11062,customer11062@example.com,9734534586,Kolkata,Kerala,484096,Consumer,2023-10-23
11063,Customer_11063,customer11063@example.com,9110466615,Chennai,Karnataka,484096,Consumer,2023-12-17
11064,Customer_11064,customer11064@example.com,9671732850,Bengaluru,Haryana,484096,Consumer,2024-02-18
11065,Customer_11065,customer11065@example.com,9903869698,Ahmedabad,Kerala,484096,Corporate,2026-03-18
11066,Customer_11066,customer11066@example.com,9723658606,Kolkata,Maharashtra,484096,Consumer,2022-07-13
11067,Customer_11067,customer11067@example.com,9505619606,Delhi,Delhi,484096,Consumer,2023-04-27
11068,Customer_11068,customer11068@example.com,9150154221,Delhi,Tamil Nadu,484096,Consumer,2025-09-21
11069,Customer_11069,customer11069@example.com,9237926382,Ludhiana,West Bengal,484096,Home Office,2025-12-29
11070,Customer_11070,customer11070@example.com,9230876923,Bengaluru,West Bengal,484096,Corporate,2025-05-04
11071,Customer_11071,customer11071@example.com,9560300268,Jaipur,Punjab,484096,Consumer,2024-05-04
11072,Customer_11072,customer11072@example.com,9603434513,Hyderabad,Telangana,484096,Consumer,2025-06-26
11073,Customer_11073,customer11073@example.com,9947879673,Kolkata,Uttar Pradesh,484096,Consumer,2023-05-13
11074,Customer_11074,customer11074@example.com,9547306533,Kolkata,Maharashtra,484096,Home Office,2022-07-31
11075,Customer_11075,customer11075@example.com,9240090082,Gurugram,West Bengal,484096,Corporate,2023-10-27
11076,Customer_11076,customer11076@example.com,9732063858,Chennai,Uttar Pradesh,484096,Consumer,2023-11-01
11077,Customer_11077,customer11077@example.com,9550409663,Lucknow,West Bengal,484096,Consumer,2026-01-29
11078,Customer_11078,customer11078@example.com,9182649048,Chennai,Kerala,484096,Consumer,2026-08-02
11079,Customer_11079,customer11079@example.com,9646681316,Hyderabad,Delhi,484096,Home Office,2022-08-09
11080,Customer_11080,customer11080@example.com,9882903323,Delhi,Uttar Pradesh,484096,Consumer,2022-09-30
11081,Customer_11081,customer11081@example.com,9186205129,Delhi,Haryana,484096,Consumer,2025-03-23
11082,Customer_11082,customer11082@example.com,9374727974,Delhi,Telangana,484096,Consumer,2025-06-26
11083,Customer_11083,customer11083@example.com,9409577656,Gurugram,Delhi,484096,Corporate,2022-10-06
11084,Customer_11084,customer11084@example.com,9489596432,Delhi,Haryana,484096,Corporate,2026-01-03
11085,Customer_11085,customer11085@example.com,9483129685,Hyderabad,Tamil Nadu,484096,Corporate,2024-03-26
11086,Customer_11086,customer11086@example.com,9432848601,Kochi,Maharashtra,484096,Consumer,2022-10-03
11087,Customer_11087,customer11087@example.com,9251765117,Bengaluru,Maharashtra,484096,Home Office,2024-10-01
11088,Customer_11088,customer11088@example.com,9614374443,Lucknow,Gujarat,484096,Consumer,2023-05-29
11089,Customer_11089,customer11089@example.com,9703560080,Hyderabad,Gujarat,484096,Consumer,2025-01-16
11090,Customer_11090,customer11090@example.com,9499117836,Ludhiana,Uttar Pradesh,484096,Consumer,2024-07-11
11091,Customer_11091,customer11091@example.com,9501976531,Kochi,Kerala,484096,Home Office,2023-10-04
11092,Customer_11092,customer11092@example.com,9869238595,Lucknow,Maharashtra,484096,Consumer,2023-05-20
11093,Customer_11093,customer11093@example.com,9551419529,Hyderabad,Punjab,484096,Corporate,2023-08-13
11094,Customer_11094,customer11094@example.com,9268239170,Kochi,Uttar Pradesh,484096,Corporate,2024-02-11
11095,Customer_11095,customer11095@example.com,9739189224,Delhi,Gujarat,484096,Consumer,2025-06-18
11096,Customer_11096,customer11096@example.com,9473319790,Bengaluru,Tamil Nadu,484096,Consumer,2026-08-04
11097,Customer_11097,customer11097@example.com,9461634019,Kolkata,West Bengal,484096,Consumer,2024-01-10
11098,Customer_11098,customer11098@example.com,9259371374,Chennai,Haryana,484096,Consumer,2023-11-06
11099,Customer_11099,,9472979745,Ahmedabad,Kerala,484096,Consumer,2025-06-13
11100,Customer_11100,customer11100@example.com,9348001134,Bengaluru,Karnataka,484096,Consumer,2024-10-10
11101,Customer_11101,customer11101@example.com,9471666855,Kolkata,Uttar Pradesh,484096,Home Office,2022-05-08
11102,Customer_11102,customer11102@example.com,9880221808,Jaipur,Tamil Nadu,484096,Home Office,2023-05-18
11103,Customer_11103,customer11103@example.com,9376847339,Hyderabad,Haryana,484096,Consumer,2025-05-08
11104,Customer_11104,customer11104@example.com,9647953234,Jaipur,Maharashtra,484096,Consumer,2024-06-20
11105,Customer_11105,customer11105@example.com,9653074217,Kolkata,West Bengal,484096,Consumer,2023-06-27
11106,Customer_11106,customer11106@example.com,9245066408,Bengaluru,Haryana,484096,Corporate,2026-03-06
11107,Customer_11107,customer11107@example.com,9475581284,Hyderabad,Telangana,484096,Corporate,2026-08-01
11108,Customer_11108,customer11108@example.com,9585684741,Ludhiana,Gujarat,484096,Consumer,2023-05-07
11109,Customer_11109,customer11109@example.com,9742730675,Ahmedabad,Haryana,484096,Consumer,2024-11-10
11110,Customer_11110,customer11110@example.com,9726709785,Delhi,Karnataka,484096,Corporate,2025-06-11
11111,Customer_11111,customer11111@example.com,9561946175,Hyderabad,Tamil Nadu,484096,Consumer,2023-12-15
11112,Customer_11112,customer11112@example.com,9403990497,Ludhiana,West Bengal,484096,Consumer,2024-03-01
11113,Customer_11113,customer11113@example.com,9555681975,Hyderabad,Punjab,484096,Consumer,2026-07-25
11114,Customer_11114,customer11114@example.com,9445094085,Bengaluru,Delhi,484096,Consumer,2023-02-20
11115,Customer_11115,customer11115@example.com,9554299364,Ludhiana,Haryana,484096,Consumer,2022-05-28
11116,Customer_11116,customer11116@example.com,9888950392,Bengaluru,Punjab,484096,Corporate,2024-08-27
11117,Customer_11117,customer11117@example.com,9132359860,Kochi,Punjab,484096,Corporate,2022-01-29
11118,Customer_11118,customer11118@example.com,9537152405,Kolkata,Rajasthan,484096,Consumer,2025-10-16
11119,Customer_11119,customer11119@example.com,9756524997,Mumbai,Karnataka,484096,Home Office,2022-11-04
11120,Customer_11120,customer11120@example.com,9595453765,Hyderabad,Karnataka,484096,Consumer,2022-06-11
11121,Customer_11121,customer11121@example.com,9790121219,Chennai,Rajasthan,484096,Corporate,2024-05-18
11122,Customer_11122,customer11122@example.com,9533007965,Hyderabad,Telangana,484096,Consumer,2024-05-01
11123,Customer_11123,customer11123@example.com,9901299274,Kolkata,Delhi,484096,Home Office,2022-03-02
11124,Customer_11124,customer11124@example.com,9477474493,Lucknow,Gujarat,484096,Home Office,2022-05-05
11125,Customer_11125,customer11125@example.com,9250732605,Jaipur,Tamil Nadu,484096,Consumer,2026-01-19
11126,Customer_11126,customer11126@example.com,9339937885,Kochi,West Bengal,484096,Home Office,2024-12-30
11127,Customer_11127,customer11127@example.com,9844633950,Delhi,Tamil Nadu,484096,Corporate,2024-04-17
11128,Customer_11128,customer11128@example.com,9339029911,Ludhiana,Delhi,484096,Corporate,2023-04-11
11129,Customer_11129,customer11129@example.com,9730352694,Mumbai,Tamil Nadu,484096,Consumer,2022-08-31
11130,Customer_11130,customer11130@example.com,9496485768,Ahmedabad,Rajasthan,484096,Corporate,2026-02-22
11131,Customer_11131,customer11131@example.com,9444601334,Ahmedabad,Karnataka,484096,Home Office,2025-05-29
11132,Customer_11132,customer11132@example.com,9321772674,Ahmedabad,Tamil Nadu,484096,Consumer,2023-04-18
11133,Customer_11133,customer11133@example.com,9205275634,Bengaluru,Uttar Pradesh,484096,Home Office,2024-08-16
11134,Customer_11134,customer11134@example.com,9178350878,Ahmedabad,Punjab,484096,Consumer,2023-06-17
11135,Customer_11135,customer11135@example.com,9788899111,Delhi,Punjab,484096,Consumer,2023-05-09
11136,Customer_11136,customer11136@example.com,9945943012,Kochi,Haryana,484096,Consumer,2024-06-17
11137,Customer_11137,customer11137@example.com,9581203422,Jaipur,Delhi,484096,Consumer,2022-03-23
11138,Customer_11138,customer11138@example.com,9729686277,Ahmedabad,Telangana,484096,Consumer,2024-05-05
11139,Customer_11139,customer11139@example.com,9735034945,Hyderabad,Kerala,484096,Consumer,2024-05-28
11140,Customer_11140,customer11140@example.com,9426410707,Hyderabad,Kerala,484096,Home Office,2026-03-26
11141,Customer_11141,customer11141@example.com,9818958666,Bengaluru,Uttar Pradesh,484096,Consumer,2024-07-11
11142,Customer_11142,customer11142@example.com,9596099331,Delhi,Rajasthan,484096,Consumer,2022-01-12
11143,Customer_11143,customer11143@example.com,9122763342,Jaipur,Maharashtra,484096,Consumer,2025-07-10
11144,Customer_11144,customer11144@example.com,9388072325,Mumbai,Rajasthan,484096,Consumer,2026-08-08
11145,Customer_11145,customer11145@example.com,9133942384,Kolkata,Punjab,484096,Home Office,2023-03-25
11146,Customer_11146,customer11146@example.com,9833956599,Jaipur,Telangana,484096,Corporate,2025-04-30
11147,Customer_11147,customer11147@example.com,9824317106,Kolkata,Telangana,484096,Corporate,2024-02-01
11148,Customer_11148,customer11148@example.com,9404347709,Lucknow,Uttar Pradesh,484096,Consumer,2025-02-11
11149,Customer_11149,customer11149@example.com,9870414008,Kolkata,Haryana,484096,Consumer,2022-01-26
11150,Customer_11150,customer11150@example.com,9343794766,Kochi,Delhi,484096,Consumer,2026-03-03
11151,Customer_11151,customer11151@example.com,9250481610,Chennai,Gujarat,484096,Consumer,2023-05-23
11152,Customer_11152,customer11152@example.com,9407574151,Kochi,Karnataka,484096,Consumer,2026-04-18
11153,Customer_11153,customer11153@example.com,9228759218,Hyderabad,Uttar Pradesh,484096,Corporate,2022-03-03
11154,Customer_11154,customer11154@example.com,9480459180,Delhi,Telangana,484096,Consumer,2022-08-17
11155,Customer_11155,customer11155@example.com,9183721515,,Kerala,484096,Corporate,2023-08-30
11156,Customer_11156,customer11156@example.com,9980801412,Bengaluru,Maharashtra,484096,Consumer,2024-11-24
11157,Customer_11157,customer11157@example.com,9903346757,Chennai,West Bengal,484096,Consumer,2026-01-19
11158,Customer_11158,customer11158@example.com,9416449909,Kolkata,Telangana,484096,Consumer,2026-05-31
11159,Customer_11159,customer11159@example.com,9853493778,Ahmedabad,Haryana,484096,Consumer,2024-06-09
11160,Customer_11160,customer11160@example.com,9956875731,Delhi,Haryana,484096,Home Office,2026-03-06
11161,Customer_11161,customer11161@example.com,9132686304,Chennai,Telangana,484096,Consumer,2024-01-31
11162,Customer_11162,customer11162@example.com,9228161931,Bengaluru,Haryana,484096,Consumer,2023-08-18
11163,Customer_11163,customer11163@example.com,9593220398,Hyderabad,Uttar Pradesh,484096,Home Office,2024-11-14
11164,Customer_11164,customer11164@example.com,9990046464,Delhi,Telangana,484096,Consumer,2026-05-12
11165,Customer_11165,customer11165@example.com,9575109465,Bengaluru,Telangana,484096,Consumer,2024-11-21
11166,Customer_11166,customer11166@example.com,9176362381,Lucknow,Delhi,484096,Consumer,2024-11-01
11167,Customer_11167,customer11167@example.com,9265916991,Lucknow,Karnataka,484096,Consumer,2025-09-04
11168,Customer_11168,customer11168@example.com,9474908453,Kochi,Maharashtra,484096,Corporate,2026-06-16
11169,Customer_11169,customer11169@example.com,9448915492,Kochi,Haryana,484096,Corporate,2022-01-01
11170,Customer_11170,customer11170@example.com,9126216317,Bengaluru,Delhi,484096,Home Office,2025-12-29
11171,Customer_11171,customer11171@example.com,9762982794,Chennai,Punjab,484096,Consumer,2025-03-05
11172,Customer_11172,customer11172@example.com,9881745662,Kochi,Punjab,484096,Consumer,2025-05-04
11173,Customer_11173,customer11173@example.com,9403405900,Delhi,Gujarat,484096,Corporate,2022-05-13
11174,Customer_11174,customer11174@example.com,9239970538,Chennai,Gujarat,484096,Consumer,2022-03-27
11175,Customer_11175,customer11175@example.com,9503224834,Kochi,Tamil Nadu,484096,Consumer,2026-02-08
11176,Customer_11176,customer11176@example.com,9322580384,Mumbai,Uttar Pradesh,484096,Consumer,2025-09-09
11177,Customer_11177,customer11177@example.com,9612091013,Kolkata,Uttar Pradesh,484096,Consumer,2025-04-18
11178,Customer_11178,customer11178@example.com,9471962545,Mumbai,Rajasthan,484096,Consumer,2023-05-31
11179,Customer_11179,customer11179@example.com,9977324279,Ludhiana,Maharashtra,484096,Home Office,2026-07-20
11180,Customer_11180,customer11180@example.com,9677306633,Lucknow,Kerala,484096,Home Office,2022-06-24
11181,Customer_11181,customer11181@example.com,9308748804,Hyderabad,Telangana,484096,Consumer,2024-02-02
11182,Customer_11182,customer11182@example.com,9372193430,Jaipur,Haryana,484096,Consumer,2024-11-10
11183,Customer_11183,customer11183@example.com,9310118281,Kolkata,Maharashtra,484096,Consumer,2024-09-23
11184,Customer_11184,customer11184@example.com,9966425729,Lucknow,Tamil Nadu,484096,Home Office,2025-02-02
11185,Customer_11185,customer11185@example.com,9410757388,Chennai,Punjab,484096,Consumer,2023-08-01
11186,Customer_11186,customer11186@example.com,9892728743,Chennai,Punjab,484096,Corporate,2026-01-06
11187,Customer_11187,customer11187@example.com,9357158785,Chennai,Rajasthan,484096,Consumer,2022-02-18
11188,Customer_11188,customer11188@example.com,9477390675,Hyderabad,Delhi,484096,Consumer,2023-06-12
11189,Customer_11189,customer11189@example.com,9119931456,Mumbai,Maharashtra,484096,Consumer,2022-05-25
11190,Customer_11190,customer11190@example.com,9696247870,Jaipur,Delhi,484096,Corporate,2025-09-25
11191,Customer_11191,customer11191@example.com,9879548260,Kochi,Gujarat,484096,Consumer,2024-02-01
11192,Customer_11192,customer11192@example.com,9111643208,Chennai,Punjab,484096,Consumer,2025-10-09
11193,Customer_11193,customer11193@example.com,9143928336,Gurugram,Haryana,484096,Consumer,2025-01-03
11194,Customer_11194,customer11194@example.com,9601205768,Ludhiana,Tamil Nadu,484096,Corporate,2024-07-17
11195,Customer_11195,customer11195@example.com,9510765258,Kolkata,Telangana,484096,Home Office,2024-03-04
11196,Customer_11196,customer11196@example.com,9555704101,Delhi,Kerala,484096,Consumer,2026-05-21
11197,Customer_11197,customer11197@example.com,9795101430,Kochi,Punjab,484096,Home Office,2026-07-19
11198,Customer_11198,customer11198@example.com,9290221730,Gurugram,Haryana,484096,Consumer,2022-11-15
11199,Customer_11199,customer11199@example.com,9524635997,Jaipur,Kerala,484096,Consumer,2025-01-15
11200,Customer_11200,customer11200@example.com,9558269790,Hyderabad,Kerala,484096,Consumer,2026-04-26
11201,Customer_11201,customer11201@example.com,9871071792,Jaipur,Karnataka,484096,Consumer,2023-11-29
11202,Customer_11202,customer11202@example.com,9532621124,Delhi,Uttar Pradesh,484096,Corporate,2024-04-26
11203,Customer_11203,customer11203@example.com,9446257725,Kolkata,Tamil Nadu,484096,Corporate,2024-02-22
11204,Customer_11204,customer11204@example.com,9780830897,Delhi,Maharashtra,484096,Consumer,2022-02-11
11205,Customer_11205,customer11205@example.com,9633852493,Bengaluru,Haryana,484096,Consumer,2025-01-21
11206,Customer_11206,customer11206@example.com,9885713012,Kolkata,Punjab,484096,Corporate,2026-03-11
11207,Customer_11207,customer11207@example.com,9908916104,Jaipur,Punjab,484096,Home Office,2023-06-13
11208,Customer_11208,customer11208@example.com,9980476065,Chennai,Punjab,484096,Consumer,2025-07-12
11209,Customer_11209,customer11209@example.com,9878390091,Jaipur,West Bengal,484096,Home Office,2026-07-08
11210,Customer_11210,customer11210@example.com,9655032546,Jaipur,Uttar Pradesh,484096,Consumer,2022-10-19
11211,Customer_11211,customer11211@example.com,9385599266,Kolkata,Uttar Pradesh,484096,Consumer,2024-08-26
11212,Customer_11212,customer11212@example.com,9857844480,Ludhiana,West Bengal,484096,Corporate,2026-01-27
11213,Customer_11213,customer11213@example.com,9419859605,Bengaluru,Kerala,484096,Consumer,2026-05-03
11214,Customer_11214,customer11214@example.com,9306564923,Kochi,Kerala,484096,Consumer,2022-04-07
11215,Customer_11215,customer11215@example.com,9494401599,Jaipur,Punjab,484096,Consumer,2025-01-23
11216,Customer_11216,customer11216@example.com,9235353692,Gurugram,Rajasthan,484096,Corporate,2025-09-11
11217,Customer_11217,customer11217@example.com,9700317767,Lucknow,Rajasthan,484096,Corporate,2022-03-15
11218,Customer_11218,customer11218@example.com,9434753546,Ahmedabad,West Bengal,484096,Consumer,2025-09-21
11219,Customer_11219,customer11219@example.com,9294421608,Ahmedabad,Karnataka,484096,Consumer,2024-12-27
11220,Customer_11220,customer11220@example.com,9102155748,Jaipur,Gujarat,484096,Consumer,2024-01-28
11221,Customer_11221,customer11221@example.com,9965982733,Gurugram,West Bengal,484096,Consumer,2025-01-05
11222,Customer_11222,customer11222@example.com,9312760379,Ludhiana,Gujarat,484096,Consumer,2022-07-27
11223,Customer_11223,customer11223@example.com,9802896925,Chennai,Haryana,484096,Corporate,2025-05-29
11224,Customer_11224,customer11224@example.com,9422692386,Hyderabad,Karnataka,484096,Consumer,2025-07-09
11225,Customer_11225,customer11225@example.com,9805516244,Hyderabad,Kerala,484096,Consumer,2023-02-14
11226,Customer_11226,customer11226@example.com,9900603300,Kolkata,Tamil Nadu,484096,Consumer,2022-11-27
11227,Customer_11227,customer11227@example.com,9377346308,Ahmedabad,Kerala,484096,Consumer,2022-12-10
11228,Customer_11228,customer11228@example.com,9809516666,Jaipur,Gujarat,484096,Home Office,2024-09-15
11229,Customer_11229,customer11229@example.com,9674488653,Hyderabad,Uttar Pradesh,484096,Consumer,2024-02-10
11230,Customer_11230,customer11230@example.com,9199065241,Jaipur,Haryana,484096,Consumer,2022-03-15
11231,Customer_11231,customer11231@example.com,9778029885,Kolkata,Uttar Pradesh,484096,Consumer,2026-07-19
11232,Customer_11232,customer11232@example.com,9567423363,Ahmedabad,Karnataka,484096,Consumer,2022-09-11
11233,Customer_11233,customer11233@example.com,9384312152,Delhi,Kerala,484096,Consumer,2024-08-16
11234,Customer_11234,customer11234@example.com,9646322156,Ludhiana,Gujarat,484096,Consumer,2024-03-30
11235,Customer_11235,customer11235@example.com,9479274281,Lucknow,Delhi,484096,Consumer,2024-09-12
11236,Customer_11236,customer11236@example.com,9711797080,Lucknow,Karnataka,484096,Consumer,2022-11-28
11237,Customer_11237,customer11237@example.com,9885901969,Hyderabad,Karnataka,484096,Consumer,2025-11-22
11238,Customer_11238,customer11238@example.com,9386042407,Lucknow,Delhi,484096,Consumer,2025-09-30
11239,Customer_11239,customer11239@example.com,9967362631,Ludhiana,Haryana,484096,Home Office,2026-05-27
11240,Customer_11240,customer11240@example.com,9912328230,Delhi,Gujarat,484096,Consumer,2024-01-17
11241,Customer_11241,customer11241@example.com,9645222157,Ludhiana,Gujarat,484096,Consumer,2024-04-15
11242,Customer_11242,customer11242@example.com,9742816799,Jaipur,Punjab,484096,Consumer,2026-08-19
11243,Customer_11243,customer11243@example.com,9633012092,Kolkata,Uttar Pradesh,484096,Consumer,2023-03-31
11244,Customer_11244,customer11244@example.com,9320666277,Kochi,Karnataka,484096,Corporate,2025-02-12
11245,Customer_11245,customer11245@example.com,9270858336,Delhi,Karnataka,484096,Consumer,2022-11-09
11246,Customer_11246,customer11246@example.com,9910652222,Kochi,Telangana,484096,Corporate,2024-10-14
11247,Customer_11247,customer11247@example.com,9111683982,Kolkata,Tamil Nadu,484096,Consumer,2022-08-16
11248,Customer_11248,customer11248@example.com,9432800992,Kolkata,Karnataka,484096,Consumer,2024-04-13
11249,Customer_11249,,9552528272,Ahmedabad,Maharashtra,484096,Corporate,2024-05-07
11250,Customer_11250,customer11250@example.com,9742417888,Kochi,Tamil Nadu,484096,Consumer,2025-06-22
11251,Customer_11251,customer11251@example.com,9707661038,Jaipur,Maharashtra,484096,Consumer,2024-03-28
11252,Customer_11252,customer11252@example.com,9675058422,Gurugram,Gujarat,484096,Consumer,2026-03-30
11253,Customer_11253,customer11253@example.com,9236826817,Lucknow,Tamil Nadu,484096,Corporate,2024-10-14
11254,Customer_11254,customer11254@example.com,9287058125,Kochi,Karnataka,484096,Consumer,2023-06-12
11255,Customer_11255,customer11255@example.com,9386126900,Gurugram,Delhi,484096,Home Office,2024-08-07
11256,Customer_11256,customer11256@example.com,9772042599,Ahmedabad,Uttar Pradesh,484096,Consumer,2023-03-03
11257,Customer_11257,customer11257@example.com,9633598130,Kolkata,Maharashtra,484096,Home Office,2022-02-11
11258,Customer_11258,customer11258@example.com,9284036390,Hyderabad,Punjab,484096,Consumer,2023-04-10
11259,Customer_11259,customer11259@example.com,9602073266,Ludhiana,Tamil Nadu,484096,Corporate,2026-07-04
11260,Customer_11260,customer11260@example.com,9879657413,Lucknow,Karnataka,484096,Consumer,2022-10-05
11261,Customer_11261,customer11261@example.com,9915322757,Lucknow,Tamil Nadu,484096,Home Office,2024-04-15
11262,Customer_11262,customer11262@example.com,9455691074,Jaipur,Karnataka,484096,Consumer,2022-01-19
11263,Customer_11263,customer11263@example.com,9648501894,Bengaluru,Karnataka,484096,Consumer,2022-03-07
11264,Customer_11264,customer11264@example.com,9464666823,Mumbai,Karnataka,484096,Consumer,2022-06-16
11265,Customer_11265,customer11265@example.com,9932010793,Mumbai,Telangana,484096,Consumer,2026-05-28
11266,Customer_11266,customer11266@example.com,9698169023,Mumbai,Uttar Pradesh,484096,Consumer,2024-10-16
11267,Customer_11267,customer11267@example.com,9816103155,Bengaluru,Delhi,484096,Home Office,2023-02-07
11268,Customer_11268,customer11268@example.com,9289086734,Jaipur,Delhi,484096,Home Office,2023-02-13
11269,Customer_11269,customer11269@example.com,9652457838,Bengaluru,Tamil Nadu,484096,Consumer,2022-04-22
11270,Customer_11270,customer11270@example.com,9615708572,Mumbai,Tamil Nadu,484096,Home Office,2025-07-21
11271,Customer_11271,customer11271@example.com,9243714291,Ahmedabad,Karnataka,484096,Consumer,2025-12-01
11272,Customer_11272,customer11272@example.com,9718013926,Delhi,Telangana,484096,Consumer,2025-10-28
11273,Customer_11273,customer11273@example.com,9414180506,Kochi,Karnataka,484096,Corporate,2023-08-20
11274,Customer_11274,customer11274@example.com,9265773731,Kolkata,Telangana,484096,Corporate,2023-10-13
11275,Customer_11275,customer11275@example.com,9751438629,Bengaluru,Karnataka,484096,Home Office,2024-11-28
11276,Customer_11276,customer11276@example.com,9110321336,Jaipur,Maharashtra,484096,Consumer,2022-04-15
11277,Customer_11277,customer11277@example.com,9365094240,Jaipur,Maharashtra,484096,Corporate,2022-11-20
11278,Customer_11278,customer11278@example.com,9988974332,Kochi,Gujarat,484096,Consumer,2024-09-18
11279,Customer_11279,customer11279@example.com,9222715546,Gurugram,Karnataka,484096,Consumer,2025-12-08
11280,Customer_11280,customer11280@example.com,9714730016,Delhi,Uttar Pradesh,484096,Consumer,2023-03-05
11281,Customer_11281,customer11281@example.com,9244020733,Hyderabad,Punjab,484096,Home Office,2023-09-27
11282,Customer_11282,customer11282@example.com,9978512323,Lucknow,Gujarat,484096,Corporate,2023-12-31
11283,Customer_11283,customer11283@example.com,9400173909,Mumbai,Tamil Nadu,484096,Corporate,2024-06-07
11284,Customer_11284,customer11284@example.com,9153509641,Hyderabad,Haryana,484096,Consumer,2024-12-20
11285,Customer_11285,customer11285@example.com,9644454266,Gurugram,Karnataka,484096,Consumer,2026-06-24
11286,Customer_11286,customer11286@example.com,9119908425,Mumbai,Kerala,484096,Consumer,2025-08-23
11287,Customer_11287,customer11287@example.com,9495488096,Delhi,Maharashtra,484096,Consumer,2025-10-09
11288,Customer_11288,customer11288@example.com,9542020981,Ludhiana,Haryana,484096,Consumer,2023-01-28
11289,Customer_11289,customer11289@example.com,9406047781,Gurugram,Telangana,484096,Corporate,2022-07-23
11290,Customer_11290,customer11290@example.com,9256686220,Mumbai,Haryana,484096,Consumer,2022-09-15
11291,Customer_11291,customer11291@example.com,9575159710,Delhi,Uttar Pradesh,484096,Consumer,2023-05-01
11292,Customer_11292,customer11292@example.com,9653284398,Chennai,Karnataka,484096,Consumer,2026-03-21
11293,Customer_11293,customer11293@example.com,9514259427,Hyderabad,Delhi,484096,Consumer,2023-03-22
11294,Customer_11294,customer11294@example.com,9989059180,Hyderabad,Haryana,484096,Consumer,2025-04-18
11295,Customer_11295,customer11295@example.com,9647559639,Lucknow,Delhi,484096,Home Office,2024-10-20
11296,Customer_11296,customer11296@example.com,9546495667,Kochi,Telangana,484096,Consumer,2022-12-08
11297,Customer_11297,customer11297@example.com,9732594103,Delhi,Gujarat,484096,Corporate,2022-05-13
11298,Customer_11298,customer11298@example.com,9109828366,Bengaluru,Delhi,484096,Consumer,2023-03-19
11299,Customer_11299,customer11299@example.com,9303132060,Chennai,Gujarat,484096,Consumer,2022-09-10
11300,Customer_11300,customer11300@example.com,9271200135,Ludhiana,Maharashtra,484096,Consumer,2022-09-22
11301,Customer_11301,customer11301@example.com,9743890436,Ahmedabad,Punjab,484096,Home Office,2022-04-03
11302,Customer_11302,customer11302@example.com,9782707267,Mumbai,Karnataka,484096,Corporate,2026-08-13
11303,Customer_11303,customer11303@example.com,9193982380,Chennai,Haryana,484096,Consumer,2025-12-05
11304,Customer_11304,customer11304@example.com,9152411802,Delhi,Maharashtra,484096,Consumer,2022-05-18
11305,Customer_11305,customer11305@example.com,9706224478,Kolkata,Maharashtra,484096,Consumer,2025-05-16
11306,Customer_11306,customer11306@example.com,9522808178,Mumbai,Kerala,484096,Consumer,2024-09-28
11307,Customer_11307,customer11307@example.com,9933002226,Jaipur,West Bengal,484096,Home Office,2026-07-19
11308,Customer_11308,customer11308@example.com,9381356195,Hyderabad,Rajasthan,484096,Consumer,2026-05-16
11309,Customer_11309,customer11309@example.com,9283500067,Kochi,Uttar Pradesh,484096,Consumer,2022-11-03
11310,Customer_11310,customer11310@example.com,9107726890,Delhi,Gujarat,484096,Consumer,2022-09-23
11311,Customer_11311,customer11311@example.com,9525327898,Ludhiana,Punjab,484096,Consumer,2023-10-08
11312,Customer_11312,customer11312@example.com,9511011140,Jaipur,West Bengal,484096,Consumer,2022-11-14
11313,Customer_11313,customer11313@example.com,9429848467,Lucknow,Rajasthan,484096,Consumer,2025-02-10
11314,Customer_11314,customer11314@example.com,9879956234,Gurugram,Punjab,484096,Corporate,2024-06-19
11315,Customer_11315,customer11315@example.com,9997969405,,Uttar Pradesh,484096,Corporate,2025-11-02
11316,Customer_11316,customer11316@example.com,9780539977,Ahmedabad,Gujarat,484096,Consumer,2023-03-30
11317,Customer_11317,customer11317@example.com,9497388647,Jaipur,Karnataka,484096,Corporate,2022-07-10
11318,Customer_11318,customer11318@example.com,9458165029,Hyderabad,Uttar Pradesh,484096,Consumer,2026-01-03
11319,Customer_11319,customer11319@example.com,9747901895,Lucknow,Haryana,484096,Consumer,2025-04-25
11320,Customer_11320,customer11320@example.com,9845592854,Kolkata,Maharashtra,484096,Consumer,2024-04-10
11321,Customer_11321,customer11321@example.com,9262906457,Hyderabad,Kerala,484096,Consumer,2025-10-22
11322,Customer_11322,customer11322@example.com,9947325485,Chennai,Rajasthan,484096,Consumer,2025-01-17
11323,Customer_11323,customer11323@example.com,9593707626,Kochi,Rajasthan,484096,Consumer,2022-07-06
11324,Customer_11324,customer11324@example.com,9758639243,Ahmedabad,Punjab,484096,Consumer,2024-03-29
11325,Customer_11325,customer11325@example.com,9795150809,Chennai,Kerala,484096,Home Office,2024-10-17
11326,Customer_11326,customer11326@example.com,9470354316,Ludhiana,Rajasthan,484096,Consumer,2022-05-12
11327,Customer_11327,customer11327@example.com,9697499495,Mumbai,Kerala,484096,Consumer,2024-05-21
11328,Customer_11328,customer11328@example.com,9125291709,Bengaluru,Gujarat,484096,Consumer,2023-09-27
11329,Customer_11329,customer11329@example.com,9532909521,Delhi,Haryana,484096,Consumer,2026-05-03
11330,Customer_11330,customer11330@example.com,9578692312,Lucknow,Uttar Pradesh,484096,Consumer,2025-10-31
11331,Customer_11331,customer11331@example.com,9125836512,Hyderabad,Maharashtra,484096,Corporate,2023-11-22
11332,Customer_11332,customer11332@example.com,9177782638,Ahmedabad,Haryana,484096,Consumer,2023-11-23
11333,Customer_11333,customer11333@example.com,9624518203,Chennai,West Bengal,484096,Consumer,2025-01-27
11334,Customer_11334,customer11334@example.com,9499272618,Gurugram,Karnataka,484096,Consumer,2024-11-23
11335,Customer_11335,customer11335@example.com,9882192075,Kochi,Kerala,484096,Consumer,2023-08-05
11336,Customer_11336,customer11336@example.com,9539000043,Kochi,Delhi,484096,Consumer,2022-06-20
11337,Customer_11337,customer11337@example.com,9379744867,Mumbai,Haryana,484096,Consumer,2025-10-21
11338,Customer_11338,customer11338@example.com,9824777967,Delhi,Punjab,484096,Consumer,2024-02-23
11339,Customer_11339,customer11339@example.com,9944608835,Delhi,West Bengal,484096,Consumer,2024-12-18
11340,Customer_11340,customer11340@example.com,9272162180,Kochi,Maharashtra,484096,Consumer,2022-06-30
11341,Customer_11341,customer11341@example.com,9840879223,Kochi,Punjab,484096,Home Office,2022-01-19
11342,Customer_11342,customer11342@example.com,9198881316,Hyderabad,Punjab,484096,Consumer,2025-06-03
11343,Customer_11343,customer11343@example.com,9990083143,Lucknow,Delhi,484096,Corporate,2026-02-05
11344,Customer_11344,customer11344@example.com,9750117246,Kolkata,Kerala,484096,Corporate,2025-01-23
11345,Customer_11345,customer11345@example.com,9755150185,Ludhiana,Delhi,484096,Consumer,2024-05-30
11346,Customer_11346,customer11346@example.com,9191253744,Gurugram,Haryana,484096,Consumer,2025-08-13
11347,Customer_11347,customer11347@example.com,9427656027,Ludhiana,Punjab,484096,Consumer,2026-06-05
11348,Customer_11348,customer11348@example.com,9634445854,Hyderabad,Rajasthan,484096,Corporate,2022-06-24
11349,Customer_11349,customer11349@example.com,9558337657,Chennai,Tamil Nadu,484096,Consumer,2025-05-30
11350,Customer_11350,customer11350@example.com,9396015752,Bengaluru,Maharashtra,484096,Corporate,2026-06-27
11351,Customer_11351,customer11351@example.com,9847885557,Kochi,Rajasthan,484096,Home Office,2022-02-23
11352,Customer_11352,customer11352@example.com,9432091442,Jaipur,Maharashtra,484096,Corporate,2023-11-26
11353,Customer_11353,customer11353@example.com,9547737293,Kolkata,Kerala,484096,Consumer,2024-05-12
11354,Customer_11354,customer11354@example.com,9891850279,Lucknow,Tamil Nadu,484096,Consumer,2025-11-27
11355,Customer_11355,customer11355@example.com,9488435240,Mumbai,Karnataka,484096,Corporate,2025-09-03
11356,Customer_11356,customer11356@example.com,9854061013,Kolkata,Tamil Nadu,484096,Consumer,2022-12-15
11357,Customer_11357,customer11357@example.com,9790141962,Kochi,Kerala,484096,Consumer,2023-03-19
11358,Customer_11358,customer11358@example.com,9962598550,Ahmedabad,Telangana,484096,Corporate,2024-04-12
11359,Customer_11359,customer11359@example.com,9627468288,Lucknow,Haryana,484096,Consumer,2023-08-03
11360,Customer_11360,customer11360@example.com,9586353709,Bengaluru,Kerala,484096,Home Office,2026-04-13
11361,Customer_11361,customer11361@example.com,9810905177,Ahmedabad,Haryana,484096,Corporate,2022-10-09
11362,Customer_11362,customer11362@example.com,9481814381,Kolkata,West Bengal,484096,Consumer,2022-12-26
11363,Customer_11363,customer11363@example.com,9900242083,Jaipur,Rajasthan,484096,Home Office,2024-07-03
11364,Customer_11364,customer11364@example.com,9635422133,Jaipur,West Bengal,484096,Consumer,2024-04-02
11365,Customer_11365,customer11365@example.com,9475770070,Bengaluru,Telangana,484096,Consumer,2026-07-13
11366,Customer_11366,customer11366@example.com,9833760312,Delhi,Tamil Nadu,484096,Consumer,2024-06-10
11367,Customer_11367,customer11367@example.com,9452816128,Gurugram,Haryana,484096,Consumer,2024-08-10
11368,Customer_11368,customer11368@example.com,9614950974,Kochi,Gujarat,484096,Consumer,2026-07-28
11369,Customer_11369,customer11369@example.com,9363901109,Mumbai,Tamil Nadu,484096,Consumer,2023-10-03
11370,Customer_11370,customer11370@example.com,9180908854,Kochi,Tamil Nadu,484096,Consumer,2024-10-28
11371,Customer_11371,customer11371@example.com,9492024999,Delhi,Telangana,484096,Consumer,2023-07-17
11372,Customer_11372,customer11372@example.com,9563402894,Ludhiana,Karnataka,484096,Corporate,2023-05-06
11373,Customer_11373,customer11373@example.com,9739961748,Ludhiana,Maharashtra,484096,Corporate,2022-12-07
11374,Customer_11374,customer11374@example.com,9655363758,Ludhiana,Punjab,484096,Consumer,2023-04-17
11375,Customer_11375,customer11375@example.com,9335199432,Jaipur,Punjab,484096,Consumer,2022-09-06
11376,Customer_11376,customer11376@example.com,9465919368,Jaipur,Telangana,484096,Consumer,2022-08-23
11377,Customer_11377,customer11377@example.com,9982958537,Chennai,Maharashtra,484096,Consumer,2025-01-11
11378,Customer_11378,customer11378@example.com,9327003827,Ahmedabad,Haryana,484096,Corporate,2025-01-21
11379,Customer_11379,customer11379@example.com,9262306360,Kolkata,Telangana,484096,Corporate,2025-11-18
11380,Customer_11380,customer11380@example.com,9119894388,Mumbai,Maharashtra,484096,Consumer,2024-04-03
11381,Customer_11381,customer11381@example.com,9545480601,Bengaluru,Kerala,484096,Consumer,2025-07-15
11382,Customer_11382,customer11382@example.com,9458626216,Kolkata,West Bengal,484096,Consumer,2025-12-11
11383,Customer_11383,customer11383@example.com,9590774306,Kochi,Telangana,484096,Consumer,2023-09-24
11384,Customer_11384,customer11384@example.com,9736379710,Chennai,Kerala,484096,Consumer,2026-05-26
11385,Customer_11385,customer11385@example.com,9806541811,Jaipur,Haryana,484096,Home Office,2023-06-13
11386,Customer_11386,customer11386@example.com,9260612888,Bengaluru,Telangana,484096,Corporate,2025-06-30
11387,Customer_11387,customer11387@example.com,9587556697,Jaipur,Haryana,484096,Consumer,2022-05-02
11388,Customer_11388,customer11388@example.com,9829524298,Mumbai,Telangana,484096,Consumer,2024-06-10
11389,Customer_11389,customer11389@example.com,9842858533,Ahmedabad,Maharashtra,484096,Home Office,2022-01-10
11390,Customer_11390,customer11390@example.com,9513802881,Kolkata,Karnataka,484096,Consumer,2025-09-01
11391,Customer_11391,customer11391@example.com,9516410833,Kolkata,Uttar Pradesh,484096,Consumer,2024-04-17
11392,Customer_11392,customer11392@example.com,9823507546,Ludhiana,Kerala,484096,Consumer,2025-07-20
11393,Customer_11393,customer11393@example.com,9968519440,Delhi,Maharashtra,484096,Corporate,2025-08-22
11394,Customer_11394,customer11394@example.com,9473955199,Ludhiana,Rajasthan,484096,Consumer,2025-05-18
11395,Customer_11395,customer11395@example.com,9241075386,Bengaluru,Delhi,484096,Corporate,2024-01-23
11396,Customer_11396,customer11396@example.com,9969471083,Gurugram,Kerala,484096,Home Office,2024-06-04
11397,Customer_11397,customer11397@example.com,9799003642,Ludhiana,Karnataka,484096,Home Office,2023-04-09
11398,Customer_11398,customer11398@example.com,9704976306,Chennai,West Bengal,484096,Home Office,2023-12-13
11399,Customer_11399,customer11399@example.com,9857576343,Ludhiana,Tamil Nadu,484096,Consumer,2023-12-29
11400,Customer_11400,customer11400@example.com,9433426712,Ludhiana,Punjab,484096,Consumer,2023-12-18
11401,Customer_11401,customer11401@example.com,9810874291,Gurugram,Maharashtra,484096,Corporate,2025-12-10
11402,Customer_11402,customer11402@example.com,9825529285,Delhi,Telangana,484096,Corporate,2025-05-24
11403,Customer_11403,customer11403@example.com,9245509876,Mumbai,Maharashtra,484096,Consumer,2022-03-21
11404,Customer_11404,customer11404@example.com,9808007767,Chennai,Kerala,484096,Consumer,2023-04-25
11405,Customer_11405,customer11405@example.com,9364025248,Ludhiana,Gujarat,484096,Corporate,2024-06-20
11406,Customer_11406,customer11406@example.com,9582728112,Ahmedabad,Kerala,484096,Corporate,2024-06-09
11407,Customer_11407,customer11407@example.com,9230978076,Gurugram,Karnataka,484096,Consumer,2026-04-20
11408,Customer_11408,customer11408@example.com,9446124350,Ahmedabad,Uttar Pradesh,484096,Consumer,2022-01-18
11409,Customer_11409,customer11409@example.com,9218485994,Gurugram,West Bengal,484096,Consumer,2025-04-03
11410,Customer_11410,customer11410@example.com,9668070805,Ahmedabad,Gujarat,484096,Consumer,2026-03-29
11411,Customer_11411,customer11411@example.com,9156240283,Gurugram,Haryana,484096,Consumer,2022-07-21
11412,Customer_11412,customer11412@example.com,9802387668,Kochi,Gujarat,484096,Consumer,2024-01-11
11413,Customer_11413,customer11413@example.com,9165170480,Ahmedabad,Maharashtra,484096,Consumer,2025-10-01
11414,Customer_11414,customer11414@example.com,9864658630,Delhi,West Bengal,484096,Consumer,2025-10-21
11415,Customer_11415,customer11415@example.com,9997600872,Lucknow,Maharashtra,484096,Corporate,2026-01-11
11416,Customer_11416,customer11416@example.com,9738501552,Chennai,Haryana,484096,Corporate,2026-03-17
11417,Customer_11417,customer11417@example.com,9346124691,Bengaluru,Kerala,484096,Consumer,2022-11-15
11418,Customer_11418,customer11418@example.com,9807055221,Mumbai,Tamil Nadu,484096,Consumer,2022-08-05
11419,Customer_11419,customer11419@example.com,9575160917,Kochi,West Bengal,484096,Home Office,2024-11-23
11420,Customer_11420,customer11420@example.com,9466574043,Hyderabad,Tamil Nadu,484096,Consumer,2022-09-23
11421,Customer_11421,customer11421@example.com,9250623294,Jaipur,Karnataka,484096,Home Office,2026-07-22
11422,Customer_11422,customer11422@example.com,9892261991,Ludhiana,Karnataka,484096,Corporate,2023-12-25
11423,Customer_11423,customer11423@example.com,9109427504,Bengaluru,Tamil Nadu,484096,Consumer,2024-02-14
11424,Customer_11424,customer11424@example.com,9313012806,Jaipur,Karnataka,484096,Home Office,2025-01-08
11425,Customer_11425,customer11425@example.com,9509675520,Chennai,West Bengal,484096,Consumer,2023-02-17
11426,Customer_11426,customer11426@example.com,9357427167,Bengaluru,Telangana,484096,Consumer,2025-06-29
11427,Customer_11427,customer11427@example.com,9388091276,Ahmedabad,Rajasthan,484096,Consumer,2024-11-01
11428,Customer_11428,customer11428@example.com,9732726493,Ahmedabad,Karnataka,484096,Consumer,2023-02-05
11429,Customer_11429,customer11429@example.com,9859302578,Hyderabad,Karnataka,484096,Home Office,2023-12-25
11430,Customer_11430,customer11430@example.com,9313812151,Jaipur,Maharashtra,484096,Consumer,2022-10-09
11431,Customer_11431,customer11431@example.com,9735888338,Mumbai,Tamil Nadu,484096,Consumer,2025-02-09
11432,Customer_11432,customer11432@example.com,9526863933,Chennai,Delhi,484096,Consumer,2023-12-24
11433,Customer_11433,customer11433@example.com,9981068063,Ahmedabad,Uttar Pradesh,484096,Corporate,2025-11-02
11434,Customer_11434,customer11434@example.com,9918997532,Ludhiana,Punjab,484096,Consumer,2024-01-21
11435,Customer_11435,customer11435@example.com,9636767792,Lucknow,Punjab,484096,Consumer,2022-09-25
11436,Customer_11436,customer11436@example.com,9256979628,Delhi,Gujarat,484096,Corporate,2022-10-25
11437,Customer_11437,customer11437@example.com,9648578780,Delhi,Karnataka,484096,Consumer,2025-09-02
11438,Customer_11438,customer11438@example.com,9471793039,Gurugram,Gujarat,484096,Corporate,2023-07-24
11439,Customer_11439,customer11439@example.com,9378490535,Mumbai,West Bengal,484096,Consumer,2023-05-24
11440,Customer_11440,customer11440@example.com,9475610386,Delhi,Delhi,484096,Corporate,2023-06-30
11441,Customer_11441,customer11441@example.com,9382216465,Gurugram,Uttar Pradesh,484096,Corporate,2024-02-14
11442,Customer_11442,customer11442@example.com,9289170432,Jaipur,Tamil Nadu,484096,Consumer,2022-12-31
11443,Customer_11443,customer11443@example.com,9209640269,Ahmedabad,Kerala,484096,Consumer,2023-07-01
11444,Customer_11444,customer11444@example.com,9973118894,Kochi,Rajasthan,484096,Home Office,2022-09-28
11445,Customer_11445,customer11445@example.com,9218746097,Ahmedabad,Uttar Pradesh,484096,Consumer,2026-02-06
11446,Customer_11446,customer11446@example.com,9204755393,Kochi,Uttar Pradesh,484096,Home Office,2024-01-09
11447,Customer_11447,customer11447@example.com,9247986933,Ludhiana,Kerala,484096,Consumer,2023-06-21
11448,Customer_11448,customer11448@example.com,9919319771,Lucknow,Rajasthan,484096,Consumer,2025-06-11
11449,Customer_11449,customer11449@example.com,9747522417,Bengaluru,Telangana,484096,Consumer,2022-02-28
11450,Customer_11450,customer11450@example.com,9356153253,Delhi,Tamil Nadu,484096,Home Office,2025-06-28
11451,Customer_11451,customer11451@example.com,9165954738,Jaipur,Kerala,484096,Consumer,2022-03-27
11452,Customer_11452,customer11452@example.com,9766751806,Kochi,Maharashtra,484096,Home Office,2024-02-02
11453,Customer_11453,customer11453@example.com,9542302083,Kolkata,Gujarat,484096,Home Office,2023-01-25
11454,Customer_11454,customer11454@example.com,9881375360,Delhi,Punjab,484096,Consumer,2025-04-18
11455,Customer_11455,customer11455@example.com,9462335495,Mumbai,Karnataka,484096,Consumer,2023-12-20
11456,Customer_11456,customer11456@example.com,9580115612,Ludhiana,Uttar Pradesh,484096,Corporate,2024-05-05
11457,Customer_11457,customer11457@example.com,9424284470,Bengaluru,West Bengal,484096,Consumer,2022-05-29
11458,Customer_11458,customer11458@example.com,9942309478,Delhi,Punjab,484096,Corporate,2023-08-06
11459,Customer_11459,customer11459@example.com,9113942402,Jaipur,Punjab,484096,Consumer,2022-05-01
11460,Customer_11460,customer11460@example.com,9629609503,Delhi,Rajasthan,484096,Consumer,2024-02-04
11461,Customer_11461,customer11461@example.com,9195785737,Kochi,Gujarat,484096,Corporate,2023-08-28
11462,Customer_11462,customer11462@example.com,9189097673,Mumbai,Delhi,484096,Consumer,2022-09-13
11463,Customer_11463,customer11463@example.com,9733208786,Kolkata,Rajasthan,484096,Consumer,2024-02-05
11464,Customer_11464,customer11464@example.com,9718473325,Chennai,Kerala,484096,Consumer,2024-05-13
11465,Customer_11465,customer11465@example.com,9214153633,Hyderabad,Delhi,484096,Consumer,2024-03-10
11466,Customer_11466,customer11466@example.com,9781758075,Kolkata,Tamil Nadu,484096,Consumer,2025-08-25
11467,Customer_11467,customer11467@example.com,9317968608,Gurugram,Uttar Pradesh,484096,Corporate,2022-02-28
11468,Customer_11468,customer11468@example.com,9209033558,Delhi,West Bengal,484096,Consumer,2024-10-18
11469,Customer_11469,customer11469@example.com,9770670299,Ahmedabad,Punjab,484096,Consumer,2024-12-28
11470,Customer_11470,customer11470@example.com,9485640223,Lucknow,Karnataka,484096,Corporate,2026-01-09
11471,Customer_11471,customer11471@example.com,9602484358,Ahmedabad,Delhi,484096,Consumer,2023-01-23
11472,Customer_11472,customer11472@example.com,9782573148,Kolkata,Gujarat,484096,Consumer,2025-01-14
11473,Customer_11473,customer11473@example.com,9778538247,Kochi,Telangana,484096,Home Office,2024-02-25
11474,Customer_11474,customer11474@example.com,9216376384,Ahmedabad,Tamil Nadu,484096,Corporate,2025-06-04
11475,Customer_11475,customer11475@example.com,9322146872,Jaipur,Telangana,484096,Consumer,2023-08-16
11476,Customer_11476,customer11476@example.com,9116701250,Ahmedabad,Tamil Nadu,484096,Consumer,2026-07-08
11477,Customer_11477,customer11477@example.com,9942299350,Bengaluru,Maharashtra,484096,Consumer,2025-04-22
11478,Customer_11478,customer11478@example.com,9838273722,Chennai,Gujarat,484096,Consumer,2025-09-07
11479,Customer_11479,customer11479@example.com,9123656190,Delhi,Kerala,484096,Consumer,2024-06-27
11480,Customer_11480,customer11480@example.com,9184656124,Ludhiana,Punjab,484096,Consumer,2025-09-03
11481,Customer_11481,customer11481@example.com,9508232263,Ahmedabad,Telangana,484096,Consumer,2023-07-20
11482,Customer_11482,customer11482@example.com,9547142965,Mumbai,West Bengal,484096,Consumer,2023-02-03
11483,Customer_11483,customer11483@example.com,9483417080,Ludhiana,Uttar Pradesh,484096,Consumer,2024-06-17
11484,Customer_11484,customer11484@example.com,9314387950,Chennai,Rajasthan,484096,Home Office,2025-08-09
11485,Customer_11485,customer11485@example.com,9398257636,Kochi,Karnataka,484096,Consumer,2022-10-20
11486,Customer_11486,,9866843458,Chennai,Kerala,484096,Consumer,2023-04-30
11487,Customer_11487,customer11487@example.com,9690388274,Ahmedabad,Uttar Pradesh,484096,Consumer,2026-01-10
11488,Customer_11488,customer11488@example.com,9756039520,Chennai,Punjab,484096,Consumer,2024-03-13
11489,Customer_11489,customer11489@example.com,9343617371,Ludhiana,Uttar Pradesh,484096,Corporate,2025-12-06
11490,Customer_11490,customer11490@example.com,9527097505,Lucknow,Tamil Nadu,484096,Consumer,2026-03-12
11491,Customer_11491,customer11491@example.com,9337575970,Kochi,West Bengal,484096,Consumer,2024-06-08
11492,Customer_11492,customer11492@example.com,9543229471,Ahmedabad,Punjab,484096,Consumer,2022-09-01
11493,Customer_11493,customer11493@example.com,9553962871,Jaipur,Tamil Nadu,484096,Corporate,2025-12-14
11494,Customer_11494,customer11494@example.com,9344169517,Kolkata,Haryana,484096,Consumer,2024-08-17
11495,Customer_11495,customer11495@example.com,9444541674,Bengaluru,Delhi,484096,Consumer,2025-03-23
11496,Customer_11496,customer11496@example.com,9732148419,Hyderabad,Karnataka,484096,Consumer,2024-03-26
11497,Customer_11497,customer11497@example.com,9934983411,Gurugram,Delhi,484096,Consumer,2025-12-18
11498,Customer_11498,customer11498@example.com,9821920164,Kochi,Rajasthan,484096,Consumer,2022-09-30
11499,Customer_11499,customer11499@example.com,9705941941,Chennai,Haryana,484096,Consumer,2026-07-29
11500,Customer_11500,customer11500@example.com,9980400852,Jaipur,Gujarat,484096,Corporate,2023-06-04
11501,Customer_11501,customer11501@example.com,9771699853,Delhi,Rajasthan,484096,Corporate,2025-02-25
11502,Customer_11502,customer11502@example.com,9285318110,Delhi,Rajasthan,484096,Consumer,2025-10-28
11503,Customer_11503,customer11503@example.com,9417784886,Gurugram,Maharashtra,484096,Consumer,2023-07-22
11504,Customer_11504,customer11504@example.com,9728507567,Kochi,Karnataka,484096,Consumer,2023-09-30
11505,Customer_11505,customer11505@example.com,9473340113,Kochi,Tamil Nadu,484096,Home Office,2022-06-08
11506,Customer_11506,customer11506@example.com,9155842822,Bengaluru,West Bengal,484096,Consumer,2026-05-14
11507,Customer_11507,customer11507@example.com,9672264777,Chennai,Delhi,484096,Corporate,2026-05-13
11508,Customer_11508,customer11508@example.com,9467256326,Lucknow,Rajasthan,484096,Consumer,2023-10-14
11509,Customer_11509,customer11509@example.com,9992864662,Gurugram,Delhi,484096,Consumer,2022-06-25
11510,Customer_11510,customer11510@example.com,9521456980,Bengaluru,Kerala,484096,Consumer,2023-09-12
11511,Customer_11511,customer11511@example.com,9213954962,Chennai,Delhi,484096,Consumer,2022-07-30
11512,Customer_11512,customer11512@example.com,9627322735,Ludhiana,Gujarat,484096,Home Office,2023-03-23
11513,Customer_11513,customer11513@example.com,9879259260,Jaipur,Punjab,484096,Home Office,2023-08-09
11514,Customer_11514,customer11514@example.com,9643073170,Kolkata,Kerala,484096,Consumer,2022-06-16
11515,Customer_11515,customer11515@example.com,9456660771,Lucknow,Kerala,484096,Consumer,2023-04-05
11516,Customer_11516,customer11516@example.com,9713860636,Ludhiana,Karnataka,484096,Home Office,2024-07-04
11517,Customer_11517,customer11517@example.com,9836262843,Ludhiana,Karnataka,484096,Corporate,2025-10-12
11518,Customer_11518,customer11518@example.com,9975941969,Hyderabad,Telangana,484096,Consumer,2025-08-20
11519,Customer_11519,customer11519@example.com,9712770305,Delhi,Uttar Pradesh,484096,Consumer,2025-06-10
11520,Customer_11520,customer11520@example.com,9789874816,Mumbai,Karnataka,484096,Consumer,2025-09-12
11521,Customer_11521,customer11521@example.com,9389667886,Jaipur,Delhi,484096,Consumer,2025-04-20
11522,Customer_11522,customer11522@example.com,9635845572,Delhi,Tamil Nadu,484096,Consumer,2026-07-16
11523,Customer_11523,customer11523@example.com,9494352531,Ahmedabad,Delhi,484096,Consumer,2025-09-19
11524,Customer_11524,customer11524@example.com,9468791050,Ludhiana,Tamil Nadu,484096,Consumer,2024-11-18
11525,Customer_11525,customer11525@example.com,9140473321,Mumbai,Punjab,484096,Consumer,2023-12-15
11526,Customer_11526,customer11526@example.com,9422583550,Kochi,Punjab,484096,Consumer,2025-01-21
11527,Customer_11527,customer11527@example.com,9657024641,,Kerala,484096,Corporate,2024-04-20
11528,Customer_11528,customer11528@example.com,9585585602,Bengaluru,Telangana,484096,Corporate,2024-05-17
11529,Customer_11529,customer11529@example.com,9487813846,Lucknow,Tamil Nadu,484096,Consumer,2023-11-19
11530,Customer_11530,customer11530@example.com,9247008630,Delhi,Kerala,484096,Home Office,2022-11-26
11531,Customer_11531,customer11531@example.com,9177582731,Hyderabad,Karnataka,484096,Home Office,2025-04-22
11532,Customer_11532,customer11532@example.com,9446408467,Kolkata,Gujarat,484096,Consumer,2022-04-05
11533,Customer_11533,customer11533@example.com,9633215492,Bengaluru,Tamil Nadu,484096,Consumer,2024-02-24
11534,Customer_11534,customer11534@example.com,9508847140,Jaipur,Punjab,484096,Corporate,2023-10-11
11535,Customer_11535,customer11535@example.com,9784667813,Jaipur,Delhi,484096,Corporate,2022-12-19
11536,Customer_11536,customer11536@example.com,9202368511,Jaipur,West Bengal,484096,Home Office,2024-07-18
11537,Customer_11537,customer11537@example.com,9323540957,Jaipur,Karnataka,484096,Home Office,2024-07-29
11538,Customer_11538,customer11538@example.com,9584291464,Kolkata,West Bengal,484096,Consumer,2024-09-10
11539,Customer_11539,customer11539@example.com,9899407329,Delhi,Haryana,484096,Consumer,2025-07-12
11540,Customer_11540,customer11540@example.com,9577033524,Chennai,Haryana,484096,Consumer,2026-07-29
11541,Customer_11541,customer11541@example.com,9290978987,Delhi,Delhi,484096,Consumer,2026-08-07
11542,Customer_11542,customer11542@example.com,9952350451,Ludhiana,Haryana,484096,Consumer,2024-11-08
11543,Customer_11543,customer11543@example.com,9158436437,Ahmedabad,Uttar Pradesh,484096,Consumer,2023-10-08
11544,Customer_11544,customer11544@example.com,9227812971,Lucknow,Punjab,484096,Consumer,2023-09-18
11545,Customer_11545,customer11545@example.com,9701781527,Mumbai,Kerala,484096,Corporate,2026-03-03
11546,Customer_11546,customer11546@example.com,9590648144,Chennai,Telangana,484096,Consumer,2022-05-19
11547,Customer_11547,customer11547@example.com,9608816073,Chennai,Karnataka,484096,Consumer,2026-07-19
11548,Customer_11548,customer11548@example.com,9382508445,Ludhiana,West Bengal,484096,Consumer,2023-12-17
11549,Customer_11549,customer11549@example.com,9720847085,Delhi,Delhi,484096,Consumer,2026-05-16
11550,Customer_11550,customer11550@example.com,9314126719,Chennai,Uttar Pradesh,484096,Corporate,2024-02-01
11551,Customer_11551,customer11551@example.com,9882144223,Gurugram,Delhi,484096,Corporate,2026-03-29
11552,Customer_11552,customer11552@example.com,9852536272,Gurugram,Kerala,484096,Home Office,2022-09-12
11553,Customer_11553,customer11553@example.com,9196504946,Ahmedabad,Uttar Pradesh,484096,Consumer,2025-01-13
11554,Customer_11554,customer11554@example.com,9153505232,Kochi,Punjab,484096,Consumer,2026-01-21
11555,Customer_11555,customer11555@example.com,9180218637,Mumbai,Haryana,484096,Consumer,2026-04-05
11556,Customer_11556,customer11556@example.com,9278817575,Hyderabad,Haryana,484096,Consumer,2026-05-05
11557,Customer_11557,customer11557@example.com,9954036417,Kolkata,Punjab,484096,Home Office,2023-11-07
11558,Customer_11558,customer11558@example.com,9673284588,Delhi,Punjab,484096,Corporate,2022-04-02
11559,Customer_11559,customer11559@example.com,9755197464,Kolkata,Tamil Nadu,484096,Home Office,2026-06-12
11560,Customer_11560,customer11560@example.com,9133877350,Hyderabad,Maharashtra,484096,Consumer,2024-12-28
11561,Customer_11561,customer11561@example.com,9698529781,Delhi,Punjab,484096,Home Office,2022-02-06
11562,Customer_11562,customer11562@example.com,9723002901,Delhi,Delhi,484096,Consumer,2022-05-20
11563,Customer_11563,customer11563@example.com,9464772586,Mumbai,Tamil Nadu,484096,Home Office,2024-05-16
11564,Customer_11564,customer11564@example.com,9837462765,Kolkata,Karnataka,484096,Consumer,2023-11-11
11565,Customer_11565,customer11565@example.com,9668122009,Gurugram,Tamil Nadu,484096,Consumer,2026-05-09
11566,Customer_11566,customer11566@example.com,9210338489,Jaipur,Rajasthan,484096,Consumer,2025-04-16
11567,Customer_11567,customer11567@example.com,9746703132,Kolkata,Haryana,484096,Home Office,2026-06-30
11568,Customer_11568,customer11568@example.com,9837356908,Lucknow,Kerala,484096,Consumer,2022-05-17
11569,Customer_11569,customer11569@example.com,9921291617,Lucknow,Rajasthan,484096,Consumer,2022-07-09
11570,Customer_11570,customer11570@example.com,9195809238,Delhi,Delhi,484096,Home Office,2026-07-22
11571,Customer_11571,customer11571@example.com,9886768676,Jaipur,West Bengal,484096,Consumer,2022-12-08
11572,Customer_11572,customer11572@example.com,9178987338,Bengaluru,West Bengal,484096,Consumer,2026-05-02
11573,Customer_11573,customer11573@example.com,9411745349,Hyderabad,Punjab,484096,Consumer,2024-10-25
11574,Customer_11574,customer11574@example.com,9805658001,Ahmedabad,Karnataka,484096,Consumer,2024-08-29
11575,Customer_11575,customer11575@example.com,9227395967,Jaipur,Tamil Nadu,484096,Home Office,2025-07-04
11576,Customer_11576,customer11576@example.com,9605737044,Ahmedabad,West Bengal,484096,Corporate,2023-10-24
11577,Customer_11577,customer11577@example.com,9379406633,Kolkata,Uttar Pradesh,484096,Consumer,2022-08-31
11578,Customer_11578,customer11578@example.com,9428635747,Kolkata,Punjab,484096,Home Office,2023-02-19
11579,Customer_11579,customer11579@example.com,9203316389,Ahmedabad,Uttar Pradesh,484096,Consumer,2026-07-09
11580,Customer_11580,customer11580@example.com,9388516129,Kochi,Karnataka,484096,Consumer,2023-12-08
11581,Customer_11581,customer11581@example.com,9332692752,Hyderabad,Telangana,484096,Consumer,2022-12-09
11582,Customer_11582,,9766785444,Jaipur,Kerala,484096,Consumer,2023-11-13
11583,Customer_11583,customer11583@example.com,9750345624,Bengaluru,Haryana,484096,Consumer,2025-11-03
11584,Customer_11584,customer11584@example.com,9442488441,Delhi,Tamil Nadu,484096,Home Office,2026-06-06
11585,Customer_11585,customer11585@example.com,9986572630,Mumbai,Kerala,484096,Corporate,2026-08-17
11586,Customer_11586,customer11586@example.com,9557752180,Kolkata,Punjab,484096,Consumer,2023-10-15
11587,Customer_11587,customer11587@example.com,9147226729,Lucknow,Delhi,484096,Consumer,2022-05-26
11588,Customer_11588,customer11588@example.com,9701375061,Hyderabad,Gujarat,484096,Corporate,2022-11-19
11589,Customer_11589,customer11589@example.com,9687919316,Mumbai,Gujarat,484096,Home Office,2022-05-02
11590,Customer_11590,customer11590@example.com,9158771482,Bengaluru,Gujarat,484096,Home Office,2025-06-29
11591,Customer_11591,customer11591@example.com,9744325176,Chennai,West Bengal,484096,Consumer,2022-11-07
11592,Customer_11592,customer11592@example.com,9170860062,Ludhiana,Telangana,484096,Corporate,2023-08-24
11593,Customer_11593,customer11593@example.com,9632103813,Delhi,Telangana,484096,Consumer,2023-04-20
11594,Customer_11594,customer11594@example.com,9518386087,Kolkata,Tamil Nadu,484096,Consumer,2023-07-24
11595,Customer_11595,customer11595@example.com,9103138145,Delhi,Tamil Nadu,484096,Consumer,2026-02-24
11596,Customer_11596,customer11596@example.com,9531716619,Kochi,Telangana,484096,Consumer,2023-07-29
11597,Customer_11597,customer11597@example.com,9671651820,Mumbai,Karnataka,484096,Consumer,2022-12-13
11598,Customer_11598,customer11598@example.com,9808827128,Delhi,Tamil Nadu,484096,Consumer,2024-03-30
11599,Customer_11599,customer11599@example.com,9853213894,Ludhiana,Karnataka,484096,Consumer,2026-02-19
11600,Customer_11600,customer11600@example.com,9414796937,Chennai,Punjab,484096,Corporate,2026-02-05
11601,Customer_11601,customer11601@example.com,9806143916,Mumbai,Rajasthan,484096,Consumer,2023-01-17
11602,Customer_11602,customer11602@example.com,9478416528,Kolkata,Uttar Pradesh,484096,Consumer,2025-07-27
11603,Customer_11603,customer11603@example.com,9824863897,Jaipur,Haryana,484096,Consumer,2022-03-13
11604,Customer_11604,customer11604@example.com,9763063508,Lucknow,Punjab,484096,Home Office,2023-06-05
11605,Customer_11605,customer11605@example.com,9671825627,Mumbai,Kerala,484096,Consumer,2025-10-21
11606,Customer_11606,customer11606@example.com,9189813693,Gurugram,Tamil Nadu,484096,Consumer,2024-07-21
11607,Customer_11607,customer11607@example.com,9181250937,Kochi,Telangana,484096,Consumer,2025-01-22
11608,Customer_11608,customer11608@example.com,9838889261,Chennai,Uttar Pradesh,484096,Corporate,2025-10-28
11609,Customer_11609,customer11609@example.com,9301717311,Kochi,Uttar Pradesh,484096,Home Office,2022-12-05
11610,Customer_11610,customer11610@example.com,9546124161,Mumbai,Maharashtra,484096,Consumer,2025-12-31
11611,Customer_11611,customer11611@example.com,9814181627,Mumbai,Kerala,484096,Consumer,2025-09-21
11612,Customer_11612,customer11612@example.com,9996046901,Gurugram,Punjab,484096,Home Office,2023-10-26
11613,Customer_11613,customer11613@example.com,9891867072,Kolkata,Telangana,484096,Consumer,2026-02-24
11614,Customer_11614,customer11614@example.com,9455617586,Kochi,Haryana,484096,Consumer,2022-02-09
11615,Customer_11615,customer11615@example.com,9487994292,Mumbai,Telangana,484096,Consumer,2025-10-14
11616,Customer_11616,customer11616@example.com,9543034915,Lucknow,Tamil Nadu,484096,Consumer,2023-07-28
11617,Customer_11617,customer11617@example.com,9190133874,Delhi,Delhi,484096,Consumer,2025-07-01
11618,Customer_11618,customer11618@example.com,9393130268,Kolkata,Rajasthan,484096,Consumer,2024-08-23
11619,Customer_11619,customer11619@example.com,9698270100,Lucknow,Karnataka,484096,Corporate,2023-08-04
11620,Customer_11620,customer11620@example.com,9474001418,Kolkata,Delhi,484096,Home Office,2025-11-22
11621,Customer_11621,customer11621@example.com,9266188327,Lucknow,Kerala,484096,Consumer,2022-06-19
11622,Customer_11622,customer11622@example.com,9903989514,Ludhiana,Rajasthan,484096,Corporate,2023-12-02
11623,Customer_11623,customer11623@example.com,9553860863,Chennai,Delhi,484096,Consumer,2023-05-26
11624,Customer_11624,customer11624@example.com,9810875811,Lucknow,Karnataka,484096,Consumer,2025-07-07
11625,Customer_11625,customer11625@example.com,9302386214,Ahmedabad,West Bengal,484096,Consumer,2023-08-07
11626,Customer_11626,customer11626@example.com,9574184423,Lucknow,Telangana,484096,Home Office,2024-09-10
11627,Customer_11627,customer11627@example.com,9385205730,Jaipur,Delhi,484096,Corporate,2023-04-04
11628,Customer_11628,customer11628@example.com,9956016181,Jaipur,Tamil Nadu,484096,Corporate,2023-06-13
11629,Customer_11629,customer11629@example.com,9729854262,Hyderabad,Haryana,484096,Corporate,2022-12-07
11630,Customer_11630,customer11630@example.com,9802962286,Ahmedabad,Punjab,484096,Consumer,2022-02-26
11631,Customer_11631,customer11631@example.com,9976546711,Ahmedabad,Gujarat,484096,Home Office,2022-08-06
11632,Customer_11632,customer11632@example.com,9902427637,Delhi,Tamil Nadu,484096,Corporate,2023-09-11
11633,Customer_11633,customer11633@example.com,9679826069,Ahmedabad,Karnataka,484096,Home Office,2024-03-26
11634,Customer_11634,customer11634@example.com,9185518073,Delhi,Haryana,484096,Consumer,2024-01-01
11635,Customer_11635,customer11635@example.com,9233930531,Hyderabad,Tamil Nadu,484096,Consumer,2023-04-09
11636,Customer_11636,,9271123438,,Uttar Pradesh,484096,Consumer,2022-09-04
11637,Customer_11637,customer11637@example.com,9152673683,Chennai,Telangana,484096,Consumer,2023-12-31
11638,Customer_11638,customer11638@example.com,9795844306,Jaipur,Haryana,484096,Consumer,2023-01-08
11639,Customer_11639,customer11639@example.com,9508356578,Lucknow,Uttar Pradesh,484096,Consumer,2023-02-21
11640,Customer_11640,customer11640@example.com,9493116915,Lucknow,Tamil Nadu,484096,Consumer,2024-11-20
11641,Customer_11641,customer11641@example.com,9320872170,Gurugram,Rajasthan,484096,Consumer,2023-01-03
11642,Customer_11642,customer11642@example.com,9514068560,Gurugram,Maharashtra,484096,Consumer,2023-07-13
11643,Customer_11643,customer11643@example.com,9981483258,Bengaluru,Rajasthan,484096,Consumer,2026-07-28
11644,Customer_11644,customer11644@example.com,9515936876,Kolkata,Telangana,484096,Home Office,2022-04-18
11645,Customer_11645,customer11645@example.com,9764311786,Chennai,Haryana,484096,Consumer,2023-08-07
11646,Customer_11646,customer11646@example.com,9461824737,Bengaluru,Haryana,484096,Consumer,2024-04-18
11647,Customer_11647,customer11647@example.com,9629709256,Bengaluru,Telangana,484096,Corporate,2023-02-22
11648,Customer_11648,customer11648@example.com,9189817241,Mumbai,Uttar Pradesh,484096,Consumer,2026-07-02
11649,Customer_11649,customer11649@example.com,9557836020,Mumbai,Maharashtra,484096,Consumer,2024-03-31
11650,Customer_11650,customer11650@example.com,9505375048,Kochi,Tamil Nadu,484096,Consumer,2025-11-22
11651,Customer_11651,customer11651@example.com,9422714312,Bengaluru,Punjab,484096,Consumer,2025-07-19
11652,Customer_11652,customer11652@example.com,9536111655,Ahmedabad,Karnataka,484096,Home Office,2023-11-14
11653,Customer_11653,customer11653@example.com,9799192960,Kolkata,Rajasthan,484096,Consumer,2025-02-13
11654,Customer_11654,customer11654@example.com,9980148540,Chennai,Rajasthan,484096,Consumer,2026-05-29
11655,Customer_11655,customer11655@example.com,9909182122,Bengaluru,Kerala,484096,Consumer,2022-09-13
11656,Customer_11656,customer11656@example.com,9522135399,Ludhiana,Gujarat,484096,Consumer,2025-01-09
11657,Customer_11657,customer11657@example.com,9893827369,Lucknow,Kerala,484096,Corporate,2024-02-19
11658,Customer_11658,customer11658@example.com,9426131490,Kolkata,Maharashtra,484096,Consumer,2025-02-25
11659,Customer_11659,customer11659@example.com,9396792194,Mumbai,Karnataka,484096,Consumer,2024-04-17
11660,Customer_11660,customer11660@example.com,9433999601,Kochi,Rajasthan,484096,Consumer,2024-07-03
11661,Customer_11661,customer11661@example.com,9312239588,Lucknow,Karnataka,484096,Consumer,2022-08-23
11662,Customer_11662,customer11662@example.com,9110047595,Mumbai,Punjab,484096,Consumer,2023-07-07
11663,Customer_11663,customer11663@example.com,9936214955,Mumbai,Tamil Nadu,484096,Corporate,2022-06-30
11664,Customer_11664,customer11664@example.com,9195112669,Kolkata,Haryana,484096,Corporate,2022-06-06
11665,Customer_11665,customer11665@example.com,9122564965,Mumbai,Karnataka,484096,Home Office,2026-01-17
11666,Customer_11666,customer11666@example.com,9487537761,Ludhiana,Rajasthan,484096,Home Office,2023-07-25
11667,Customer_11667,customer11667@example.com,9542784267,Hyderabad,Uttar Pradesh,484096,Corporate,2024-05-06
11668,Customer_11668,customer11668@example.com,9576629266,Kochi,Maharashtra,484096,Consumer,2024-11-13
11669,Customer_11669,customer11669@example.com,9377440100,Jaipur,Telangana,484096,Corporate,2026-02-05
11670,Customer_11670,customer11670@example.com,9493341995,Hyderabad,Delhi,484096,Corporate,2025-11-24
11671,Customer_11671,customer11671@example.com,9346661050,Jaipur,West Bengal,484096,Corporate,2024-08-05
11672,Customer_11672,customer11672@example.com,9818606330,Gurugram,West Bengal,484096,Consumer,2023-08-15
11673,Customer_11673,customer11673@example.com,9687631548,Gurugram,Delhi,484096,Consumer,2022-05-14
11674,Customer_11674,customer11674@example.com,9271856912,Mumbai,Karnataka,484096,Corporate,2023-02-25
11675,Customer_11675,customer11675@example.com,9960012873,Chennai,Maharashtra,484096,Corporate,2022-08-01
11676,Customer_11676,customer11676@example.com,9918449976,Chennai,Karnataka,484096,Home Office,2024-06-18
11677,Customer_11677,customer11677@example.com,9941838390,Jaipur,Punjab,484096,Consumer,2023-04-27
11678,Customer_11678,customer11678@example.com,9191485680,Lucknow,Punjab,484096,Consumer,2022-12-14
11679,Customer_11679,customer11679@example.com,9895139886,Kolkata,Punjab,484096,Consumer,2022-06-15
11680,Customer_11680,customer11680@example.com,9472396043,Mumbai,Telangana,484096,Corporate,2024-07-25
11681,Customer_11681,customer11681@example.com,9279963197,Kolkata,Maharashtra,484096,Consumer,2022-12-14
11682,Customer_11682,customer11682@example.com,9994086735,Hyderabad,Kerala,484096,Consumer,2024-04-28
11683,Customer_11683,customer11683@example.com,9628048343,Chennai,Kerala,484096,Home Office,2023-02-02
11684,Customer_11684,customer11684@example.com,9136045138,Ahmedabad,Delhi,484096,Consumer,2023-08-06
11685,Customer_11685,customer11685@example.com,9696783070,Kochi,Punjab,484096,Corporate,2023-12-27
11686,Customer_11686,customer11686@example.com,9342928276,Hyderabad,Punjab,484096,Consumer,2025-12-29
11687,Customer_11687,customer11687@example.com,9138808656,Kochi,Karnataka,484096,Corporate,2026-05-20
11688,Customer_11688,customer11688@example.com,9781969366,Ludhiana,Gujarat,484096,Consumer,2025-05-29
11689,Customer_11689,customer11689@example.com,9925821557,Hyderabad,Rajasthan,484096,Home Office,2022-11-04
11690,Customer_11690,customer11690@example.com,9689405135,Jaipur,Uttar Pradesh,484096,Home Office,2024-09-17
11691,Customer_11691,customer11691@example.com,9526042053,,Haryana,484096,Consumer,2024-03-08
11692,Customer_11692,customer11692@example.com,9758692561,Delhi,Uttar Pradesh,484096,Consumer,2023-12-20
11693,Customer_11693,customer11693@example.com,9729921035,Hyderabad,Telangana,484096,Consumer,2023-04-11
11694,Customer_11694,customer11694@example.com,9929681210,Ludhiana,Karnataka,484096,Corporate,2022-04-09
11695,Customer_11695,customer11695@example.com,9321602280,Mumbai,Tamil Nadu,484096,Home Office,2025-06-19
11696,Customer_11696,customer11696@example.com,9933478508,Kochi,Punjab,484096,Consumer,2022-06-07
11697,Customer_11697,customer11697@example.com,9829789977,Bengaluru,Maharashtra,484096,Consumer,2023-09-02
11698,Customer_11698,customer11698@example.com,9269336878,Bengaluru,Kerala,484096,Consumer,2023-07-08
11699,Customer_11699,customer11699@example.com,9289689119,Mumbai,Kerala,484096,Corporate,2023-10-13
11700,Customer_11700,customer11700@example.com,9982938633,Delhi,Karnataka,484096,Home Office,2024-07-08
11701,Customer_11701,customer11701@example.com,9479089935,Delhi,Maharashtra,484096,Consumer,2022-08-15
11702,Customer_11702,customer11702@example.com,9852685766,Jaipur,Haryana,484096,Consumer,2023-02-27
11703,Customer_11703,customer11703@example.com,9875565206,Chennai,Gujarat,484096,Consumer,2024-12-31
11704,Customer_11704,customer11704@example.com,9339687449,Kolkata,Uttar Pradesh,484096,Consumer,2022-08-31
11705,Customer_11705,customer11705@example.com,9391822548,Kochi,Rajasthan,484096,Consumer,2023-06-14
11706,Customer_11706,customer11706@example.com,9810766841,Delhi,Haryana,484096,Consumer,2026-06-01
11707,Customer_11707,customer11707@example.com,9369959558,Ahmedabad,Haryana,484096,Consumer,2024-12-04
11708,Customer_11708,customer11708@example.com,9245796877,Jaipur,Uttar Pradesh,484096,Consumer,2026-02-04
11709,Customer_11709,customer11709@example.com,9617640526,Gurugram,Haryana,484096,Consumer,2023-01-06
11710,Customer_11710,customer11710@example.com,9947913588,Lucknow,Tamil Nadu,484096,Consumer,2023-10-14
11711,Customer_11711,customer11711@example.com,9303362440,Gurugram,Tamil Nadu,484096,Consumer,2023-11-20
11712,Customer_11712,customer11712@example.com,9927206514,Jaipur,Kerala,484096,Corporate,2024-01-04
11713,Customer_11713,customer11713@example.com,9849025967,Kochi,West Bengal,484096,Corporate,2022-04-02
11714,Customer_11714,customer11714@example.com,9595132487,Ludhiana,West Bengal,484096,Consumer,2024-11-11
11715,Customer_11715,,9837715002,Hyderabad,Tamil Nadu,484096,Consumer,2022-06-21
11716,Customer_11716,customer11716@example.com,9934368214,Kolkata,Delhi,484096,Corporate,2026-06-16
11717,Customer_11717,customer11717@example.com,9294741724,Lucknow,Gujarat,484096,Home Office,2025-04-30
11718,Customer_11718,customer11718@example.com,9581219549,Gurugram,Maharashtra,484096,Consumer,2025-01-05
11719,Customer_11719,customer11719@example.com,9335719027,Lucknow,Gujarat,484096,Consumer,2025-07-28
11720,Customer_11720,customer11720@example.com,9506086566,Ahmedabad,Telangana,484096,Consumer,2025-10-19
11721,Customer_11721,customer11721@example.com,9981085410,Ahmedabad,Haryana,484096,Consumer,2022-06-28
11722,Customer_11722,customer11722@example.com,9396784273,Ludhiana,Rajasthan,484096,Consumer,2022-08-26
11723,Customer_11723,customer11723@example.com,9196355770,Ahmedabad,Haryana,484096,Consumer,2025-03-04
11724,Customer_11724,customer11724@example.com,9438939369,Jaipur,Gujarat,484096,Corporate,2024-05-26
11725,Customer_11725,customer11725@example.com,9720823142,Kolkata,Kerala,484096,Consumer,2024-06-20
11726,Customer_11726,customer11726@example.com,9258946576,Kochi,Tamil Nadu,484096,Consumer,2022-10-07
11727,Customer_11727,customer11727@example.com,9744963853,Ludhiana,Punjab,484096,Consumer,2024-11-08
11728,Customer_11728,customer11728@example.com,9513475998,Jaipur,Uttar Pradesh,484096,Consumer,2026-06-07
11729,Customer_11729,customer11729@example.com,9592620951,Bengaluru,Telangana,484096,Consumer,2024-01-10
11730,Customer_11730,customer11730@example.com,9360606571,Hyderabad,Tamil Nadu,484096,Consumer,2023-01-06
11731,Customer_11731,customer11731@example.com,9617830843,Hyderabad,Gujarat,484096,Home Office,2025-02-09
11732,Customer_11732,customer11732@example.com,9430511457,Ahmedabad,Kerala,484096,Consumer,2026-08-27
11733,Customer_11733,customer11733@example.com,9679813506,Bengaluru,Uttar Pradesh,484096,Corporate,2024-05-19
11734,Customer_11734,customer11734@example.com,9943053860,Delhi,Rajasthan,484096,Home Office,2024-10-15
11735,Customer_11735,customer11735@example.com,9229987754,Delhi,Punjab,484096,Consumer,2022-08-09
11736,Customer_11736,customer11736@example.com,9486010023,,Gujarat,484096,Consumer,2024-07-08
11737,Customer_11737,customer11737@example.com,9920476889,Ahmedabad,Maharashtra,484096,Consumer,2022-10-31
11738,Customer_11738,customer11738@example.com,9763509974,Gurugram,Karnataka,484096,Home Office,2025-09-10
11739,Customer_11739,customer11739@example.com,9380703339,Jaipur,Uttar Pradesh,484096,Home Office,2025-12-31
11740,Customer_11740,customer11740@example.com,9411074854,Ahmedabad,Gujarat,484096,Corporate,2023-03-14
11741,Customer_11741,customer11741@example.com,9380419854,Chennai,Kerala,484096,Consumer,2025-04-08
11742,Customer_11742,customer11742@example.com,9331829367,Lucknow,Tamil Nadu,484096,Corporate,2023-01-10
11743,Customer_11743,customer11743@example.com,9269613808,Kochi,Maharashtra,484096,Consumer,2026-04-30
11744,Customer_11744,customer11744@example.com,9264933123,Hyderabad,Delhi,484096,Consumer,2023-01-16
11745,Customer_11745,customer11745@example.com,9274904668,Delhi,Uttar Pradesh,484096,Consumer,2024-09-12
11746,Customer_11746,customer11746@example.com,9794303701,Mumbai,Punjab,484096,Consumer,2022-01-14
11747,Customer_11747,customer11747@example.com,9395289752,Delhi,Maharashtra,484096,Corporate,2024-01-13
11748,Customer_11748,customer11748@example.com,9640699345,Kochi,Kerala,484096,Consumer,2023-10-31
11749,Customer_11749,customer11749@example.com,9186621344,Hyderabad,Tamil Nadu,484096,Consumer,2023-05-15
11750,Customer_11750,customer11750@example.com,9684019983,Kochi,Gujarat,484096,Consumer,2026-07-28
11751,Customer_11751,customer11751@example.com,9859423468,Lucknow,Haryana,484096,Home Office,2025-11-15
11752,Customer_11752,customer11752@example.com,9597628585,Hyderabad,Rajasthan,484096,Corporate,2026-04-22
11753,Customer_11753,customer11753@example.com,9644023659,Mumbai,Kerala,484096,Consumer,2023-07-19
11754,Customer_11754,customer11754@example.com,9819433153,Ahmedabad,Punjab,484096,Consumer,2023-06-14
11755,Customer_11755,customer11755@example.com,9204800566,Bengaluru,Haryana,484096,Consumer,2023-05-07
11756,Customer_11756,customer11756@example.com,9615820713,Mumbai,Punjab,484096,Home Office,2026-04-23
11757,Customer_11757,customer11757@example.com,9191351453,Hyderabad,Karnataka,484096,Consumer,2025-11-09
11758,Customer_11758,customer11758@example.com,9101020154,Hyderabad,Punjab,484096,Consumer,2025-05-04
11759,Customer_11759,customer11759@example.com,9635589622,Chennai,Maharashtra,484096,Consumer,2024-01-25
11760,Customer_11760,customer11760@example.com,9896600076,Ludhiana,Karnataka,484096,Consumer,2022-10-27
11761,Customer_11761,customer11761@example.com,9224284044,Chennai,Rajasthan,484096,Corporate,2024-03-25
11762,Customer_11762,customer11762@example.com,9675370513,Kolkata,Maharashtra,484096,Consumer,2023-07-01
11763,Customer_11763,customer11763@example.com,9912039583,Chennai,West Bengal,484096,Consumer,2023-12-28
11764,Customer_11764,customer11764@example.com,9884217695,Jaipur,Tamil Nadu,484096,Consumer,2024-01-01
11765,Customer_11765,customer11765@example.com,9309522402,Bengaluru,Maharashtra,484096,Consumer,2024-04-07
11766,Customer_11766,customer11766@example.com,9400775290,Lucknow,Kerala,484096,Home Office,2023-08-25
11767,Customer_11767,customer11767@example.com,9140739629,Mumbai,Tamil Nadu,484096,Consumer,2025-08-24
11768,Customer_11768,customer11768@example.com,9532553971,Hyderabad,Haryana,484096,Home Office,2025-06-29
11769,Customer_11769,customer11769@example.com,9326275356,Kolkata,Telangana,484096,Corporate,2024-10-28
11770,Customer_11770,customer11770@example.com,9173823165,Kolkata,Uttar Pradesh,484096,Consumer,2024-02-07
11771,Customer_11771,customer11771@example.com,9480291056,Lucknow,Telangana,484096,Consumer,2024-05-24
11772,Customer_11772,customer11772@example.com,9752538332,Bengaluru,Gujarat,484096,Consumer,2025-05-16
11773,Customer_11773,customer11773@example.com,9261476925,Mumbai,Uttar Pradesh,484096,Corporate,2024-07-25
11774,Customer_11774,customer11774@example.com,9647631800,Delhi,Punjab,484096,Consumer,2022-05-11
11775,Customer_11775,customer11775@example.com,9446849551,Kochi,Uttar Pradesh,484096,Consumer,2026-08-05
11776,Customer_11776,customer11776@example.com,9631189175,Chennai,Kerala,484096,Consumer,2023-08-31
11777,Customer_11777,customer11777@example.com,9193144811,Kochi,Kerala,484096,Corporate,2022-01-26
11778,Customer_11778,customer11778@example.com,9736889464,Kochi,Delhi,484096,Consumer,2026-07-05
11779,Customer_11779,customer11779@example.com,9178483721,Ahmedabad,Uttar Pradesh,484096,Consumer,2026-01-17
11780,Customer_11780,customer11780@example.com,9493845661,Kochi,Rajasthan,484096,Consumer,2023-09-27
11781,Customer_11781,customer11781@example.com,9820552856,Kolkata,Telangana,484096,Consumer,2025-04-24
11782,Customer_11782,customer11782@example.com,9470958334,Chennai,Haryana,484096,Corporate,2023-04-29
11783,Customer_11783,customer11783@example.com,9835972710,Chennai,Tamil Nadu,484096,Consumer,2023-11-11
11784,Customer_11784,customer11784@example.com,9196719187,Jaipur,Gujarat,484096,Corporate,2024-12-10
11785,Customer_11785,customer11785@example.com,9114372528,,Uttar Pradesh,484096,Corporate,2022-01-05
11786,Customer_11786,customer11786@example.com,9574482690,Ahmedabad,Gujarat,484096,Consumer,2023-08-12
11787,Customer_11787,customer11787@example.com,9549348749,Kochi,Haryana,484096,Corporate,2025-03-29
11788,Customer_11788,customer11788@example.com,9301875831,Ludhiana,Gujarat,484096,Consumer,2022-07-27
11789,Customer_11789,customer11789@example.com,9259940253,Delhi,Punjab,484096,Consumer,2022-09-14
11790,Customer_11790,customer11790@example.com,9541616369,Hyderabad,Haryana,484096,Corporate,2025-05-13
11791,Customer_11791,customer11791@example.com,9298891843,Jaipur,Punjab,484096,Consumer,2022-01-11
11792,Customer_11792,customer11792@example.com,9482718244,Chennai,Uttar Pradesh,484096,Consumer,2024-08-06
11793,Customer_11793,customer11793@example.com,9280788888,Chennai,Haryana,484096,Consumer,2022-01-08
11794,Customer_11794,customer11794@example.com,9217105071,Gurugram,Uttar Pradesh,484096,Home Office,2025-12-03
11795,Customer_11795,customer11795@example.com,9176767936,Ahmedabad,Punjab,484096,Consumer,2024-07-24
11796,Customer_11796,customer11796@example.com,9788651188,Kochi,Delhi,484096,Consumer,2022-02-01
11797,Customer_11797,customer11797@example.com,9293705934,Ahmedabad,Delhi,484096,Consumer,2023-06-24
11798,Customer_11798,customer11798@example.com,9863529800,Gurugram,Haryana,484096,Corporate,2024-10-01
11799,Customer_11799,customer11799@example.com,9570159758,Ahmedabad,Kerala,484096,Corporate,2023-01-22
11800,Customer_11800,customer11800@example.com,9676928560,Chennai,Delhi,484096,Consumer,2025-06-05
11801,Customer_11801,customer11801@example.com,9708296824,Kolkata,Tamil Nadu,484096,Home Office,2023-10-02
11802,Customer_11802,customer11802@example.com,9871579223,Mumbai,Kerala,484096,Consumer,2026-02-07
11803,Customer_11803,customer11803@example.com,9634455235,Chennai,Tamil Nadu,484096,Consumer,2022-07-26
11804,Customer_11804,customer11804@example.com,9986548666,Jaipur,Delhi,484096,Home Office,2025-09-03
11805,Customer_11805,customer11805@example.com,9958826745,Bengaluru,Delhi,484096,Home Office,2023-07-11
11806,Customer_11806,customer11806@example.com,9306112548,Gurugram,West Bengal,484096,Corporate,2026-06-29
11807,Customer_11807,customer11807@example.com,9256100668,Delhi,West Bengal,484096,Home Office,2022-12-14
11808,Customer_11808,customer11808@example.com,9138580196,Hyderabad,Uttar Pradesh,484096,Consumer,2024-03-03
11809,Customer_11809,customer11809@example.com,9484017322,Delhi,Haryana,484096,Home Office,2022-08-22
11810,Customer_11810,customer11810@example.com,9480337531,Chennai,Karnataka,484096,Consumer,2024-12-03
11811,Customer_11811,customer11811@example.com,9819753925,Jaipur,Karnataka,484096,Consumer,2024-10-02
11812,Customer_11812,customer11812@example.com,9654558903,Kochi,Delhi,484096,Consumer,2024-01-07
11813,Customer_11813,customer11813@example.com,9676380222,Chennai,Gujarat,484096,Consumer,2024-07-30
11814,Customer_11814,customer11814@example.com,9936367661,Bengaluru,Delhi,484096,Consumer,2025-03-11
11815,Customer_11815,customer11815@example.com,9532926039,Kolkata,West Bengal,484096,Consumer,2026-07-30
11816,Customer_11816,customer11816@example.com,9760239421,Ludhiana,Uttar Pradesh,484096,Consumer,2022-06-25
11817,Customer_11817,customer11817@example.com,9587098188,Hyderabad,Delhi,484096,Consumer,2026-08-05
11818,Customer_11818,customer11818@example.com,9817405336,Bengaluru,Telangana,484096,Consumer,2023-03-25
11819,Customer_11819,customer11819@example.com,9379114499,Gurugram,Kerala,484096,Consumer,2023-08-15
11820,Customer_11820,customer11820@example.com,9751032135,Kochi,Gujarat,484096,Consumer,2022-03-23
11821,Customer_11821,customer11821@example.com,9927776659,Gurugram,Telangana,484096,Corporate,2022-05-15
11822,Customer_11822,customer11822@example.com,9477208668,Chennai,Uttar Pradesh,484096,Home Office,2024-05-05
11823,Customer_11823,customer11823@example.com,9742727486,Jaipur,Uttar Pradesh,484096,Corporate,2025-04-15
11824,Customer_11824,customer11824@example.com,9562726004,Bengaluru,Tamil Nadu,484096,Consumer,2025-11-07
11825,Customer_11825,customer11825@example.com,9446356978,Lucknow,Maharashtra,484096,Corporate,2025-06-20
11826,Customer_11826,customer11826@example.com,9154496748,Kochi,Telangana,484096,Consumer,2026-05-10
11827,Customer_11827,customer11827@example.com,9616851053,Jaipur,Tamil Nadu,484096,Consumer,2025-03-10
11828,Customer_11828,customer11828@example.com,9301628778,Kolkata,West Bengal,484096,Consumer,2026-01-20
11829,Customer_11829,customer11829@example.com,9858182113,Kochi,Rajasthan,484096,Corporate,2023-03-16
11830,Customer_11830,customer11830@example.com,9675914808,Gurugram,Gujarat,484096,Consumer,2024-12-15
11831,Customer_11831,customer11831@example.com,9257762472,Kochi,Kerala,484096,Consumer,2026-03-31
11832,Customer_11832,customer11832@example.com,9900746224,Ludhiana,Rajasthan,484096,Consumer,2023-11-28
11833,Customer_11833,customer11833@example.com,9990219001,Chennai,Haryana,484096,Home Office,2023-02-23
11834,Customer_11834,customer11834@example.com,9227064322,Ahmedabad,Punjab,484096,Consumer,2022-03-29
11835,Customer_11835,customer11835@example.com,9427300983,Gurugram,West Bengal,484096,Consumer,2026-06-21
11836,Customer_11836,customer11836@example.com,9530034693,Ludhiana,West Bengal,484096,Consumer,2023-10-18
11837,Customer_11837,customer11837@example.com,9318054148,Hyderabad,Rajasthan,484096,Consumer,2024-10-28
11838,Customer_11838,customer11838@example.com,9348432388,Mumbai,Telangana,484096,Corporate,2026-02-09
11839,Customer_11839,customer11839@example.com,9657391925,Ahmedabad,Maharashtra,484096,Consumer,2022-08-03
11840,Customer_11840,customer11840@example.com,9674606000,Chennai,Kerala,484096,Home Office,2023-07-06
11841,Customer_11841,,9178427656,Lucknow,Telangana,484096,Consumer,2026-03-01
11842,Customer_11842,customer11842@example.com,9863440226,Ahmedabad,Rajasthan,484096,Corporate,2023-05-18
11843,Customer_11843,customer11843@example.com,9517788947,Hyderabad,Kerala,484096,Consumer,2023-11-30
11844,Customer_11844,customer11844@example.com,9207509488,Jaipur,Haryana,484096,Consumer,2022-09-02
11845,Customer_11845,customer11845@example.com,9846874428,Lucknow,Telangana,484096,Consumer,2026-02-10
11846,Customer_11846,customer11846@example.com,9143951994,Gurugram,Karnataka,484096,Consumer,2022-11-05
11847,Customer_11847,customer11847@example.com,9728104681,Lucknow,Telangana,484096,Consumer,2022-08-19
11848,Customer_11848,customer11848@example.com,9165489314,Bengaluru,Uttar Pradesh,484096,Corporate,2025-11-07
11849,Customer_11849,customer11849@example.com,9135383985,Hyderabad,Punjab,484096,Consumer,2022-06-04
11850,Customer_11850,customer11850@example.com,9941902141,Kochi,Tamil Nadu,484096,Corporate,2025-04-13
11851,Customer_11851,customer11851@example.com,9760977879,Ludhiana,Gujarat,484096,Corporate,2024-04-27
11852,Customer_11852,customer11852@example.com,9733233410,Ahmedabad,Punjab,484096,Consumer,2022-04-25
11853,Customer_11853,customer11853@example.com,9382751135,Bengaluru,Telangana,484096,Corporate,2025-11-14
11854,Customer_11854,customer11854@example.com,9628012044,Lucknow,Maharashtra,484096,Corporate,2022-11-07
11855,Customer_11855,customer11855@example.com,9258803950,Bengaluru,Punjab,484096,Consumer,2024-09-19
11856,Customer_11856,customer11856@example.com,9249744728,Delhi,Kerala,484096,Corporate,2022-10-27
11857,Customer_11857,customer11857@example.com,9499173960,Hyderabad,Maharashtra,484096,Consumer,2024-11-07
11858,Customer_11858,customer11858@example.com,9722432835,Ludhiana,Punjab,484096,Consumer,2024-02-23
11859,Customer_11859,customer11859@example.com,9443967629,Kolkata,Kerala,484096,Corporate,2022-01-12
11860,Customer_11860,customer11860@example.com,9572991076,Jaipur,Telangana,484096,Consumer,2025-11-28
11861,Customer_11861,customer11861@example.com,9492932961,Lucknow,Kerala,484096,Consumer,2022-08-20
11862,Customer_11862,customer11862@example.com,9990914058,Hyderabad,Delhi,484096,Consumer,2024-08-12
11863,Customer_11863,customer11863@example.com,9647440232,Kolkata,West Bengal,484096,Corporate,2026-06-17
11864,Customer_11864,customer11864@example.com,9706319543,Kolkata,Punjab,484096,Home Office,2023-12-31
11865,Customer_11865,customer11865@example.com,9167001666,Chennai,Telangana,484096,Consumer,2025-07-25
11866,Customer_11866,customer11866@example.com,9198609786,Ludhiana,West Bengal,484096,Corporate,2025-10-08
11867,Customer_11867,customer11867@example.com,9656262363,Bengaluru,Karnataka,484096,Home Office,2024-10-14
11868,Customer_11868,customer11868@example.com,9695918472,Kolkata,Kerala,484096,Consumer,2024-09-25
11869,Customer_11869,customer11869@example.com,9290596290,Delhi,Rajasthan,484096,Consumer,2022-10-30
11870,Customer_11870,customer11870@example.com,9983266456,Hyderabad,Karnataka,484096,Corporate,2023-06-25
11871,Customer_11871,customer11871@example.com,9538917857,Mumbai,Telangana,484096,Corporate,2023-04-15
11872,Customer_11872,customer11872@example.com,9581584459,Mumbai,Maharashtra,484096,Home Office,2024-03-23
11873,Customer_11873,customer11873@example.com,9252137897,Kochi,Delhi,484096,Consumer,2022-03-18
11874,Customer_11874,customer11874@example.com,9355619592,Kochi,Haryana,484096,Consumer,2024-10-16
11875,Customer_11875,customer11875@example.com,9439523022,Lucknow,West Bengal,484096,Consumer,2026-03-25
11876,Customer_11876,customer11876@example.com,9766759207,Kochi,Tamil Nadu,484096,Consumer,2022-01-24
11877,Customer_11877,,9879920920,Gurugram,West Bengal,484096,Consumer,2024-11-04
11878,Customer_11878,customer11878@example.com,9318430724,Bengaluru,Uttar Pradesh,484096,Corporate,2023-11-07
11879,Customer_11879,customer11879@example.com,9473605306,Gurugram,Gujarat,484096,Consumer,2023-06-09
11880,Customer_11880,customer11880@example.com,9234823137,Kolkata,Telangana,484096,Corporate,2022-12-13
11881,Customer_11881,,9780551383,Hyderabad,Karnataka,484096,Consumer,2022-06-21
11882,Customer_11882,customer11882@example.com,9111377787,Lucknow,Tamil Nadu,484096,Consumer,2025-09-12
11883,Customer_11883,customer11883@example.com,9626943182,Ahmedabad,Maharashtra,484096,Consumer,2023-12-13
11884,Customer_11884,customer11884@example.com,9121827621,Kolkata,Maharashtra,484096,Consumer,2026-02-17
11885,Customer_11885,customer11885@example.com,9141892167,Bengaluru,Maharashtra,484096,Consumer,2023-05-04
11886,Customer_11886,customer11886@example.com,9940586490,Mumbai,Haryana,484096,Home Office,2026-01-25
11887,Customer_11887,customer11887@example.com,9309523887,Ludhiana,Uttar Pradesh,484096,Corporate,2023-01-13
11888,Customer_11888,customer11888@example.com,9240026769,Kochi,Maharashtra,484096,Consumer,2026-05-31
11889,Customer_11889,customer11889@example.com,9448090821,Chennai,Kerala,484096,Consumer,2025-04-02
11890,Customer_11890,customer11890@example.com,9570165167,Hyderabad,Maharashtra,484096,Home Office,2023-01-07
11891,Customer_11891,customer11891@example.com,9887090380,Jaipur,Telangana,484096,Consumer,2026-05-16
11892,Customer_11892,customer11892@example.com,9720536603,Ludhiana,Uttar Pradesh,484096,Consumer,2024-09-26
11893,Customer_11893,customer11893@example.com,9426979524,Gurugram,Punjab,484096,Consumer,2024-09-03
11894,Customer_11894,customer11894@example.com,9534680400,Kochi,Delhi,484096,Home Office,2025-12-18
11895,Customer_11895,customer11895@example.com,9364213617,Lucknow,Delhi,484096,Consumer,2024-01-27
11896,Customer_11896,customer11896@example.com,9670828076,Gurugram,Uttar Pradesh,484096,Consumer,2023-04-22
11897,Customer_11897,customer11897@example.com,9169058877,Hyderabad,Gujarat,484096,Home Office,2023-01-17
11898,Customer_11898,customer11898@example.com,9496888412,Gurugram,Haryana,484096,Consumer,2022-06-04
11899,Customer_11899,customer11899@example.com,9772221298,Hyderabad,Tamil Nadu,484096,Consumer,2022-09-14
11900,Customer_11900,customer11900@example.com,9420752313,Gurugram,Kerala,484096,Consumer,2023-11-05
11901,Customer_11901,customer11901@example.com,9406312514,Ludhiana,West Bengal,484096,Home Office,2022-03-09
11902,Customer_11902,customer11902@example.com,9520087351,Delhi,Telangana,484096,Consumer,2022-12-10
11903,Customer_11903,customer11903@example.com,9796265767,Ludhiana,Rajasthan,484096,Home Office,2025-07-24
11904,Customer_11904,customer11904@example.com,9864573537,Ahmedabad,Delhi,484096,Corporate,2023-11-04
11905,Customer_11905,customer11905@example.com,9288028967,Kolkata,Punjab,484096,Consumer,2023-01-26
11906,Customer_11906,customer11906@example.com,9382316634,Kolkata,Uttar Pradesh,484096,Home Office,2026-01-12
11907,Customer_11907,customer11907@example.com,9591743180,Bengaluru,Tamil Nadu,484096,Consumer,2022-09-16
11908,Customer_11908,customer11908@example.com,9173135852,Kochi,Uttar Pradesh,484096,Consumer,2022-11-03
11909,Customer_11909,customer11909@example.com,9652461573,Ludhiana,West Bengal,484096,Consumer,2025-01-23
11910,Customer_11910,customer11910@example.com,9191312343,Ludhiana,Tamil Nadu,484096,Consumer,2024-08-07
11911,Customer_11911,customer11911@example.com,9303693202,Jaipur,Delhi,484096,Consumer,2026-01-27
11912,Customer_11912,customer11912@example.com,9607496783,Jaipur,Maharashtra,484096,Consumer,2024-08-27
11913,Customer_11913,customer11913@example.com,9780545447,Bengaluru,Kerala,484096,Consumer,2022-09-03
11914,Customer_11914,customer11914@example.com,9531995232,Chennai,Uttar Pradesh,484096,Corporate,2024-01-03
11915,Customer_11915,customer11915@example.com,9775772986,Kolkata,Kerala,484096,Consumer,2026-07-17
11916,Customer_11916,customer11916@example.com,9603774778,Chennai,Kerala,484096,Home Office,2022-07-06
11917,Customer_11917,customer11917@example.com,9788913199,Kochi,Kerala,484096,Consumer,2024-07-13
11918,Customer_11918,customer11918@example.com,9994912168,Hyderabad,Punjab,484096,Consumer,2024-02-24
11919,Customer_11919,customer11919@example.com,9460815372,Hyderabad,Rajasthan,484096,Consumer,2025-10-28
11920,Customer_11920,customer11920@example.com,9473719402,Mumbai,Delhi,484096,Consumer,2026-05-15
11921,Customer_11921,customer11921@example.com,9948133464,Gurugram,Kerala,484096,Consumer,2025-11-30
11922,Customer_11922,customer11922@example.com,9873482164,Jaipur,Punjab,484096,Corporate,2023-02-12
11923,Customer_11923,customer11923@example.com,9873698729,Mumbai,Karnataka,484096,Home Office,2025-02-22
11924,Customer_11924,customer11924@example.com,9554553955,Ahmedabad,Rajasthan,484096,Home Office,2025-09-22
11925,Customer_11925,customer11925@example.com,9609431998,Bengaluru,Gujarat,484096,Consumer,2022-12-07
11926,Customer_11926,customer11926@example.com,9954658714,Bengaluru,Haryana,484096,Home Office,2023-07-17
11927,Customer_11927,customer11927@example.com,9111667877,Hyderabad,Delhi,484096,Consumer,2025-04-16
11928,Customer_11928,customer11928@example.com,9912700347,Ludhiana,Maharashtra,484096,Consumer,2023-10-13
11929,Customer_11929,customer11929@example.com,9781203718,Kolkata,Delhi,484096,Home Office,2024-08-09
11930,Customer_11930,customer11930@example.com,9665377156,Chennai,West Bengal,484096,Consumer,2025-04-08
11931,Customer_11931,customer11931@example.com,9662085610,Jaipur,Tamil Nadu,484096,Consumer,2024-11-28
11932,Customer_11932,customer11932@example.com,9623313977,Mumbai,Uttar Pradesh,484096,Consumer,2022-03-10
11933,Customer_11933,customer11933@example.com,9225616114,Chennai,Kerala,484096,Consumer,2025-06-13
11934,Customer_11934,customer11934@example.com,9654357790,Ludhiana,Tamil Nadu,484096,Corporate,2026-05-03
11935,Customer_11935,customer11935@example.com,9425630486,Mumbai,Tamil Nadu,484096,Consumer,2023-01-16
11936,Customer_11936,customer11936@example.com,9122098345,Gurugram,Kerala,484096,Home Office,2022-02-26
11937,Customer_11937,customer11937@example.com,9653491849,Ahmedabad,Delhi,484096,Consumer,2025-07-24
11938,Customer_11938,customer11938@example.com,9400419743,Ahmedabad,Kerala,484096,Consumer,2024-04-29
11939,Customer_11939,customer11939@example.com,9465582698,Chennai,West Bengal,484096,Consumer,2025-01-27
11940,Customer_11940,customer11940@example.com,9781616934,Chennai,Kerala,484096,Consumer,2024-07-04
11941,Customer_11941,customer11941@example.com,9790458526,Chennai,Uttar Pradesh,484096,Consumer,2026-03-31
11942,Customer_11942,customer11942@example.com,9104810833,Mumbai,Uttar Pradesh,484096,Corporate,2022-11-21
11943,Customer_11943,customer11943@example.com,9391916131,Gurugram,Tamil Nadu,484096,Home Office,2023-04-06
11944,Customer_11944,customer11944@example.com,9341298689,Delhi,Gujarat,484096,Home Office,2022-06-28
11945,Customer_11945,customer11945@example.com,9452763597,Chennai,Haryana,484096,Corporate,2024-04-23
11946,Customer_11946,customer11946@example.com,9128500556,Kolkata,West Bengal,484096,Home Office,2023-07-28
11947,Customer_11947,customer11947@example.com,9132073692,Kochi,Gujarat,484096,Consumer,2022-04-29
11948,Customer_11948,customer11948@example.com,9137316107,Ludhiana,Telangana,484096,Corporate,2026-02-01
11949,Customer_11949,customer11949@example.com,9127427110,Kochi,Telangana,484096,Consumer,2023-07-03
11950,Customer_11950,customer11950@example.com,9929499329,Jaipur,Rajasthan,484096,Consumer,2023-10-08
11951,Customer_11951,customer11951@example.com,9259077599,Jaipur,Tamil Nadu,484096,Consumer,2026-01-18
11952,Customer_11952,customer11952@example.com,9461199116,Ludhiana,Uttar Pradesh,484096,Consumer,2022-01-26
11953,Customer_11953,customer11953@example.com,9602197293,Mumbai,Delhi,484096,Consumer,2026-02-22
11954,Customer_11954,customer11954@example.com,9428279706,Ludhiana,Uttar Pradesh,484096,Home Office,2024-10-28
11955,Customer_11955,customer11955@example.com,9357029352,Kochi,Punjab,484096,Consumer,2024-08-26
11956,Customer_11956,customer11956@example.com,9666134800,Kochi,Punjab,484096,Consumer,2026-03-20
11957,Customer_11957,customer11957@example.com,9597545575,Chennai,Uttar Pradesh,484096,Consumer,2023-06-17
11958,Customer_11958,customer11958@example.com,9142106078,Hyderabad,Punjab,484096,Consumer,2022-05-29
11959,Customer_11959,customer11959@example.com,9644152417,Bengaluru,Maharashtra,484096,Consumer,2026-02-20
11960,Customer_11960,customer11960@example.com,9675550139,Delhi,Uttar Pradesh,484096,Consumer,2024-11-14
11961,Customer_11961,customer11961@example.com,9138965695,Kochi,Rajasthan,484096,Consumer,2023-10-17
11962,Customer_11962,customer11962@example.com,9271735895,Kolkata,Gujarat,484096,Consumer,2024-08-02
11963,Customer_11963,customer11963@example.com,9394975852,Ludhiana,Telangana,484096,Corporate,2023-07-09
11964,Customer_11964,customer11964@example.com,9228184994,Gurugram,Uttar Pradesh,484096,Corporate,2023-03-01
11965,Customer_11965,customer11965@example.com,9651683055,Hyderabad,Uttar Pradesh,484096,Consumer,2022-10-20
11966,Customer_11966,customer11966@example.com,9559478341,Kochi,Punjab,484096,Consumer,2025-04-23
11967,Customer_11967,customer11967@example.com,9243206866,Ludhiana,Kerala,484096,Consumer,2023-07-08
11968,Customer_11968,customer11968@example.com,9147364509,Ahmedabad,Maharashtra,484096,Corporate,2023-03-07
11969,Customer_11969,customer11969@example.com,9179146438,Hyderabad,West Bengal,484096,Consumer,2023-08-27
11970,Customer_11970,customer11970@example.com,9277238601,Mumbai,Delhi,484096,Consumer,2022-11-13
11971,Customer_11971,customer11971@example.com,9882718184,Delhi,West Bengal,484096,Corporate,2023-02-02
11972,Customer_11972,customer11972@example.com,9487068897,Lucknow,Delhi,484096,Consumer,2025-09-09
11973,Customer_11973,customer11973@example.com,9494587966,Lucknow,Haryana,484096,Consumer,2026-05-08
11974,Customer_11974,customer11974@example.com,9710534811,Chennai,Uttar Pradesh,484096,Consumer,2023-08-19
11975,Customer_11975,customer11975@example.com,9669606715,Chennai,Maharashtra,484096,Home Office,2023-06-30
11976,Customer_11976,customer11976@example.com,9870935118,Mumbai,Karnataka,484096,Home Office,2022-03-17
11977,Customer_11977,customer11977@example.com,9881804765,Gurugram,Punjab,484096,Corporate,2024-05-14
11978,Customer_11978,customer11978@example.com,9115886372,,Tamil Nadu,484096,Consumer,2024-07-04
11979,Customer_11979,customer11979@example.com,9540275932,Bengaluru,Punjab,484096,Consumer,2023-12-10
11980,Customer_11980,customer11980@example.com,9266674709,,Telangana,484096,Home Office,2023-05-01
11981,Customer_11981,customer11981@example.com,9904140227,Delhi,Gujarat,484096,Home Office,2025-01-16
11982,Customer_11982,customer11982@example.com,9846265491,Ludhiana,Telangana,484096,Consumer,2024-01-17
11983,Customer_11983,customer11983@example.com,9906963039,Mumbai,Gujarat,484096,Corporate,2025-06-09
11984,Customer_11984,customer11984@example.com,9189567715,Jaipur,Haryana,484096,Consumer,2024-10-27
11985,Customer_11985,customer11985@example.com,9391357937,Ludhiana,West Bengal,484096,Consumer,2023-07-04
11986,Customer_11986,customer11986@example.com,9947387971,Ludhiana,Rajasthan,484096,Corporate,2024-09-02
11987,Customer_11987,customer11987@example.com,9318886874,Ahmedabad,Uttar Pradesh,484096,Consumer,2024-12-11
11988,Customer_11988,customer11988@example.com,9814586303,Mumbai,Karnataka,484096,Home Office,2026-08-06
11989,Customer_11989,,9994092304,Mumbai,Gujarat,484096,Consumer,2024-07-30
11990,Customer_11990,customer11990@example.com,9190126859,Lucknow,Tamil Nadu,484096,Consumer,2024-07-07
11991,Customer_11991,customer11991@example.com,9389268629,Kolkata,Gujarat,484096,Home Office,2025-11-20
11992,Customer_11992,customer11992@example.com,9995809936,Gurugram,Kerala,484096,Home Office,2025-05-29
11993,Customer_11993,customer11993@example.com,9452919433,Kolkata,Rajasthan,484096,Consumer,2025-12-22
11994,Customer_11994,customer11994@example.com,9511814592,Bengaluru,Kerala,484096,Consumer,2025-03-12
11995,Customer_11995,customer11995@example.com,9348766485,Jaipur,Telangana,484096,Consumer,2022-12-29
11996,Customer_11996,customer11996@example.com,9619328217,Ludhiana,Maharashtra,484096,Consumer,2023-01-17
11997,Customer_11997,customer11997@example.com,9420810103,Lucknow,Telangana,484096,Home Office,2026-05-04
11998,Customer_11998,customer11998@example.com,9296460538,Jaipur,Haryana,484096,Home Office,2025-07-24
11999,Customer_11999,customer11999@example.com,9539867601,Ludhiana,Maharashtra,484096,Consumer,2022-09-28
12000,Customer_12000,customer12000@example.com,9621996593,Bengaluru,Telangana,484096,Consumer,2024-11-03
12001,Customer_12001,customer12001@example.com,9856138670,Kolkata,Tamil Nadu,484096,Consumer,2022-10-25
12002,Customer_12002,customer12002@example.com,9941634507,Mumbai,Punjab,484096,Home Office,2024-09-30
12003,Customer_12003,customer12003@example.com,9733823994,Chennai,Telangana,484096,Consumer,2026-01-27
12004,Customer_12004,customer12004@example.com,9658716130,Chennai,Tamil Nadu,484096,Consumer,2026-03-31
12005,Customer_12005,customer12005@example.com,9505427123,Kochi,Tamil Nadu,484096,Consumer,2022-08-22
12006,Customer_12006,customer12006@example.com,9135490172,Hyderabad,Punjab,484096,Consumer,2023-07-29
12007,Customer_12007,customer12007@example.com,9673860299,Ahmedabad,Maharashtra,484096,Consumer,2022-01-27
12008,Customer_12008,customer12008@example.com,9205600006,Gurugram,West Bengal,484096,Consumer,2026-02-03
12009,Customer_12009,customer12009@example.com,9381862172,Bengaluru,Delhi,484096,Home Office,2022-04-03
12010,Customer_12010,customer12010@example.com,9195019914,Ahmedabad,Uttar Pradesh,484096,Home Office,2023-09-09
12011,Customer_12011,customer12011@example.com,9407145760,Kochi,Gujarat,484096,Corporate,2022-11-05
12012,Customer_12012,customer12012@example.com,9416153477,Kochi,Delhi,484096,Consumer,2022-02-21
12013,Customer_12013,customer12013@example.com,9623271022,Gurugram,Rajasthan,484096,Consumer,2022-11-15
12014,Customer_12014,customer12014@example.com,9395432095,Ludhiana,West Bengal,484096,Consumer,2022-06-30
12015,Customer_12015,customer12015@example.com,9187649202,Ahmedabad,Delhi,484096,Consumer,2026-05-12
12016,Customer_12016,customer12016@example.com,9110774986,Kolkata,Maharashtra,484096,Home Office,2025-02-17
12017,Customer_12017,customer12017@example.com,9887247673,Gurugram,Rajasthan,484096,Consumer,2024-05-24
12018,Customer_12018,customer12018@example.com,9104421590,Kochi,Karnataka,484096,Consumer,2024-12-02
12019,Customer_12019,customer12019@example.com,9941395737,Kolkata,West Bengal,484096,Home Office,2023-10-09
12020,Customer_12020,customer12020@example.com,9782634721,Mumbai,Delhi,484096,Home Office,2025-07-07
12021,Customer_12021,customer12021@example.com,9201475757,Lucknow,Rajasthan,484096,Consumer,2022-07-16
12022,Customer_12022,customer12022@example.com,9934527747,Kolkata,Karnataka,484096,Consumer,2023-10-07
12023,Customer_12023,customer12023@example.com,9856692944,Ludhiana,Telangana,484096,Consumer,2024-08-28
12024,Customer_12024,customer12024@example.com,9538918242,Chennai,Rajasthan,484096,Consumer,2022-09-12
12025,Customer_12025,customer12025@example.com,9964950668,Ahmedabad,Kerala,484096,Consumer,2024-01-02
12026,Customer_12026,customer12026@example.com,9547577576,Ludhiana,Punjab,484096,Consumer,2022-12-02
12027,Customer_12027,customer12027@example.com,9802758950,Hyderabad,Maharashtra,484096,Home Office,2026-04-26
12028,Customer_12028,customer12028@example.com,9216067598,Delhi,Telangana,484096,Consumer,2026-03-06
12029,Customer_12029,customer12029@example.com,9292455542,Kochi,Maharashtra,484096,Consumer,2024-09-16
12030,Customer_12030,customer12030@example.com,9426077212,Gurugram,Delhi,484096,Consumer,2024-06-18
12031,Customer_12031,customer12031@example.com,9931858844,Bengaluru,Uttar Pradesh,484096,Consumer,2025-07-02
12032,Customer_12032,customer12032@example.com,9307766602,Hyderabad,Delhi,484096,Home Office,2023-05-29
12033,Customer_12033,customer12033@example.com,9486320159,Chennai,Telangana,484096,Consumer,2022-08-30
12034,Customer_12034,customer12034@example.com,9453823873,Kolkata,Tamil Nadu,484096,Consumer,2022-05-29
12035,Customer_12035,customer12035@example.com,9198023086,Lucknow,Delhi,484096,Consumer,2025-08-15
12036,Customer_12036,customer12036@example.com,9875238605,Ludhiana,Telangana,484096,Corporate,2024-01-27
12037,Customer_12037,customer12037@example.com,9763620629,Mumbai,Rajasthan,484096,Consumer,2023-09-12
12038,Customer_12038,customer12038@example.com,9664080074,Delhi,Haryana,484096,Corporate,2023-03-29
12039,Customer_12039,customer12039@example.com,9199898906,Jaipur,Delhi,484096,Consumer,2025-11-17
12040,Customer_12040,customer12040@example.com,9607039426,Hyderabad,Rajasthan,484096,Consumer,2022-07-31
12041,Customer_12041,customer12041@example.com,9962702416,Lucknow,Maharashtra,484096,Consumer,2023-10-30
12042,Customer_12042,customer12042@example.com,9748788715,Jaipur,Kerala,484096,Home Office,2026-04-11
12043,Customer_12043,customer12043@example.com,9234442423,Delhi,West Bengal,484096,Home Office,2023-08-17
12044,Customer_12044,customer12044@example.com,9883122011,Bengaluru,Uttar Pradesh,484096,Consumer,2026-06-07
12045,Customer_12045,customer12045@example.com,9931574036,Bengaluru,Maharashtra,484096,Consumer,2022-05-11
12046,Customer_12046,customer12046@example.com,9785152558,Ahmedabad,Maharashtra,484096,Consumer,2025-09-14
12047,Customer_12047,customer12047@example.com,9828973263,Delhi,Telangana,484096,Consumer,2023-09-04
12048,Customer_12048,customer12048@example.com,9561108068,Delhi,Tamil Nadu,484096,Consumer,2022-09-13
12049,Customer_12049,customer12049@example.com,9694964410,Jaipur,Gujarat,484096,Home Office,2026-02-11
12050,Customer_12050,customer12050@example.com,9733913093,Lucknow,Haryana,484096,Home Office,2023-07-15
12051,Customer_12051,customer12051@example.com,9143353746,Ludhiana,Tamil Nadu,484096,Consumer,2022-03-04
12052,Customer_12052,customer12052@example.com,9204003512,Gurugram,Telangana,484096,Consumer,2025-08-27
12053,Customer_12053,customer12053@example.com,9925916868,Jaipur,Punjab,484096,Home Office,2023-02-11
12054,Customer_12054,customer12054@example.com,9366081786,Mumbai,Uttar Pradesh,484096,Corporate,2024-03-12
12055,Customer_12055,customer12055@example.com,9784334336,Bengaluru,Haryana,484096,Consumer,2025-02-02
12056,Customer_12056,customer12056@example.com,9403837753,Bengaluru,Haryana,484096,Consumer,2026-06-29
12057,Customer_12057,customer12057@example.com,9718901371,Ahmedabad,Telangana,484096,Consumer,2022-01-15
12058,Customer_12058,customer12058@example.com,9960535970,Ludhiana,Karnataka,484096,Consumer,2022-09-16
12059,Customer_12059,customer12059@example.com,9233719871,Mumbai,Maharashtra,484096,Consumer,2023-12-24
12060,Customer_12060,customer12060@example.com,9607333616,Bengaluru,Kerala,484096,Consumer,2025-12-06
12061,Customer_12061,customer12061@example.com,9751404056,Jaipur,West Bengal,484096,Consumer,2025-07-06
12062,Customer_12062,customer12062@example.com,9609066763,Mumbai,Karnataka,484096,Consumer,2023-09-06
12063,Customer_12063,customer12063@example.com,9369510417,Jaipur,Telangana,484096,Consumer,2025-07-07
12064,Customer_12064,customer12064@example.com,9591164942,Gurugram,Karnataka,484096,Consumer,2026-08-22
12065,Customer_12065,customer12065@example.com,9285683482,Gurugram,West Bengal,484096,Corporate,2024-12-04
12066,Customer_12066,customer12066@example.com,9783955259,Bengaluru,Telangana,484096,Home Office,2024-03-23
12067,Customer_12067,customer12067@example.com,9896826029,Bengaluru,Telangana,484096,Consumer,2022-11-27
12068,Customer_12068,customer12068@example.com,9974890200,,Haryana,484096,Consumer,2022-06-14
12069,Customer_12069,customer12069@example.com,9609482640,Gurugram,Karnataka,484096,Home Office,2025-05-01
12070,Customer_12070,customer12070@example.com,9491548508,Ludhiana,Rajasthan,484096,Consumer,2026-03-25
12071,Customer_12071,customer12071@example.com,9214232628,Ludhiana,Delhi,484096,Consumer,2025-11-25
12072,Customer_12072,customer12072@example.com,9759956231,Hyderabad,Telangana,484096,Consumer,2025-10-29
12073,Customer_12073,customer12073@example.com,9189858638,Hyderabad,Karnataka,484096,Consumer,2024-12-24
12074,Customer_12074,customer12074@example.com,9974857498,Ahmedabad,Gujarat,484096,Consumer,2023-01-22
12075,Customer_12075,customer12075@example.com,9507090861,Gurugram,Uttar Pradesh,484096,Home Office,2026-02-27
12076,Customer_12076,customer12076@example.com,9230371121,Jaipur,Gujarat,484096,Consumer,2025-12-09
12077,Customer_12077,customer12077@example.com,9147347699,Jaipur,Karnataka,484096,Consumer,2024-11-19
12078,Customer_12078,customer12078@example.com,9176716230,Chennai,Maharashtra,484096,Home Office,2025-07-13
12079,Customer_12079,customer12079@example.com,9642112130,Mumbai,Maharashtra,484096,Consumer,2022-11-24
12080,Customer_12080,customer12080@example.com,9300995164,Kolkata,Karnataka,484096,Consumer,2026-02-24
12081,Customer_12081,customer12081@example.com,9663692479,Hyderabad,Haryana,484096,Consumer,2025-05-25
12082,Customer_12082,customer12082@example.com,9289700011,Bengaluru,Haryana,484096,Consumer,2022-11-16
12083,Customer_12083,customer12083@example.com,9239698868,Ahmedabad,Telangana,484096,Consumer,2023-02-03
12084,Customer_12084,customer12084@example.com,9795080471,Ludhiana,West Bengal,484096,Consumer,2022-04-15
12085,Customer_12085,customer12085@example.com,9833785915,Kolkata,Delhi,484096,Consumer,2023-11-27
12086,Customer_12086,customer12086@example.com,9601009282,Delhi,Telangana,484096,Corporate,2024-10-13
12087,Customer_12087,customer12087@example.com,9896539795,Ahmedabad,Gujarat,484096,Consumer,2022-11-26
12088,Customer_12088,customer12088@example.com,9299876141,Delhi,Punjab,484096,Consumer,2023-10-22
12089,Customer_12089,customer12089@example.com,9105290717,,Delhi,484096,Consumer,2026-06-29
12090,Customer_12090,customer12090@example.com,9603834829,Gurugram,Gujarat,484096,Consumer,2024-12-06
12091,Customer_12091,customer12091@example.com,9522312390,Delhi,Haryana,484096,Consumer,2023-08-22
12092,Customer_12092,customer12092@example.com,9637668880,Delhi,Karnataka,484096,Home Office,2024-03-31
12093,Customer_12093,customer12093@example.com,9560877693,Kochi,West Bengal,484096,Consumer,2023-10-03
12094,Customer_12094,customer12094@example.com,9896996843,Lucknow,Kerala,484096,Consumer,2022-11-10
12095,Customer_12095,customer12095@example.com,9874407907,Lucknow,Gujarat,484096,Corporate,2025-03-16
12096,Customer_12096,customer12096@example.com,9350880520,Lucknow,Haryana,484096,Consumer,2023-04-07
12097,Customer_12097,customer12097@example.com,9961247141,Gurugram,Kerala,484096,Consumer,2026-05-27
12098,Customer_12098,customer12098@example.com,9790740155,Kolkata,West Bengal,484096,Corporate,2023-05-01
12099,Customer_12099,customer12099@example.com,9375775294,Ahmedabad,Telangana,484096,Home Office,2026-08-03
12100,Customer_12100,customer12100@example.com,9750771157,Ahmedabad,Karnataka,484096,Corporate,2023-02-14
12101,Customer_12101,customer12101@example.com,9452064501,Bengaluru,Uttar Pradesh,484096,Consumer,2022-01-27
12102,Customer_12102,customer12102@example.com,9426097396,Lucknow,Maharashtra,484096,Consumer,2024-11-18
12103,Customer_12103,customer12103@example.com,9181576052,Gurugram,Tamil Nadu,484096,Corporate,2022-09-28
12104,Customer_12104,customer12104@example.com,9487680641,Bengaluru,West Bengal,484096,Consumer,2023-11-17
12105,Customer_12105,customer12105@example.com,9304264791,Mumbai,Kerala,484096,Consumer,2023-05-16
12106,Customer_12106,customer12106@example.com,9887038791,Bengaluru,Uttar Pradesh,484096,Home Office,2025-06-30
12107,Customer_12107,customer12107@example.com,9359252618,Kolkata,Uttar Pradesh,484096,Consumer,2023-01-20
12108,Customer_12108,customer12108@example.com,9981413836,Hyderabad,West Bengal,484096,Corporate,2022-03-01
12109,Customer_12109,customer12109@example.com,9742443984,Delhi,Uttar Pradesh,484096,Consumer,2025-02-04
12110,Customer_12110,customer12110@example.com,9149909831,Lucknow,Gujarat,484096,Consumer,2022-08-08
12111,Customer_12111,customer12111@example.com,9411157009,Kochi,Uttar Pradesh,484096,Consumer,2026-01-04
12112,Customer_12112,customer12112@example.com,9875055325,Hyderabad,Haryana,484096,Corporate,2024-02-10
12113,Customer_12113,customer12113@example.com,9712005183,Ludhiana,Delhi,484096,Consumer,2026-08-09
12114,Customer_12114,customer12114@example.com,9725111377,Bengaluru,Gujarat,484096,Consumer,2023-07-18
12115,Customer_12115,customer12115@example.com,9529584990,Gurugram,Uttar Pradesh,484096,Corporate,2026-05-15
12116,Customer_12116,customer12116@example.com,9278939423,Delhi,Telangana,484096,Corporate,2023-06-30
12117,Customer_12117,customer12117@example.com,9774240522,Ahmedabad,Maharashtra,484096,Home Office,2022-04-06
12118,Customer_12118,customer12118@example.com,9937440812,Jaipur,Karnataka,484096,Consumer,2024-09-15
12119,Customer_12119,customer12119@example.com,9130319320,Delhi,Kerala,484096,Consumer,2025-01-17
12120,Customer_12120,customer12120@example.com,9572972064,Kolkata,Uttar Pradesh,484096,Home Office,2024-04-07
12121,Customer_12121,customer12121@example.com,9970369275,Ludhiana,Rajasthan,484096,Consumer,2022-08-19
12122,Customer_12122,customer12122@example.com,9228208997,Kolkata,Maharashtra,484096,Consumer,2024-08-25
12123,Customer_12123,customer12123@example.com,9777825960,Bengaluru,Telangana,484096,Consumer,2022-10-02
12124,Customer_12124,customer12124@example.com,9270161543,Mumbai,Haryana,484096,Corporate,2022-09-03
12125,Customer_12125,customer12125@example.com,9550671703,Kolkata,Uttar Pradesh,484096,Consumer,2022-04-21
12126,Customer_12126,customer12126@example.com,9726730536,Kolkata,Kerala,484096,Corporate,2022-08-22
12127,Customer_12127,customer12127@example.com,9541489995,Gurugram,Haryana,484096,Consumer,2025-07-25
12128,Customer_12128,customer12128@example.com,9404532525,Bengaluru,Uttar Pradesh,484096,Consumer,2026-02-09
12129,Customer_12129,customer12129@example.com,9712013727,Delhi,Tamil Nadu,484096,Consumer,2023-02-21
12130,Customer_12130,customer12130@example.com,9178888398,Mumbai,Delhi,484096,Consumer,2023-11-09
12131,Customer_12131,customer12131@example.com,9607475029,Hyderabad,Haryana,484096,Consumer,2025-02-25
12132,Customer_12132,customer12132@example.com,9969580435,Jaipur,Delhi,484096,Consumer,2025-06-14
12133,Customer_12133,customer12133@example.com,9512388000,Lucknow,Maharashtra,484096,Consumer,2024-03-13
12134,Customer_12134,customer12134@example.com,9356189129,Ahmedabad,Punjab,484096,Corporate,2023-09-11
12135,Customer_12135,customer12135@example.com,9210830503,Kolkata,Tamil Nadu,484096,Corporate,2025-02-25
12136,Customer_12136,customer12136@example.com,9141965471,Bengaluru,Karnataka,484096,Corporate,2023-12-08
12137,Customer_12137,customer12137@example.com,9921358833,Lucknow,Gujarat,484096,Consumer,2024-04-30
12138,Customer_12138,customer12138@example.com,9428398843,Ahmedabad,Delhi,484096,Consumer,2025-11-18
12139,Customer_12139,customer12139@example.com,9411025504,Ahmedabad,Tamil Nadu,484096,Consumer,2023-04-20
12140,Customer_12140,customer12140@example.com,9176070913,Hyderabad,Punjab,484096,Home Office,2023-10-17
12141,Customer_12141,customer12141@example.com,9247069152,Hyderabad,Kerala,484096,Corporate,2023-01-30
12142,Customer_12142,customer12142@example.com,9477383712,Hyderabad,Delhi,484096,Corporate,2022-04-21
12143,Customer_12143,customer12143@example.com,9669226984,Kochi,West Bengal,484096,Consumer,2022-03-31
12144,Customer_12144,customer12144@example.com,9532189388,Chennai,Telangana,484096,Consumer,2024-02-02
12145,Customer_12145,customer12145@example.com,9454371485,Chennai,Karnataka,484096,Consumer,2025-07-27
12146,Customer_12146,customer12146@example.com,9242606240,Ahmedabad,Telangana,484096,Consumer,2025-09-18
12147,Customer_12147,customer12147@example.com,9420035404,Hyderabad,Kerala,484096,Consumer,2025-06-01
12148,Customer_12148,customer12148@example.com,9437492083,Gurugram,Uttar Pradesh,484096,Home Office,2025-01-29
12149,Customer_12149,customer12149@example.com,9563003289,Kolkata,Delhi,484096,Consumer,2022-05-12
12150,Customer_12150,customer12150@example.com,9731030677,Lucknow,Uttar Pradesh,484096,Consumer,2024-11-02
12151,Customer_12151,customer12151@example.com,9409644390,Lucknow,Rajasthan,484096,Consumer,2023-04-02
12152,Customer_12152,customer12152@example.com,9670009793,Chennai,Delhi,484096,Home Office,2026-01-04
12153,Customer_12153,customer12153@example.com,9390085734,Ahmedabad,Tamil Nadu,484096,Consumer,2022-04-08
12154,Customer_12154,customer12154@example.com,9962683225,Bengaluru,Karnataka,484096,Corporate,2025-02-17
12155,Customer_12155,customer12155@example.com,9913745837,Delhi,Uttar Pradesh,484096,Home Office,2022-10-20
12156,Customer_12156,customer12156@example.com,9929761657,Delhi,Delhi,484096,Consumer,2024-10-21
12157,Customer_12157,customer12157@example.com,9317268209,Chennai,Rajasthan,484096,Consumer,2023-07-26
12158,Customer_12158,customer12158@example.com,9406835598,Bengaluru,Telangana,484096,Consumer,2022-09-07
12159,Customer_12159,customer12159@example.com,9959638753,Kochi,Tamil Nadu,484096,Consumer,2023-10-14
12160,Customer_12160,customer12160@example.com,9276881769,Kochi,West Bengal,484096,Corporate,2022-05-29
12161,Customer_12161,customer12161@example.com,9819332214,Chennai,Delhi,484096,Corporate,2025-11-19
12162,Customer_12162,customer12162@example.com,9831799979,Delhi,West Bengal,484096,Consumer,2022-02-13
12163,Customer_12163,customer12163@example.com,9549115440,Bengaluru,Maharashtra,484096,Consumer,2026-07-02
12164,Customer_12164,customer12164@example.com,9965650535,Hyderabad,Kerala,484096,Consumer,2024-12-03
12165,Customer_12165,customer12165@example.com,9685963466,Ahmedabad,Karnataka,484096,Consumer,2025-01-06
12166,Customer_12166,customer12166@example.com,9633520700,Lucknow,Delhi,484096,Consumer,2025-06-03
12167,Customer_12167,customer12167@example.com,9986806466,Gurugram,Haryana,484096,Consumer,2022-06-11
12168,Customer_12168,customer12168@example.com,9728015738,Mumbai,Rajasthan,484096,Consumer,2022-09-10
12169,Customer_12169,,9235661445,Ahmedabad,Uttar Pradesh,484096,Corporate,2022-05-12
12170,Customer_12170,customer12170@example.com,9507062536,Hyderabad,Punjab,484096,Consumer,2026-01-11
12171,Customer_12171,customer12171@example.com,9899775493,Ludhiana,Haryana,484096,Consumer,2023-04-19
12172,Customer_12172,customer12172@example.com,9600812872,Delhi,Maharashtra,484096,Consumer,2026-08-07
12173,Customer_12173,customer12173@example.com,9323214950,Hyderabad,Karnataka,484096,Home Office,2025-02-06
12174,Customer_12174,customer12174@example.com,9585091550,Ludhiana,Telangana,484096,Consumer,2023-12-07
12175,Customer_12175,customer12175@example.com,9277366431,Chennai,Tamil Nadu,484096,Consumer,2024-11-24
12176,Customer_12176,customer12176@example.com,9309748520,Bengaluru,West Bengal,484096,Consumer,2026-01-30
12177,Customer_12177,customer12177@example.com,9997908081,Lucknow,Maharashtra,484096,Corporate,2022-10-02
12178,Customer_12178,customer12178@example.com,9895435723,Kolkata,Uttar Pradesh,484096,Consumer,2022-07-06
12179,Customer_12179,customer12179@example.com,9619558407,Chennai,Tamil Nadu,484096,Corporate,2024-08-06
12180,Customer_12180,customer12180@example.com,9947613767,Ahmedabad,Telangana,484096,Home Office,2022-08-31
12181,Customer_12181,customer12181@example.com,9638179419,Chennai,Uttar Pradesh,484096,Corporate,2022-09-21
12182,Customer_12182,customer12182@example.com,9322170429,Ahmedabad,Rajasthan,484096,Consumer,2023-06-06
12183,Customer_12183,customer12183@example.com,9243549523,Kolkata,West Bengal,484096,Consumer,2024-08-20
12184,Customer_12184,customer12184@example.com,9484185661,Jaipur,Punjab,484096,Consumer,2026-04-14
12185,Customer_12185,customer12185@example.com,9582144366,Ludhiana,Haryana,484096,Home Office,2024-02-22
12186,Customer_12186,customer12186@example.com,9378421754,Lucknow,Delhi,484096,Consumer,2025-01-15
12187,Customer_12187,customer12187@example.com,9444090630,Gurugram,Maharashtra,484096,Consumer,2023-06-19
12188,Customer_12188,customer12188@example.com,9790717130,Gurugram,Kerala,484096,Corporate,2022-07-29
12189,Customer_12189,customer12189@example.com,9721982803,Ludhiana,Delhi,484096,Consumer,2022-02-15
12190,Customer_12190,customer12190@example.com,9327639503,Mumbai,Punjab,484096,Consumer,2026-01-30
12191,Customer_12191,customer12191@example.com,9304407683,Hyderabad,Tamil Nadu,484096,Consumer,2026-04-13
12192,Customer_12192,customer12192@example.com,9518655621,Jaipur,Delhi,484096,Consumer,2022-01-26
12193,Customer_12193,customer12193@example.com,9389041721,Ludhiana,Haryana,484096,Corporate,2025-07-13
12194,Customer_12194,customer12194@example.com,9245309717,Gurugram,Gujarat,484096,Consumer,2022-06-24
12195,Customer_12195,customer12195@example.com,9968950425,Chennai,Tamil Nadu,484096,Consumer,2026-03-20
12196,Customer_12196,customer12196@example.com,9716661506,Hyderabad,West Bengal,484096,Consumer,2025-08-27
12197,Customer_12197,customer12197@example.com,9275037566,Jaipur,Uttar Pradesh,484096,Corporate,2022-11-18
12198,Customer_12198,customer12198@example.com,9213398568,Bengaluru,Punjab,484096,Corporate,2026-05-22
12199,Customer_12199,customer12199@example.com,9804372411,Bengaluru,West Bengal,484096,Consumer,2025-03-04
12200,Customer_12200,customer12200@example.com,9910061837,Hyderabad,Delhi,484096,Consumer,2022-02-24
12201,Customer_12201,customer12201@example.com,9450598090,Ludhiana,Karnataka,484096,Consumer,2026-04-16
12202,Customer_12202,customer12202@example.com,9359210229,Ahmedabad,Tamil Nadu,484096,Home Office,2026-05-29
12203,Customer_12203,customer12203@example.com,9500628747,Ahmedabad,Punjab,484096,Consumer,2026-04-04
12204,Customer_12204,customer12204@example.com,9745508619,Chennai,Uttar Pradesh,484096,Corporate,2025-03-25
12205,Customer_12205,customer12205@example.com,9785239180,Jaipur,Telangana,484096,Consumer,2023-10-30
12206,Customer_12206,customer12206@example.com,9623056428,Jaipur,Rajasthan,484096,Consumer,2022-05-27
12207,Customer_12207,customer12207@example.com,9597108210,Hyderabad,West Bengal,484096,Consumer,2026-02-17
12208,Customer_12208,customer12208@example.com,9439377298,Delhi,West Bengal,484096,Home Office,2023-08-22
12209,Customer_12209,customer12209@example.com,9473214563,Bengaluru,Tamil Nadu,484096,Consumer,2022-01-20
12210,Customer_12210,customer12210@example.com,9882190471,Jaipur,Karnataka,484096,Home Office,2025-07-16
12211,Customer_12211,customer12211@example.com,9623267804,Hyderabad,Delhi,484096,Consumer,2022-11-29
12212,Customer_12212,customer12212@example.com,9270503798,Kolkata,Punjab,484096,Consumer,2026-04-28
12213,Customer_12213,customer12213@example.com,9888793652,Mumbai,Delhi,484096,Consumer,2024-06-25
12214,Customer_12214,customer12214@example.com,9781644726,Kolkata,Tamil Nadu,484096,Corporate,2024-08-01
12215,Customer_12215,customer12215@example.com,9287525407,Lucknow,West Bengal,484096,Consumer,2024-06-29
12216,Customer_12216,customer12216@example.com,9794378283,Ludhiana,Uttar Pradesh,484096,Home Office,2023-02-05
12217,Customer_12217,customer12217@example.com,9337784657,Chennai,Punjab,484096,Home Office,2024-08-07
12218,Customer_12218,customer12218@example.com,9189597893,Jaipur,Rajasthan,484096,Home Office,2025-08-22
12219,Customer_12219,customer12219@example.com,9758259666,Lucknow,Punjab,484096,Consumer,2022-01-28
12220,Customer_12220,customer12220@example.com,9453538596,Gurugram,Tamil Nadu,484096,Corporate,2023-04-12
12221,Customer_12221,customer12221@example.com,9282444343,Lucknow,Uttar Pradesh,484096,Corporate,2025-07-07
12222,Customer_12222,customer12222@example.com,9745643906,Hyderabad,Kerala,484096,Consumer,2026-04-07
12223,Customer_12223,customer12223@example.com,9450153627,Jaipur,Uttar Pradesh,484096,Consumer,2024-09-08
12224,Customer_12224,customer12224@example.com,9957028297,Mumbai,Telangana,484096,Consumer,2022-04-11
12225,Customer_12225,customer12225@example.com,9758252530,Ludhiana,Punjab,484096,Consumer,2023-07-05
12226,Customer_12226,customer12226@example.com,9874074402,Hyderabad,Punjab,484096,Consumer,2024-03-12
12227,Customer_12227,customer12227@example.com,9410089820,Hyderabad,Haryana,484096,Consumer,2022-12-19
12228,Customer_12228,customer12228@example.com,9823271605,Chennai,Gujarat,484096,Consumer,2025-08-16
12229,Customer_12229,customer12229@example.com,9231651518,Chennai,Rajasthan,484096,Consumer,2022-10-23
12230,Customer_12230,customer12230@example.com,9974362062,Bengaluru,Maharashtra,484096,Consumer,2022-12-19
12231,Customer_12231,customer12231@example.com,9132997728,Bengaluru,Karnataka,484096,Consumer,2024-06-26
12232,Customer_12232,customer12232@example.com,9488490118,Ahmedabad,Gujarat,484096,Consumer,2025-02-27
12233,Customer_12233,customer12233@example.com,9848154672,Delhi,Telangana,484096,Consumer,2024-10-15
12234,Customer_12234,customer12234@example.com,9607976541,Jaipur,Punjab,484096,Consumer,2025-03-25
12235,Customer_12235,customer12235@example.com,9812566713,Jaipur,Rajasthan,484096,Consumer,2025-01-02
12236,Customer_12236,customer12236@example.com,9513370391,Kochi,Delhi,484096,Consumer,2025-09-27
12237,Customer_12237,customer12237@example.com,9853738131,Lucknow,Gujarat,484096,Corporate,2026-01-28
12238,Customer_12238,customer12238@example.com,9653040676,Jaipur,Delhi,484096,Consumer,2025-01-18
12239,Customer_12239,customer12239@example.com,9512037635,Jaipur,Karnataka,484096,Corporate,2026-05-22
12240,Customer_12240,customer12240@example.com,9619857515,Delhi,Delhi,484096,Consumer,2023-03-31
12241,Customer_12241,customer12241@example.com,9176123517,Gurugram,Karnataka,484096,Consumer,2023-12-13
12242,Customer_12242,customer12242@example.com,9120808635,Bengaluru,Rajasthan,484096,Consumer,2024-09-06
12243,Customer_12243,customer12243@example.com,9272267671,Bengaluru,Kerala,484096,Consumer,2025-09-17
12244,Customer_12244,customer12244@example.com,9285974321,Mumbai,West Bengal,484096,Corporate,2024-01-09
12245,Customer_12245,customer12245@example.com,9602646448,Jaipur,Karnataka,484096,Consumer,2024-09-03
12246,Customer_12246,customer12246@example.com,9160111794,Delhi,Uttar Pradesh,484096,Consumer,2025-10-03
12247,Customer_12247,customer12247@example.com,9437908319,Ludhiana,Maharashtra,484096,Consumer,2022-08-21
12248,Customer_12248,customer12248@example.com,9478207848,Bengaluru,Maharashtra,484096,Consumer,2026-06-10
12249,Customer_12249,customer12249@example.com,9910097059,Delhi,Tamil Nadu,484096,Home Office,2024-10-20
12250,Customer_12250,customer12250@example.com,9226248185,Kolkata,Maharashtra,484096,Corporate,2022-04-12
12251,Customer_12251,customer12251@example.com,9724982881,Gurugram,Tamil Nadu,484096,Consumer,2024-08-10
12252,Customer_12252,customer12252@example.com,9556077027,Jaipur,Punjab,484096,Consumer,2023-04-26
12253,Customer_12253,customer12253@example.com,9630098753,Mumbai,Maharashtra,484096,Consumer,2025-05-22
12254,Customer_12254,customer12254@example.com,9519719502,Lucknow,Karnataka,484096,Corporate,2022-04-18
12255,Customer_12255,customer12255@example.com,9747259553,Bengaluru,Uttar Pradesh,484096,Consumer,2025-04-03
12256,Customer_12256,customer12256@example.com,9284495011,Kolkata,West Bengal,484096,Consumer,2024-08-30
12257,Customer_12257,customer12257@example.com,9837535749,Ludhiana,Delhi,484096,Home Office,2026-06-15
12258,Customer_12258,customer12258@example.com,9765760038,Delhi,Telangana,484096,Consumer,2023-12-05
12259,Customer_12259,customer12259@example.com,9215224489,Chennai,Maharashtra,484096,Consumer,2022-12-01
12260,Customer_12260,customer12260@example.com,9496641650,Hyderabad,West Bengal,484096,Home Office,2022-03-27
12261,Customer_12261,customer12261@example.com,9245404089,Jaipur,West Bengal,484096,Consumer,2024-01-04
12262,Customer_12262,customer12262@example.com,9797345269,Jaipur,Karnataka,484096,Consumer,2024-05-24
12263,Customer_12263,customer12263@example.com,9568800124,Kolkata,Rajasthan,484096,Consumer,2025-12-18
12264,Customer_12264,customer12264@example.com,9674869122,Delhi,Rajasthan,484096,Consumer,2026-06-25
12265,Customer_12265,customer12265@example.com,9628137452,Ahmedabad,Maharashtra,484096,Consumer,2022-12-30
12266,Customer_12266,customer12266@example.com,9665046823,Jaipur,Kerala,484096,Home Office,2022-03-01
12267,Customer_12267,customer12267@example.com,9469358868,Ahmedabad,Telangana,484096,Consumer,2026-02-14
12268,Customer_12268,customer12268@example.com,9665078882,Ludhiana,Maharashtra,484096,Corporate,2025-06-27
12269,Customer_12269,customer12269@example.com,9211670041,Chennai,Maharashtra,484096,Home Office,2023-07-14
12270,Customer_12270,customer12270@example.com,9767052131,Kolkata,Tamil Nadu,484096,Consumer,2022-04-27
12271,Customer_12271,customer12271@example.com,9783039471,Delhi,Uttar Pradesh,484096,Consumer,2024-05-23
12272,Customer_12272,customer12272@example.com,9537465565,Delhi,Uttar Pradesh,484096,Consumer,2024-07-03
12273,Customer_12273,customer12273@example.com,9871733078,Kochi,Telangana,484096,Home Office,2024-08-25
12274,Customer_12274,customer12274@example.com,9669257257,Ludhiana,Tamil Nadu,484096,Corporate,2024-09-25
12275,Customer_12275,customer12275@example.com,9627630861,Ludhiana,West Bengal,484096,Consumer,2026-04-18
12276,Customer_12276,customer12276@example.com,9154181889,Gurugram,Punjab,484096,Corporate,2022-02-13
12277,Customer_12277,customer12277@example.com,9877290102,Hyderabad,Tamil Nadu,484096,Consumer,2023-05-24
12278,Customer_12278,customer12278@example.com,9800213540,Bengaluru,Maharashtra,484096,Home Office,2025-04-03
12279,Customer_12279,customer12279@example.com,9548330564,Bengaluru,Rajasthan,484096,Consumer,2025-10-23
12280,Customer_12280,customer12280@example.com,9396923045,Kochi,Gujarat,484096,Consumer,2025-08-08
12281,Customer_12281,customer12281@example.com,9903869224,Lucknow,Telangana,484096,Home Office,2024-04-28
12282,Customer_12282,customer12282@example.com,9518301429,Mumbai,West Bengal,484096,Consumer,2024-07-05
12283,Customer_12283,customer12283@example.com,9618616891,Kolkata,Karnataka,484096,Consumer,2024-06-16
12284,Customer_12284,customer12284@example.com,9765809276,Chennai,Gujarat,484096,Consumer,2024-03-09
12285,Customer_12285,customer12285@example.com,9938829678,Delhi,Gujarat,484096,Consumer,2024-05-25
12286,Customer_12286,customer12286@example.com,9499081485,Hyderabad,Tamil Nadu,484096,Consumer,2022-10-13
12287,Customer_12287,customer12287@example.com,9163640055,Ahmedabad,Delhi,484096,Home Office,2025-05-12
12288,Customer_12288,customer12288@example.com,9441084390,Kolkata,Gujarat,484096,Consumer,2023-11-15
12289,Customer_12289,customer12289@example.com,9569153752,Lucknow,Maharashtra,484096,Consumer,2026-03-28
12290,Customer_12290,customer12290@example.com,9798453075,Kolkata,Haryana,484096,Corporate,2024-03-29
12291,Customer_12291,customer12291@example.com,9499220865,Lucknow,Rajasthan,484096,Consumer,2022-05-01
12292,Customer_12292,customer12292@example.com,9509145062,Delhi,Punjab,484096,Consumer,2024-08-02
12293,Customer_12293,customer12293@example.com,9802329669,Mumbai,Rajasthan,484096,Corporate,2026-08-15
12294,Customer_12294,customer12294@example.com,9753364368,Lucknow,Haryana,484096,Home Office,2026-08-15
12295,Customer_12295,customer12295@example.com,9705940602,Delhi,Uttar Pradesh,484096,Consumer,2024-10-14
12296,Customer_12296,customer12296@example.com,9366923864,Delhi,Maharashtra,484096,Corporate,2025-04-26
12297,Customer_12297,customer12297@example.com,9740147483,Mumbai,Karnataka,484096,Consumer,2024-06-25
12298,Customer_12298,customer12298@example.com,9134932801,Bengaluru,Gujarat,484096,Home Office,2022-01-13
12299,Customer_12299,customer12299@example.com,9563797410,Kolkata,Uttar Pradesh,484096,Consumer,2023-08-26
12300,Customer_12300,customer12300@example.com,9773178852,Kochi,Maharashtra,484096,Corporate,2022-07-19
12301,Customer_12301,customer12301@example.com,9138785284,Jaipur,Tamil Nadu,484096,Consumer,2023-08-09
12302,Customer_12302,customer12302@example.com,9422938878,Jaipur,Rajasthan,484096,Home Office,2026-01-19
12303,Customer_12303,customer12303@example.com,9479729344,Kochi,Uttar Pradesh,484096,Corporate,2023-03-24
12304,Customer_12304,customer12304@example.com,9200816295,Ahmedabad,Telangana,484096,Corporate,2024-04-20
12305,Customer_12305,customer12305@example.com,9523973323,Ludhiana,Gujarat,484096,Consumer,2024-12-30
12306,Customer_12306,customer12306@example.com,9662098103,Ahmedabad,Gujarat,484096,Consumer,2023-08-13
12307,Customer_12307,customer12307@example.com,9729898915,Ludhiana,Karnataka,484096,Consumer,2025-02-27
12308,Customer_12308,customer12308@example.com,9975269422,Kochi,Delhi,484096,Corporate,2024-06-07
12309,Customer_12309,customer12309@example.com,9674278665,Jaipur,Telangana,484096,Consumer,2022-02-12
12310,Customer_12310,customer12310@example.com,9415666114,Chennai,Gujarat,484096,Home Office,2023-06-04
12311,Customer_12311,customer12311@example.com,9924738421,Jaipur,West Bengal,484096,Home Office,2024-11-02
12312,Customer_12312,customer12312@example.com,9829104653,Ahmedabad,Telangana,484096,Consumer,2023-12-26
12313,Customer_12313,customer12313@example.com,9447417167,Hyderabad,Gujarat,484096,Corporate,2023-09-15
12314,Customer_12314,customer12314@example.com,9184928457,Kochi,Haryana,484096,Consumer,2024-09-14
12315,Customer_12315,customer12315@example.com,9953743196,Ahmedabad,Telangana,484096,Consumer,2024-03-13
12316,Customer_12316,customer12316@example.com,9473675785,Chennai,Maharashtra,484096,Consumer,2023-06-19
12317,Customer_12317,customer12317@example.com,9827526219,Kolkata,Telangana,484096,Consumer,2022-10-29
12318,Customer_12318,customer12318@example.com,9438801501,Ludhiana,Punjab,484096,Corporate,2023-06-11
12319,Customer_12319,customer12319@example.com,9726019688,Jaipur,Karnataka,484096,Consumer,2026-07-24
12320,Customer_12320,customer12320@example.com,9876905984,Mumbai,Tamil Nadu,484096,Consumer,2026-05-16
12321,Customer_12321,customer12321@example.com,9956561796,Hyderabad,Tamil Nadu,484096,Corporate,2025-02-12
12322,Customer_12322,customer12322@example.com,9477460487,Delhi,Tamil Nadu,484096,Corporate,2023-04-05
12323,Customer_12323,customer12323@example.com,9603133866,Chennai,Maharashtra,484096,Consumer,2024-04-11
12324,Customer_12324,customer12324@example.com,9952909003,Ahmedabad,Uttar Pradesh,484096,Home Office,2023-05-20
12325,Customer_12325,customer12325@example.com,9988101376,Ludhiana,Tamil Nadu,484096,Consumer,2025-08-24
12326,Customer_12326,customer12326@example.com,9110856760,Mumbai,Punjab,484096,Consumer,2024-07-20
12327,Customer_12327,customer12327@example.com,9817439551,Lucknow,Rajasthan,484096,Consumer,2022-11-21
12328,Customer_12328,customer12328@example.com,9569228405,Bengaluru,Maharashtra,484096,Consumer,2023-08-02
12329,Customer_12329,customer12329@example.com,9819919059,Jaipur,Uttar Pradesh,484096,Home Office,2024-01-31
12330,Customer_12330,customer12330@example.com,9655590939,Bengaluru,Rajasthan,484096,Consumer,2025-04-13
12331,Customer_12331,customer12331@example.com,9257502584,Chennai,Rajasthan,484096,Corporate,2024-04-30
12332,Customer_12332,customer12332@example.com,9553282922,Lucknow,Rajasthan,484096,Consumer,2026-03-18
12333,Customer_12333,customer12333@example.com,9558410670,Lucknow,West Bengal,484096,Consumer,2025-04-10
12334,Customer_12334,customer12334@example.com,9803535076,Lucknow,Karnataka,484096,Home Office,2024-08-17
12335,Customer_12335,customer12335@example.com,9243932619,Delhi,Karnataka,484096,Corporate,2023-05-17
12336,Customer_12336,customer12336@example.com,9236538416,Chennai,Maharashtra,484096,Consumer,2022-11-30
12337,Customer_12337,customer12337@example.com,9504458992,Kolkata,Punjab,484096,Consumer,2022-10-11
12338,Customer_12338,customer12338@example.com,9982124407,Bengaluru,Punjab,484096,Consumer,2023-04-20
12339,Customer_12339,customer12339@example.com,9339101483,Kolkata,Punjab,484096,Consumer,2024-12-13
12340,Customer_12340,customer12340@example.com,9943396919,Mumbai,Rajasthan,484096,Corporate,2026-01-21
12341,Customer_12341,customer12341@example.com,9466594203,Gurugram,Kerala,484096,Corporate,2026-05-22
12342,Customer_12342,customer12342@example.com,9590554734,Hyderabad,Haryana,484096,Consumer,2025-12-14
12343,Customer_12343,customer12343@example.com,9607971278,Hyderabad,Telangana,484096,Home Office,2026-06-26
12344,Customer_12344,customer12344@example.com,9349710469,Kolkata,Uttar Pradesh,484096,Consumer,2023-09-24
12345,Customer_12345,customer12345@example.com,9984081259,Gurugram,Karnataka,484096,Consumer,2023-12-04
12346,Customer_12346,customer12346@example.com,9271394298,Gurugram,Kerala,484096,Consumer,2023-02-13
12347,Customer_12347,customer12347@example.com,9580691132,Jaipur,Tamil Nadu,484096,Consumer,2024-09-08
12348,Customer_12348,customer12348@example.com,9246835347,Mumbai,Maharashtra,484096,Consumer,2025-08-20
12349,Customer_12349,customer12349@example.com,9184823921,Chennai,Uttar Pradesh,484096,Consumer,2023-07-13
12350,Customer_12350,customer12350@example.com,9345186177,Gurugram,Maharashtra,484096,Consumer,2022-08-10
12351,Customer_12351,customer12351@example.com,9628155592,Ahmedabad,Haryana,484096,Consumer,2026-04-06
12352,Customer_12352,customer12352@example.com,9233872126,Kochi,West Bengal,484096,Corporate,2022-06-07
12353,Customer_12353,customer12353@example.com,9901465363,Hyderabad,West Bengal,484096,Consumer,2022-12-14
12354,Customer_12354,customer12354@example.com,9322036249,Ahmedabad,Rajasthan,484096,Consumer,2025-03-28
12355,Customer_12355,customer12355@example.com,9268979228,Mumbai,West Bengal,484096,Corporate,2024-06-07
12356,Customer_12356,customer12356@example.com,9701308160,Gurugram,Maharashtra,484096,Home Office,2024-07-10
12357,Customer_12357,customer12357@example.com,9624458102,Bengaluru,Tamil Nadu,484096,Home Office,2025-06-12
12358,Customer_12358,customer12358@example.com,9968438213,Hyderabad,Rajasthan,484096,Consumer,2023-10-24
12359,Customer_12359,customer12359@example.com,9873138916,Jaipur,Gujarat,484096,Consumer,2023-02-09
12360,Customer_12360,customer12360@example.com,9889737204,Ludhiana,Punjab,484096,Consumer,2025-07-04
12361,Customer_12361,customer12361@example.com,9480343354,Jaipur,Uttar Pradesh,484096,Consumer,2023-11-08
12362,Customer_12362,customer12362@example.com,9384138308,Kochi,Haryana,484096,Home Office,2023-08-12
12363,Customer_12363,customer12363@example.com,9543708576,Lucknow,Rajasthan,484096,Consumer,2026-06-09
12364,Customer_12364,customer12364@example.com,9131073264,Ludhiana,Maharashtra,484096,Consumer,2023-07-12
12365,Customer_12365,customer12365@example.com,9463657906,Delhi,Uttar Pradesh,484096,Consumer,2024-06-23
12366,Customer_12366,customer12366@example.com,9278554061,Gurugram,Tamil Nadu,484096,Consumer,2024-12-06
12367,Customer_12367,customer12367@example.com,9908346635,Mumbai,Delhi,484096,Corporate,2025-05-21
12368,Customer_12368,customer12368@example.com,9737129193,Hyderabad,Haryana,484096,Consumer,2023-04-24
12369,Customer_12369,customer12369@example.com,9732987923,Delhi,Maharashtra,484096,Consumer,2023-05-02
12370,Customer_12370,customer12370@example.com,9898725370,Mumbai,Haryana,484096,Consumer,2026-05-14
12371,Customer_12371,customer12371@example.com,9121217066,Kochi,Karnataka,484096,Consumer,2023-07-20
12372,Customer_12372,customer12372@example.com,9174645629,Kolkata,Delhi,484096,Consumer,2025-09-27
12373,Customer_12373,customer12373@example.com,9966775009,Gurugram,Uttar Pradesh,484096,Consumer,2023-06-08
12374,Customer_12374,customer12374@example.com,9414093784,Chennai,West Bengal,484096,Consumer,2023-12-05
12375,Customer_12375,customer12375@example.com,9697515569,Chennai,Maharashtra,484096,Corporate,2026-03-07
12376,Customer_12376,customer12376@example.com,9606455224,Gurugram,Haryana,484096,Home Office,2024-10-26
12377,Customer_12377,customer12377@example.com,9444079398,Ludhiana,Uttar Pradesh,484096,Home Office,2024-03-31
12378,Customer_12378,customer12378@example.com,9979351006,Lucknow,West Bengal,484096,Home Office,2025-03-13
12379,Customer_12379,customer12379@example.com,9118144439,Lucknow,Tamil Nadu,484096,Consumer,2024-05-07
12380,Customer_12380,customer12380@example.com,9166984430,Ludhiana,Tamil Nadu,484096,Consumer,2025-07-08
12381,Customer_12381,customer12381@example.com,9193329834,Chennai,Haryana,484096,Consumer,2023-08-08
12382,Customer_12382,customer12382@example.com,9497943702,Bengaluru,Rajasthan,484096,Home Office,2023-11-17
12383,Customer_12383,customer12383@example.com,9816676523,Ludhiana,Karnataka,484096,Home Office,2022-08-20
12384,Customer_12384,customer12384@example.com,9238491173,Hyderabad,Rajasthan,484096,Home Office,2022-09-27
12385,Customer_12385,customer12385@example.com,9699797587,Chennai,Karnataka,484096,Consumer,2024-07-28
12386,Customer_12386,customer12386@example.com,9640055702,Bengaluru,Maharashtra,484096,Home Office,2026-01-10
12387,Customer_12387,customer12387@example.com,9228735615,Kochi,Punjab,484096,Consumer,2024-05-23
12388,Customer_12388,customer12388@example.com,9670005117,Delhi,Gujarat,484096,Consumer,2025-05-30
12389,Customer_12389,customer12389@example.com,9348807212,Bengaluru,Haryana,484096,Consumer,2022-02-21
12390,Customer_12390,customer12390@example.com,9716509747,Delhi,Telangana,484096,Consumer,2022-04-26
12391,Customer_12391,customer12391@example.com,9979097167,Mumbai,Punjab,484096,Consumer,2023-06-22
12392,Customer_12392,customer12392@example.com,9915269809,Ahmedabad,Kerala,484096,Consumer,2026-05-08
12393,Customer_12393,customer12393@example.com,9966953961,Mumbai,Haryana,484096,Consumer,2023-06-25
12394,Customer_12394,customer12394@example.com,9844886646,Chennai,Delhi,484096,Consumer,2024-11-08
12395,Customer_12395,customer12395@example.com,9797424903,Delhi,West Bengal,484096,Home Office,2024-03-25
12396,Customer_12396,customer12396@example.com,9908953172,Chennai,Delhi,484096,Corporate,2025-11-16
12397,Customer_12397,customer12397@example.com,9503300480,Ludhiana,Tamil Nadu,484096,Consumer,2024-03-01
12398,Customer_12398,customer12398@example.com,9841320455,Gurugram,Karnataka,484096,Corporate,2026-07-11
12399,Customer_12399,customer12399@example.com,9770718620,Hyderabad,West Bengal,484096,Home Office,2023-09-10
12400,Customer_12400,customer12400@example.com,9932150879,Jaipur,Punjab,484096,Consumer,2023-02-23
12401,Customer_12401,customer12401@example.com,9607417092,Chennai,Tamil Nadu,484096,Consumer,2022-11-05
12402,Customer_12402,customer12402@example.com,9860852565,Hyderabad,West Bengal,484096,Consumer,2024-05-13
12403,Customer_12403,customer12403@example.com,9122791342,Ludhiana,Rajasthan,484096,Consumer,2022-07-05
12404,Customer_12404,customer12404@example.com,9927322145,Bengaluru,Tamil Nadu,484096,Corporate,2022-09-18
12405,Customer_12405,customer12405@example.com,9794205632,Ludhiana,Rajasthan,484096,Home Office,2026-04-01
12406,Customer_12406,customer12406@example.com,9478452278,Kochi,Rajasthan,484096,Consumer,2025-07-20
12407,Customer_12407,customer12407@example.com,9935861721,Mumbai,West Bengal,484096,Corporate,2022-06-09
12408,Customer_12408,,9633850538,Bengaluru,Uttar Pradesh,484096,Home Office,2024-05-19
12409,Customer_12409,customer12409@example.com,9887044297,Jaipur,Delhi,484096,Home Office,2024-02-01
12410,Customer_12410,customer12410@example.com,9175230621,Delhi,Tamil Nadu,484096,Consumer,2022-08-12
12411,Customer_12411,customer12411@example.com,9606150032,Gurugram,Telangana,484096,Home Office,2025-07-03
12412,Customer_12412,customer12412@example.com,9447364889,Hyderabad,Uttar Pradesh,484096,Consumer,2022-06-29
12413,Customer_12413,customer12413@example.com,9610692999,Gurugram,Kerala,484096,Consumer,2022-01-20
12414,Customer_12414,customer12414@example.com,9592241198,Ahmedabad,Delhi,484096,Consumer,2026-07-06
12415,Customer_12415,customer12415@example.com,9403266535,Ludhiana,Tamil Nadu,484096,Consumer,2023-09-24
12416,Customer_12416,customer12416@example.com,9179540080,Chennai,Punjab,484096,Corporate,2026-01-31
12417,Customer_12417,customer12417@example.com,9230511435,Delhi,Karnataka,484096,Consumer,2026-07-05
12418,Customer_12418,customer12418@example.com,9585802970,Ahmedabad,Delhi,484096,Consumer,2025-05-18
12419,Customer_12419,customer12419@example.com,9877168711,Ludhiana,Telangana,484096,Consumer,2026-03-17
12420,Customer_12420,customer12420@example.com,9295465560,Kolkata,Haryana,484096,Corporate,2022-02-27
12421,Customer_12421,customer12421@example.com,9914011181,Chennai,Maharashtra,484096,Consumer,2025-01-21
12422,Customer_12422,customer12422@example.com,9824465603,Bengaluru,Rajasthan,484096,Corporate,2025-05-29
12423,Customer_12423,customer12423@example.com,9858119200,Mumbai,Maharashtra,484096,Consumer,2023-12-24
12424,Customer_12424,customer12424@example.com,9532114688,Hyderabad,Uttar Pradesh,484096,Consumer,2025-06-09
12425,Customer_12425,customer12425@example.com,9919803422,Kochi,Haryana,484096,Consumer,2025-10-19
12426,Customer_12426,customer12426@example.com,9782407887,Jaipur,Rajasthan,484096,Consumer,2023-09-07
12427,Customer_12427,customer12427@example.com,9430020493,Jaipur,Tamil Nadu,484096,Consumer,2023-07-16
12428,Customer_12428,customer12428@example.com,9717892916,Bengaluru,Uttar Pradesh,484096,Consumer,2023-01-09
12429,Customer_12429,customer12429@example.com,9817137199,Lucknow,Telangana,484096,Home Office,2023-09-14
12430,Customer_12430,customer12430@example.com,9749540676,Jaipur,West Bengal,484096,Consumer,2026-01-19
12431,Customer_12431,customer12431@example.com,9431508072,Hyderabad,Tamil Nadu,484096,Consumer,2022-03-29
12432,Customer_12432,customer12432@example.com,9557813593,Bengaluru,Delhi,484096,Consumer,2024-11-09
12433,Customer_12433,customer12433@example.com,9523370685,Delhi,West Bengal,484096,Home Office,2024-10-10
12434,Customer_12434,customer12434@example.com,9777940443,Jaipur,Uttar Pradesh,484096,Consumer,2022-01-14
12435,Customer_12435,customer12435@example.com,9784134337,Gurugram,Delhi,484096,Consumer,2022-05-13
12436,Customer_12436,customer12436@example.com,9550773695,Bengaluru,Telangana,484096,Corporate,2024-11-23
12437,Customer_12437,customer12437@example.com,9307069125,Hyderabad,Kerala,484096,Consumer,2024-06-10
12438,Customer_12438,customer12438@example.com,9392536894,Gurugram,Maharashtra,484096,Consumer,2025-05-16
12439,Customer_12439,customer12439@example.com,9600100256,,Delhi,484096,Consumer,2025-05-07
12440,Customer_12440,customer12440@example.com,9773914536,Chennai,Maharashtra,484096,Consumer,2023-08-15
12441,Customer_12441,customer12441@example.com,9618632111,Jaipur,Rajasthan,484096,Consumer,2023-08-06
12442,Customer_12442,customer12442@example.com,9110427148,Gurugram,Karnataka,484096,Consumer,2025-03-24
12443,Customer_12443,customer12443@example.com,9239094600,Mumbai,Gujarat,484096,Consumer,2026-06-02
12444,Customer_12444,customer12444@example.com,9488615924,Ludhiana,Tamil Nadu,484096,Consumer,2025-01-06
12445,Customer_12445,customer12445@example.com,9387832652,Chennai,Gujarat,484096,Consumer,2025-04-10
12446,Customer_12446,customer12446@example.com,9266153374,Mumbai,Rajasthan,484096,Home Office,2022-10-16
12447,Customer_12447,customer12447@example.com,9568622282,Delhi,Delhi,484096,Corporate,2026-04-18
12448,Customer_12448,customer12448@example.com,9651970115,Bengaluru,Rajasthan,484096,Corporate,2024-10-09
12449,Customer_12449,,9746442593,Ludhiana,Punjab,484096,Consumer,2024-05-28
12450,Customer_12450,customer12450@example.com,9762027644,Ahmedabad,Gujarat,484096,Consumer,2025-12-14
12451,Customer_12451,customer12451@example.com,9165244261,Hyderabad,Gujarat,484096,Consumer,2022-01-07
12452,Customer_12452,customer12452@example.com,9430854893,Kochi,Kerala,484096,Consumer,2025-03-29
12453,Customer_12453,customer12453@example.com,9854517635,Bengaluru,Punjab,484096,Home Office,2022-08-28
12454,Customer_12454,customer12454@example.com,9819808101,Ludhiana,Tamil Nadu,484096,Consumer,2025-12-17
12455,Customer_12455,customer12455@example.com,9908194066,Hyderabad,West Bengal,484096,Consumer,2023-06-20
12456,Customer_12456,customer12456@example.com,9348446405,,Haryana,484096,Consumer,2022-03-11
12457,Customer_12457,customer12457@example.com,9750153441,Gurugram,Kerala,484096,Consumer,2022-08-04
12458,Customer_12458,customer12458@example.com,9152764241,Delhi,Rajasthan,484096,Consumer,2025-02-01
12459,Customer_12459,customer12459@example.com,9649288332,Kolkata,Karnataka,484096,Consumer,2024-12-13
12460,Customer_12460,customer12460@example.com,9305358056,Kochi,Haryana,484096,Consumer,2024-03-16
12461,Customer_12461,customer12461@example.com,9388603414,Jaipur,Punjab,484096,Home Office,2022-11-26
12462,Customer_12462,customer12462@example.com,9897074258,Ludhiana,Rajasthan,484096,Consumer,2024-04-27
12463,Customer_12463,customer12463@example.com,9610674284,Hyderabad,Telangana,484096,Home Office,2025-05-11
12464,Customer_12464,customer12464@example.com,9391345738,Hyderabad,Punjab,484096,Corporate,2025-08-04
12465,Customer_12465,customer12465@example.com,9639758208,Gurugram,Uttar Pradesh,484096,Consumer,2022-02-14
12466,Customer_12466,customer12466@example.com,9616293975,Mumbai,Uttar Pradesh,484096,Corporate,2024-04-08
12467,Customer_12467,customer12467@example.com,9301302013,Bengaluru,Kerala,484096,Consumer,2022-07-17
12468,Customer_12468,customer12468@example.com,9291079221,Kolkata,Gujarat,484096,Home Office,2025-05-24
12469,Customer_12469,customer12469@example.com,9740270790,Lucknow,Uttar Pradesh,484096,Consumer,2026-02-13
12470,Customer_12470,customer12470@example.com,9124733272,Jaipur,Kerala,484096,Consumer,2025-08-25
12471,Customer_12471,customer12471@example.com,9436644820,Ahmedabad,Maharashtra,484096,Consumer,2024-06-14
12472,Customer_12472,customer12472@example.com,9420343694,Lucknow,Karnataka,484096,Consumer,2025-12-29
12473,Customer_12473,customer12473@example.com,9659242304,Bengaluru,Uttar Pradesh,484096,Home Office,2022-11-28
12474,Customer_12474,customer12474@example.com,9600198475,Jaipur,Delhi,484096,Consumer,2023-11-27
12475,Customer_12475,customer12475@example.com,9571724025,Hyderabad,Maharashtra,484096,Corporate,2022-01-27
12476,Customer_12476,customer12476@example.com,9727806918,Ahmedabad,Haryana,484096,Consumer,2025-04-04
12477,Customer_12477,customer12477@example.com,9372468110,Ludhiana,Maharashtra,484096,Home Office,2022-11-14
12478,Customer_12478,customer12478@example.com,9939525268,Mumbai,Rajasthan,484096,Consumer,2025-07-21
12479,Customer_12479,customer12479@example.com,9660148370,Kolkata,Gujarat,484096,Consumer,2025-11-07
12480,Customer_12480,customer12480@example.com,9695102523,Ludhiana,Kerala,484096,Consumer,2022-12-31
12481,Customer_12481,customer12481@example.com,9308304732,Mumbai,Tamil Nadu,484096,Corporate,2025-01-31
12482,Customer_12482,customer12482@example.com,9953382616,Delhi,Tamil Nadu,484096,Consumer,2024-08-17
12483,Customer_12483,customer12483@example.com,9514401952,Gurugram,Telangana,484096,Consumer,2026-03-07
12484,Customer_12484,customer12484@example.com,9296223711,Jaipur,Karnataka,484096,Consumer,2023-01-08
12485,Customer_12485,customer12485@example.com,9629362416,Ludhiana,Rajasthan,484096,Corporate,2026-06-28
12486,Customer_12486,customer12486@example.com,9935025186,Mumbai,Tamil Nadu,484096,Consumer,2022-09-02
12487,Customer_12487,customer12487@example.com,9162994533,Lucknow,Gujarat,484096,Consumer,2025-04-07
12488,Customer_12488,customer12488@example.com,9414374105,Gurugram,Haryana,484096,Consumer,2026-07-10
12489,Customer_12489,customer12489@example.com,9473927178,Mumbai,Tamil Nadu,484096,Home Office,2026-08-04
12490,Customer_12490,customer12490@example.com,9544308322,Chennai,Delhi,484096,Home Office,2025-12-12
12491,Customer_12491,customer12491@example.com,9823463111,Delhi,Maharashtra,484096,Consumer,2025-10-11
12492,Customer_12492,customer12492@example.com,9822468461,Bengaluru,Tamil Nadu,484096,Consumer,2023-04-23
12493,Customer_12493,customer12493@example.com,9712359117,Ludhiana,Rajasthan,484096,Consumer,2022-05-05
12494,Customer_12494,customer12494@example.com,9613207113,Kolkata,Uttar Pradesh,484096,Consumer,2023-06-21
12495,Customer_12495,customer12495@example.com,9140133569,Delhi,Uttar Pradesh,484096,Consumer,2023-12-07
12496,Customer_12496,customer12496@example.com,9101912584,Gurugram,Haryana,484096,Corporate,2026-06-24
12497,Customer_12497,customer12497@example.com,9657425666,Chennai,Uttar Pradesh,484096,Consumer,2025-11-26
12498,Customer_12498,customer12498@example.com,9281950548,Jaipur,Kerala,484096,Home Office,2026-03-21
12499,Customer_12499,customer12499@example.com,9586764313,Lucknow,Punjab,484096,Consumer,2023-06-15
12500,Customer_12500,customer12500@example.com,9965343815,Kolkata,Haryana,484096,Corporate,2024-02-25
11407,Customer_11407,customer11407@example.com,9230978076,Gurugram,Karnataka,484096,Consumer,2026-04-20
10298,Customer_10298,customer10298@example.com,9687273855,Hyderabad,Haryana,484096,Consumer,2026-08-04
11277,Customer_11277,customer11277@example.com,9365094240,Jaipur,Maharashtra,484096,Corporate,2022-11-20
12369,Customer_12369,customer12369@example.com,9732987923,Delhi,Maharashtra,484096,Consumer,2023-05-02
10439,Customer_10439,customer10439@example.com,9647063169,Lucknow,Tamil Nadu,484096,Consumer,2024-03-30
12010,Customer_12010,customer12010@example.com,9195019914,Ahmedabad,Uttar Pradesh,484096,Home Office,2023-09-09
10643,Customer_10643,customer10643@example.com,9489229565,Jaipur,Uttar Pradesh,484096,Home Office,2024-12-31
10656,Customer_10656,customer10656@example.com,9329698836,Mumbai,Tamil Nadu,484096,Consumer,2024-06-02
11194,Customer_11194,customer11194@example.com,9601205768,Ludhiana,Tamil Nadu,484096,Corporate,2024-07-17
12411,Customer_12411,customer12411@example.com,9606150032,Gurugram,Telangana,484096,Home Office,2025-07-03
