order_item_id,order_id,product_id,quantity,discount_pct,gross_amount,discount_amount,net_amount
OI0000001,O003152,P0236,1,0,1113.12,0.0,1113.12
OI0000002,O009116,P0155,2,20,94514.76,18902.95,75611.81
OI0000003,O009422,P0295,4,10,185205.72,18520.57,166685.15
OI0000004,O004724,P0188,4,20,167241.68,33448.34,133793.34
OI0000005,O009193,P0209,4,0,38253.8,0.0,38253.8
OI0000006,O007567,P0073,2,0,38260.96,0.0,38260.96
OI0000007,O009433,P0096,4,5,69144.6,3457.23,65687.37
OI0000008,O008648,P0011,3,0,11932.23,0.0,11932.23
OI0000009,O004095,P0004,2,20,46580.12,9316.02,37264.1
OI0000010,O001767,P0051,4,0,146881.6,0.0,146881.6
OI0000011,O009715,P0294,4,0,114967.32,0.0,114967.32
OI0000012,O008107,P0051,1,15,36720.4,5508.06,31212.34
OI0000013,O009523,P0048,2,15,95461.0,14319.15,81141.85
OI0000014,O002810,P0292,4,0,53493.64,0.0,53493.64
OI0000015,O009313,P0281,2,10,69683.82,6968.38,62715.44
OI0000016,O008844,P0133,2,5,28901.62,1445.08,27456.54
OI0000017,O005213,P0069,3,5,60679.17,3033.96,57645.21
OI0000018,O004748,P0023,4,0,15685.4,0.0,15685.4
OI0000019,O009245,P0014,3,15,28836.18,4325.43,24510.75
OI0000020,O009065,P0180,4,0,5571.92,0.0,5571.92
OI0000021,O009277,P0087,2,10,35817.96,3581.8,32236.16
OI0000022,O006804,P0048,2,20,95461.0,19092.2,76368.8
OI0000023,O004066,P0161,2,5,26548.0,1327.4,25220.6
OI0000024,O005934,P0294,2,0,57483.66,0.0,57483.66
OI0000025,O002807,P0006,4,20,122108.64,24421.73,97686.91
OI0000026,O009886,P0149,1,10,14508.05,1450.8,13057.25
OI0000027,O005299,P0027,2,10,98890.02,9889.0,89001.02
OI0000028,O001473,P0134,4,10,40420.24,4042.02,36378.22
OI0000029,O003740,P0296,2,0,64674.42,0.0,64674.42
OI0000030,O003379,P0153,1,15,26067.55,3910.13,22157.42
OI0000031,O005116,P0190,4,0,88176.16,0.0,88176.16
OI0000032,O009480,P0079,2,5,27714.48,1385.72,26328.76
OI0000033,O009767,P0046,3,10,5592.63,559.26,5033.37
OI0000034,O009404,P0061,1,15,34595.91,5189.39,29406.52
OI0000035,O001619,P0081,3,15,22187.58,3328.14,18859.44
OI0000036,O008848,P0273,3,0,119196.09,0.0,119196.09
OI0000037,O000395,P0048,2,15,95461.0,14319.15,81141.85
OI0000038,O000472,P0033,3,15,63103.47,9465.52,53637.95
OI0000039,O009910,P0018,4,10,79577.44,7957.74,71619.7
OI0000040,O007180,P0036,1,25,38767.98,9692.0,29075.98
OI0000041,O003364,P0089,4,5,102430.4,5121.52,97308.88
OI0000042,O004153,P0148,3,15,30569.1,4585.36,25983.74
OI0000043,O008656,P0100,4,10,154677.56,15467.76,139209.8
OI0000044,O009154,P0031,1,5,18283.0,914.15,17368.85
OI0000045,O000602,P0021,3,15,140899.83,21134.97,119764.86
OI0000046,O004612,P0128,1,5,19395.43,969.77,18425.66
OI0000047,O002781,P0290,2,10,51931.16,5193.12,46738.04
OI0000048,O006800,P0230,2,10,74914.92,7491.49,67423.43
OI0000049,O000022,P0185,4,10,57672.6,5767.26,51905.34
OI0000050,O007275,P0165,4,10,10261.52,1026.15,9235.37
OI0000051,O002474,P0257,3,0,30089.13,0.0,30089.13
OI0000052,O007407,P0057,3,0,104742.42,0.0,104742.42
OI0000053,O008231,P0159,2,0,56198.04,0.0,56198.04
OI0000054,O003829,P0023,2,15,7842.7,1176.4,6666.3
OI0000055,O007830,P0107,1,15,10426.34,1563.95,8862.39
OI0000056,O008222,P0102,2,10,4770.9,477.09,4293.81
OI0000057,O007582,P0099,2,25,2307.62,576.9,1730.72
OI0000058,O002209,P0130,1,5,34827.64,1741.38,33086.26
OI0000059,O000616,P0251,2,20,49386.94,9877.39,39509.55
OI0000060,O005790,P0225,4,0,164345.56,0.0,164345.56
OI0000061,O006042,P0296,1,0,32337.21,0.0,32337.21
OI0000062,O002182,P0110,2,0,24926.56,0.0,24926.56
OI0000063,O002614,P0009,1,10,27316.66,2731.67,24584.99
OI0000064,O004024,P0122,2,15,74261.66,11139.25,63122.41
OI0000065,O009859,P0299,2,20,78572.34,15714.47,62857.87
OI0000066,O007993,P0051,3,10,110161.2,11016.12,99145.08
OI0000067,O000080,P0213,1,0,24138.56,0.0,24138.56
OI0000068,O007131,P0050,4,0,189291.88,0.0,189291.88
OI0000069,O005240,P0204,2,25,17589.86,4397.46,13192.4
OI0000070,O001158,P0150,4,0,33045.6,0.0,33045.6
OI0000071,O009933,P0092,3,15,59892.06,8983.81,50908.25
OI0000072,O000447,P0091,4,0,148003.2,0.0,148003.2
OI0000073,O009244,P0010,3,0,80124.15,0.0,80124.15
OI0000074,O005421,P0210,1,0,43010.34,0.0,43010.34
OI0000075,O009786,P0195,3,5,35099.67,1754.98,33344.69
OI0000076,O000979,P0030,2,5,93365.96,4668.3,88697.66
OI0000077,O000029,P0150,3,0,24784.2,0.0,24784.2
OI0000078,O002425,P0092,1,25,19964.02,4991.0,14973.02
OI0000079,O001974,P0201,1,0,35837.65,0.0,35837.65
OI0000080,O000033,P0297,2,15,41705.68,6255.85,35449.83
OI0000081,O007622,P0144,2,10,67355.38,6735.54,60619.84
OI0000082,O005056,P0069,4,0,80905.56,0.0,80905.56
OI0000083,O008812,P0142,2,0,13561.32,0.0,13561.32
OI0000084,O002948,P0014,3,10,28836.18,2883.62,25952.56
OI0000085,O007669,P0175,2,5,94824.1,4741.2,90082.9
OI0000086,O009488,P0272,4,10,84734.28,8473.43,76260.85
OI0000087,O002549,P0043,2,10,33677.98,3367.8,30310.18
OI0000088,O009091,P0068,4,10,165080.84,16508.08,148572.76
OI0000089,O004799,P0255,2,10,24572.42,2457.24,22115.18
OI0000090,O003665,P0142,1,0,6780.66,0.0,6780.66
OI0000091,O001942,P0041,2,15,35055.68,5258.35,29797.33
OI0000092,O003218,P0087,3,5,53726.94,2686.35,51040.59
OI0000093,O006713,P0075,1,0,35952.26,0.0,35952.26
OI0000094,O006428,P0019,2,0,32502.92,0.0,32502.92
OI0000095,O005015,P0268,2,0,18368.22,0.0,18368.22
OI0000096,O006280,P0098,1,10,20044.4,2004.44,18039.96
OI0000097,O003244,P0140,1,10,25151.16,2515.12,22636.04
OI0000098,O004985,P0131,1,0,5464.08,0.0,5464.08
OI0000099,O009775,P0186,3,0,45124.56,0.0,45124.56
OI0000100,O007178,P0174,2,0,58162.8,0.0,58162.8
OI0000101,O002345,P0179,4,5,102051.68,5102.58,96949.1
OI0000102,O002755,P0015,2,15,47153.72,7073.06,40080.66
OI0000103,O004095,P0299,2,10,78572.34,7857.23,70715.11
OI0000104,O000330,P0265,1,20,31774.94,6354.99,25419.95
OI0000105,O006592,P0039,4,5,37993.2,1899.66,36093.54
OI0000106,O008207,P0231,2,0,47175.56,0.0,47175.56
OI0000107,O002264,P0057,2,20,69828.28,13965.66,55862.62
OI0000108,O009917,P0263,1,15,44250.68,6637.6,37613.08
OI0000109,O005373,P0002,2,10,92928.48,9292.85,83635.63
OI0000110,O004426,P0054,3,20,124110.12,24822.02,99288.1
OI0000111,O002612,P0059,2,10,83342.8,8334.28,75008.52
OI0000112,O005550,P0094,3,10,56696.49,5669.65,51026.84
OI0000113,O001083,P0213,1,10,24138.56,2413.86,21724.7
OI0000114,O006320,P0058,2,10,58845.32,5884.53,52960.79
OI0000115,O003890,P0217,3,10,25950.96,2595.1,23355.86
OI0000116,O003420,P0141,2,5,32435.58,1621.78,30813.8
OI0000117,O004457,P0212,1,25,11475.19,2868.8,8606.39
OI0000118,O001790,P0133,1,25,14450.81,3612.7,10838.11
OI0000119,O007234,P0166,2,0,22239.82,0.0,22239.82
OI0000120,O006057,P0232,1,10,39189.12,3918.91,35270.21
OI0000121,O002618,P0025,3,15,133686.12,20052.92,113633.2
OI0000122,O008831,P0200,1,0,10906.24,0.0,10906.24
OI0000123,O002564,P0048,1,0,47730.5,0.0,47730.5
OI0000124,O002481,P0052,3,10,95839.32,9583.93,86255.39
OI0000125,O005152,P0060,2,0,7596.26,0.0,7596.26
OI0000126,O005807,P0279,1,20,18388.16,3677.63,14710.53
OI0000127,O001598,P0239,2,20,1328.76,265.75,1063.01
OI0000128,O002274,P0278,3,15,92537.88,13880.68,78657.2
OI0000129,O006288,P0025,2,20,89124.08,17824.82,71299.26
OI0000130,O009668,P0183,1,15,27785.3,4167.8,23617.5
OI0000131,O006162,P0239,1,0,664.38,0.0,664.38
OI0000132,O002780,P0064,1,0,17144.69,0.0,17144.69
OI0000133,O006890,P0004,3,20,69870.18,13974.04,55896.14
OI0000134,O005510,P0117,1,15,36170.1,5425.52,30744.58
OI0000135,O000747,P0053,2,5,64667.66,3233.38,61434.28
OI0000136,O002410,P0026,4,15,19612.92,2941.94,16670.98
OI0000137,O006079,P0100,4,0,154677.56,0.0,154677.56
OI0000138,O004945,P0207,1,5,17750.15,887.51,16862.64
OI0000139,O006244,P0219,3,5,115648.29,5782.41,109865.88
OI0000140,O004352,P0014,2,0,19224.12,0.0,19224.12
OI0000141,O005435,P0060,2,15,7596.26,1139.44,6456.82
OI0000142,O009055,P0153,3,15,78202.65,11730.4,66472.25
OI0000143,O000162,P0054,2,10,82740.08,8274.01,74466.07
OI0000144,O004013,P0255,1,5,12286.21,614.31,11671.9
OI0000145,O005761,P0021,2,10,93933.22,9393.32,84539.9
OI0000146,O007933,P0035,4,20,127137.24,25427.45,101709.79
OI0000147,O003215,P0180,3,5,4178.94,208.95,3969.99
OI0000148,O006367,P0154,2,5,56441.8,2822.09,53619.71
OI0000149,O006451,P0143,2,10,37886.2,3788.62,34097.58
OI0000150,O009826,P0005,3,15,13822.23,2073.33,11748.9
OI0000151,O000571,P0161,2,10,26548.0,2654.8,23893.2
OI0000152,O006289,P0121,3,20,58811.82,11762.36,47049.46
OI0000153,O003896,P0209,1,5,9563.45,478.17,9085.28
OI0000154,O006801,P0172,3,10,24488.04,2448.8,22039.24
OI0000155,O008978,P0276,2,15,99515.88,14927.38,84588.5
OI0000156,O000823,P0234,2,5,60617.42,3030.87,57586.55
OI0000157,O006627,P0119,1,0,22218.38,0.0,22218.38
OI0000158,O009775,P0008,2,20,16364.78,3272.96,13091.82
OI0000159,O008625,P0064,4,10,68578.76,6857.88,61720.88
OI0000160,O007063,P0157,4,0,128617.8,0.0,128617.8
OI0000161,O004373,P0147,2,25,59145.5,14786.38,44359.12
OI0000162,O003741,P0137,2,5,44000.62,2200.03,41800.59
OI0000163,O002734,P0072,2,10,5510.9,551.09,4959.81
OI0000164,O006244,P0015,3,10,70730.58,7073.06,63657.52
OI0000165,O005173,P0091,2,5,74001.6,3700.08,70301.52
OI0000166,O008839,P0269,3,0,115041.27,0.0,115041.27
OI0000167,O009502,P0099,2,15,2307.62,346.14,1961.48
OI0000168,O001885,P0292,2,0,26746.82,0.0,26746.82
OI0000169,O004673,P0010,2,15,53416.1,8012.42,45403.68
OI0000170,O005141,P0023,1,20,3921.35,784.27,3137.08
OI0000171,O007468,P0279,3,0,55164.48,0.0,55164.48
OI0000172,O006503,P0068,1,15,41270.21,6190.53,35079.68
OI0000173,O007928,P0133,2,10,28901.62,2890.16,26011.46
OI0000174,O008335,P0004,1,0,23290.06,0.0,23290.06
OI0000175,O004706,P0105,1,10,40727.69,4072.77,36654.92
OI0000176,O007170,P0225,4,5,164345.56,8217.28,156128.28
OI0000177,O000643,P0240,1,0,1841.25,0.0,1841.25
OI0000178,O007856,P0232,3,10,117567.36,11756.74,105810.62
OI0000179,O002500,P0118,2,25,19367.52,4841.88,14525.64
OI0000180,O004143,P0018,2,10,39788.72,3978.87,35809.85
OI0000181,O008619,P0126,4,5,174539.16,8726.96,165812.2
OI0000182,O000868,P0199,4,10,156317.96,15631.8,140686.16
OI0000183,O001563,P0104,3,15,116223.06,17433.46,98789.6
OI0000184,O002948,P0112,3,0,16190.1,0.0,16190.1
OI0000185,O002740,P0014,2,10,19224.12,1922.41,17301.71
OI0000186,O005037,P0266,2,10,76182.8,7618.28,68564.52
OI0000187,O006632,P0105,1,5,40727.69,2036.38,38691.31
OI0000188,O009779,P0295,3,15,138904.29,20835.64,118068.65
OI0000189,O004768,P0229,4,10,28361.0,2836.1,25524.9
OI0000190,O000529,P0174,2,15,58162.8,8724.42,49438.38
OI0000191,O003351,P0107,2,10,20852.68,2085.27,18767.41
OI0000192,O009612,P0293,1,15,25797.73,3869.66,21928.07
OI0000193,O004662,P0239,4,10,2657.52,265.75,2391.77
OI0000194,O008717,P0003,2,15,38043.64,5706.55,32337.09
OI0000195,O009156,P0248,3,0,139954.2,0.0,139954.2
OI0000196,O006902,P0135,3,20,140488.08,28097.62,112390.46
OI0000197,O008642,P0245,3,0,118990.02,0.0,118990.02
OI0000198,O008975,P0052,1,5,31946.44,1597.32,30349.12
OI0000199,O001764,P0038,1,20,29738.17,5947.63,23790.54
OI0000200,O009417,P0063,3,0,57243.63,0.0,57243.63
OI0000201,O006808,P0006,4,20,122108.64,24421.73,97686.91
OI0000202,O000497,P0202,2,10,80083.42,8008.34,72075.08
OI0000203,O002887,P0128,2,0,38790.86,0.0,38790.86
OI0000204,O008400,P0122,2,15,74261.66,11139.25,63122.41
OI0000205,O005585,P0122,3,5,111392.49,5569.62,105822.87
OI0000206,O001502,P0172,3,15,24488.04,3673.21,20814.83
OI0000207,O006198,P0247,3,15,5980.98,897.15,5083.83
OI0000208,O001780,P0283,1,10,27208.48,2720.85,24487.63
OI0000209,O009606,P0109,1,15,35044.71,5256.71,29788.0
OI0000210,O009081,P0193,3,25,64376.64,16094.16,48282.48
OI0000211,O006359,P0165,3,10,7696.14,769.61,6926.53
OI0000212,O002502,P0251,4,0,98773.88,0.0,98773.88
OI0000213,O004507,P0049,2,15,11919.26,1787.89,10131.37
OI0000214,O009933,P0039,1,5,9498.3,474.92,9023.38
OI0000215,O003965,P0164,2,10,74560.52,7456.05,67104.47
OI0000216,O004028,P0194,3,10,83068.5,8306.85,74761.65
OI0000217,O004205,P0068,3,15,123810.63,18571.59,105239.04
OI0000218,O000027,P0258,4,10,115439.64,11543.96,103895.68
OI0000219,O001440,P0104,4,0,154964.08,0.0,154964.08
OI0000220,O001006,P0274,1,15,23348.52,3502.28,19846.24
OI0000221,O009505,P0169,1,20,22873.86,4574.77,18299.09
OI0000222,O001012,P0219,2,0,77098.86,0.0,77098.86
OI0000223,O009869,P0123,2,5,38887.76,1944.39,36943.37
OI0000224,O006494,P0228,1,25,6456.93,1614.23,4842.7
OI0000225,O006006,P0167,3,0,106108.14,0.0,106108.14
OI0000226,O006790,P0154,1,0,28220.9,0.0,28220.9
OI0000227,O008522,P0104,2,10,77482.04,7748.2,69733.84
OI0000228,O006052,P0003,1,5,19021.82,951.09,18070.73
OI0000229,O004018,P0177,2,15,50934.46,7640.17,43294.29
OI0000230,O003005,P0028,2,5,94925.32,4746.27,90179.05
OI0000231,O006227,P0144,2,5,67355.38,3367.77,63987.61
OI0000232,O004363,P0123,4,25,77775.52,19443.88,58331.64
OI0000233,O003458,P0116,3,5,140846.22,7042.31,133803.91
OI0000234,O005177,P0022,2,0,67303.78,0.0,67303.78
OI0000235,O006943,P0097,3,15,36737.73,5510.66,31227.07
OI0000236,O002235,P0049,3,10,17878.89,1787.89,16091.0
OI0000237,O007505,P0284,1,5,38465.32,1923.27,36542.05
OI0000238,O001871,P0236,4,25,4452.48,1113.12,3339.36
OI0000239,O005607,P0064,4,0,68578.76,0.0,68578.76
OI0000240,O009737,P0188,3,10,125431.26,12543.13,112888.13
OI0000241,O006257,P0194,3,0,83068.5,0.0,83068.5
OI0000242,O006133,P0026,1,0,4903.23,0.0,4903.23
OI0000243,O003414,P0170,1,5,34963.1,1748.16,33214.94
OI0000244,O007938,P0108,2,25,73825.88,18456.47,55369.41
OI0000245,O007631,P0277,4,15,80298.56,12044.78,68253.78
OI0000246,O003782,P0288,4,0,4782.32,0.0,4782.32
OI0000247,O000919,P0198,3,10,121466.76,12146.68,109320.08
OI0000248,O003702,P0197,2,15,53384.04,8007.61,45376.43
OI0000249,O008348,P0024,3,0,69423.33,0.0,69423.33
OI0000250,O001599,P0255,3,0,36858.63,0.0,36858.63
OI0000251,O009873,P0065,2,0,62232.94,0.0,62232.94
OI0000252,O001047,P0279,4,10,73552.64,7355.26,66197.38
OI0000253,O003948,P0080,3,0,82410.24,0.0,82410.24
OI0000254,O004883,P0008,3,10,24547.17,2454.72,22092.45
OI0000255,O003483,P0045,1,20,7451.31,1490.26,5961.05
OI0000256,O007942,P0139,4,15,97127.72,14569.16,82558.56
OI0000257,O000228,P0057,3,15,104742.42,15711.36,89031.06
OI0000258,O005883,P0012,2,0,69940.26,0.0,69940.26
OI0000259,O003153,P0072,3,20,8266.35,1653.27,6613.08
OI0000260,O002636,P0063,1,25,19081.21,4770.3,14310.91
OI0000261,O003353,P0163,4,0,61640.48,0.0,61640.48
OI0000262,O006775,P0038,4,25,118952.68,29738.17,89214.51
OI0000263,O002812,P0277,1,20,20074.64,4014.93,16059.71
OI0000264,O008366,P0051,1,25,36720.4,9180.1,27540.3
OI0000265,O007527,P0154,2,5,56441.8,2822.09,53619.71
OI0000266,O001399,P0020,1,25,30596.61,7649.15,22947.46
OI0000267,O007223,P0281,3,0,104525.73,0.0,104525.73
OI0000268,O007832,P0210,4,0,172041.36,0.0,172041.36
OI0000269,O003403,P0245,4,0,158653.36,0.0,158653.36
OI0000270,O003736,P0248,3,5,139954.2,6997.71,132956.49
OI0000271,O002435,P0274,3,0,70045.56,0.0,70045.56
OI0000272,O003220,P0048,3,5,143191.5,7159.58,136031.92
OI0000273,O001148,P0014,2,10,19224.12,1922.41,17301.71
OI0000274,O004836,P0252,2,0,76937.4,0.0,76937.4
OI0000275,O009670,P0166,3,20,33359.73,6671.95,26687.78
OI0000276,O000706,P0113,4,5,196547.48,9827.37,186720.11
OI0000277,O006223,P0064,4,0,68578.76,0.0,68578.76
OI0000278,O002597,P0285,3,5,13924.47,696.22,13228.25
OI0000279,O003529,P0087,4,0,71635.92,0.0,71635.92
OI0000280,O003833,P0234,1,15,30308.71,4546.31,25762.4
OI0000281,O004808,P0249,2,5,34777.92,1738.9,33039.02
OI0000282,O008793,P0113,3,0,147410.61,0.0,147410.61
OI0000283,O006370,P0226,1,10,10382.28,1038.23,9344.05
OI0000284,O002383,P0183,2,10,55570.6,5557.06,50013.54
OI0000285,O008314,P0081,3,5,22187.58,1109.38,21078.2
OI0000286,O000476,P0275,1,5,26967.65,1348.38,25619.27
OI0000287,O008429,P0093,2,15,26585.26,3987.79,22597.47
OI0000288,O002827,P0194,4,10,110758.0,11075.8,99682.2
OI0000289,O003914,P0106,2,0,49551.52,0.0,49551.52
OI0000290,O009860,P0100,2,25,77338.78,19334.7,58004.08
OI0000291,O008574,P0036,3,5,116303.94,5815.2,110488.74
OI0000292,O007572,P0184,2,10,45276.02,4527.6,40748.42
OI0000293,O004485,P0149,3,10,43524.15,4352.42,39171.73
OI0000294,O001471,P0225,4,0,164345.56,0.0,164345.56
OI0000295,O003265,P0063,3,5,57243.63,2862.18,54381.45
OI0000296,O003725,P0202,2,10,80083.42,8008.34,72075.08
OI0000297,O002511,P0143,3,5,56829.3,2841.46,53987.84
OI0000298,O008777,P0268,4,5,36736.44,1836.82,34899.62
OI0000299,O000515,P0259,3,10,138831.54,13883.15,124948.39
OI0000300,O003468,P0254,1,15,13619.6,2042.94,11576.66
OI0000301,O000210,P0265,2,20,63549.88,12709.98,50839.9
OI0000302,O006968,P0042,1,0,23558.2,0.0,23558.2
OI0000303,O004154,P0202,1,15,40041.71,6006.26,34035.45
OI0000304,O009945,P0031,2,25,36566.0,9141.5,27424.5
OI0000305,O003841,P0165,3,10,7696.14,769.61,6926.53
OI0000306,O004040,P0267,4,10,197212.76,19721.28,177491.48
OI0000307,O005233,P0189,1,25,48366.22,12091.56,36274.66
OI0000308,O004167,P0283,4,20,108833.92,21766.78,87067.14
OI0000309,O009699,P0070,3,10,15894.72,1589.47,14305.25
OI0000310,O001069,P0235,3,15,103140.18,15471.03,87669.15
OI0000311,O003857,P0094,1,0,18898.83,0.0,18898.83
OI0000312,O001766,P0299,4,5,157144.68,7857.23,149287.45
OI0000313,O006686,P0262,3,15,142150.11,21322.52,120827.59
OI0000314,O009420,P0141,2,5,32435.58,1621.78,30813.8
OI0000315,O004572,P0230,1,10,37457.46,3745.75,33711.71
OI0000316,O007408,P0268,3,0,27552.33,0.0,27552.33
OI0000317,O000572,P0263,1,20,44250.68,8850.14,35400.54
OI0000318,O007622,P0142,1,20,6780.66,1356.13,5424.53
OI0000319,O003226,P0201,2,10,71675.3,7167.53,64507.77
OI0000320,O009766,P0099,3,0,3461.43,0.0,3461.43
OI0000321,O004562,P0263,2,15,88501.36,13275.2,75226.16
OI0000322,O000225,P0039,1,0,9498.3,0.0,9498.3
OI0000323,O008750,P0184,3,0,67914.03,0.0,67914.03
OI0000324,O005674,P0213,4,25,96554.24,24138.56,72415.68
OI0000325,O003529,P0123,1,0,19443.88,0.0,19443.88
OI0000326,O006636,P0283,3,5,81625.44,4081.27,77544.17
OI0000327,O008645,P0061,2,10,69191.82,6919.18,62272.64
OI0000328,O001898,P0066,1,0,44570.57,0.0,44570.57
OI0000329,O002850,P0289,3,0,38373.54,0.0,38373.54
OI0000330,O000742,P0108,2,10,73825.88,7382.59,66443.29
OI0000331,O008901,P0140,4,0,100604.64,0.0,100604.64
OI0000332,O008346,P0243,2,5,26828.82,1341.44,25487.38
OI0000333,O008658,P0094,1,10,18898.83,1889.88,17008.95
OI0000334,O008759,P0152,2,5,22796.72,1139.84,21656.88
OI0000335,O004058,P0224,3,15,144944.01,21741.6,123202.41
OI0000336,O002815,P0173,1,25,20026.84,5006.71,15020.13
OI0000337,O005570,P0204,1,15,8794.93,1319.24,7475.69
OI0000338,O006223,P0247,3,25,5980.98,1495.24,4485.74
OI0000339,O008203,P0183,2,5,55570.6,2778.53,52792.07
OI0000340,O001005,P0053,3,5,97001.49,4850.07,92151.42
OI0000341,O004906,P0275,3,0,80902.95,0.0,80902.95
OI0000342,O004945,P0179,1,20,25512.92,5102.58,20410.34
OI0000343,O006305,P0098,1,5,20044.4,1002.22,19042.18
OI0000344,O000499,P0126,3,15,130904.37,19635.66,111268.71
OI0000345,O006316,P0194,4,15,110758.0,16613.7,94144.3
OI0000346,O007001,P0045,4,0,29805.24,0.0,29805.24
OI0000347,O006370,P0211,4,20,52140.84,10428.17,41712.67
OI0000348,O005940,P0169,4,10,91495.44,9149.54,82345.9
OI0000349,O007437,P0145,2,0,78324.62,0.0,78324.62
OI0000350,O004391,P0040,1,25,17427.29,4356.82,13070.47
OI0000351,O007487,P0085,4,15,36782.44,5517.37,31265.07
OI0000352,O001552,P0186,3,10,45124.56,4512.46,40612.1
OI0000353,O000726,P0039,1,25,9498.3,2374.57,7123.73
OI0000354,O004682,P0222,2,15,73697.16,11054.57,62642.59
OI0000355,O006728,P0191,1,0,19787.97,0.0,19787.97
OI0000356,O004430,P0028,4,25,189850.64,47462.66,142387.98
OI0000357,O006881,P0175,2,10,94824.1,9482.41,85341.69
OI0000358,O004458,P0237,2,5,31451.06,1572.55,29878.51
OI0000359,O009122,P0047,3,20,70852.2,14170.44,56681.76
OI0000360,O000935,P0110,3,0,37389.84,0.0,37389.84
OI0000361,O009265,P0189,2,15,96732.44,14509.87,82222.57
OI0000362,O004586,P0274,1,0,23348.52,0.0,23348.52
OI0000363,O003813,P0178,3,0,49737.6,0.0,49737.6
OI0000364,O000873,P0093,4,5,53170.52,2658.53,50511.99
OI0000365,O008491,P0091,2,5,74001.6,3700.08,70301.52
OI0000366,O002607,P0245,1,10,39663.34,3966.33,35697.01
OI0000367,O005819,P0001,1,10,27929.85,2792.98,25136.87
OI0000368,O003269,P0035,3,15,95352.93,14302.94,81049.99
OI0000369,O003985,P0261,1,0,48547.54,0.0,48547.54
OI0000370,O007187,P0116,3,20,140846.22,28169.24,112676.98
OI0000371,O006062,P0262,1,20,47383.37,9476.67,37906.7
OI0000372,O007541,P0060,1,0,3798.13,0.0,3798.13
OI0000373,O005274,P0100,2,10,77338.78,7733.88,69604.9
OI0000374,O008386,P0133,1,10,14450.81,1445.08,13005.73
OI0000375,O002652,P0236,1,25,1113.12,278.28,834.84
OI0000376,O002436,P0160,1,25,12898.18,3224.54,9673.64
OI0000377,O005526,P0255,4,0,49144.84,0.0,49144.84
OI0000378,O000368,P0237,3,25,47176.59,11794.15,35382.44
OI0000379,O002610,P0095,4,0,99949.12,0.0,99949.12
OI0000380,O007616,P0040,2,10,34854.58,3485.46,31369.12
OI0000381,O007123,P0237,2,5,31451.06,1572.55,29878.51
OI0000382,O007946,P0236,4,5,4452.48,222.62,4229.86
OI0000383,O001890,P0298,1,10,46530.49,4653.05,41877.44
OI0000384,O008720,P0074,2,10,33986.88,3398.69,30588.19
OI0000385,O002148,P0223,1,0,7085.12,0.0,7085.12
OI0000386,O005559,P0029,3,25,12291.21,3072.8,9218.41
OI0000387,O008470,P0023,1,0,3921.35,0.0,3921.35
OI0000388,O001402,P0004,4,5,93160.24,4658.01,88502.23
OI0000389,O000329,P0244,1,20,34459.55,6891.91,27567.64
OI0000390,O001024,P0034,1,20,22153.58,4430.72,17722.86
OI0000391,O008956,P0105,1,15,40727.69,6109.15,34618.54
OI0000392,O000033,P0166,3,5,33359.73,1667.99,31691.74
OI0000393,O003169,P0027,2,15,98890.02,14833.5,84056.52
OI0000394,O000386,P0083,1,15,47199.69,7079.95,40119.74
OI0000395,O006757,P0159,2,10,56198.04,5619.8,50578.24
OI0000396,O003389,P0155,1,15,47257.38,7088.61,40168.77
OI0000397,O006465,P0171,2,10,39038.04,3903.8,35134.24
OI0000398,O004182,P0096,3,0,51858.45,0.0,51858.45
OI0000399,O002590,P0241,2,5,85246.04,4262.3,80983.74
OI0000400,O009280,P0293,2,15,51595.46,7739.32,43856.14
OI0000401,O008272,P0121,3,0,58811.82,0.0,58811.82
OI0000402,O000394,P0195,2,10,23399.78,2339.98,21059.8
OI0000403,O000667,P0231,1,10,23587.78,2358.78,21229.0
OI0000404,O002926,P0134,4,15,40420.24,6063.04,34357.2
OI0000405,O007979,P0059,1,5,41671.4,2083.57,39587.83
OI0000406,O002259,P0131,3,10,16392.24,1639.22,14753.02
OI0000407,O007539,P0027,3,10,148335.03,14833.5,133501.53
OI0000408,O007267,P0245,3,20,118990.02,23798.0,95192.02
OI0000409,O002315,P0130,1,10,34827.64,3482.76,31344.88
OI0000410,O009268,P0232,4,5,156756.48,7837.82,148918.66
OI0000411,O007290,P0172,2,10,16325.36,1632.54,14692.82
OI0000412,O000032,P0076,4,0,148766.04,0.0,148766.04
OI0000413,O001021,P0055,3,10,16570.83,1657.08,14913.75
OI0000414,O009552,P0239,4,25,2657.52,664.38,1993.14
OI0000415,O004564,P0121,4,10,78415.76,7841.58,70574.18
OI0000416,O000292,P0192,1,5,42357.23,2117.86,40239.37
OI0000417,O007599,P0010,4,5,106832.2,5341.61,101490.59
OI0000418,O008792,P0291,2,25,1888.14,472.04,1416.1
OI0000419,O000171,P0134,1,20,10105.06,2021.01,8084.05
OI0000420,O006512,P0089,2,20,51215.2,10243.04,40972.16
OI0000421,O003893,P0255,4,10,49144.84,4914.48,44230.36
OI0000422,O007301,P0182,3,5,123085.29,6154.26,116931.03
OI0000423,O009299,P0222,3,0,110545.74,0.0,110545.74
OI0000424,O002931,P0207,1,25,17750.15,4437.54,13312.61
OI0000425,O002940,P0082,2,0,13738.54,0.0,13738.54
OI0000426,O000112,P0120,4,5,15039.4,751.97,14287.43
OI0000427,O000355,P0060,1,15,3798.13,569.72,3228.41
OI0000428,O005890,P0270,2,5,34142.6,1707.13,32435.47
OI0000429,O008074,P0174,1,10,29081.4,2908.14,26173.26
OI0000430,O008383,P0272,2,15,42367.14,6355.07,36012.07
OI0000431,O003643,P0283,3,10,81625.44,8162.54,73462.9
OI0000432,O002310,P0235,1,10,34380.06,3438.01,30942.05
OI0000433,O009940,P0061,4,0,138383.64,0.0,138383.64
OI0000434,O009555,P0281,2,10,69683.82,6968.38,62715.44
OI0000435,O007216,P0178,4,10,66316.8,6631.68,59685.12
OI0000436,O005021,P0058,1,20,29422.66,5884.53,23538.13
OI0000437,O003928,P0078,1,5,11210.94,560.55,10650.39
OI0000438,O004425,P0133,2,10,28901.62,2890.16,26011.46
OI0000439,O002920,P0293,2,15,51595.46,7739.32,43856.14
OI0000440,O008965,P0010,1,10,26708.05,2670.8,24037.25
OI0000441,O002065,P0265,1,5,31774.94,1588.75,30186.19
OI0000442,O005656,P0289,2,20,25582.36,5116.47,20465.89
OI0000443,O008027,P0070,3,20,15894.72,3178.94,12715.78
OI0000444,O005744,P0057,4,20,139656.56,27931.31,111725.25
OI0000445,O006226,P0026,4,5,19612.92,980.65,18632.27
OI0000446,O005638,P0167,1,5,35369.38,1768.47,33600.91
OI0000447,O002844,P0172,1,25,8162.68,2040.67,6122.01
OI0000448,O006250,P0195,2,0,23399.78,0.0,23399.78
OI0000449,O001684,P0048,4,15,190922.0,28638.3,162283.7
OI0000450,O007888,P0040,4,5,69709.16,3485.46,66223.7
OI0000451,O000147,P0174,1,15,29081.4,4362.21,24719.19
OI0000452,O003080,P0259,3,20,138831.54,27766.31,111065.23
OI0000453,O003877,P0253,1,5,11237.04,561.85,10675.19
OI0000454,O009917,P0211,1,0,13035.21,0.0,13035.21
OI0000455,O002559,P0260,1,15,7514.45,1127.17,6387.28
OI0000456,O008927,P0255,4,0,49144.84,0.0,49144.84
OI0000457,O004134,P0140,3,0,75453.48,0.0,75453.48
OI0000458,O006071,P0251,3,20,74080.41,14816.08,59264.33
OI0000459,O007392,P0240,4,20,7365.0,1473.0,5892.0
OI0000460,O008079,P0131,3,10,16392.24,1639.22,14753.02
OI0000461,O008763,P0003,4,15,76087.28,11413.09,64674.19
OI0000462,O003659,P0125,2,25,59695.42,14923.86,44771.56
OI0000463,O007530,P0231,2,0,47175.56,0.0,47175.56
OI0000464,O009940,P0298,4,0,186121.96,0.0,186121.96
OI0000465,O001420,P0249,4,15,69555.84,10433.38,59122.46
OI0000466,O009073,P0147,4,5,118291.0,5914.55,112376.45
OI0000467,O000849,P0156,4,0,39753.68,0.0,39753.68
OI0000468,O006931,P0294,4,5,114967.32,5748.37,109218.95
OI0000469,O008957,P0117,4,15,144680.4,21702.06,122978.34
OI0000470,O006427,P0137,3,0,66000.93,0.0,66000.93
OI0000471,O007605,P0184,2,5,45276.02,2263.8,43012.22
OI0000472,O005802,P0110,2,10,24926.56,2492.66,22433.9
OI0000473,O004348,P0135,1,0,46829.36,0.0,46829.36
OI0000474,O009588,P0101,2,10,17424.12,1742.41,15681.71
OI0000475,O005421,P0116,2,20,93897.48,18779.5,75117.98
OI0000476,O009540,P0119,1,15,22218.38,3332.76,18885.62
OI0000477,O008900,P0204,1,10,8794.93,879.49,7915.44
OI0000478,O009047,P0054,4,0,165480.16,0.0,165480.16
OI0000479,O002084,P0028,4,0,189850.64,0.0,189850.64
OI0000480,O007627,P0240,2,0,3682.5,0.0,3682.5
OI0000481,O009446,P0256,1,15,49584.32,7437.65,42146.67
OI0000482,O009861,P0156,4,15,39753.68,5963.05,33790.63
OI0000483,O003355,P0025,3,15,133686.12,20052.92,113633.2
OI0000484,O009755,P0254,4,5,54478.4,2723.92,51754.48
OI0000485,O009823,P0099,4,0,4615.24,0.0,4615.24
OI0000486,O007500,P0207,1,15,17750.15,2662.52,15087.63
OI0000487,O007104,P0177,2,25,50934.46,12733.62,38200.84
OI0000488,O002950,P0227,2,10,18940.04,1894.0,17046.04
OI0000489,O007244,P0062,3,15,80380.74,12057.11,68323.63
OI0000490,O003512,P0170,2,15,69926.2,10488.93,59437.27
OI0000491,O001152,P0087,1,20,17908.98,3581.8,14327.18
OI0000492,O000278,P0027,3,0,148335.03,0.0,148335.03
OI0000493,O003767,P0230,2,25,74914.92,18728.73,56186.19
OI0000494,O008523,P0008,1,20,8182.39,1636.48,6545.91
OI0000495,O006504,P0190,1,20,22044.04,4408.81,17635.23
OI0000496,O007732,P0004,4,25,93160.24,23290.06,69870.18
OI0000497,O000871,P0054,2,10,82740.08,8274.01,74466.07
OI0000498,O006246,P0176,4,0,14491.2,0.0,14491.2
OI0000499,O008569,P0146,2,20,53260.76,10652.15,42608.61
OI0000500,O002637,P0249,2,0,34777.92,0.0,34777.92
OI0000501,O004094,P0109,4,15,140178.84,21026.83,119152.01
OI0000502,O009014,P0274,4,5,93394.08,4669.7,88724.38
OI0000503,O001864,P0029,4,0,16388.28,0.0,16388.28
OI0000504,O005979,P0149,2,5,29016.1,1450.8,27565.3
OI0000505,O004224,P0091,1,15,37000.8,5550.12,31450.68
OI0000506,O009135,P0047,2,0,47234.8,0.0,47234.8
OI0000507,O006496,P0194,4,0,110758.0,0.0,110758.0
OI0000508,O003754,P0204,1,10,8794.93,879.49,7915.44
OI0000509,O008451,P0080,1,0,27470.08,0.0,27470.08
OI0000510,O009426,P0089,1,25,25607.6,6401.9,19205.7
OI0000511,O002070,P0151,4,20,50455.64,10091.13,40364.51
OI0000512,O001185,P0273,2,10,79464.06,7946.41,71517.65
OI0000513,O005862,P0180,1,0,1392.98,0.0,1392.98
OI0000514,O002407,P0042,3,10,70674.6,7067.46,63607.14
OI0000515,O001879,P0051,2,15,73440.8,11016.12,62424.68
OI0000516,O000830,P0238,3,10,95887.62,9588.76,86298.86
OI0000517,O005405,P0185,2,25,28836.3,7209.08,21627.22
OI0000518,O005954,P0292,2,20,26746.82,5349.36,21397.46
OI0000519,O006450,P0258,3,5,86579.73,4328.99,82250.74
OI0000520,O000048,P0279,2,15,36776.32,5516.45,31259.87
OI0000521,O007468,P0188,4,10,167241.68,16724.17,150517.51
OI0000522,O009458,P0187,2,25,38554.9,9638.72,28916.18
OI0000523,O003576,P0194,1,10,27689.5,2768.95,24920.55
OI0000524,O001735,P0043,4,10,67355.96,6735.6,60620.36
OI0000525,O009314,P0202,2,10,80083.42,8008.34,72075.08
OI0000526,O009008,P0107,3,5,31279.02,1563.95,29715.07
OI0000527,O005385,P0073,3,0,57391.44,0.0,57391.44
OI0000528,O006329,P0221,2,5,71521.06,3576.05,67945.01
OI0000529,O009912,P0090,1,5,6565.92,328.3,6237.62
OI0000530,O006927,P0120,3,0,11279.55,0.0,11279.55
OI0000531,O008927,P0164,4,20,149121.04,29824.21,119296.83
OI0000532,O003517,P0221,4,0,143042.12,0.0,143042.12
OI0000533,O001907,P0021,2,25,93933.22,23483.3,70449.92
OI0000534,O001263,P0097,2,0,24491.82,0.0,24491.82
OI0000535,O000558,P0004,3,0,69870.18,0.0,69870.18
OI0000536,O006471,P0161,1,25,13274.0,3318.5,9955.5
OI0000537,O003363,P0142,4,25,27122.64,6780.66,20341.98
OI0000538,O008048,P0088,1,0,39591.0,0.0,39591.0
OI0000539,O000290,P0190,3,0,66132.12,0.0,66132.12
OI0000540,O002275,P0089,3,0,76822.8,0.0,76822.8
OI0000541,O003871,P0135,3,10,140488.08,14048.81,126439.27
OI0000542,O003596,P0261,3,5,145642.62,7282.13,138360.49
OI0000543,O004271,P0013,4,5,125051.44,6252.57,118798.87
OI0000544,O003713,P0247,1,20,1993.66,398.73,1594.93
OI0000545,O000847,P0250,3,20,16505.37,3301.07,13204.3
OI0000546,O002810,P0084,4,25,160993.2,40248.3,120744.9
OI0000547,O007875,P0117,1,10,36170.1,3617.01,32553.09
OI0000548,O004931,P0091,1,0,37000.8,0.0,37000.8
OI0000549,O007474,P0263,1,10,44250.68,4425.07,39825.61
OI0000550,O004983,P0162,4,20,8615.2,1723.04,6892.16
OI0000551,O001920,P0149,2,0,29016.1,0.0,29016.1
OI0000552,O007780,P0188,2,25,83620.84,20905.21,62715.63
OI0000553,O000859,P0186,2,0,30083.04,0.0,30083.04
OI0000554,O006897,P0056,3,5,76007.31,3800.37,72206.94
OI0000555,O001140,P0213,2,5,48277.12,2413.86,45863.26
OI0000556,O007844,P0148,2,25,20379.4,5094.85,15284.55
OI0000557,O005871,P0040,4,0,69709.16,0.0,69709.16
OI0000558,O009227,P0152,3,0,34195.08,0.0,34195.08
OI0000559,O008359,P0085,4,15,36782.44,5517.37,31265.07
OI0000560,O007178,P0108,4,25,147651.76,36912.94,110738.82
OI0000561,O001824,P0287,2,0,50410.32,0.0,50410.32
OI0000562,O001972,P0118,1,10,9683.76,968.38,8715.38
OI0000563,O008520,P0178,1,25,16579.2,4144.8,12434.4
OI0000564,O005167,P0138,3,20,3828.06,765.61,3062.45
OI0000565,O003597,P0084,4,25,160993.2,40248.3,120744.9
OI0000566,O005955,P0270,3,25,51213.9,12803.48,38410.42
OI0000567,O000821,P0019,1,5,16251.46,812.57,15438.89
OI0000568,O004495,P0030,4,0,186731.92,0.0,186731.92
OI0000569,O007925,P0272,4,25,84734.28,21183.57,63550.71
OI0000570,O002779,P0022,3,15,100955.67,15143.35,85812.32
OI0000571,O002683,P0084,4,5,160993.2,8049.66,152943.54
OI0000572,O000489,P0109,4,15,140178.84,21026.83,119152.01
OI0000573,O009981,P0225,3,5,123259.17,6162.96,117096.21
OI0000574,O004846,P0005,3,10,13822.23,1382.22,12440.01
OI0000575,O009583,P0071,4,0,13047.96,0.0,13047.96
OI0000576,O001339,P0276,4,10,199031.76,19903.18,179128.58
OI0000577,O001134,P0038,3,25,89214.51,22303.63,66910.88
OI0000578,O004652,P0129,1,15,8079.39,1211.91,6867.48
OI0000579,O003163,P0118,4,15,38735.04,5810.26,32924.78
OI0000580,O000239,P0005,3,0,13822.23,0.0,13822.23
OI0000581,O007468,P0085,2,0,18391.22,0.0,18391.22
OI0000582,O008962,P0078,3,15,33632.82,5044.92,28587.9
OI0000583,O007411,P0125,3,10,89543.13,8954.31,80588.82
OI0000584,O007121,P0076,1,0,37191.51,0.0,37191.51
OI0000585,O004087,P0283,2,25,54416.96,13604.24,40812.72
OI0000586,O000777,P0281,4,10,139367.64,13936.76,125430.88
OI0000587,O003779,P0130,3,10,104482.92,10448.29,94034.63
OI0000588,O005016,P0150,3,5,24784.2,1239.21,23544.99
OI0000589,O001734,P0145,1,20,39162.31,7832.46,31329.85
OI0000590,O002949,P0189,3,20,145098.66,29019.73,116078.93
OI0000591,O007236,P0066,3,15,133711.71,20056.76,113654.95
OI0000592,O001694,P0245,4,0,158653.36,0.0,158653.36
OI0000593,O007396,P0244,3,0,103378.65,0.0,103378.65
OI0000594,O000947,P0119,1,10,22218.38,2221.84,19996.54
OI0000595,O004256,P0154,3,0,84662.7,0.0,84662.7
OI0000596,O004938,P0161,2,5,26548.0,1327.4,25220.6
OI0000597,O006899,P0001,3,0,83789.55,0.0,83789.55
OI0000598,O001125,P0040,1,5,17427.29,871.36,16555.93
OI0000599,O009441,P0171,2,25,39038.04,9759.51,29278.53
OI0000600,O008747,P0300,1,15,10159.44,1523.92,8635.52
OI0000601,O001389,P0190,3,0,66132.12,0.0,66132.12
OI0000602,O008607,P0292,3,15,40120.23,6018.03,34102.2
OI0000603,O007646,P0295,1,0,46301.43,0.0,46301.43
OI0000604,O005143,P0126,4,25,174539.16,43634.79,130904.37
OI0000605,O003648,P0268,3,10,27552.33,2755.23,24797.1
OI0000606,O000840,P0021,2,10,93933.22,9393.32,84539.9
OI0000607,O001207,P0087,1,0,17908.98,0.0,17908.98
OI0000608,O008848,P0269,3,10,115041.27,11504.13,103537.14
OI0000609,O009848,P0275,2,10,53935.3,5393.53,48541.77
OI0000610,O004873,P0046,3,15,5592.63,838.89,4753.74
OI0000611,O000979,P0112,3,0,16190.1,0.0,16190.1
OI0000612,O000551,P0185,4,5,57672.6,2883.63,54788.97
OI0000613,O008492,P0190,4,5,88176.16,4408.81,83767.35
OI0000614,O009513,P0056,1,0,25335.77,0.0,25335.77
OI0000615,O005389,P0129,2,0,16158.78,0.0,16158.78
OI0000616,O003980,P0110,2,0,24926.56,0.0,24926.56
OI0000617,O002096,P0156,2,20,19876.84,3975.37,15901.47
OI0000618,O000205,P0132,3,15,99919.29,14987.89,84931.4
OI0000619,O008614,P0199,3,25,117238.47,29309.62,87928.85
OI0000620,O001986,P0075,1,5,35952.26,1797.61,34154.65
OI0000621,O006464,P0204,1,20,8794.93,1758.99,7035.94
OI0000622,O003747,P0053,3,20,97001.49,19400.3,77601.19
OI0000623,O007312,P0039,3,5,28494.9,1424.74,27070.16
OI0000624,O001704,P0291,2,10,1888.14,188.81,1699.33
OI0000625,O006234,P0051,3,10,110161.2,11016.12,99145.08
OI0000626,O004025,P0192,2,5,84714.46,4235.72,80478.74
OI0000627,O003684,P0207,1,5,17750.15,887.51,16862.64
OI0000628,O008166,P0282,3,0,140717.31,0.0,140717.31
OI0000629,O001794,P0113,3,20,147410.61,29482.12,117928.49
OI0000630,O006102,P0115,2,10,68912.7,6891.27,62021.43
OI0000631,O005379,P0259,1,5,46277.18,2313.86,43963.32
OI0000632,O009903,P0239,4,10,2657.52,265.75,2391.77
OI0000633,O006255,P0017,3,0,79694.7,0.0,79694.7
OI0000634,O005659,P0206,2,0,45308.0,0.0,45308.0
OI0000635,O006079,P0257,3,15,30089.13,4513.37,25575.76
OI0000636,O000684,P0088,4,25,158364.0,39591.0,118773.0
OI0000637,O007176,P0011,4,5,15909.64,795.48,15114.16
OI0000638,O000023,P0067,1,5,24908.56,1245.43,23663.13
OI0000639,O005766,P0205,2,5,660.16,33.01,627.15
OI0000640,O009625,P0086,4,10,81784.32,8178.43,73605.89
OI0000641,O006715,P0041,2,5,35055.68,1752.78,33302.9
OI0000642,O001792,P0105,2,5,81455.38,4072.77,77382.61
OI0000643,O006032,P0030,1,15,46682.98,7002.45,39680.53
OI0000644,O005455,P0281,4,5,139367.64,6968.38,132399.26
OI0000645,O004783,P0256,2,25,99168.64,24792.16,74376.48
OI0000646,O003496,P0217,1,5,8650.32,432.52,8217.8
OI0000647,O005267,P0103,3,0,98259.57,0.0,98259.57
OI0000648,O008187,P0162,3,25,6461.4,1615.35,4846.05
OI0000649,O000752,P0186,4,0,60166.08,0.0,60166.08
OI0000650,O007596,P0256,2,10,99168.64,9916.86,89251.78
OI0000651,O003427,P0086,3,5,61338.24,3066.91,58271.33
OI0000652,O008858,P0182,3,0,123085.29,0.0,123085.29
OI0000653,O008500,P0117,3,25,108510.3,27127.58,81382.72
OI0000654,O001869,P0247,4,5,7974.64,398.73,7575.91
OI0000655,O008495,P0146,2,10,53260.76,5326.08,47934.68
OI0000656,O000712,P0272,2,20,42367.14,8473.43,33893.71
OI0000657,O000526,P0184,4,10,90552.04,9055.2,81496.84
OI0000658,O007322,P0202,1,15,40041.71,6006.26,34035.45
OI0000659,O008952,P0159,4,15,112396.08,16859.41,95536.67
OI0000660,O004702,P0048,4,5,190922.0,9546.1,181375.9
OI0000661,O002547,P0124,3,10,49942.95,4994.3,44948.65
OI0000662,O007912,P0162,1,0,2153.8,0.0,2153.8
OI0000663,O008298,P0162,1,0,2153.8,0.0,2153.8
OI0000664,O008077,P0234,4,25,121234.84,30308.71,90926.13
OI0000665,O004836,P0060,3,0,11394.39,0.0,11394.39
OI0000666,O000907,P0076,4,5,148766.04,7438.3,141327.74
OI0000667,O006302,P0040,1,0,17427.29,0.0,17427.29
OI0000668,O006389,P0145,2,25,78324.62,19581.16,58743.46
OI0000669,O003666,P0169,3,0,68621.58,0.0,68621.58
OI0000670,O005655,P0174,3,15,87244.2,13086.63,74157.57
OI0000671,O008262,P0072,3,15,8266.35,1239.95,7026.4
OI0000672,O002926,P0139,4,0,97127.72,0.0,97127.72
OI0000673,O009291,P0040,2,15,34854.58,5228.19,29626.39
OI0000674,O000135,P0174,1,25,29081.4,7270.35,21811.05
OI0000675,O008111,P0065,2,10,62232.94,6223.29,56009.65
OI0000676,O000737,P0032,1,5,42265.52,2113.28,40152.24
OI0000677,O007034,P0108,2,10,73825.88,7382.59,66443.29
OI0000678,O008330,P0180,2,0,2785.96,0.0,2785.96
OI0000679,O001877,P0266,3,25,114274.2,28568.55,85705.65
OI0000680,O006857,P0115,2,5,68912.7,3445.64,65467.06
OI0000681,O003959,P0131,2,10,10928.16,1092.82,9835.34
OI0000682,O001438,P0250,1,5,5501.79,275.09,5226.7
OI0000683,O005552,P0137,1,0,22000.31,0.0,22000.31
OI0000684,O002288,P0136,2,0,2243.04,0.0,2243.04
OI0000685,O006681,P0074,3,10,50980.32,5098.03,45882.29
OI0000686,O000217,P0008,3,10,24547.17,2454.72,22092.45
OI0000687,O002929,P0272,1,25,21183.57,5295.89,15887.68
OI0000688,O003084,P0267,4,5,197212.76,9860.64,187352.12
OI0000689,O006651,P0279,1,5,18388.16,919.41,17468.75
OI0000690,O006562,P0150,3,25,24784.2,6196.05,18588.15
OI0000691,O000387,P0295,4,0,185205.72,0.0,185205.72
OI0000692,O005254,P0136,1,10,1121.52,112.15,1009.37
OI0000693,O005435,P0133,1,0,14450.81,0.0,14450.81
OI0000694,O000923,P0261,4,25,194190.16,48547.54,145642.62
OI0000695,O008228,P0019,1,5,16251.46,812.57,15438.89
OI0000696,O009021,P0061,3,20,103787.73,20757.55,83030.18
OI0000697,O009828,P0146,4,25,106521.52,26630.38,79891.14
OI0000698,O003265,P0188,3,20,125431.26,25086.25,100345.01
OI0000699,O006826,P0178,2,10,33158.4,3315.84,29842.56
OI0000700,O005262,P0177,1,25,25467.23,6366.81,19100.42
OI0000701,O006392,P0114,2,15,86078.68,12911.8,73166.88
OI0000702,O002369,P0208,2,15,55667.02,8350.05,47316.97
OI0000703,O005644,P0018,2,0,39788.72,0.0,39788.72
OI0000704,O003458,P0090,1,5,6565.92,328.3,6237.62
OI0000705,O003939,P0221,4,10,143042.12,14304.21,128737.91
OI0000706,O009677,P0144,3,0,101033.07,0.0,101033.07
OI0000707,O008515,P0046,1,25,1864.21,466.05,1398.16
OI0000708,O005933,P0103,3,0,98259.57,0.0,98259.57
OI0000709,O009353,P0094,4,15,75595.32,11339.3,64256.02
OI0000710,O009885,P0064,1,0,17144.69,0.0,17144.69
OI0000711,O006205,P0142,3,0,20341.98,0.0,20341.98
OI0000712,O001825,P0278,2,10,61691.92,6169.19,55522.73
OI0000713,O002967,P0078,1,10,11210.94,1121.09,10089.85
OI0000714,O006472,P0091,3,0,111002.4,0.0,111002.4
OI0000715,O002216,P0035,2,5,63568.62,3178.43,60390.19
OI0000716,O002406,P0104,4,5,154964.08,7748.2,147215.88
OI0000717,O002916,P0076,2,20,74383.02,14876.6,59506.42
OI0000718,O000683,P0131,2,15,10928.16,1639.22,9288.94
OI0000719,O006228,P0107,2,15,20852.68,3127.9,17724.78
OI0000720,O004922,P0275,3,25,80902.95,20225.74,60677.21
OI0000721,O005616,P0279,3,15,55164.48,8274.67,46889.81
OI0000722,O003070,P0208,4,0,111334.04,0.0,111334.04
OI0000723,O003968,P0260,2,25,15028.9,3757.22,11271.68
OI0000724,O009124,P0096,2,0,34572.3,0.0,34572.3
OI0000725,O002529,P0004,2,0,46580.12,0.0,46580.12
OI0000726,O008838,P0187,2,5,38554.9,1927.74,36627.16
OI0000727,O007456,P0218,2,0,71956.64,0.0,71956.64
OI0000728,O004289,P0123,1,0,19443.88,0.0,19443.88
OI0000729,O008692,P0286,4,10,42858.68,4285.87,38572.81
OI0000730,O008861,P0161,3,15,39822.0,5973.3,33848.7
OI0000731,O004671,P0208,3,5,83500.53,4175.03,79325.5
OI0000732,O005657,P0020,1,0,30596.61,0.0,30596.61
OI0000733,O002039,P0048,3,20,143191.5,28638.3,114553.2
OI0000734,O000317,P0027,2,5,98890.02,4944.5,93945.52
OI0000735,O002648,P0160,3,20,38694.54,7738.91,30955.63
OI0000736,O009179,P0155,2,0,94514.76,0.0,94514.76
OI0000737,O005658,P0281,4,5,139367.64,6968.38,132399.26
OI0000738,O007446,P0066,3,20,133711.71,26742.34,106969.37
OI0000739,O006073,P0230,1,0,37457.46,0.0,37457.46
OI0000740,O005950,P0215,3,25,32730.72,8182.68,24548.04
OI0000741,O004474,P0244,2,5,68919.1,3445.96,65473.14
OI0000742,O002166,P0012,1,25,34970.13,8742.53,26227.6
OI0000743,O001938,P0101,2,15,17424.12,2613.62,14810.5
OI0000744,O003871,P0174,4,25,116325.6,29081.4,87244.2
OI0000745,O006170,P0229,3,0,21270.75,0.0,21270.75
OI0000746,O004335,P0242,4,15,137053.76,20558.06,116495.7
OI0000747,O007277,P0213,4,20,96554.24,19310.85,77243.39
OI0000748,O005210,P0112,1,25,5396.7,1349.18,4047.52
OI0000749,O008574,P0203,2,0,34870.28,0.0,34870.28
OI0000750,O002841,P0037,3,0,5645.1,0.0,5645.1
OI0000751,O001656,P0132,1,15,33306.43,4995.96,28310.47
OI0000752,O007860,P0090,3,0,19697.76,0.0,19697.76
OI0000753,O005138,P0212,4,0,45900.76,0.0,45900.76
OI0000754,O000664,P0102,1,10,2385.45,238.54,2146.91
OI0000755,O000502,P0047,4,10,94469.6,9446.96,85022.64
OI0000756,O000620,P0120,3,10,11279.55,1127.96,10151.59
OI0000757,O005775,P0017,4,0,106259.6,0.0,106259.6
OI0000758,O001920,P0288,4,10,4782.32,478.23,4304.09
OI0000759,O006920,P0178,1,5,16579.2,828.96,15750.24
OI0000760,O000217,P0274,4,15,93394.08,14009.11,79384.97
OI0000761,O006168,P0194,4,5,110758.0,5537.9,105220.1
OI0000762,O005614,P0006,2,5,61054.32,3052.72,58001.6
OI0000763,O005882,P0003,3,15,57065.46,8559.82,48505.64
OI0000764,O005096,P0199,3,15,117238.47,17585.77,99652.7
OI0000765,O006517,P0035,4,0,127137.24,0.0,127137.24
OI0000766,O005953,P0239,3,10,1993.14,199.31,1793.83
OI0000767,O005658,P0077,1,15,2731.53,409.73,2321.8
OI0000768,O008522,P0102,1,10,2385.45,238.54,2146.91
OI0000769,O007322,P0066,3,20,133711.71,26742.34,106969.37
OI0000770,O005954,P0051,1,0,36720.4,0.0,36720.4
OI0000771,O000936,P0124,2,25,33295.3,8323.83,24971.47
OI0000772,O006561,P0200,4,5,43624.96,2181.25,41443.71
OI0000773,O009657,P0073,3,10,57391.44,5739.14,51652.3
OI0000774,O008615,P0162,2,0,4307.6,0.0,4307.6
OI0000775,O005761,P0167,3,15,106108.14,15916.22,90191.92
OI0000776,O003346,P0175,3,10,142236.15,14223.62,128012.53
OI0000777,O001182,P0292,3,25,40120.23,10030.06,30090.17
OI0000778,O001691,P0022,2,5,67303.78,3365.19,63938.59
OI0000779,O004796,P0227,1,15,9470.02,1420.5,8049.52
OI0000780,O003505,P0172,2,0,16325.36,0.0,16325.36
OI0000781,O004209,P0195,2,0,23399.78,0.0,23399.78
OI0000782,O009133,P0189,2,25,96732.44,24183.11,72549.33
OI0000783,O001781,P0245,4,5,158653.36,7932.67,150720.69
OI0000784,O007780,P0137,3,25,66000.93,16500.23,49500.7
OI0000785,O003510,P0274,4,0,93394.08,0.0,93394.08
OI0000786,O000018,P0090,1,10,6565.92,656.59,5909.33
OI0000787,O000159,P0157,1,10,32154.45,3215.44,28939.01
OI0000788,O001034,P0140,1,25,25151.16,6287.79,18863.37
OI0000789,O005882,P0167,1,5,35369.38,1768.47,33600.91
OI0000790,O007684,P0275,2,0,53935.3,0.0,53935.3
OI0000791,O000565,P0024,4,10,92564.44,9256.44,83308.0
OI0000792,O008891,P0300,4,20,40637.76,8127.55,32510.21
OI0000793,O009961,P0095,1,0,24987.28,0.0,24987.28
OI0000794,O009082,P0211,4,0,52140.84,0.0,52140.84
OI0000795,O008583,P0111,4,20,180754.84,36150.97,144603.87
OI0000796,O006283,P0004,4,20,93160.24,18632.05,74528.19
OI0000797,O007028,P0062,4,0,107174.32,0.0,107174.32
OI0000798,O002810,P0018,4,15,79577.44,11936.62,67640.82
OI0000799,O002173,P0109,2,0,70089.42,0.0,70089.42
OI0000800,O003700,P0126,2,15,87269.58,13090.44,74179.14
OI0000801,O002267,P0101,4,5,34848.24,1742.41,33105.83
OI0000802,O007920,P0180,4,0,5571.92,0.0,5571.92
OI0000803,O006246,P0292,4,15,53493.64,8024.05,45469.59
OI0000804,O003112,P0190,1,25,22044.04,5511.01,16533.03
OI0000805,O001400,P0245,1,0,39663.34,0.0,39663.34
OI0000806,O001215,P0057,4,0,139656.56,0.0,139656.56
OI0000807,O008055,P0057,2,5,69828.28,3491.41,66336.87
OI0000808,O002482,P0244,1,25,34459.55,8614.89,25844.66
OI0000809,O002059,P0221,3,20,107281.59,21456.32,85825.27
OI0000810,O005820,P0088,1,25,39591.0,9897.75,29693.25
OI0000811,O005366,P0062,1,5,26793.58,1339.68,25453.9
OI0000812,O006276,P0039,3,0,28494.9,0.0,28494.9
OI0000813,O006628,P0082,4,0,27477.08,0.0,27477.08
OI0000814,O000415,P0010,1,20,26708.05,5341.61,21366.44
OI0000815,O007498,P0056,1,0,25335.77,0.0,25335.77
OI0000816,O004664,P0265,4,10,127099.76,12709.98,114389.78
OI0000817,O002403,P0178,1,5,16579.2,828.96,15750.24
OI0000818,O001580,P0268,1,10,9184.11,918.41,8265.7
OI0000819,O009937,P0073,4,5,76521.92,3826.1,72695.82
OI0000820,O008453,P0017,1,5,26564.9,1328.24,25236.66
OI0000821,O006736,P0035,4,5,127137.24,6356.86,120780.38
OI0000822,O004676,P0195,1,5,11699.89,584.99,11114.9
OI0000823,O007172,P0198,4,20,161955.68,32391.14,129564.54
OI0000824,O006485,P0291,3,10,2832.21,283.22,2548.99
OI0000825,O000970,P0200,1,0,10906.24,0.0,10906.24
OI0000826,O000095,P0290,3,0,77896.74,0.0,77896.74
OI0000827,O006160,P0011,2,0,7954.82,0.0,7954.82
OI0000828,O005231,P0221,2,5,71521.06,3576.05,67945.01
OI0000829,O004082,P0010,3,15,80124.15,12018.62,68105.53
OI0000830,O005342,P0082,1,0,6869.27,0.0,6869.27
OI0000831,O007439,P0268,3,0,27552.33,0.0,27552.33
OI0000832,O009067,P0179,3,5,76538.76,3826.94,72711.82
OI0000833,O008528,P0083,4,10,188798.76,18879.88,169918.88
OI0000834,O009717,P0233,3,10,112087.47,11208.75,100878.72
OI0000835,O000164,P0089,3,5,76822.8,3841.14,72981.66
OI0000836,O005506,P0108,4,20,147651.76,29530.35,118121.41
OI0000837,O006556,P0187,4,10,77109.8,7710.98,69398.82
OI0000838,O008511,P0002,4,10,185856.96,18585.7,167271.26
OI0000839,O001279,P0258,3,0,86579.73,0.0,86579.73
OI0000840,O001855,P0133,1,10,14450.81,1445.08,13005.73
OI0000841,O006694,P0150,2,10,16522.8,1652.28,14870.52
OI0000842,O001444,P0156,3,0,29815.26,0.0,29815.26
OI0000843,O003766,P0142,1,0,6780.66,0.0,6780.66
OI0000844,O000187,P0104,4,0,154964.08,0.0,154964.08
OI0000845,O006286,P0107,3,0,31279.02,0.0,31279.02
OI0000846,O000428,P0050,3,5,141968.91,7098.45,134870.46
OI0000847,O001148,P0202,3,5,120125.13,6006.26,114118.87
OI0000848,O004121,P0169,4,5,91495.44,4574.77,86920.67
OI0000849,O001827,P0143,4,5,75772.4,3788.62,71983.78
OI0000850,O006991,P0299,2,5,78572.34,3928.62,74643.72
OI0000851,O003759,P0146,4,10,106521.52,10652.15,95869.37
OI0000852,O001681,P0095,4,10,99949.12,9994.91,89954.21
OI0000853,O005143,P0084,4,0,160993.2,0.0,160993.2
OI0000854,O003808,P0093,4,15,53170.52,7975.58,45194.94
OI0000855,O008314,P0067,1,0,24908.56,0.0,24908.56
OI0000856,O000983,P0199,1,15,39079.49,5861.92,33217.57
OI0000857,O009446,P0060,3,5,11394.39,569.72,10824.67
OI0000858,O008209,P0218,1,5,35978.32,1798.92,34179.4
OI0000859,O004098,P0212,4,10,45900.76,4590.08,41310.68
OI0000860,O008459,P0160,4,10,51592.72,5159.27,46433.45
OI0000861,O005648,P0180,2,5,2785.96,139.3,2646.66
OI0000862,O008443,P0053,4,25,129335.32,32333.83,97001.49
OI0000863,O004373,P0254,4,20,54478.4,10895.68,43582.72
OI0000864,O005934,P0184,3,0,67914.03,0.0,67914.03
OI0000865,O005357,P0243,4,10,53657.64,5365.76,48291.88
OI0000866,O003607,P0016,3,15,108213.24,16231.99,91981.25
OI0000867,O009913,P0138,4,0,5104.08,0.0,5104.08
OI0000868,O006077,P0081,3,0,22187.58,0.0,22187.58
OI0000869,O002272,P0254,3,25,40858.8,10214.7,30644.1
OI0000870,O000941,P0126,3,25,130904.37,32726.09,98178.28
OI0000871,O007654,P0207,1,5,17750.15,887.51,16862.64
OI0000872,O008665,P0255,4,0,49144.84,0.0,49144.84
OI0000873,O000514,P0258,4,0,115439.64,0.0,115439.64
OI0000874,O005462,P0128,2,15,38790.86,5818.63,32972.23
OI0000875,O008492,P0296,3,15,97011.63,14551.74,82459.89
OI0000876,O007119,P0042,4,5,94232.8,4711.64,89521.16
OI0000877,O002502,P0223,2,0,14170.24,0.0,14170.24
OI0000878,O003962,P0095,4,5,99949.12,4997.46,94951.66
OI0000879,O002529,P0153,3,10,78202.65,7820.26,70382.39
OI0000880,O002123,P0129,1,10,8079.39,807.94,7271.45
OI0000881,O002357,P0210,2,5,86020.68,4301.03,81719.65
OI0000882,O004172,P0016,2,0,72142.16,0.0,72142.16
OI0000883,O007469,P0170,3,10,104889.3,10488.93,94400.37
OI0000884,O002795,P0165,3,5,7696.14,384.81,7311.33
OI0000885,O009757,P0037,2,10,3763.4,376.34,3387.06
OI0000886,O005936,P0199,4,0,156317.96,0.0,156317.96
OI0000887,O009791,P0134,1,20,10105.06,2021.01,8084.05
OI0000888,O003569,P0237,4,20,62902.12,12580.42,50321.7
OI0000889,O001220,P0202,3,10,120125.13,12012.51,108112.62
OI0000890,O006624,P0174,3,15,87244.2,13086.63,74157.57
OI0000891,O003177,P0296,4,5,129348.84,6467.44,122881.4
OI0000892,O001801,P0046,3,10,5592.63,559.26,5033.37
OI0000893,O005194,P0119,3,10,66655.14,6665.51,59989.63
OI0000894,O009291,P0297,2,5,41705.68,2085.28,39620.4
OI0000895,O009313,P0230,2,25,74914.92,18728.73,56186.19
OI0000896,O007409,P0279,4,10,73552.64,7355.26,66197.38
OI0000897,O003723,P0171,3,25,58557.06,14639.26,43917.8
OI0000898,O007277,P0273,3,5,119196.09,5959.8,113236.29
OI0000899,O004124,P0221,1,0,35760.53,0.0,35760.53
OI0000900,O009800,P0193,3,5,64376.64,3218.83,61157.81
OI0000901,O000150,P0003,4,15,76087.28,11413.09,64674.19
OI0000902,O008874,P0078,1,25,11210.94,2802.74,8408.2
OI0000903,O003226,P0203,1,10,17435.14,1743.51,15691.63
OI0000904,O008954,P0030,3,10,140048.94,14004.89,126044.05
OI0000905,O008375,P0021,4,0,187866.44,0.0,187866.44
OI0000906,O007371,P0144,3,0,101033.07,0.0,101033.07
OI0000907,O008365,P0238,3,0,95887.62,0.0,95887.62
OI0000908,O008547,P0060,1,15,3798.13,569.72,3228.41
OI0000909,O002202,P0115,2,20,68912.7,13782.54,55130.16
OI0000910,O006745,P0247,1,0,1993.66,0.0,1993.66
OI0000911,O008925,P0066,3,5,133711.71,6685.59,127026.12
OI0000912,O009112,P0271,4,10,35780.8,3578.08,32202.72
OI0000913,O009527,P0268,1,0,9184.11,0.0,9184.11
OI0000914,O008038,P0019,2,5,32502.92,1625.15,30877.77
OI0000915,O005218,P0233,4,25,149449.96,37362.49,112087.47
OI0000916,O005420,P0014,2,15,19224.12,2883.62,16340.5
OI0000917,O008553,P0143,1,0,18943.1,0.0,18943.1
OI0000918,O006028,P0087,4,0,71635.92,0.0,71635.92
OI0000919,O009066,P0267,1,5,49303.19,2465.16,46838.03
OI0000920,O009279,P0063,3,25,57243.63,14310.91,42932.72
OI0000921,O000718,P0299,2,15,78572.34,11785.85,66786.49
OI0000922,O006804,P0195,1,5,11699.89,584.99,11114.9
OI0000923,O004937,P0171,4,0,78076.08,0.0,78076.08
OI0000924,O008447,P0129,1,5,8079.39,403.97,7675.42
OI0000925,O004357,P0132,1,0,33306.43,0.0,33306.43
OI0000926,O007297,P0025,1,0,44562.04,0.0,44562.04
OI0000927,O000523,P0074,3,0,50980.32,0.0,50980.32
OI0000928,O006020,P0210,3,15,129031.02,19354.65,109676.37
OI0000929,O005649,P0225,1,0,41086.39,0.0,41086.39
OI0000930,O002628,P0053,4,10,129335.32,12933.53,116401.79
OI0000931,O008608,P0131,4,15,21856.32,3278.45,18577.87
OI0000932,O003077,P0178,4,0,66316.8,0.0,66316.8
OI0000933,O000918,P0013,3,20,93788.58,18757.72,75030.86
OI0000934,O008398,P0291,1,0,944.07,0.0,944.07
OI0000935,O006613,P0146,4,15,106521.52,15978.23,90543.29
OI0000936,O009283,P0030,1,0,46682.98,0.0,46682.98
OI0000937,O004853,P0040,2,20,34854.58,6970.92,27883.66
OI0000938,O008459,P0110,2,10,24926.56,2492.66,22433.9
OI0000939,O009959,P0030,4,10,186731.92,18673.19,168058.73
OI0000940,O009956,P0186,4,5,60166.08,3008.3,57157.78
OI0000941,O004571,P0090,4,5,26263.68,1313.18,24950.5
OI0000942,O009702,P0072,3,10,8266.35,826.64,7439.71
OI0000943,O000153,P0012,4,15,139880.52,20982.08,118898.44
OI0000944,O000554,P0078,1,0,11210.94,0.0,11210.94
OI0000945,O004583,P0274,4,20,93394.08,18678.82,74715.26
OI0000946,O007971,P0236,4,10,4452.48,445.25,4007.23
OI0000947,O007759,P0104,4,10,154964.08,15496.41,139467.67
OI0000948,O007216,P0065,3,0,93349.41,0.0,93349.41
OI0000949,O007192,P0213,4,0,96554.24,0.0,96554.24
OI0000950,O001399,P0037,2,5,3763.4,188.17,3575.23
OI0000951,O009964,P0285,3,25,13924.47,3481.12,10443.35
OI0000952,O006853,P0174,1,5,29081.4,1454.07,27627.33
OI0000953,O003429,P0104,3,0,116223.06,0.0,116223.06
OI0000954,O009249,P0216,1,5,13737.66,686.88,13050.78
OI0000955,O007640,P0300,2,0,20318.88,0.0,20318.88
OI0000956,O009030,P0018,4,5,79577.44,3978.87,75598.57
OI0000957,O002613,P0079,2,5,27714.48,1385.72,26328.76
OI0000958,O009159,P0235,3,0,103140.18,0.0,103140.18
OI0000959,O001522,P0020,3,15,91789.83,13768.47,78021.36
OI0000960,O003797,P0290,1,25,25965.58,6491.4,19474.18
OI0000961,O007976,P0073,3,25,57391.44,14347.86,43043.58
OI0000962,O009214,P0163,3,10,46230.36,4623.04,41607.32
OI0000963,O007171,P0185,1,5,14418.15,720.91,13697.24
OI0000964,O003121,P0283,2,15,54416.96,8162.54,46254.42
OI0000965,O003086,P0234,3,15,90926.13,13638.92,77287.21
OI0000966,O008061,P0274,4,5,93394.08,4669.7,88724.38
OI0000967,O000247,P0146,3,10,79891.14,7989.11,71902.03
OI0000968,O008624,P0155,2,20,94514.76,18902.95,75611.81
OI0000969,O000567,P0223,1,0,7085.12,0.0,7085.12
OI0000970,O008673,P0097,3,0,36737.73,0.0,36737.73
OI0000971,O008727,P0143,1,10,18943.1,1894.31,17048.79
OI0000972,O006252,P0047,3,15,70852.2,10627.83,60224.37
OI0000973,O004272,P0292,4,10,53493.64,5349.36,48144.28
OI0000974,O000469,P0019,1,10,16251.46,1625.15,14626.31
OI0000975,O003959,P0224,4,5,193258.68,9662.93,183595.75
OI0000976,O002575,P0045,3,15,22353.93,3353.09,19000.84
OI0000977,O004248,P0103,1,0,32753.19,0.0,32753.19
OI0000978,O005396,P0252,1,0,38468.7,0.0,38468.7
OI0000979,O007206,P0057,3,5,104742.42,5237.12,99505.3
OI0000980,O001622,P0119,3,25,66655.14,16663.78,49991.36
OI0000981,O002996,P0157,4,10,128617.8,12861.78,115756.02
OI0000982,O001971,P0016,3,5,108213.24,5410.66,102802.58
OI0000983,O008623,P0150,3,10,24784.2,2478.42,22305.78
OI0000984,O004416,P0144,2,20,67355.38,13471.08,53884.3
OI0000985,O002119,P0073,3,10,57391.44,5739.14,51652.3
OI0000986,O001112,P0283,1,0,27208.48,0.0,27208.48
OI0000987,O002215,P0111,3,5,135566.13,6778.31,128787.82
OI0000988,O004727,P0099,4,5,4615.24,230.76,4384.48
OI0000989,O000797,P0211,3,20,39105.63,7821.13,31284.5
OI0000990,O003308,P0143,2,5,37886.2,1894.31,35991.89
OI0000991,O002970,P0121,2,0,39207.88,0.0,39207.88
OI0000992,O009614,P0033,2,5,42068.98,2103.45,39965.53
OI0000993,O006464,P0199,1,0,39079.49,0.0,39079.49
OI0000994,O005935,P0215,2,20,21820.48,4364.1,17456.38
OI0000995,O004628,P0022,4,10,134607.56,13460.76,121146.8
OI0000996,O004103,P0058,2,10,58845.32,5884.53,52960.79
OI0000997,O009938,P0283,4,5,108833.92,5441.7,103392.22
OI0000998,O008430,P0140,3,5,75453.48,3772.67,71680.81
OI0000999,O008030,P0229,1,15,7090.25,1063.54,6026.71
OI0001000,O002499,P0033,3,0,63103.47,0.0,63103.47
OI0001001,O005234,P0114,4,0,172157.36,0.0,172157.36
OI0001002,O008641,P0194,1,10,27689.5,2768.95,24920.55
OI0001003,O003230,P0282,4,20,187623.08,37524.62,150098.46
OI0001004,O009197,P0173,1,10,20026.84,2002.68,18024.16
OI0001005,O008002,P0055,2,15,11047.22,1657.08,9390.14
OI0001006,O005519,P0180,3,20,4178.94,835.79,3343.15
OI0001007,O000639,P0253,2,0,22474.08,0.0,22474.08
OI0001008,O007904,P0249,1,10,17388.96,1738.9,15650.06
OI0001009,O002630,P0135,4,20,187317.44,37463.49,149853.95
OI0001010,O008121,P0185,1,10,14418.15,1441.82,12976.33
OI0001011,O004761,P0119,1,10,22218.38,2221.84,19996.54
OI0001012,O001559,P0051,2,15,73440.8,11016.12,62424.68
OI0001013,O007818,P0084,1,15,40248.3,6037.24,34211.06
OI0001014,O002961,P0151,3,10,37841.73,3784.17,34057.56
OI0001015,O002228,P0186,3,0,45124.56,0.0,45124.56
OI0001016,O000953,P0031,2,10,36566.0,3656.6,32909.4
OI0001017,O009728,P0190,2,0,44088.08,0.0,44088.08
OI0001018,O000493,P0115,3,5,103369.05,5168.45,98200.6
OI0001019,O001617,P0060,2,15,7596.26,1139.44,6456.82
OI0001020,O007881,P0290,3,10,77896.74,7789.67,70107.07
OI0001021,O002991,P0257,3,15,30089.13,4513.37,25575.76
OI0001022,O003399,P0297,2,5,41705.68,2085.28,39620.4
OI0001023,O003584,P0223,4,20,28340.48,5668.1,22672.38
OI0001024,O008982,P0104,2,5,77482.04,3874.1,73607.94
OI0001025,O006066,P0291,4,10,3776.28,377.63,3398.65
OI0001026,O009322,P0155,2,0,94514.76,0.0,94514.76
OI0001027,O002382,P0149,3,10,43524.15,4352.42,39171.73
OI0001028,O009590,P0200,4,0,43624.96,0.0,43624.96
OI0001029,O002500,P0279,2,15,36776.32,5516.45,31259.87
OI0001030,O004280,P0041,2,15,35055.68,5258.35,29797.33
OI0001031,O006848,P0255,3,0,36858.63,0.0,36858.63
OI0001032,O006484,P0202,4,10,160166.84,16016.68,144150.16
OI0001033,O005992,P0022,2,0,67303.78,0.0,67303.78
OI0001034,O004707,P0040,1,10,17427.29,1742.73,15684.56
OI0001035,O001477,P0130,1,25,34827.64,8706.91,26120.73
OI0001036,O000225,P0298,2,20,93060.98,18612.2,74448.78
OI0001037,O007000,P0172,3,0,24488.04,0.0,24488.04
OI0001038,O001317,P0231,3,0,70763.34,0.0,70763.34
OI0001039,O003545,P0237,2,15,31451.06,4717.66,26733.4
OI0001040,O005974,P0083,2,10,94399.38,9439.94,84959.44
OI0001041,O002797,P0010,3,5,80124.15,4006.21,76117.94
OI0001042,O007429,P0084,3,20,120744.9,24148.98,96595.92
OI0001043,O001672,P0045,3,5,22353.93,1117.7,21236.23
OI0001044,O002814,P0125,2,0,59695.42,0.0,59695.42
OI0001045,O006965,P0146,3,10,79891.14,7989.11,71902.03
OI0001046,O004463,P0144,2,5,67355.38,3367.77,63987.61
OI0001047,O005403,P0104,4,5,154964.08,7748.2,147215.88
OI0001048,O001507,P0040,1,10,17427.29,1742.73,15684.56
OI0001049,O000833,P0104,4,0,154964.08,0.0,154964.08
OI0001050,O005831,P0198,1,0,40488.92,0.0,40488.92
OI0001051,O009216,P0240,2,15,3682.5,552.38,3130.12
OI0001052,O001411,P0050,2,15,94645.94,14196.89,80449.05
OI0001053,O001213,P0157,4,10,128617.8,12861.78,115756.02
OI0001054,O006634,P0135,2,0,93658.72,0.0,93658.72
OI0001055,O006194,P0225,2,10,82172.78,8217.28,73955.5
OI0001056,O002249,P0261,3,0,145642.62,0.0,145642.62
OI0001057,O008367,P0250,4,20,22007.16,4401.43,17605.73
OI0001058,O003347,P0168,1,15,39175.05,5876.26,33298.79
OI0001059,O002238,P0004,4,0,93160.24,0.0,93160.24
OI0001060,O007302,P0007,2,0,29103.92,0.0,29103.92
OI0001061,O008071,P0037,2,25,3763.4,940.85,2822.55
OI0001062,O001637,P0113,4,0,196547.48,0.0,196547.48
OI0001063,O009050,P0075,2,20,71904.52,14380.9,57523.62
OI0001064,O007982,P0187,2,25,38554.9,9638.72,28916.18
OI0001065,O001569,P0050,2,5,94645.94,4732.3,89913.64
OI0001066,O001652,P0157,3,10,96463.35,9646.33,86817.02
OI0001067,O002377,P0089,2,10,51215.2,5121.52,46093.68
OI0001068,O007669,P0195,2,10,23399.78,2339.98,21059.8
OI0001069,O007709,P0030,2,0,93365.96,0.0,93365.96
OI0001070,O001397,P0067,2,10,49817.12,4981.71,44835.41
OI0001071,O003583,P0061,2,5,69191.82,3459.59,65732.23
OI0001072,O002823,P0300,2,0,20318.88,0.0,20318.88
OI0001073,O002530,P0056,2,10,50671.54,5067.15,45604.39
OI0001074,O009770,P0079,1,5,13857.24,692.86,13164.38
OI0001075,O005587,P0169,4,0,91495.44,0.0,91495.44
OI0001076,O000431,P0296,1,25,32337.21,8084.3,24252.91
OI0001077,O003586,P0138,2,0,2552.04,0.0,2552.04
OI0001078,O006148,P0273,4,25,158928.12,39732.03,119196.09
OI0001079,O004433,P0015,1,0,23576.86,0.0,23576.86
OI0001080,O009311,P0093,4,0,53170.52,0.0,53170.52
OI0001081,O007615,P0181,2,0,31575.32,0.0,31575.32
OI0001082,O004126,P0051,4,5,146881.6,7344.08,139537.52
OI0001083,O009090,P0209,4,10,38253.8,3825.38,34428.42
OI0001084,O009034,P0121,4,25,78415.76,19603.94,58811.82
OI0001085,O006272,P0066,4,15,178282.28,26742.34,151539.94
OI0001086,O001888,P0026,2,0,9806.46,0.0,9806.46
OI0001087,O008417,P0294,3,0,86225.49,0.0,86225.49
OI0001088,O003346,P0286,3,0,32144.01,0.0,32144.01
OI0001089,O000408,P0235,4,15,137520.24,20628.04,116892.2
OI0001090,O006821,P0055,2,0,11047.22,0.0,11047.22
OI0001091,O002206,P0137,2,0,44000.62,0.0,44000.62
OI0001092,O006551,P0272,3,10,63550.71,6355.07,57195.64
OI0001093,O001193,P0024,2,0,46282.22,0.0,46282.22
OI0001094,O002392,P0214,4,0,100167.12,0.0,100167.12
OI0001095,O001423,P0276,4,0,199031.76,0.0,199031.76
OI0001096,O006656,P0062,3,5,80380.74,4019.04,76361.7
OI0001097,O003274,P0052,2,0,63892.88,0.0,63892.88
OI0001098,O002043,P0126,4,15,174539.16,26180.87,148358.29
OI0001099,O003660,P0052,3,15,95839.32,14375.9,81463.42
OI0001100,O005729,P0299,1,5,39286.17,1964.31,37321.86
OI0001101,O009386,P0096,3,15,51858.45,7778.77,44079.68
OI0001102,O002819,P0138,2,5,2552.04,127.6,2424.44
OI0001103,O009521,P0101,1,25,8712.06,2178.02,6534.04
OI0001104,O004178,P0015,4,5,94307.44,4715.37,89592.07
OI0001105,O001317,P0084,2,15,80496.6,12074.49,68422.11
OI0001106,O006919,P0041,4,5,70111.36,3505.57,66605.79
OI0001107,O000879,P0060,3,10,11394.39,1139.44,10254.95
OI0001108,O009254,P0289,2,10,25582.36,2558.24,23024.12
OI0001109,O006586,P0166,1,5,11119.91,556.0,10563.91
OI0001110,O003205,P0192,1,15,42357.23,6353.58,36003.65
OI0001111,O000595,P0100,4,0,154677.56,0.0,154677.56
OI0001112,O004281,P0140,4,10,100604.64,10060.46,90544.18
OI0001113,O000668,P0058,3,5,88267.98,4413.4,83854.58
OI0001114,O004645,P0217,4,25,34601.28,8650.32,25950.96
OI0001115,O000217,P0009,2,20,54633.32,10926.66,43706.66
OI0001116,O006008,P0081,1,10,7395.86,739.59,6656.27
OI0001117,O004704,P0206,2,10,45308.0,4530.8,40777.2
OI0001118,O009465,P0105,3,20,122183.07,24436.61,97746.46
OI0001119,O006757,P0251,1,15,24693.47,3704.02,20989.45
OI0001120,O008158,P0051,4,15,146881.6,22032.24,124849.36
OI0001121,O009554,P0067,1,10,24908.56,2490.86,22417.7
OI0001122,O004481,P0080,3,20,82410.24,16482.05,65928.19
OI0001123,O004193,P0018,4,0,79577.44,0.0,79577.44
OI0001124,O008789,P0231,1,20,23587.78,4717.56,18870.22
OI0001125,O003982,P0178,1,10,16579.2,1657.92,14921.28
OI0001126,O002799,P0142,1,10,6780.66,678.07,6102.59
OI0001127,O004784,P0138,4,25,5104.08,1276.02,3828.06
OI0001128,O004739,P0259,3,5,138831.54,6941.58,131889.96
OI0001129,O003579,P0113,1,15,49136.87,7370.53,41766.34
OI0001130,O004785,P0086,2,10,40892.16,4089.22,36802.94
OI0001131,O005560,P0231,4,25,94351.12,23587.78,70763.34
OI0001132,O001753,P0101,4,10,34848.24,3484.82,31363.42
OI0001133,O000700,P0141,1,5,16217.79,810.89,15406.9
OI0001134,O003318,P0032,1,10,42265.52,4226.55,38038.97
OI0001135,O000353,P0138,1,25,1276.02,319.0,957.02
OI0001136,O007166,P0181,3,10,47362.98,4736.3,42626.68
OI0001137,O008063,P0211,4,0,52140.84,0.0,52140.84
OI0001138,O008669,P0030,2,10,93365.96,9336.6,84029.36
OI0001139,O009619,P0139,3,5,72845.79,3642.29,69203.5
OI0001140,O004091,P0086,3,10,61338.24,6133.82,55204.42
OI0001141,O006810,P0158,4,0,163594.04,0.0,163594.04
OI0001142,O006135,P0001,1,5,27929.85,1396.49,26533.36
OI0001143,O001070,P0006,3,10,91581.48,9158.15,82423.33
OI0001144,O000862,P0078,1,0,11210.94,0.0,11210.94
OI0001145,O000086,P0184,4,0,90552.04,0.0,90552.04
OI0001146,O006891,P0195,2,20,23399.78,4679.96,18719.82
OI0001147,O002642,P0058,2,25,58845.32,14711.33,44133.99
OI0001148,O006021,P0207,2,25,35500.3,8875.08,26625.22
OI0001149,O009442,P0095,1,25,24987.28,6246.82,18740.46
OI0001150,O005266,P0256,3,25,148752.96,37188.24,111564.72
OI0001151,O007422,P0147,2,20,59145.5,11829.1,47316.4
OI0001152,O007690,P0219,3,15,115648.29,17347.24,98301.05
OI0001153,O006786,P0171,2,0,39038.04,0.0,39038.04
OI0001154,O006107,P0005,1,5,4607.41,230.37,4377.04
OI0001155,O006589,P0128,1,5,19395.43,969.77,18425.66
OI0001156,O009078,P0046,1,15,1864.21,279.63,1584.58
OI0001157,O005526,P0291,2,10,1888.14,188.81,1699.33
OI0001158,O003978,P0101,3,5,26136.18,1306.81,24829.37
OI0001159,O003387,P0124,1,20,16647.65,3329.53,13318.12
OI0001160,O004076,P0215,3,15,32730.72,4909.61,27821.11
OI0001161,O008255,P0260,3,5,22543.35,1127.17,21416.18
OI0001162,O001778,P0258,2,5,57719.82,2885.99,54833.83
OI0001163,O004031,P0101,3,20,26136.18,5227.24,20908.94
OI0001164,O003206,P0163,1,15,15410.12,2311.52,13098.6
OI0001165,O000816,P0046,4,15,7456.84,1118.53,6338.31
OI0001166,O009743,P0004,4,15,93160.24,13974.04,79186.2
OI0001167,O006857,P0251,1,0,24693.47,0.0,24693.47
OI0001168,O006032,P0048,3,10,143191.5,14319.15,128872.35
OI0001169,O002210,P0004,4,5,93160.24,4658.01,88502.23
OI0001170,O003070,P0198,4,0,161955.68,0.0,161955.68
OI0001171,O008619,P0051,1,15,36720.4,5508.06,31212.34
OI0001172,O008216,P0017,4,5,106259.6,5312.98,100946.62
OI0001173,O005094,P0260,2,5,15028.9,751.44,14277.46
OI0001174,O005222,P0185,1,10,14418.15,1441.82,12976.33
OI0001175,O001305,P0135,3,15,140488.08,21073.21,119414.87
OI0001176,O003948,P0238,4,10,127850.16,12785.02,115065.14
OI0001177,O007934,P0161,3,10,39822.0,3982.2,35839.8
OI0001178,O004395,P0196,3,20,111676.29,22335.26,89341.03
OI0001179,O003079,P0128,3,0,58186.29,0.0,58186.29
OI0001180,O007099,P0281,2,0,69683.82,0.0,69683.82
OI0001181,O007707,P0084,4,15,160993.2,24148.98,136844.22
OI0001182,O008740,P0163,4,10,61640.48,6164.05,55476.43
OI0001183,O006121,P0094,4,0,75595.32,0.0,75595.32
OI0001184,O005523,P0023,3,10,11764.05,1176.4,10587.65
OI0001185,O007353,P0079,1,15,13857.24,2078.59,11778.65
OI0001186,O002276,P0239,4,15,2657.52,398.63,2258.89
OI0001187,O007237,P0117,4,10,144680.4,14468.04,130212.36
OI0001188,O000197,P0278,2,0,61691.92,0.0,61691.92
OI0001189,O009730,P0268,1,5,9184.11,459.21,8724.9
OI0001190,O009323,P0243,4,5,53657.64,2682.88,50974.76
OI0001191,O007314,P0290,3,15,77896.74,11684.51,66212.23
OI0001192,O003232,P0129,2,10,16158.78,1615.88,14542.9
OI0001193,O000369,P0249,2,15,34777.92,5216.69,29561.23
OI0001194,O003229,P0160,1,25,12898.18,3224.54,9673.64
OI0001195,O009009,P0241,4,10,170492.08,17049.21,153442.87
OI0001196,O001492,P0113,4,0,196547.48,0.0,196547.48
OI0001197,O007028,P0156,4,0,39753.68,0.0,39753.68
OI0001198,O000720,P0017,1,0,26564.9,0.0,26564.9
OI0001199,O002763,P0004,3,0,69870.18,0.0,69870.18
OI0001200,O004735,P0041,2,5,35055.68,1752.78,33302.9
OI0001201,O008988,P0134,4,5,40420.24,2021.01,38399.23
OI0001202,O002203,P0152,4,15,45593.44,6839.02,38754.42
OI0001203,O003208,P0054,4,0,165480.16,0.0,165480.16
OI0001204,O002504,P0200,3,5,32718.72,1635.94,31082.78
OI0001205,O005783,P0127,2,0,5137.28,0.0,5137.28
OI0001206,O006176,P0287,4,5,100820.64,5041.03,95779.61
OI0001207,O005135,P0265,1,0,31774.94,0.0,31774.94
OI0001208,O001883,P0210,4,15,172041.36,25806.2,146235.16
OI0001209,O009595,P0124,3,5,49942.95,2497.15,47445.8
OI0001210,O001988,P0002,4,10,185856.96,18585.7,167271.26
OI0001211,O008288,P0214,2,15,50083.56,7512.53,42571.03
OI0001212,O000815,P0260,1,20,7514.45,1502.89,6011.56
OI0001213,O002661,P0230,1,10,37457.46,3745.75,33711.71
OI0001214,O009334,P0172,3,10,24488.04,2448.8,22039.24
OI0001215,O002570,P0269,3,15,115041.27,17256.19,97785.08
OI0001216,O007348,P0113,2,5,98273.74,4913.69,93360.05
OI0001217,O005344,P0148,4,15,40758.8,6113.82,34644.98
OI0001218,O007422,P0134,3,15,30315.18,4547.28,25767.9
OI0001219,O004019,P0143,1,5,18943.1,947.16,17995.94
OI0001220,O000975,P0200,3,5,32718.72,1635.94,31082.78
OI0001221,O001862,P0064,4,25,68578.76,17144.69,51434.07
OI0001222,O000649,P0094,4,25,75595.32,18898.83,56696.49
OI0001223,O008934,P0164,4,15,149121.04,22368.16,126752.88
OI0001224,O001577,P0131,4,5,21856.32,1092.82,20763.5
OI0001225,O002600,P0222,3,15,110545.74,16581.86,93963.88
OI0001226,O004880,P0123,4,15,77775.52,11666.33,66109.19
OI0001227,O001788,P0040,4,10,69709.16,6970.92,62738.24
OI0001228,O000138,P0045,2,0,14902.62,0.0,14902.62
OI0001229,O002057,P0190,2,25,44088.08,11022.02,33066.06
OI0001230,O001832,P0213,1,0,24138.56,0.0,24138.56
OI0001231,O008761,P0210,4,5,172041.36,8602.07,163439.29
OI0001232,O004727,P0105,1,5,40727.69,2036.38,38691.31
OI0001233,O005895,P0095,3,0,74961.84,0.0,74961.84
OI0001234,O004267,P0066,2,0,89141.14,0.0,89141.14
OI0001235,O009076,P0024,2,25,46282.22,11570.56,34711.66
OI0001236,O004608,P0262,4,15,189533.48,28430.02,161103.46
OI0001237,O007679,P0130,1,0,34827.64,0.0,34827.64
OI0001238,O004471,P0026,2,15,9806.46,1470.97,8335.49
OI0001239,O001896,P0044,3,0,16636.74,0.0,16636.74
OI0001240,O008396,P0001,2,15,55859.7,8378.96,47480.74
OI0001241,O004153,P0130,1,10,34827.64,3482.76,31344.88
OI0001242,O000657,P0225,2,25,82172.78,20543.2,61629.58
OI0001243,O009241,P0267,2,5,98606.38,4930.32,93676.06
OI0001244,O003463,P0034,1,15,22153.58,3323.04,18830.54
OI0001245,O003127,P0107,3,0,31279.02,0.0,31279.02
OI0001246,O003025,P0199,4,25,156317.96,39079.49,117238.47
OI0001247,O003744,P0231,3,10,70763.34,7076.33,63687.01
OI0001248,O000072,P0258,1,5,28859.91,1443.0,27416.91
OI0001249,O005654,P0064,4,0,68578.76,0.0,68578.76
OI0001250,O000750,P0094,2,10,37797.66,3779.77,34017.89
OI0001251,O000953,P0240,2,15,3682.5,552.38,3130.12
OI0001252,O006280,P0158,1,0,40898.51,0.0,40898.51
OI0001253,O004613,P0101,3,0,26136.18,0.0,26136.18
OI0001254,O004123,P0163,3,5,46230.36,2311.52,43918.84
OI0001255,O004180,P0122,3,20,111392.49,22278.5,89113.99
OI0001256,O006027,P0230,4,25,149829.84,37457.46,112372.38
OI0001257,O005172,P0150,3,15,24784.2,3717.63,21066.57
OI0001258,O000074,P0251,3,0,74080.41,0.0,74080.41
OI0001259,O002060,P0229,3,25,21270.75,5317.69,15953.06
OI0001260,O009552,P0082,4,0,27477.08,0.0,27477.08
OI0001261,O001278,P0109,3,20,105134.13,21026.83,84107.3
OI0001262,O004699,P0054,4,5,165480.16,8274.01,157206.15
OI0001263,O009194,P0188,4,15,167241.68,25086.25,142155.43
OI0001264,O001128,P0113,1,0,49136.87,0.0,49136.87
OI0001265,O000603,P0038,2,0,59476.34,0.0,59476.34
OI0001266,O006459,P0286,3,10,32144.01,3214.4,28929.61
OI0001267,O001525,P0020,2,0,61193.22,0.0,61193.22
OI0001268,O005292,P0068,4,5,165080.84,8254.04,156826.8
OI0001269,O009899,P0205,4,15,1320.32,198.05,1122.27
OI0001270,O001167,P0206,1,15,22654.0,3398.1,19255.9
OI0001271,O001933,P0009,4,5,109266.64,5463.33,103803.31
OI0001272,O009953,P0236,1,0,1113.12,0.0,1113.12
OI0001273,O004293,P0267,2,5,98606.38,4930.32,93676.06
OI0001274,O008857,P0266,4,15,152365.6,22854.84,129510.76
OI0001275,O006334,P0199,1,5,39079.49,1953.97,37125.52
OI0001276,O000963,P0006,4,5,122108.64,6105.43,116003.21
OI0001277,O009245,P0269,1,0,38347.09,0.0,38347.09
OI0001278,O009181,P0059,1,10,41671.4,4167.14,37504.26
OI0001279,O006699,P0250,2,10,11003.58,1100.36,9903.22
OI0001280,O000088,P0120,3,5,11279.55,563.98,10715.57
OI0001281,O004952,P0260,2,15,15028.9,2254.34,12774.56
OI0001282,O008665,P0026,4,20,19612.92,3922.58,15690.34
OI0001283,O002469,P0032,3,15,126796.56,19019.48,107777.08
OI0001284,O006213,P0157,4,10,128617.8,12861.78,115756.02
OI0001285,O004875,P0130,2,25,69655.28,17413.82,52241.46
OI0001286,O003496,P0235,4,5,137520.24,6876.01,130644.23
OI0001287,O008043,P0049,3,15,17878.89,2681.83,15197.06
OI0001288,O000247,P0017,1,10,26564.9,2656.49,23908.41
OI0001289,O002879,P0109,1,20,35044.71,7008.94,28035.77
OI0001290,O006132,P0205,4,10,1320.32,132.03,1188.29
OI0001291,O004495,P0096,2,10,34572.3,3457.23,31115.07
OI0001292,O003977,P0042,3,10,70674.6,7067.46,63607.14
OI0001293,O009714,P0176,4,0,14491.2,0.0,14491.2
OI0001294,O000326,P0116,1,20,46948.74,9389.75,37558.99
OI0001295,O008794,P0159,4,20,112396.08,22479.22,89916.86
OI0001296,O000811,P0126,1,15,43634.79,6545.22,37089.57
OI0001297,O008596,P0087,4,5,71635.92,3581.8,68054.12
OI0001298,O006781,P0116,2,5,93897.48,4694.87,89202.61
OI0001299,O005987,P0069,2,0,40452.78,0.0,40452.78
OI0001300,O005547,P0001,1,0,27929.85,0.0,27929.85
OI0001301,O006846,P0203,2,10,34870.28,3487.03,31383.25
OI0001302,O004690,P0036,4,0,155071.92,0.0,155071.92
OI0001303,O002275,P0101,1,0,8712.06,0.0,8712.06
OI0001304,O002228,P0187,1,5,19277.45,963.87,18313.58
OI0001305,O003018,P0061,1,5,34595.91,1729.8,32866.11
OI0001306,O008090,P0222,2,10,73697.16,7369.72,66327.44
OI0001307,O007134,P0236,2,5,2226.24,111.31,2114.93
OI0001308,O001439,P0260,3,25,22543.35,5635.84,16907.51
OI0001309,O003385,P0119,4,25,88873.52,22218.38,66655.14
OI0001310,O000664,P0297,3,0,62558.52,0.0,62558.52
OI0001311,O008346,P0230,1,25,37457.46,9364.36,28093.1
OI0001312,O000733,P0188,4,0,167241.68,0.0,167241.68
OI0001313,O000806,P0200,2,5,21812.48,1090.62,20721.86
OI0001314,O004218,P0200,3,20,32718.72,6543.74,26174.98
OI0001315,O008374,P0277,3,15,60223.92,9033.59,51190.33
OI0001316,O008073,P0040,1,0,17427.29,0.0,17427.29
OI0001317,O003680,P0078,4,15,44843.76,6726.56,38117.2
OI0001318,O004069,P0102,4,15,9541.8,1431.27,8110.53
OI0001319,O001704,P0219,1,25,38549.43,9637.36,28912.07
OI0001320,O008530,P0168,2,25,78350.1,19587.53,58762.57
OI0001321,O006247,P0245,4,25,158653.36,39663.34,118990.02
OI0001322,O005302,P0170,3,10,104889.3,10488.93,94400.37
OI0001323,O006771,P0250,1,15,5501.79,825.27,4676.52
OI0001324,O007019,P0139,3,25,72845.79,18211.45,54634.34
OI0001325,O003299,P0077,2,0,5463.06,0.0,5463.06
OI0001326,O000728,P0035,2,15,63568.62,9535.29,54033.33
OI0001327,O004959,P0293,4,0,103190.92,0.0,103190.92
OI0001328,O002938,P0140,3,25,75453.48,18863.37,56590.11
OI0001329,O004024,P0108,2,0,73825.88,0.0,73825.88
OI0001330,O002014,P0266,1,10,38091.4,3809.14,34282.26
OI0001331,O001834,P0103,2,10,65506.38,6550.64,58955.74
OI0001332,O009692,P0003,2,5,38043.64,1902.18,36141.46
OI0001333,O009100,P0197,4,15,106768.08,16015.21,90752.87
OI0001334,O005668,P0169,1,5,22873.86,1143.69,21730.17
OI0001335,O006008,P0170,2,5,69926.2,3496.31,66429.89
OI0001336,O002011,P0033,3,0,63103.47,0.0,63103.47
OI0001337,O002250,P0006,1,15,30527.16,4579.07,25948.09
OI0001338,O008856,P0154,1,0,28220.9,0.0,28220.9
OI0001339,O008520,P0048,3,20,143191.5,28638.3,114553.2
OI0001340,O009041,P0224,3,5,144944.01,7247.2,137696.81
OI0001341,O008457,P0069,4,10,80905.56,8090.56,72815.0
OI0001342,O001467,P0174,1,10,29081.4,2908.14,26173.26
OI0001343,O008446,P0041,3,15,52583.52,7887.53,44695.99
OI0001344,O009286,P0107,1,0,10426.34,0.0,10426.34
OI0001345,O005655,P0016,1,20,36071.08,7214.22,28856.86
OI0001346,O001237,P0180,1,15,1392.98,208.95,1184.03
OI0001347,O000610,P0268,1,5,9184.11,459.21,8724.9
OI0001348,O002034,P0271,1,0,8945.2,0.0,8945.2
OI0001349,O003195,P0213,4,10,96554.24,9655.42,86898.82
OI0001350,O006681,P0021,1,25,46966.61,11741.65,35224.96
OI0001351,O008742,P0209,1,0,9563.45,0.0,9563.45
OI0001352,O001219,P0289,4,20,51164.72,10232.94,40931.78
OI0001353,O009706,P0289,3,15,38373.54,5756.03,32617.51
OI0001354,O004295,P0244,3,0,103378.65,0.0,103378.65
OI0001355,O002190,P0156,4,10,39753.68,3975.37,35778.31
OI0001356,O009457,P0090,3,10,19697.76,1969.78,17727.98
OI0001357,O005329,P0297,1,15,20852.84,3127.93,17724.91
OI0001358,O009482,P0063,3,25,57243.63,14310.91,42932.72
OI0001359,O000355,P0039,2,20,18996.6,3799.32,15197.28
OI0001360,O002865,P0148,3,5,30569.1,1528.46,29040.64
OI0001361,O008155,P0166,4,0,44479.64,0.0,44479.64
OI0001362,O002224,P0023,3,0,11764.05,0.0,11764.05
OI0001363,O003119,P0262,3,25,142150.11,35537.53,106612.58
OI0001364,O002841,P0216,4,25,54950.64,13737.66,41212.98
OI0001365,O003719,P0098,4,20,80177.6,16035.52,64142.08
OI0001366,O008359,P0007,1,25,14551.96,3637.99,10913.97
OI0001367,O003627,P0270,4,5,68285.2,3414.26,64870.94
OI0001368,O006702,P0228,2,20,12913.86,2582.77,10331.09
OI0001369,O005419,P0016,2,10,72142.16,7214.22,64927.94
OI0001370,O001127,P0238,4,15,127850.16,19177.52,108672.64
OI0001371,O000086,P0151,2,10,25227.82,2522.78,22705.04
OI0001372,O003778,P0274,1,20,23348.52,4669.7,18678.82
OI0001373,O003573,P0221,4,5,143042.12,7152.11,135890.01
OI0001374,O002715,P0068,3,25,123810.63,30952.66,92857.97
OI0001375,O005970,P0281,1,0,34841.91,0.0,34841.91
OI0001376,O002051,P0033,2,15,42068.98,6310.35,35758.63
OI0001377,O002872,P0051,1,20,36720.4,7344.08,29376.32
OI0001378,O002927,P0279,2,10,36776.32,3677.63,33098.69
OI0001379,O001048,P0149,2,5,29016.1,1450.8,27565.3
OI0001380,O005594,P0063,2,10,38162.42,3816.24,34346.18
OI0001381,O007828,P0122,1,10,37130.83,3713.08,33417.75
OI0001382,O009434,P0027,3,0,148335.03,0.0,148335.03
OI0001383,O002731,P0209,3,15,28690.35,4303.55,24386.8
OI0001384,O008782,P0154,3,5,84662.7,4233.14,80429.56
OI0001385,O005877,P0275,3,20,80902.95,16180.59,64722.36
OI0001386,O003174,P0225,3,0,123259.17,0.0,123259.17
OI0001387,O000030,P0058,2,10,58845.32,5884.53,52960.79
OI0001388,O003855,P0251,3,15,74080.41,11112.06,62968.35
OI0001389,O006611,P0240,4,25,7365.0,1841.25,5523.75
OI0001390,O006347,P0263,2,5,88501.36,4425.07,84076.29
OI0001391,O000724,P0231,3,10,70763.34,7076.33,63687.01
OI0001392,O002091,P0066,1,0,44570.57,0.0,44570.57
OI0001393,O001576,P0209,1,20,9563.45,1912.69,7650.76
OI0001394,O002491,P0046,4,20,7456.84,1491.37,5965.47
OI0001395,O002199,P0203,2,20,34870.28,6974.06,27896.22
OI0001396,O007212,P0044,2,25,11091.16,2772.79,8318.37
OI0001397,O005713,P0137,2,5,44000.62,2200.03,41800.59
OI0001398,O005377,P0071,2,15,6523.98,978.6,5545.38
OI0001399,O003562,P0267,3,5,147909.57,7395.48,140514.09
OI0001400,O004046,P0115,2,20,68912.7,13782.54,55130.16
OI0001401,O001127,P0056,2,5,50671.54,2533.58,48137.96
OI0001402,O003965,P0132,1,10,33306.43,3330.64,29975.79
OI0001403,O009769,P0293,3,0,77393.19,0.0,77393.19
OI0001404,O009610,P0290,3,20,77896.74,15579.35,62317.39
OI0001405,O004204,P0105,3,10,122183.07,12218.31,109964.76
OI0001406,O006473,P0047,4,10,94469.6,9446.96,85022.64
OI0001407,O003406,P0030,3,15,140048.94,21007.34,119041.6
OI0001408,O009724,P0118,1,5,9683.76,484.19,9199.57
OI0001409,O007737,P0046,1,15,1864.21,279.63,1584.58
OI0001410,O004729,P0070,4,20,21192.96,4238.59,16954.37
OI0001411,O001834,P0033,1,10,21034.49,2103.45,18931.04
OI0001412,O004693,P0050,1,25,47322.97,11830.74,35492.23
OI0001413,O004522,P0271,3,0,26835.6,0.0,26835.6
OI0001414,O000755,P0276,3,5,149273.82,7463.69,141810.13
OI0001415,O006660,P0088,1,0,39591.0,0.0,39591.0
OI0001416,O003802,P0040,3,5,52281.87,2614.09,49667.78
OI0001417,O002532,P0032,1,25,42265.52,10566.38,31699.14
OI0001418,O001266,P0097,2,10,24491.82,2449.18,22042.64
OI0001419,O007845,P0112,2,5,10793.4,539.67,10253.73
OI0001420,O008468,P0238,1,15,31962.54,4794.38,27168.16
OI0001421,O008032,P0012,3,0,104910.39,0.0,104910.39
OI0001422,O002042,P0271,2,5,17890.4,894.52,16995.88
OI0001423,O008370,P0187,2,10,38554.9,3855.49,34699.41
OI0001424,O008863,P0188,2,10,83620.84,8362.08,75258.76
OI0001425,O000812,P0072,4,10,11021.8,1102.18,9919.62
OI0001426,O009759,P0260,1,0,7514.45,0.0,7514.45
OI0001427,O008523,P0027,2,5,98890.02,4944.5,93945.52
OI0001428,O003556,P0101,3,10,26136.18,2613.62,23522.56
OI0001429,O006697,P0181,1,5,15787.66,789.38,14998.28
OI0001430,O007438,P0039,1,10,9498.3,949.83,8548.47
OI0001431,O000174,P0275,2,25,53935.3,13483.82,40451.48
OI0001432,O006621,P0117,2,25,72340.2,18085.05,54255.15
OI0001433,O008284,P0014,1,15,9612.06,1441.81,8170.25
OI0001434,O002558,P0216,3,0,41212.98,0.0,41212.98
OI0001435,O007040,P0125,4,15,119390.84,17908.63,101482.21
OI0001436,O002649,P0281,1,5,34841.91,1742.1,33099.81
OI0001437,O000599,P0089,1,25,25607.6,6401.9,19205.7
OI0001438,O005665,P0111,1,10,45188.71,4518.87,40669.84
OI0001439,O002185,P0079,3,0,41571.72,0.0,41571.72
OI0001440,O002726,P0170,4,5,139852.4,6992.62,132859.78
OI0001441,O004185,P0022,4,5,134607.56,6730.38,127877.18
OI0001442,O005714,P0156,1,5,9938.42,496.92,9441.5
OI0001443,O009259,P0217,2,15,17300.64,2595.1,14705.54
OI0001444,O005767,P0001,2,5,55859.7,2792.98,53066.72
OI0001445,O008536,P0261,3,0,145642.62,0.0,145642.62
OI0001446,O002679,P0112,2,10,10793.4,1079.34,9714.06
OI0001447,O001342,P0099,3,10,3461.43,346.14,3115.29
OI0001448,O008227,P0075,2,0,71904.52,0.0,71904.52
OI0001449,O004431,P0143,1,5,18943.1,947.16,17995.94
OI0001450,O004175,P0230,3,0,112372.38,0.0,112372.38
OI0001451,O007301,P0074,2,15,33986.88,5098.03,28888.85
OI0001452,O006516,P0033,1,25,21034.49,5258.62,15775.87
OI0001453,O005288,P0188,3,10,125431.26,12543.13,112888.13
OI0001454,O005934,P0106,3,10,74327.28,7432.73,66894.55
OI0001455,O005653,P0046,2,20,3728.42,745.68,2982.74
OI0001456,O004589,P0283,2,0,54416.96,0.0,54416.96
OI0001457,O006793,P0028,1,0,47462.66,0.0,47462.66
OI0001458,O005447,P0107,4,15,41705.36,6255.8,35449.56
OI0001459,O004251,P0034,3,15,66460.74,9969.11,56491.63
OI0001460,O002114,P0096,1,10,17286.15,1728.62,15557.53
OI0001461,O001768,P0127,1,25,2568.64,642.16,1926.48
OI0001462,O009581,P0057,2,5,69828.28,3491.41,66336.87
OI0001463,O000200,P0124,2,10,33295.3,3329.53,29965.77
OI0001464,O008704,P0150,4,25,33045.6,8261.4,24784.2
OI0001465,O006642,P0251,2,20,49386.94,9877.39,39509.55
OI0001466,O002733,P0027,2,0,98890.02,0.0,98890.02
OI0001467,O001064,P0202,3,5,120125.13,6006.26,114118.87
OI0001468,O006416,P0123,1,15,19443.88,2916.58,16527.3
OI0001469,O006304,P0089,3,0,76822.8,0.0,76822.8
OI0001470,O006179,P0060,1,20,3798.13,759.63,3038.5
OI0001471,O006080,P0072,3,10,8266.35,826.64,7439.71
OI0001472,O004382,P0293,1,0,25797.73,0.0,25797.73
OI0001473,O007576,P0110,3,5,37389.84,1869.49,35520.35
OI0001474,O003010,P0126,2,10,87269.58,8726.96,78542.62
OI0001475,O008597,P0048,2,5,95461.0,4773.05,90687.95
OI0001476,O004584,P0252,1,10,38468.7,3846.87,34621.83
OI0001477,O009316,P0269,1,20,38347.09,7669.42,30677.67
OI0001478,O002793,P0231,1,5,23587.78,1179.39,22408.39
OI0001479,O009218,P0015,2,25,47153.72,11788.43,35365.29
OI0001480,O001533,P0024,4,15,92564.44,13884.67,78679.77
OI0001481,O000528,P0264,1,20,10883.91,2176.78,8707.13
OI0001482,O006839,P0106,1,0,24775.76,0.0,24775.76
OI0001483,O002447,P0119,2,10,44436.76,4443.68,39993.08
OI0001484,O007191,P0170,3,10,104889.3,10488.93,94400.37
OI0001485,O008439,P0115,1,0,34456.35,0.0,34456.35
OI0001486,O000628,P0135,1,10,46829.36,4682.94,42146.42
OI0001487,O002117,P0152,1,20,11398.36,2279.67,9118.69
OI0001488,O006042,P0283,2,0,54416.96,0.0,54416.96
OI0001489,O006708,P0127,3,10,7705.92,770.59,6935.33
OI0001490,O008800,P0003,2,25,38043.64,9510.91,28532.73
OI0001491,O006429,P0048,4,10,190922.0,19092.2,171829.8
OI0001492,O002194,P0230,4,5,149829.84,7491.49,142338.35
OI0001493,O005403,P0177,2,10,50934.46,5093.45,45841.01
OI0001494,O000298,P0285,3,10,13924.47,1392.45,12532.02
OI0001495,O005827,P0202,2,0,80083.42,0.0,80083.42
OI0001496,O003294,P0017,1,0,26564.9,0.0,26564.9
OI0001497,O009737,P0234,1,15,30308.71,4546.31,25762.4
OI0001498,O005158,P0007,2,10,29103.92,2910.39,26193.53
OI0001499,O009675,P0171,3,5,58557.06,2927.85,55629.21
OI0001500,O005190,P0291,1,25,944.07,236.02,708.05
OI0001501,O008974,P0168,3,10,117525.15,11752.52,105772.63
OI0001502,O002050,P0195,4,0,46799.56,0.0,46799.56
OI0001503,O003685,P0205,4,10,1320.32,132.03,1188.29
OI0001504,O006986,P0134,3,15,30315.18,4547.28,25767.9
OI0001505,O003285,P0258,4,15,115439.64,17315.95,98123.69
OI0001506,O000083,P0039,1,0,9498.3,0.0,9498.3
OI0001507,O004451,P0102,1,10,2385.45,238.54,2146.91
OI0001508,O008333,P0033,4,5,84137.96,4206.9,79931.06
OI0001509,O001832,P0151,1,10,12613.91,1261.39,11352.52
OI0001510,O006744,P0033,1,15,21034.49,3155.17,17879.32
OI0001511,O006098,P0089,1,10,25607.6,2560.76,23046.84
OI0001512,O005516,P0078,4,15,44843.76,6726.56,38117.2
OI0001513,O004931,P0030,4,5,186731.92,9336.6,177395.32
OI0001514,O006937,P0265,2,15,63549.88,9532.48,54017.4
OI0001515,O000931,P0126,4,0,174539.16,0.0,174539.16
OI0001516,O005008,P0071,4,0,13047.96,0.0,13047.96
OI0001517,O002289,P0062,2,25,53587.16,13396.79,40190.37
OI0001518,O002672,P0200,2,0,21812.48,0.0,21812.48
OI0001519,O005421,P0234,1,15,30308.71,4546.31,25762.4
OI0001520,O009209,P0219,3,25,115648.29,28912.07,86736.22
OI0001521,O009368,P0153,2,20,52135.1,10427.02,41708.08
OI0001522,O001021,P0175,3,25,142236.15,35559.04,106677.11
OI0001523,O009178,P0284,4,25,153861.28,38465.32,115395.96
OI0001524,O002954,P0202,1,5,40041.71,2002.09,38039.62
OI0001525,O004883,P0125,1,5,29847.71,1492.39,28355.32
OI0001526,O006936,P0189,2,0,96732.44,0.0,96732.44
OI0001527,O005309,P0204,3,0,26384.79,0.0,26384.79
OI0001528,O006277,P0190,3,15,66132.12,9919.82,56212.3
OI0001529,O004197,P0154,3,5,84662.7,4233.14,80429.56
OI0001530,O008098,P0233,3,5,112087.47,5604.37,106483.1
OI0001531,O005478,P0233,3,10,112087.47,11208.75,100878.72
OI0001532,O006108,P0262,1,0,47383.37,0.0,47383.37
OI0001533,O009740,P0067,3,0,74725.68,0.0,74725.68
OI0001534,O005485,P0219,3,20,115648.29,23129.66,92518.63
OI0001535,O003181,P0270,3,15,51213.9,7682.08,43531.82
OI0001536,O000187,P0113,2,5,98273.74,4913.69,93360.05
OI0001537,O003477,P0075,4,10,143809.04,14380.9,129428.14
OI0001538,O005472,P0244,1,0,34459.55,0.0,34459.55
OI0001539,O003033,P0243,4,5,53657.64,2682.88,50974.76
OI0001540,O000047,P0145,2,0,78324.62,0.0,78324.62
OI0001541,O002869,P0183,4,5,111141.2,5557.06,105584.14
OI0001542,O003913,P0188,2,0,83620.84,0.0,83620.84
OI0001543,O003038,P0174,2,5,58162.8,2908.14,55254.66
OI0001544,O003306,P0062,4,10,107174.32,10717.43,96456.89
OI0001545,O001614,P0244,2,10,68919.1,6891.91,62027.19
OI0001546,O006361,P0144,2,5,67355.38,3367.77,63987.61
OI0001547,O006318,P0235,1,0,34380.06,0.0,34380.06
OI0001548,O009893,P0054,4,10,165480.16,16548.02,148932.14
OI0001549,O008146,P0161,3,20,39822.0,7964.4,31857.6
OI0001550,O009629,P0199,2,25,78158.98,19539.74,58619.24
OI0001551,O000113,P0117,1,5,36170.1,1808.5,34361.6
OI0001552,O004242,P0123,2,25,38887.76,9721.94,29165.82
OI0001553,O002692,P0030,4,5,186731.92,9336.6,177395.32
OI0001554,O003585,P0007,3,10,43655.88,4365.59,39290.29
OI0001555,O002346,P0142,2,20,13561.32,2712.26,10849.06
OI0001556,O000056,P0189,1,5,48366.22,2418.31,45947.91
OI0001557,O000581,P0055,4,0,22094.44,0.0,22094.44
OI0001558,O003546,P0090,4,5,26263.68,1313.18,24950.5
OI0001559,O007562,P0162,3,20,6461.4,1292.28,5169.12
OI0001560,O007738,P0094,3,25,56696.49,14174.12,42522.37
OI0001561,O001668,P0255,3,0,36858.63,0.0,36858.63
OI0001562,O008411,P0157,4,15,128617.8,19292.67,109325.13
OI0001563,O009084,P0165,3,0,7696.14,0.0,7696.14
OI0001564,O004427,P0236,3,20,3339.36,667.87,2671.49
OI0001565,O005259,P0068,4,20,165080.84,33016.17,132064.67
OI0001566,O006648,P0251,2,15,49386.94,7408.04,41978.9
OI0001567,O007939,P0001,1,20,27929.85,5585.97,22343.88
OI0001568,O000844,P0200,1,10,10906.24,1090.62,9815.62
OI0001569,O003512,P0117,1,0,36170.1,0.0,36170.1
OI0001570,O006709,P0057,2,25,69828.28,17457.07,52371.21
OI0001571,O003838,P0049,4,0,23838.52,0.0,23838.52
OI0001572,O001120,P0023,4,0,15685.4,0.0,15685.4
OI0001573,O009994,P0213,1,5,24138.56,1206.93,22931.63
OI0001574,O009328,P0221,2,10,71521.06,7152.11,64368.95
OI0001575,O006035,P0149,3,0,43524.15,0.0,43524.15
OI0001576,O003766,P0186,3,15,45124.56,6768.68,38355.88
OI0001577,O007915,P0265,3,0,95324.82,0.0,95324.82
OI0001578,O006398,P0199,1,15,39079.49,5861.92,33217.57
OI0001579,O006432,P0082,1,10,6869.27,686.93,6182.34
OI0001580,O007959,P0079,4,20,55428.96,11085.79,44343.17
OI0001581,O001939,P0217,1,5,8650.32,432.52,8217.8
OI0001582,O003056,P0176,1,20,3622.8,724.56,2898.24
OI0001583,O008387,P0212,3,5,34425.57,1721.28,32704.29
OI0001584,O003097,P0037,2,10,3763.4,376.34,3387.06
OI0001585,O001030,P0115,4,10,137825.4,13782.54,124042.86
OI0001586,O001505,P0005,2,5,9214.82,460.74,8754.08
OI0001587,O000865,P0240,1,0,1841.25,0.0,1841.25
OI0001588,O002191,P0007,3,5,43655.88,2182.79,41473.09
OI0001589,O009876,P0298,4,0,186121.96,0.0,186121.96
OI0001590,O000490,P0260,3,0,22543.35,0.0,22543.35
OI0001591,O007128,P0237,2,15,31451.06,4717.66,26733.4
OI0001592,O005315,P0099,3,10,3461.43,346.14,3115.29
OI0001593,O005356,P0116,1,10,46948.74,4694.87,42253.87
OI0001594,O002043,P0125,3,10,89543.13,8954.31,80588.82
OI0001595,O009734,P0110,2,0,24926.56,0.0,24926.56
OI0001596,O005881,P0203,2,0,34870.28,0.0,34870.28
OI0001597,O004883,P0269,1,10,38347.09,3834.71,34512.38
OI0001598,O008314,P0287,1,5,25205.16,1260.26,23944.9
OI0001599,O005936,P0298,4,10,186121.96,18612.2,167509.76
OI0001600,O003289,P0070,2,20,10596.48,2119.3,8477.18
OI0001601,O007114,P0139,1,0,24281.93,0.0,24281.93
OI0001602,O008230,P0149,4,25,58032.2,14508.05,43524.15
OI0001603,O001962,P0154,4,20,112883.6,22576.72,90306.88
OI0001604,O005106,P0015,4,25,94307.44,23576.86,70730.58
OI0001605,O003837,P0105,4,10,162910.76,16291.08,146619.68
OI0001606,O004835,P0284,2,20,76930.64,15386.13,61544.51
OI0001607,O001027,P0157,2,25,64308.9,16077.22,48231.68
OI0001608,O005929,P0239,1,10,664.38,66.44,597.94
OI0001609,O008864,P0110,3,20,37389.84,7477.97,29911.87
OI0001610,O004126,P0190,2,25,44088.08,11022.02,33066.06
OI0001611,O000628,P0056,2,5,50671.54,2533.58,48137.96
OI0001612,O005287,P0258,4,5,115439.64,5771.98,109667.66
OI0001613,O003161,P0082,2,10,13738.54,1373.85,12364.69
OI0001614,O003768,P0193,1,5,21458.88,1072.94,20385.94
OI0001615,O005842,P0060,3,5,11394.39,569.72,10824.67
OI0001616,O009078,P0284,1,5,38465.32,1923.27,36542.05
OI0001617,O006426,P0044,2,5,11091.16,554.56,10536.6
OI0001618,O000975,P0290,4,5,103862.32,5193.12,98669.2
OI0001619,O008581,P0167,1,10,35369.38,3536.94,31832.44
OI0001620,O005025,P0260,3,15,22543.35,3381.5,19161.85
OI0001621,O005453,P0235,4,10,137520.24,13752.02,123768.22
OI0001622,O004715,P0156,4,5,39753.68,1987.68,37766.0
OI0001623,O008604,P0295,1,0,46301.43,0.0,46301.43
OI0001624,O008599,P0193,1,20,21458.88,4291.78,17167.1
OI0001625,O008189,P0173,4,10,80107.36,8010.74,72096.62
OI0001626,O002025,P0051,3,25,110161.2,27540.3,82620.9
OI0001627,O009341,P0112,2,5,10793.4,539.67,10253.73
OI0001628,O002670,P0045,2,0,14902.62,0.0,14902.62
OI0001629,O003579,P0287,1,0,25205.16,0.0,25205.16
OI0001630,O005950,P0135,1,0,46829.36,0.0,46829.36
OI0001631,O003120,P0194,1,5,27689.5,1384.48,26305.02
OI0001632,O009538,P0297,1,0,20852.84,0.0,20852.84
OI0001633,O003262,P0117,3,0,108510.3,0.0,108510.3
OI0001634,O007791,P0068,2,0,82540.42,0.0,82540.42
OI0001635,O009950,P0266,4,15,152365.6,22854.84,129510.76
OI0001636,O006213,P0099,2,15,2307.62,346.14,1961.48
OI0001637,O007498,P0259,1,0,46277.18,0.0,46277.18
OI0001638,O006639,P0081,4,25,29583.44,7395.86,22187.58
OI0001639,O009892,P0298,3,0,139591.47,0.0,139591.47
OI0001640,O001543,P0072,3,0,8266.35,0.0,8266.35
OI0001641,O009089,P0030,1,0,46682.98,0.0,46682.98
OI0001642,O007738,P0221,1,0,35760.53,0.0,35760.53
OI0001643,O007670,P0250,2,10,11003.58,1100.36,9903.22
OI0001644,O003348,P0243,1,0,13414.41,0.0,13414.41
OI0001645,O008610,P0024,1,10,23141.11,2314.11,20827.0
OI0001646,O005540,P0293,4,5,103190.92,5159.55,98031.37
OI0001647,O006042,P0275,4,0,107870.6,0.0,107870.6
OI0001648,O001185,P0261,2,20,97095.08,19419.02,77676.06
OI0001649,O002049,P0216,2,0,27475.32,0.0,27475.32
OI0001650,O005187,P0052,3,20,95839.32,19167.86,76671.46
OI0001651,O007715,P0136,4,5,4486.08,224.3,4261.78
OI0001652,O008355,P0238,4,25,127850.16,31962.54,95887.62
OI0001653,O000315,P0004,2,25,46580.12,11645.03,34935.09
OI0001654,O003681,P0236,1,20,1113.12,222.62,890.5
OI0001655,O008717,P0200,3,20,32718.72,6543.74,26174.98
OI0001656,O007446,P0073,1,20,19130.48,3826.1,15304.38
OI0001657,O000593,P0041,4,10,70111.36,7011.14,63100.22
OI0001658,O007083,P0247,2,20,3987.32,797.46,3189.86
OI0001659,O001738,P0031,3,10,54849.0,5484.9,49364.1
OI0001660,O003323,P0095,3,20,74961.84,14992.37,59969.47
OI0001661,O000731,P0060,4,25,15192.52,3798.13,11394.39
OI0001662,O003693,P0296,3,15,97011.63,14551.74,82459.89
OI0001663,O004220,P0025,2,25,89124.08,22281.02,66843.06
OI0001664,O003143,P0197,4,5,106768.08,5338.4,101429.68
OI0001665,O009913,P0064,2,25,34289.38,8572.34,25717.04
OI0001666,O003497,P0177,2,0,50934.46,0.0,50934.46
OI0001667,O009101,P0190,4,0,88176.16,0.0,88176.16
OI0001668,O002960,P0052,3,0,95839.32,0.0,95839.32
OI0001669,O008520,P0031,4,0,73132.0,0.0,73132.0
OI0001670,O006711,P0184,2,20,45276.02,9055.2,36220.82
OI0001671,O005084,P0117,2,5,72340.2,3617.01,68723.19
OI0001672,O008647,P0073,1,0,19130.48,0.0,19130.48
OI0001673,O006818,P0147,2,20,59145.5,11829.1,47316.4
OI0001674,O008929,P0124,2,0,33295.3,0.0,33295.3
OI0001675,O009348,P0182,2,0,82056.86,0.0,82056.86
OI0001676,O001975,P0100,4,10,154677.56,15467.76,139209.8
OI0001677,O008294,P0178,2,0,33158.4,0.0,33158.4
OI0001678,O004034,P0166,4,5,44479.64,2223.98,42255.66
OI0001679,O007904,P0010,4,15,106832.2,16024.83,90807.37
OI0001680,O005351,P0163,1,5,15410.12,770.51,14639.61
OI0001681,O005994,P0046,2,0,3728.42,0.0,3728.42
OI0001682,O006715,P0280,2,5,39519.46,1975.97,37543.49
OI0001683,O000809,P0098,2,10,40088.8,4008.88,36079.92
OI0001684,O001242,P0115,2,5,68912.7,3445.64,65467.06
OI0001685,O007087,P0207,3,0,53250.45,0.0,53250.45
OI0001686,O003733,P0091,2,15,74001.6,11100.24,62901.36
OI0001687,O009954,P0127,1,0,2568.64,0.0,2568.64
OI0001688,O001393,P0237,4,25,62902.12,15725.53,47176.59
OI0001689,O002187,P0027,3,0,148335.03,0.0,148335.03
OI0001690,O003415,P0026,2,15,9806.46,1470.97,8335.49
OI0001691,O005143,P0172,1,0,8162.68,0.0,8162.68
OI0001692,O009281,P0145,2,10,78324.62,7832.46,70492.16
OI0001693,O007739,P0154,3,0,84662.7,0.0,84662.7
OI0001694,O003673,P0222,3,0,110545.74,0.0,110545.74
OI0001695,O001734,P0082,1,20,6869.27,1373.85,5495.42
OI0001696,O008306,P0220,4,5,92891.84,4644.59,88247.25
OI0001697,O001905,P0232,1,5,39189.12,1959.46,37229.66
OI0001698,O009713,P0144,3,25,101033.07,25258.27,75774.8
OI0001699,O009698,P0258,2,0,57719.82,0.0,57719.82
OI0001700,O002588,P0191,3,5,59363.91,2968.2,56395.71
OI0001701,O009113,P0065,2,0,62232.94,0.0,62232.94
OI0001702,O007407,P0155,1,25,47257.38,11814.34,35443.04
OI0001703,O001309,P0246,3,10,46432.08,4643.21,41788.87
OI0001704,O007572,P0137,2,20,44000.62,8800.12,35200.5
OI0001705,O009262,P0167,4,0,141477.52,0.0,141477.52
OI0001706,O007865,P0163,4,5,61640.48,3082.02,58558.46
OI0001707,O004748,P0161,4,10,53096.0,5309.6,47786.4
OI0001708,O004552,P0001,2,0,55859.7,0.0,55859.7
OI0001709,O006823,P0178,3,10,49737.6,4973.76,44763.84
OI0001710,O003285,P0244,3,25,103378.65,25844.66,77533.99
OI0001711,O004508,P0180,2,25,2785.96,696.49,2089.47
OI0001712,O009375,P0290,2,5,51931.16,2596.56,49334.6
OI0001713,O000911,P0238,1,10,31962.54,3196.25,28766.29
OI0001714,O001980,P0117,2,0,72340.2,0.0,72340.2
OI0001715,O000551,P0007,3,25,43655.88,10913.97,32741.91
OI0001716,O005734,P0174,3,10,87244.2,8724.42,78519.78
OI0001717,O003543,P0116,2,0,93897.48,0.0,93897.48
OI0001718,O003182,P0255,2,20,24572.42,4914.48,19657.94
OI0001719,O004872,P0079,2,5,27714.48,1385.72,26328.76
OI0001720,O006954,P0024,1,10,23141.11,2314.11,20827.0
OI0001721,O008635,P0091,3,20,111002.4,22200.48,88801.92
OI0001722,O001359,P0039,3,5,28494.9,1424.74,27070.16
OI0001723,O002894,P0195,4,10,46799.56,4679.96,42119.6
OI0001724,O000916,P0204,2,0,17589.86,0.0,17589.86
OI0001725,O003645,P0169,1,0,22873.86,0.0,22873.86
OI0001726,O000544,P0157,4,0,128617.8,0.0,128617.8
OI0001727,O000645,P0200,1,10,10906.24,1090.62,9815.62
OI0001728,O009963,P0273,2,5,79464.06,3973.2,75490.86
OI0001729,O003833,P0271,3,15,26835.6,4025.34,22810.26
OI0001730,O008215,P0004,1,15,23290.06,3493.51,19796.55
OI0001731,O000144,P0149,2,15,29016.1,4352.42,24663.68
OI0001732,O004680,P0071,4,0,13047.96,0.0,13047.96
OI0001733,O003297,P0046,3,10,5592.63,559.26,5033.37
OI0001734,O001072,P0212,3,15,34425.57,5163.84,29261.73
OI0001735,O006549,P0135,2,5,93658.72,4682.94,88975.78
OI0001736,O006910,P0110,3,5,37389.84,1869.49,35520.35
OI0001737,O001553,P0198,1,15,40488.92,6073.34,34415.58
OI0001738,O004337,P0100,3,5,116008.17,5800.41,110207.76
OI0001739,O009472,P0052,1,0,31946.44,0.0,31946.44
OI0001740,O001971,P0003,4,10,76087.28,7608.73,68478.55
OI0001741,O006211,P0109,1,10,35044.71,3504.47,31540.24
OI0001742,O004874,P0159,2,15,56198.04,8429.71,47768.33
OI0001743,O001029,P0063,2,0,38162.42,0.0,38162.42
OI0001744,O004078,P0152,3,0,34195.08,0.0,34195.08
OI0001745,O005879,P0176,1,15,3622.8,543.42,3079.38
OI0001746,O006192,P0100,4,10,154677.56,15467.76,139209.8
OI0001747,O002382,P0291,1,20,944.07,188.81,755.26
OI0001748,O009860,P0025,1,5,44562.04,2228.1,42333.94
OI0001749,O000136,P0184,1,10,22638.01,2263.8,20374.21
OI0001750,O004615,P0247,1,5,1993.66,99.68,1893.98
OI0001751,O007651,P0021,3,15,140899.83,21134.97,119764.86
OI0001752,O003360,P0143,1,10,18943.1,1894.31,17048.79
OI0001753,O008534,P0226,4,5,41529.12,2076.46,39452.66
OI0001754,O003350,P0131,2,0,10928.16,0.0,10928.16
OI0001755,O003802,P0010,2,0,53416.1,0.0,53416.1
OI0001756,O006771,P0178,1,0,16579.2,0.0,16579.2
OI0001757,O008477,P0207,3,0,53250.45,0.0,53250.45
OI0001758,O009156,P0126,2,10,87269.58,8726.96,78542.62
OI0001759,O007391,P0013,3,15,93788.58,14068.29,79720.29
OI0001760,O009814,P0044,2,10,11091.16,1109.12,9982.04
OI0001761,O001725,P0236,1,5,1113.12,55.66,1057.46
OI0001762,O008569,P0175,2,0,94824.1,0.0,94824.1
OI0001763,O000053,P0250,4,25,22007.16,5501.79,16505.37
OI0001764,O000328,P0055,1,15,5523.61,828.54,4695.07
OI0001765,O000639,P0161,1,5,13274.0,663.7,12610.3
OI0001766,O007286,P0272,4,0,84734.28,0.0,84734.28
OI0001767,O005700,P0048,1,20,47730.5,9546.1,38184.4
OI0001768,O007658,P0291,2,0,1888.14,0.0,1888.14
OI0001769,O004602,P0051,4,15,146881.6,22032.24,124849.36
OI0001770,O004964,P0105,3,5,122183.07,6109.15,116073.92
OI0001771,O005064,P0242,4,20,137053.76,27410.75,109643.01
OI0001772,O008751,P0291,2,10,1888.14,188.81,1699.33
OI0001773,O004036,P0012,3,0,104910.39,0.0,104910.39
OI0001774,O009101,P0104,1,0,38741.02,0.0,38741.02
OI0001775,O006798,P0035,3,0,95352.93,0.0,95352.93
OI0001776,O008201,P0226,4,5,41529.12,2076.46,39452.66
OI0001777,O005532,P0167,1,15,35369.38,5305.41,30063.97
OI0001778,O002572,P0128,4,0,77581.72,0.0,77581.72
OI0001779,O005724,P0204,4,5,35179.72,1758.99,33420.73
OI0001780,O000277,P0284,4,5,153861.28,7693.06,146168.22
OI0001781,O006583,P0211,4,0,52140.84,0.0,52140.84
OI0001782,O009254,P0011,2,15,7954.82,1193.22,6761.6
OI0001783,O006964,P0284,3,0,115395.96,0.0,115395.96
OI0001784,O001818,P0232,4,15,156756.48,23513.47,133243.01
OI0001785,O005910,P0020,3,5,91789.83,4589.49,87200.34
OI0001786,O000435,P0243,3,10,40243.23,4024.32,36218.91
OI0001787,O001268,P0296,2,5,64674.42,3233.72,61440.7
OI0001788,O009032,P0263,4,5,177002.72,8850.14,168152.58
OI0001789,O007717,P0256,4,5,198337.28,9916.86,188420.42
OI0001790,O006888,P0076,3,25,111574.53,27893.63,83680.9
OI0001791,O009558,P0035,4,5,127137.24,6356.86,120780.38
OI0001792,O006989,P0107,1,0,10426.34,0.0,10426.34
OI0001793,O006053,P0150,2,5,16522.8,826.14,15696.66
OI0001794,O004110,P0274,1,15,23348.52,3502.28,19846.24
OI0001795,O007151,P0086,1,5,20446.08,1022.3,19423.78
OI0001796,O001159,P0083,2,0,94399.38,0.0,94399.38
OI0001797,O009916,P0034,4,5,88614.32,4430.72,84183.6
OI0001798,O005499,P0083,4,0,188798.76,0.0,188798.76
OI0001799,O000567,P0102,1,5,2385.45,119.27,2266.18
OI0001800,O004898,P0009,4,20,109266.64,21853.33,87413.31
OI0001801,O000127,P0028,4,5,189850.64,9492.53,180358.11
OI0001802,O009987,P0222,4,10,147394.32,14739.43,132654.89
OI0001803,O005115,P0281,3,15,104525.73,15678.86,88846.87
OI0001804,O006056,P0210,1,10,43010.34,4301.03,38709.31
OI0001805,O001868,P0026,3,0,14709.69,0.0,14709.69
OI0001806,O003684,P0147,4,0,118291.0,0.0,118291.0
OI0001807,O003231,P0219,2,20,77098.86,15419.77,61679.09
OI0001808,O001559,P0068,4,20,165080.84,33016.17,132064.67
OI0001809,O009416,P0026,1,15,4903.23,735.48,4167.75
OI0001810,O000739,P0117,1,10,36170.1,3617.01,32553.09
OI0001811,O000079,P0100,3,5,116008.17,5800.41,110207.76
OI0001812,O009973,P0135,1,15,46829.36,7024.4,39804.96
OI0001813,O003164,P0266,4,15,152365.6,22854.84,129510.76
OI0001814,O002188,P0196,3,10,111676.29,11167.63,100508.66
OI0001815,O009217,P0150,4,10,33045.6,3304.56,29741.04
OI0001816,O000267,P0254,4,5,54478.4,2723.92,51754.48
OI0001817,O007219,P0029,1,5,4097.07,204.85,3892.22
OI0001818,O008421,P0127,2,10,5137.28,513.73,4623.55
OI0001819,O001393,P0191,3,0,59363.91,0.0,59363.91
OI0001820,O002605,P0189,4,0,193464.88,0.0,193464.88
OI0001821,O005219,P0121,1,15,19603.94,2940.59,16663.35
OI0001822,O000597,P0236,1,5,1113.12,55.66,1057.46
OI0001823,O009027,P0037,3,25,5645.1,1411.28,4233.82
OI0001824,O008921,P0269,4,5,153388.36,7669.42,145718.94
OI0001825,O007977,P0225,1,10,41086.39,4108.64,36977.75
OI0001826,O001922,P0047,1,10,23617.4,2361.74,21255.66
OI0001827,O002625,P0192,3,10,127071.69,12707.17,114364.52
OI0001828,O009109,P0091,4,20,148003.2,29600.64,118402.56
OI0001829,O008847,P0146,3,0,79891.14,0.0,79891.14
OI0001830,O001975,P0118,2,5,19367.52,968.38,18399.14
OI0001831,O007510,P0173,2,5,40053.68,2002.68,38051.0
OI0001832,O003092,P0237,3,5,47176.59,2358.83,44817.76
OI0001833,O008525,P0233,1,25,37362.49,9340.62,28021.87
OI0001834,O008487,P0024,3,0,69423.33,0.0,69423.33
OI0001835,O003743,P0086,1,5,20446.08,1022.3,19423.78
OI0001836,O009931,P0059,2,15,83342.8,12501.42,70841.38
OI0001837,O002611,P0255,4,0,49144.84,0.0,49144.84
OI0001838,O005816,P0259,3,20,138831.54,27766.31,111065.23
OI0001839,O008033,P0067,4,5,99634.24,4981.71,94652.53
OI0001840,O003869,P0014,3,0,28836.18,0.0,28836.18
OI0001841,O000250,P0096,2,10,34572.3,3457.23,31115.07
OI0001842,O007893,P0272,3,10,63550.71,6355.07,57195.64
OI0001843,O000301,P0217,3,0,25950.96,0.0,25950.96
OI0001844,O005126,P0197,3,15,80076.06,12011.41,68064.65
OI0001845,O004318,P0190,4,0,88176.16,0.0,88176.16
OI0001846,O006457,P0187,3,0,57832.35,0.0,57832.35
OI0001847,O004444,P0149,2,10,29016.1,2901.61,26114.49
OI0001848,O008883,P0051,1,20,36720.4,7344.08,29376.32
OI0001849,O006235,P0201,2,0,71675.3,0.0,71675.3
OI0001850,O008103,P0085,2,20,18391.22,3678.24,14712.98
OI0001851,O003919,P0201,3,15,107512.95,16126.94,91386.01
OI0001852,O001195,P0010,2,0,53416.1,0.0,53416.1
OI0001853,O000294,P0268,3,5,27552.33,1377.62,26174.71
OI0001854,O002240,P0212,3,25,34425.57,8606.39,25819.18
OI0001855,O002854,P0255,1,0,12286.21,0.0,12286.21
OI0001856,O008223,P0192,2,0,84714.46,0.0,84714.46
OI0001857,O004878,P0199,2,15,78158.98,11723.85,66435.13
OI0001858,O005624,P0257,3,10,30089.13,3008.91,27080.22
OI0001859,O008191,P0014,3,5,28836.18,1441.81,27394.37
OI0001860,O005218,P0173,1,0,20026.84,0.0,20026.84
OI0001861,O004148,P0200,4,15,43624.96,6543.74,37081.22
OI0001862,O007511,P0062,3,5,80380.74,4019.04,76361.7
OI0001863,O002858,P0045,1,0,7451.31,0.0,7451.31
OI0001864,O004446,P0244,3,25,103378.65,25844.66,77533.99
OI0001865,O005138,P0156,3,10,29815.26,2981.53,26833.73
OI0001866,O006374,P0264,3,5,32651.73,1632.59,31019.14
OI0001867,O008906,P0280,4,15,79038.92,11855.84,67183.08
OI0001868,O007724,P0007,4,10,58207.84,5820.78,52387.06
OI0001869,O000610,P0028,3,0,142387.98,0.0,142387.98
OI0001870,O001505,P0090,2,20,13131.84,2626.37,10505.47
OI0001871,O005532,P0209,1,0,9563.45,0.0,9563.45
OI0001872,O006532,P0191,2,25,39575.94,9893.98,29681.96
OI0001873,O008847,P0230,2,5,74914.92,3745.75,71169.17
OI0001874,O006146,P0006,1,10,30527.16,3052.72,27474.44
OI0001875,O002940,P0267,3,25,147909.57,36977.39,110932.18
OI0001876,O000151,P0038,4,5,118952.68,5947.63,113005.05
OI0001877,O008945,P0032,3,10,126796.56,12679.66,114116.9
OI0001878,O007586,P0282,4,15,187623.08,28143.46,159479.62
OI0001879,O005773,P0223,3,10,21255.36,2125.54,19129.82
OI0001880,O001192,P0288,1,5,1195.58,59.78,1135.8
OI0001881,O007178,P0163,2,0,30820.24,0.0,30820.24
OI0001882,O004996,P0130,2,10,69655.28,6965.53,62689.75
OI0001883,O003410,P0161,2,10,26548.0,2654.8,23893.2
OI0001884,O001891,P0007,2,0,29103.92,0.0,29103.92
OI0001885,O000111,P0213,1,5,24138.56,1206.93,22931.63
OI0001886,O006324,P0089,2,5,51215.2,2560.76,48654.44
OI0001887,O000977,P0080,4,5,109880.32,5494.02,104386.3
OI0001888,O009627,P0265,1,15,31774.94,4766.24,27008.7
OI0001889,O007944,P0176,2,5,7245.6,362.28,6883.32
OI0001890,O004277,P0163,4,5,61640.48,3082.02,58558.46
OI0001891,O002134,P0211,1,20,13035.21,2607.04,10428.17
OI0001892,O001707,P0248,2,20,93302.8,18660.56,74642.24
OI0001893,O001630,P0078,2,15,22421.88,3363.28,19058.6
OI0001894,O005043,P0259,2,15,92554.36,13883.15,78671.21
OI0001895,O007231,P0006,1,20,30527.16,6105.43,24421.73
OI0001896,O007748,P0086,1,15,20446.08,3066.91,17379.17
OI0001897,O003725,P0132,2,0,66612.86,0.0,66612.86
OI0001898,O005766,P0010,3,0,80124.15,0.0,80124.15
OI0001899,O004265,P0224,1,0,48314.67,0.0,48314.67
OI0001900,O004413,P0049,4,5,23838.52,1191.93,22646.59
OI0001901,O002452,P0013,4,0,125051.44,0.0,125051.44
OI0001902,O000213,P0171,3,15,58557.06,8783.56,49773.5
OI0001903,O000634,P0246,4,10,61909.44,6190.94,55718.5
OI0001904,O006018,P0176,4,15,14491.2,2173.68,12317.52
OI0001905,O007914,P0218,4,0,143913.28,0.0,143913.28
OI0001906,O009577,P0158,1,5,40898.51,2044.93,38853.58
OI0001907,O008864,P0299,4,10,157144.68,15714.47,141430.21
OI0001908,O002171,P0159,3,10,84297.06,8429.71,75867.35
OI0001909,O001046,P0294,2,20,57483.66,11496.73,45986.93
OI0001910,O003290,P0147,1,25,29572.75,7393.19,22179.56
OI0001911,O002601,P0151,1,0,12613.91,0.0,12613.91
OI0001912,O000877,P0174,3,10,87244.2,8724.42,78519.78
OI0001913,O000394,P0297,2,0,41705.68,0.0,41705.68
OI0001914,O006701,P0202,1,5,40041.71,2002.09,38039.62
OI0001915,O002572,P0079,2,15,27714.48,4157.17,23557.31
OI0001916,O001769,P0269,1,25,38347.09,9586.77,28760.32
OI0001917,O000233,P0102,3,10,7156.35,715.64,6440.71
OI0001918,O003570,P0109,2,5,70089.42,3504.47,66584.95
OI0001919,O005906,P0044,3,0,16636.74,0.0,16636.74
OI0001920,O000832,P0015,2,15,47153.72,7073.06,40080.66
OI0001921,O008279,P0004,1,25,23290.06,5822.52,17467.54
OI0001922,O007041,P0248,1,20,46651.4,9330.28,37321.12
OI0001923,O006837,P0236,4,10,4452.48,445.25,4007.23
OI0001924,O005349,P0052,4,10,127785.76,12778.58,115007.18
OI0001925,O007762,P0202,3,20,120125.13,24025.03,96100.1
OI0001926,O009427,P0046,4,25,7456.84,1864.21,5592.63
OI0001927,O008685,P0059,2,25,83342.8,20835.7,62507.1
OI0001928,O005660,P0174,3,15,87244.2,13086.63,74157.57
OI0001929,O008214,P0032,2,0,84531.04,0.0,84531.04
OI0001930,O003878,P0149,1,5,14508.05,725.4,13782.65
OI0001931,O003383,P0285,4,5,18565.96,928.3,17637.66
OI0001932,O000345,P0121,1,0,19603.94,0.0,19603.94
OI0001933,O006000,P0263,4,5,177002.72,8850.14,168152.58
OI0001934,O001161,P0042,1,20,23558.2,4711.64,18846.56
OI0001935,O000484,P0255,4,15,49144.84,7371.73,41773.11
OI0001936,O004018,P0178,2,0,33158.4,0.0,33158.4
OI0001937,O001829,P0086,1,0,20446.08,0.0,20446.08
OI0001938,O006721,P0017,4,25,106259.6,26564.9,79694.7
OI0001939,O000316,P0238,1,0,31962.54,0.0,31962.54
OI0001940,O004863,P0133,2,10,28901.62,2890.16,26011.46
OI0001941,O002330,P0209,4,0,38253.8,0.0,38253.8
OI0001942,O009806,P0196,1,0,37225.43,0.0,37225.43
OI0001943,O004471,P0072,2,10,5510.9,551.09,4959.81
OI0001944,O002101,P0026,1,10,4903.23,490.32,4412.91
OI0001945,O000809,P0089,2,10,51215.2,5121.52,46093.68
OI0001946,O004612,P0235,4,0,137520.24,0.0,137520.24
OI0001947,O008706,P0039,3,5,28494.9,1424.74,27070.16
OI0001948,O002339,P0044,2,10,11091.16,1109.12,9982.04
OI0001949,O008187,P0064,2,0,34289.38,0.0,34289.38
OI0001950,O005025,P0184,1,25,22638.01,5659.5,16978.51
OI0001951,O004581,P0086,4,0,81784.32,0.0,81784.32
OI0001952,O001897,P0284,4,5,153861.28,7693.06,146168.22
OI0001953,O007602,P0083,1,0,47199.69,0.0,47199.69
OI0001954,O002701,P0259,1,15,46277.18,6941.58,39335.6
OI0001955,O007283,P0254,4,5,54478.4,2723.92,51754.48
OI0001956,O001139,P0283,1,0,27208.48,0.0,27208.48
OI0001957,O000124,P0189,3,10,145098.66,14509.87,130588.79
OI0001958,O001627,P0134,1,25,10105.06,2526.26,7578.8
OI0001959,O001585,P0223,3,20,21255.36,4251.07,17004.29
OI0001960,O003459,P0056,1,15,25335.77,3800.37,21535.4
OI0001961,O004369,P0029,2,0,8194.14,0.0,8194.14
OI0001962,O004761,P0200,4,20,43624.96,8724.99,34899.97
OI0001963,O001406,P0120,2,20,7519.7,1503.94,6015.76
OI0001964,O001245,P0287,2,0,50410.32,0.0,50410.32
OI0001965,O005893,P0071,1,0,3261.99,0.0,3261.99
OI0001966,O000199,P0137,4,10,88001.24,8800.12,79201.12
OI0001967,O002131,P0063,3,5,57243.63,2862.18,54381.45
OI0001968,O005623,P0077,2,5,5463.06,273.15,5189.91
OI0001969,O001331,P0283,4,0,108833.92,0.0,108833.92
OI0001970,O003345,P0018,2,10,39788.72,3978.87,35809.85
OI0001971,O005758,P0166,3,15,33359.73,5003.96,28355.77
OI0001972,O009175,P0148,3,25,30569.1,7642.28,22926.82
OI0001973,O003133,P0186,3,5,45124.56,2256.23,42868.33
OI0001974,O004443,P0076,2,15,74383.02,11157.45,63225.57
OI0001975,O006175,P0028,4,15,189850.64,28477.6,161373.04
OI0001976,O003599,P0044,3,10,16636.74,1663.67,14973.07
OI0001977,O001345,P0137,1,25,22000.31,5500.08,16500.23
OI0001978,O004841,P0113,4,0,196547.48,0.0,196547.48
OI0001979,O004929,P0161,1,25,13274.0,3318.5,9955.5
OI0001980,O005920,P0245,1,20,39663.34,7932.67,31730.67
OI0001981,O003312,P0106,4,0,99103.04,0.0,99103.04
OI0001982,O005270,P0009,4,5,109266.64,5463.33,103803.31
OI0001983,O000429,P0214,1,10,25041.78,2504.18,22537.6
OI0001984,O002299,P0118,1,5,9683.76,484.19,9199.57
OI0001985,O006155,P0206,1,20,22654.0,4530.8,18123.2
OI0001986,O002465,P0204,4,15,35179.72,5276.96,29902.76
OI0001987,O000577,P0029,1,0,4097.07,0.0,4097.07
OI0001988,O008742,P0208,2,25,55667.02,13916.76,41750.26
OI0001989,O004553,P0073,1,0,19130.48,0.0,19130.48
OI0001990,O009485,P0288,3,10,3586.74,358.67,3228.07
OI0001991,O005040,P0117,2,10,72340.2,7234.02,65106.18
OI0001992,O004376,P0243,4,0,53657.64,0.0,53657.64
OI0001993,O008996,P0234,4,15,121234.84,18185.23,103049.61
OI0001994,O003220,P0208,2,25,55667.02,13916.76,41750.26
OI0001995,O007723,P0147,1,10,29572.75,2957.28,26615.47
OI0001996,O009325,P0081,1,10,7395.86,739.59,6656.27
OI0001997,O004195,P0098,4,5,80177.6,4008.88,76168.72
OI0001998,O009771,P0297,2,20,41705.68,8341.14,33364.54
OI0001999,O000852,P0242,1,25,34263.44,8565.86,25697.58
OI0002000,O009320,P0290,3,5,77896.74,3894.84,74001.9
OI0002001,O004723,P0021,2,20,93933.22,18786.64,75146.58
OI0002002,O008766,P0170,4,0,139852.4,0.0,139852.4
OI0002003,O004722,P0105,1,10,40727.69,4072.77,36654.92
OI0002004,O009414,P0067,1,5,24908.56,1245.43,23663.13
OI0002005,O006908,P0100,1,0,38669.39,0.0,38669.39
OI0002006,O003994,P0237,4,20,62902.12,12580.42,50321.7
OI0002007,O001551,P0252,4,15,153874.8,23081.22,130793.58
OI0002008,O008826,P0083,2,0,94399.38,0.0,94399.38
OI0002009,O009061,P0021,3,15,140899.83,21134.97,119764.86
OI0002010,O007699,P0204,3,10,26384.79,2638.48,23746.31
OI0002011,O004984,P0175,4,15,189648.2,28447.23,161200.97
OI0002012,O006601,P0156,2,10,19876.84,1987.68,17889.16
OI0002013,O006587,P0191,2,5,39575.94,1978.8,37597.14
OI0002014,O009553,P0012,4,10,139880.52,13988.05,125892.47
OI0002015,O006543,P0286,4,0,42858.68,0.0,42858.68
OI0002016,O006330,P0268,1,5,9184.11,459.21,8724.9
OI0002017,O003637,P0231,3,0,70763.34,0.0,70763.34
OI0002018,O003996,P0167,1,5,35369.38,1768.47,33600.91
OI0002019,O009671,P0274,4,0,93394.08,0.0,93394.08
OI0002020,O002014,P0249,2,15,34777.92,5216.69,29561.23
OI0002021,O006786,P0280,3,25,59279.19,14819.8,44459.39
OI0002022,O000658,P0140,2,15,50302.32,7545.35,42756.97
OI0002023,O000245,P0134,4,0,40420.24,0.0,40420.24
OI0002024,O005114,P0264,3,10,32651.73,3265.17,29386.56
OI0002025,O003765,P0057,4,15,139656.56,20948.48,118708.08
OI0002026,O008328,P0143,2,20,37886.2,7577.24,30308.96
OI0002027,O008397,P0236,4,5,4452.48,222.62,4229.86
OI0002028,O009076,P0007,1,10,14551.96,1455.2,13096.76
OI0002029,O003733,P0221,3,0,107281.59,0.0,107281.59
OI0002030,O005980,P0058,4,15,117690.64,17653.6,100037.04
OI0002031,O004652,P0205,3,5,990.24,49.51,940.73
OI0002032,O008007,P0224,3,0,144944.01,0.0,144944.01
OI0002033,O006393,P0140,2,10,50302.32,5030.23,45272.09
OI0002034,O009077,P0112,1,15,5396.7,809.5,4587.2
OI0002035,O009175,P0025,1,0,44562.04,0.0,44562.04
OI0002036,O008164,P0147,4,5,118291.0,5914.55,112376.45
OI0002037,O005282,P0298,3,10,139591.47,13959.15,125632.32
OI0002038,O001221,P0247,1,25,1993.66,498.42,1495.24
OI0002039,O008898,P0080,4,0,109880.32,0.0,109880.32
OI0002040,O002607,P0012,4,20,139880.52,27976.1,111904.42
OI0002041,O009218,P0188,2,0,83620.84,0.0,83620.84
OI0002042,O003284,P0036,3,25,116303.94,29075.98,87227.96
OI0002043,O007895,P0152,2,5,22796.72,1139.84,21656.88
OI0002044,O001317,P0289,4,0,51164.72,0.0,51164.72
OI0002045,O003152,P0132,2,5,66612.86,3330.64,63282.22
OI0002046,O000119,P0056,1,0,25335.77,0.0,25335.77
OI0002047,O004694,P0118,3,0,29051.28,0.0,29051.28
OI0002048,O006719,P0264,2,10,21767.82,2176.78,19591.04
OI0002049,O001909,P0189,3,25,145098.66,36274.66,108824.0
OI0002050,O004086,P0008,3,5,24547.17,1227.36,23319.81
OI0002051,O006379,P0135,2,15,93658.72,14048.81,79609.91
OI0002052,O000427,P0035,4,15,127137.24,19070.59,108066.65
OI0002053,O005736,P0079,4,0,55428.96,0.0,55428.96
OI0002054,O005882,P0146,4,5,106521.52,5326.08,101195.44
OI0002055,O000640,P0267,1,25,49303.19,12325.8,36977.39
OI0002056,O009396,P0222,4,0,147394.32,0.0,147394.32
OI0002057,O003766,P0087,1,10,17908.98,1790.9,16118.08
OI0002058,O002764,P0255,3,20,36858.63,7371.73,29486.9
OI0002059,O006693,P0098,1,5,20044.4,1002.22,19042.18
OI0002060,O007619,P0272,3,25,63550.71,15887.68,47663.03
OI0002061,O000146,P0006,3,10,91581.48,9158.15,82423.33
OI0002062,O003131,P0233,2,25,74724.98,18681.24,56043.74
OI0002063,O007571,P0015,3,10,70730.58,7073.06,63657.52
OI0002064,O005773,P0029,2,5,8194.14,409.71,7784.43
OI0002065,O009249,P0192,1,15,42357.23,6353.58,36003.65
OI0002066,O007134,P0234,4,25,121234.84,30308.71,90926.13
OI0002067,O001458,P0066,2,5,89141.14,4457.06,84684.08
OI0002068,O005491,P0097,4,20,48983.64,9796.73,39186.91
OI0002069,O001608,P0230,4,15,149829.84,22474.48,127355.36
OI0002070,O001074,P0215,1,5,10910.24,545.51,10364.73
OI0002071,O001523,P0120,4,0,15039.4,0.0,15039.4
OI0002072,O000536,P0141,2,5,32435.58,1621.78,30813.8
OI0002073,O006213,P0071,4,20,13047.96,2609.59,10438.37
OI0002074,O003080,P0179,1,0,25512.92,0.0,25512.92
OI0002075,O000761,P0213,3,10,72415.68,7241.57,65174.11
OI0002076,O008400,P0028,2,10,94925.32,9492.53,85432.79
OI0002077,O008100,P0151,1,15,12613.91,1892.09,10721.82
OI0002078,O003264,P0125,2,25,59695.42,14923.86,44771.56
OI0002079,O001998,P0257,3,15,30089.13,4513.37,25575.76
OI0002080,O004006,P0199,4,10,156317.96,15631.8,140686.16
OI0002081,O009588,P0163,1,20,15410.12,3082.02,12328.1
OI0002082,O000026,P0292,3,15,40120.23,6018.03,34102.2
OI0002083,O008699,P0014,2,20,19224.12,3844.82,15379.3
OI0002084,O000861,P0184,4,15,90552.04,13582.81,76969.23
OI0002085,O004474,P0062,3,15,80380.74,12057.11,68323.63
OI0002086,O007684,P0103,4,0,131012.76,0.0,131012.76
OI0002087,O008152,P0142,1,0,6780.66,0.0,6780.66
OI0002088,O004161,P0190,3,25,66132.12,16533.03,49599.09
OI0002089,O003982,P0118,3,5,29051.28,1452.56,27598.72
OI0002090,O002851,P0217,4,0,34601.28,0.0,34601.28
OI0002091,O000597,P0022,4,0,134607.56,0.0,134607.56
OI0002092,O002020,P0113,4,15,196547.48,29482.12,167065.36
OI0002093,O006423,P0101,1,0,8712.06,0.0,8712.06
OI0002094,O005908,P0029,1,15,4097.07,614.56,3482.51
OI0002095,O005978,P0075,4,10,143809.04,14380.9,129428.14
OI0002096,O000169,P0187,3,0,57832.35,0.0,57832.35
OI0002097,O001924,P0015,2,0,47153.72,0.0,47153.72
OI0002098,O006507,P0149,3,0,43524.15,0.0,43524.15
OI0002099,O007655,P0111,3,5,135566.13,6778.31,128787.82
OI0002100,O006228,P0089,1,10,25607.6,2560.76,23046.84
OI0002101,O003310,P0247,1,0,1993.66,0.0,1993.66
OI0002102,O007626,P0071,1,15,3261.99,489.3,2772.69
OI0002103,O007874,P0113,1,25,49136.87,12284.22,36852.65
OI0002104,O008701,P0047,3,20,70852.2,14170.44,56681.76
OI0002105,O004077,P0282,1,15,46905.77,7035.87,39869.9
OI0002106,O006985,P0069,4,25,80905.56,20226.39,60679.17
OI0002107,O005118,P0243,1,10,13414.41,1341.44,12072.97
OI0002108,O000874,P0183,4,15,111141.2,16671.18,94470.02
OI0002109,O003843,P0072,4,15,11021.8,1653.27,9368.53
OI0002110,O005824,P0162,4,25,8615.2,2153.8,6461.4
OI0002111,O000182,P0251,2,10,49386.94,4938.69,44448.25
OI0002112,O008199,P0191,2,5,39575.94,1978.8,37597.14
OI0002113,O004761,P0126,2,0,87269.58,0.0,87269.58
OI0002114,O000408,P0178,2,5,33158.4,1657.92,31500.48
OI0002115,O006406,P0241,3,15,127869.06,19180.36,108688.7
OI0002116,O009615,P0273,2,15,79464.06,11919.61,67544.45
OI0002117,O009807,P0121,2,0,39207.88,0.0,39207.88
OI0002118,O007357,P0081,2,20,14791.72,2958.34,11833.38
OI0002119,O008059,P0295,4,25,185205.72,46301.43,138904.29
OI0002120,O000826,P0101,3,15,26136.18,3920.43,22215.75
OI0002121,O005741,P0159,4,0,112396.08,0.0,112396.08
OI0002122,O000096,P0058,4,10,117690.64,11769.06,105921.58
OI0002123,O008591,P0025,4,25,178248.16,44562.04,133686.12
OI0002124,O001262,P0275,3,5,80902.95,4045.15,76857.8
OI0002125,O006024,P0054,3,10,124110.12,12411.01,111699.11
OI0002126,O007701,P0199,2,0,78158.98,0.0,78158.98
OI0002127,O007981,P0002,4,20,185856.96,37171.39,148685.57
OI0002128,O008921,P0022,4,20,134607.56,26921.51,107686.05
OI0002129,O005091,P0166,3,5,33359.73,1667.99,31691.74
OI0002130,O001657,P0117,3,5,108510.3,5425.52,103084.78
OI0002131,O009000,P0263,4,0,177002.72,0.0,177002.72
OI0002132,O005470,P0066,2,5,89141.14,4457.06,84684.08
OI0002133,O005471,P0289,3,15,38373.54,5756.03,32617.51
OI0002134,O008959,P0121,3,0,58811.82,0.0,58811.82
OI0002135,O005131,P0135,3,0,140488.08,0.0,140488.08
OI0002136,O005242,P0216,4,15,54950.64,8242.6,46708.04
OI0002137,O000382,P0267,4,10,197212.76,19721.28,177491.48
OI0002138,O000295,P0140,4,25,100604.64,25151.16,75453.48
OI0002139,O000055,P0146,2,5,53260.76,2663.04,50597.72
OI0002140,O005964,P0121,4,0,78415.76,0.0,78415.76
OI0002141,O008835,P0257,4,15,40118.84,6017.83,34101.01
OI0002142,O005547,P0283,4,0,108833.92,0.0,108833.92
OI0002143,O000080,P0247,3,0,5980.98,0.0,5980.98
OI0002144,O008832,P0073,1,10,19130.48,1913.05,17217.43
OI0002145,O009705,P0049,3,10,17878.89,1787.89,16091.0
OI0002146,O005371,P0208,2,5,55667.02,2783.35,52883.67
OI0002147,O002344,P0250,1,10,5501.79,550.18,4951.61
OI0002148,O003907,P0163,1,20,15410.12,3082.02,12328.1
OI0002149,O004835,P0169,2,15,45747.72,6862.16,38885.56
OI0002150,O000899,P0035,4,10,127137.24,12713.72,114423.52
OI0002151,O003999,P0080,3,5,82410.24,4120.51,78289.73
OI0002152,O001513,P0170,2,10,69926.2,6992.62,62933.58
OI0002153,O001821,P0240,2,0,3682.5,0.0,3682.5
OI0002154,O007294,P0262,2,15,94766.74,14215.01,80551.73
OI0002155,O002816,P0111,1,20,45188.71,9037.74,36150.97
OI0002156,O009505,P0092,3,0,59892.06,0.0,59892.06
OI0002157,O002022,P0291,2,5,1888.14,94.41,1793.73
OI0002158,O003251,P0273,3,0,119196.09,0.0,119196.09
OI0002159,O005200,P0175,1,25,47412.05,11853.01,35559.04
OI0002160,O004193,P0286,3,20,32144.01,6428.8,25715.21
OI0002161,O000030,P0244,2,0,68919.1,0.0,68919.1
OI0002162,O000994,P0009,1,25,27316.66,6829.16,20487.5
OI0002163,O005795,P0279,1,0,18388.16,0.0,18388.16
OI0002164,O001287,P0045,1,0,7451.31,0.0,7451.31
OI0002165,O009056,P0065,1,0,31116.47,0.0,31116.47
OI0002166,O005186,P0140,2,15,50302.32,7545.35,42756.97
OI0002167,O006880,P0174,2,25,58162.8,14540.7,43622.1
OI0002168,O004949,P0161,4,0,53096.0,0.0,53096.0
OI0002169,O005905,P0128,3,25,58186.29,14546.57,43639.72
OI0002170,O007438,P0278,1,5,30845.96,1542.3,29303.66
OI0002171,O009250,P0010,3,15,80124.15,12018.62,68105.53
OI0002172,O008788,P0217,1,25,8650.32,2162.58,6487.74
OI0002173,O001941,P0139,3,0,72845.79,0.0,72845.79
OI0002174,O006832,P0235,3,10,103140.18,10314.02,92826.16
OI0002175,O002362,P0028,2,15,94925.32,14238.8,80686.52
OI0002176,O005575,P0283,4,5,108833.92,5441.7,103392.22
OI0002177,O009194,P0247,1,0,1993.66,0.0,1993.66
OI0002178,O000157,P0150,4,10,33045.6,3304.56,29741.04
OI0002179,O002953,P0153,3,0,78202.65,0.0,78202.65
OI0002180,O001231,P0275,3,25,80902.95,20225.74,60677.21
OI0002181,O007580,P0263,1,10,44250.68,4425.07,39825.61
OI0002182,O001190,P0249,4,25,69555.84,17388.96,52166.88
OI0002183,O007695,P0137,3,20,66000.93,13200.19,52800.74
OI0002184,O004601,P0118,1,0,9683.76,0.0,9683.76
OI0002185,O000544,P0198,4,10,161955.68,16195.57,145760.11
OI0002186,O001576,P0174,3,20,87244.2,17448.84,69795.36
OI0002187,O009292,P0245,2,5,79326.68,3966.33,75360.35
OI0002188,O005890,P0009,2,5,54633.32,2731.67,51901.65
OI0002189,O005865,P0022,4,15,134607.56,20191.13,114416.43
OI0002190,O008484,P0277,3,15,60223.92,9033.59,51190.33
OI0002191,O001434,P0255,2,10,24572.42,2457.24,22115.18
OI0002192,O000613,P0085,3,5,27586.83,1379.34,26207.49
OI0002193,O002641,P0053,2,0,64667.66,0.0,64667.66
OI0002194,O007289,P0062,2,25,53587.16,13396.79,40190.37
OI0002195,O007679,P0186,1,5,15041.52,752.08,14289.44
OI0002196,O008923,P0061,1,15,34595.91,5189.39,29406.52
OI0002197,O006378,P0163,2,5,30820.24,1541.01,29279.23
OI0002198,O008410,P0082,3,10,20607.81,2060.78,18547.03
OI0002199,O009678,P0059,4,5,166685.6,8334.28,158351.32
OI0002200,O007507,P0257,3,0,30089.13,0.0,30089.13
OI0002201,O001771,P0172,1,5,8162.68,408.13,7754.55
OI0002202,O005697,P0058,1,25,29422.66,7355.66,22067.0
OI0002203,O008438,P0212,2,0,22950.38,0.0,22950.38
OI0002204,O000404,P0182,3,10,123085.29,12308.53,110776.76
OI0002205,O006113,P0208,3,25,83500.53,20875.13,62625.4
OI0002206,O002081,P0281,2,0,69683.82,0.0,69683.82
OI0002207,O009641,P0007,4,0,58207.84,0.0,58207.84
OI0002208,O008461,P0118,1,25,9683.76,2420.94,7262.82
OI0002209,O009969,P0035,4,15,127137.24,19070.59,108066.65
OI0002210,O006443,P0095,3,10,74961.84,7496.18,67465.66
OI0002211,O008305,P0001,2,10,55859.7,5585.97,50273.73
OI0002212,O003913,P0241,2,25,85246.04,21311.51,63934.53
OI0002213,O005624,P0219,3,0,115648.29,0.0,115648.29
OI0002214,O005102,P0293,2,5,51595.46,2579.77,49015.69
OI0002215,O009537,P0113,2,5,98273.74,4913.69,93360.05
OI0002216,O007716,P0133,1,0,14450.81,0.0,14450.81
OI0002217,O000206,P0029,1,5,4097.07,204.85,3892.22
OI0002218,O001910,P0151,1,5,12613.91,630.7,11983.21
OI0002219,O009173,P0223,4,25,28340.48,7085.12,21255.36
OI0002220,O009451,P0078,1,5,11210.94,560.55,10650.39
OI0002221,O002645,P0125,4,25,119390.84,29847.71,89543.13
OI0002222,O009952,P0172,3,20,24488.04,4897.61,19590.43
OI0002223,O000040,P0184,4,15,90552.04,13582.81,76969.23
OI0002224,O006540,P0020,1,5,30596.61,1529.83,29066.78
OI0002225,O003677,P0033,3,5,63103.47,3155.17,59948.3
OI0002226,O003969,P0173,3,0,60080.52,0.0,60080.52
OI0002227,O007952,P0209,3,5,28690.35,1434.52,27255.83
OI0002228,O003060,P0198,3,20,121466.76,24293.35,97173.41
OI0002229,O002354,P0268,3,15,27552.33,4132.85,23419.48
OI0002230,O009962,P0207,1,20,17750.15,3550.03,14200.12
OI0002231,O006999,P0227,4,0,37880.08,0.0,37880.08
OI0002232,O001008,P0043,3,0,50516.97,0.0,50516.97
OI0002233,O004028,P0091,4,15,148003.2,22200.48,125802.72
OI0002234,O007301,P0017,3,15,79694.7,11954.2,67740.5
OI0002235,O003989,P0228,4,0,25827.72,0.0,25827.72
OI0002236,O001618,P0223,2,15,14170.24,2125.54,12044.7
OI0002237,O008341,P0107,1,5,10426.34,521.32,9905.02
OI0002238,O002119,P0176,2,20,7245.6,1449.12,5796.48
OI0002239,O002369,P0221,1,5,35760.53,1788.03,33972.5
OI0002240,O005723,P0294,1,0,28741.83,0.0,28741.83
OI0002241,O002492,P0099,3,0,3461.43,0.0,3461.43
OI0002242,O007993,P0231,2,20,47175.56,9435.11,37740.45
OI0002243,O010000,P0013,2,20,62525.72,12505.14,50020.58
OI0002244,O005480,P0131,4,5,21856.32,1092.82,20763.5
OI0002245,O000458,P0212,3,0,34425.57,0.0,34425.57
OI0002246,O001876,P0028,2,5,94925.32,4746.27,90179.05
OI0002247,O008880,P0137,1,5,22000.31,1100.02,20900.29
OI0002248,O006117,P0161,4,0,53096.0,0.0,53096.0
OI0002249,O004889,P0004,1,0,23290.06,0.0,23290.06
OI0002250,O001220,P0052,1,25,31946.44,7986.61,23959.83
OI0002251,O007328,P0166,4,15,44479.64,6671.95,37807.69
OI0002252,O004188,P0160,1,20,12898.18,2579.64,10318.54
OI0002253,O007848,P0177,4,10,101868.92,10186.89,91682.03
OI0002254,O006289,P0019,4,5,65005.84,3250.29,61755.55
OI0002255,O001095,P0081,3,0,22187.58,0.0,22187.58
OI0002256,O007867,P0180,4,10,5571.92,557.19,5014.73
OI0002257,O002715,P0190,3,15,66132.12,9919.82,56212.3
OI0002258,O007567,P0041,4,0,70111.36,0.0,70111.36
OI0002259,O003774,P0148,3,5,30569.1,1528.46,29040.64
OI0002260,O008966,P0022,2,25,67303.78,16825.94,50477.84
OI0002261,O007146,P0237,4,20,62902.12,12580.42,50321.7
OI0002262,O009319,P0159,2,15,56198.04,8429.71,47768.33
OI0002263,O004376,P0098,2,0,40088.8,0.0,40088.8
OI0002264,O006277,P0087,4,0,71635.92,0.0,71635.92
OI0002265,O006230,P0108,4,5,147651.76,7382.59,140269.17
OI0002266,O001205,P0275,2,5,53935.3,2696.76,51238.54
OI0002267,O001530,P0113,4,0,196547.48,0.0,196547.48
OI0002268,O008802,P0294,3,5,86225.49,4311.27,81914.22
OI0002269,O004574,P0039,2,5,18996.6,949.83,18046.77
OI0002270,O001747,P0229,4,0,28361.0,0.0,28361.0
OI0002271,O000466,P0028,2,5,94925.32,4746.27,90179.05
OI0002272,O002433,P0011,2,10,7954.82,795.48,7159.34
OI0002273,O007849,P0234,1,0,30308.71,0.0,30308.71
OI0002274,O003194,P0093,4,15,53170.52,7975.58,45194.94
OI0002275,O009525,P0021,3,0,140899.83,0.0,140899.83
OI0002276,O007376,P0157,3,10,96463.35,9646.33,86817.02
OI0002277,O009342,P0093,3,25,39877.89,9969.47,29908.42
OI0002278,O001960,P0042,1,0,23558.2,0.0,23558.2
OI0002279,O005182,P0140,3,5,75453.48,3772.67,71680.81
OI0002280,O005468,P0002,3,0,139392.72,0.0,139392.72
OI0002281,O003595,P0040,3,5,52281.87,2614.09,49667.78
OI0002282,O000240,P0102,4,20,9541.8,1908.36,7633.44
OI0002283,O000820,P0161,2,25,26548.0,6637.0,19911.0
OI0002284,O004951,P0266,2,20,76182.8,15236.56,60946.24
OI0002285,O008240,P0016,3,15,108213.24,16231.99,91981.25
OI0002286,O000813,P0264,4,15,43535.64,6530.35,37005.29
OI0002287,O004583,P0047,4,0,94469.6,0.0,94469.6
OI0002288,O003008,P0174,4,0,116325.6,0.0,116325.6
OI0002289,O001614,P0260,1,5,7514.45,375.72,7138.73
OI0002290,O005641,P0092,4,0,79856.08,0.0,79856.08
OI0002291,O005634,P0017,2,20,53129.8,10625.96,42503.84
OI0002292,O007677,P0245,1,5,39663.34,1983.17,37680.17
OI0002293,O009675,P0005,4,0,18429.64,0.0,18429.64
OI0002294,O005902,P0072,1,0,2755.45,0.0,2755.45
OI0002295,O000035,P0126,1,25,43634.79,10908.7,32726.09
OI0002296,O009792,P0181,3,25,47362.98,11840.74,35522.24
OI0002297,O005738,P0005,4,25,18429.64,4607.41,13822.23
OI0002298,O007577,P0035,2,25,63568.62,15892.16,47676.46
OI0002299,O002913,P0023,4,15,15685.4,2352.81,13332.59
OI0002300,O001545,P0150,3,5,24784.2,1239.21,23544.99
OI0002301,O006349,P0117,3,5,108510.3,5425.52,103084.78
OI0002302,O005898,P0164,4,5,149121.04,7456.05,141664.99
OI0002303,O004641,P0067,2,15,49817.12,7472.57,42344.55
OI0002304,O005613,P0028,4,25,189850.64,47462.66,142387.98
OI0002305,O000905,P0236,1,5,1113.12,55.66,1057.46
OI0002306,O001590,P0141,3,5,48653.37,2432.67,46220.7
OI0002307,O008344,P0201,1,0,35837.65,0.0,35837.65
OI0002308,O007230,P0069,4,5,80905.56,4045.28,76860.28
OI0002309,O007552,P0232,1,0,39189.12,0.0,39189.12
OI0002310,O006971,P0286,1,0,10714.67,0.0,10714.67
OI0002311,O005432,P0060,4,5,15192.52,759.63,14432.89
OI0002312,O008252,P0097,2,15,24491.82,3673.77,20818.05
OI0002313,O008161,P0042,4,10,94232.8,9423.28,84809.52
OI0002314,O003739,P0105,1,5,40727.69,2036.38,38691.31
OI0002315,O003692,P0204,2,10,17589.86,1758.99,15830.87
OI0002316,O003372,P0150,2,15,16522.8,2478.42,14044.38
OI0002317,O007737,P0248,3,10,139954.2,13995.42,125958.78
OI0002318,O002008,P0095,1,0,24987.28,0.0,24987.28
OI0002319,O008139,P0050,4,0,189291.88,0.0,189291.88
OI0002320,O005981,P0191,4,5,79151.88,3957.59,75194.29
OI0002321,O001136,P0176,3,5,10868.4,543.42,10324.98
OI0002322,O006080,P0036,4,0,155071.92,0.0,155071.92
OI0002323,O006007,P0285,3,15,13924.47,2088.67,11835.8
OI0002324,O005962,P0098,2,10,40088.8,4008.88,36079.92
OI0002325,O003807,P0175,3,20,142236.15,28447.23,113788.92
OI0002326,O005827,P0121,1,10,19603.94,1960.39,17643.55
OI0002327,O001717,P0050,4,25,189291.88,47322.97,141968.91
OI0002328,O007339,P0009,1,15,27316.66,4097.5,23219.16
OI0002329,O006504,P0076,2,20,74383.02,14876.6,59506.42
OI0002330,O005531,P0085,1,25,9195.61,2298.9,6896.71
OI0002331,O007217,P0005,2,10,9214.82,921.48,8293.34
OI0002332,O006704,P0007,2,10,29103.92,2910.39,26193.53
OI0002333,O001488,P0037,2,25,3763.4,940.85,2822.55
OI0002334,O000739,P0246,1,10,15477.36,1547.74,13929.62
OI0002335,O004322,P0003,3,0,57065.46,0.0,57065.46
OI0002336,O002441,P0143,4,15,75772.4,11365.86,64406.54
OI0002337,O009021,P0083,2,25,94399.38,23599.84,70799.54
OI0002338,O007801,P0259,2,15,92554.36,13883.15,78671.21
OI0002339,O008280,P0102,3,15,7156.35,1073.45,6082.9
OI0002340,O002147,P0203,2,0,34870.28,0.0,34870.28
OI0002341,O002476,P0004,3,15,69870.18,10480.53,59389.65
OI0002342,O000316,P0163,2,0,30820.24,0.0,30820.24
OI0002343,O000477,P0036,3,25,116303.94,29075.98,87227.96
OI0002344,O006271,P0078,4,25,44843.76,11210.94,33632.82
OI0002345,O000551,P0172,2,25,16325.36,4081.34,12244.02
OI0002346,O002473,P0064,2,5,34289.38,1714.47,32574.91
OI0002347,O008073,P0195,2,10,23399.78,2339.98,21059.8
OI0002348,O007041,P0020,2,10,61193.22,6119.32,55073.9
OI0002349,O009157,P0254,1,10,13619.6,1361.96,12257.64
OI0002350,O002187,P0185,1,5,14418.15,720.91,13697.24
OI0002351,O004228,P0256,2,25,99168.64,24792.16,74376.48
OI0002352,O006305,P0055,3,20,16570.83,3314.17,13256.66
OI0002353,O008749,P0270,2,10,34142.6,3414.26,30728.34
OI0002354,O003476,P0129,3,10,24238.17,2423.82,21814.35
OI0002355,O006309,P0057,3,15,104742.42,15711.36,89031.06
OI0002356,O006996,P0014,1,10,9612.06,961.21,8650.85
OI0002357,O006370,P0051,4,15,146881.6,22032.24,124849.36
OI0002358,O001331,P0058,3,20,88267.98,17653.6,70614.38
OI0002359,O007824,P0119,2,25,44436.76,11109.19,33327.57
OI0002360,O006880,P0265,4,20,127099.76,25419.95,101679.81
OI0002361,O009636,P0048,1,0,47730.5,0.0,47730.5
OI0002362,O004274,P0104,1,10,38741.02,3874.1,34866.92
OI0002363,O003576,P0200,4,10,43624.96,4362.5,39262.46
OI0002364,O003370,P0162,1,5,2153.8,107.69,2046.11
OI0002365,O003682,P0002,2,10,92928.48,9292.85,83635.63
OI0002366,O003259,P0024,3,25,69423.33,17355.83,52067.5
OI0002367,O000951,P0074,3,5,50980.32,2549.02,48431.3
OI0002368,O002936,P0296,2,5,64674.42,3233.72,61440.7
OI0002369,O009952,P0251,2,25,49386.94,12346.74,37040.2
OI0002370,O005204,P0008,1,0,8182.39,0.0,8182.39
OI0002371,O004988,P0067,2,20,49817.12,9963.42,39853.7
OI0002372,O002688,P0225,3,5,123259.17,6162.96,117096.21
OI0002373,O002699,P0052,2,10,63892.88,6389.29,57503.59
OI0002374,O000922,P0295,3,10,138904.29,13890.43,125013.86
OI0002375,O004643,P0071,2,10,6523.98,652.4,5871.58
OI0002376,O004072,P0085,4,25,36782.44,9195.61,27586.83
OI0002377,O003717,P0230,4,0,149829.84,0.0,149829.84
OI0002378,O008810,P0013,3,15,93788.58,14068.29,79720.29
OI0002379,O002830,P0089,2,20,51215.2,10243.04,40972.16
OI0002380,O001810,P0130,2,10,69655.28,6965.53,62689.75
OI0002381,O000972,P0271,1,25,8945.2,2236.3,6708.9
OI0002382,O001987,P0274,1,5,23348.52,1167.43,22181.09
OI0002383,O009832,P0069,2,15,40452.78,6067.92,34384.86
OI0002384,O008366,P0286,3,15,32144.01,4821.6,27322.41
OI0002385,O000580,P0078,3,0,33632.82,0.0,33632.82
OI0002386,O005689,P0133,2,10,28901.62,2890.16,26011.46
OI0002387,O006696,P0192,1,5,42357.23,2117.86,40239.37
OI0002388,O000474,P0264,3,10,32651.73,3265.17,29386.56
OI0002389,O005520,P0262,1,20,47383.37,9476.67,37906.7
OI0002390,O003902,P0090,4,10,26263.68,2626.37,23637.31
OI0002391,O002327,P0196,1,10,37225.43,3722.54,33502.89
OI0002392,O000216,P0180,1,15,1392.98,208.95,1184.03
OI0002393,O006140,P0227,2,10,18940.04,1894.0,17046.04
OI0002394,O004606,P0283,4,5,108833.92,5441.7,103392.22
OI0002395,O004691,P0172,3,5,24488.04,1224.4,23263.64
OI0002396,O006248,P0107,2,15,20852.68,3127.9,17724.78
OI0002397,O007135,P0069,1,15,20226.39,3033.96,17192.43
OI0002398,O003123,P0139,4,5,97127.72,4856.39,92271.33
OI0002399,O008961,P0254,3,0,40858.8,0.0,40858.8
OI0002400,O009293,P0043,3,10,50516.97,5051.7,45465.27
OI0002401,O001113,P0126,4,10,174539.16,17453.92,157085.24
OI0002402,O006794,P0291,2,10,1888.14,188.81,1699.33
OI0002403,O004858,P0230,4,5,149829.84,7491.49,142338.35
OI0002404,O002078,P0189,3,20,145098.66,29019.73,116078.93
OI0002405,O008078,P0229,3,10,21270.75,2127.07,19143.68
OI0002406,O001760,P0115,4,15,137825.4,20673.81,117151.59
OI0002407,O005278,P0154,2,10,56441.8,5644.18,50797.62
OI0002408,O008709,P0161,4,15,53096.0,7964.4,45131.6
OI0002409,O006637,P0151,1,20,12613.91,2522.78,10091.13
OI0002410,O006415,P0199,1,0,39079.49,0.0,39079.49
OI0002411,O005473,P0272,3,20,63550.71,12710.14,50840.57
OI0002412,O001740,P0235,1,15,34380.06,5157.01,29223.05
OI0002413,O002329,P0028,1,10,47462.66,4746.27,42716.39
OI0002414,O008467,P0140,4,10,100604.64,10060.46,90544.18
OI0002415,O009275,P0042,2,5,47116.4,2355.82,44760.58
OI0002416,O004567,P0009,1,10,27316.66,2731.67,24584.99
OI0002417,O000679,P0058,2,5,58845.32,2942.27,55903.05
OI0002418,O000895,P0201,4,20,143350.6,28670.12,114680.48
OI0002419,O009640,P0147,4,10,118291.0,11829.1,106461.9
OI0002420,O007381,P0164,2,5,74560.52,3728.03,70832.49
OI0002421,O008292,P0066,1,0,44570.57,0.0,44570.57
OI0002422,O006163,P0057,2,15,69828.28,10474.24,59354.04
OI0002423,O003908,P0108,3,15,110738.82,16610.82,94128.0
OI0002424,O006634,P0281,2,5,69683.82,3484.19,66199.63
OI0002425,O005779,P0141,2,0,32435.58,0.0,32435.58
OI0002426,O005435,P0187,2,15,38554.9,5783.24,32771.66
OI0002427,O005437,P0269,4,5,153388.36,7669.42,145718.94
OI0002428,O008224,P0155,1,20,47257.38,9451.48,37805.9
OI0002429,O007018,P0229,4,15,28361.0,4254.15,24106.85
OI0002430,O001581,P0083,2,20,94399.38,18879.88,75519.5
OI0002431,O002467,P0180,4,25,5571.92,1392.98,4178.94
OI0002432,O003510,P0145,3,5,117486.93,5874.35,111612.58
OI0002433,O001002,P0179,1,10,25512.92,2551.29,22961.63
OI0002434,O004833,P0002,1,5,46464.24,2323.21,44141.03
OI0002435,O008865,P0140,4,0,100604.64,0.0,100604.64
OI0002436,O007959,P0225,1,5,41086.39,2054.32,39032.07
OI0002437,O005113,P0156,4,5,39753.68,1987.68,37766.0
OI0002438,O007786,P0220,3,0,69668.88,0.0,69668.88
OI0002439,O007134,P0223,2,20,14170.24,2834.05,11336.19
OI0002440,O004677,P0159,2,5,56198.04,2809.9,53388.14
OI0002441,O008149,P0257,3,15,30089.13,4513.37,25575.76
OI0002442,O004304,P0035,3,0,95352.93,0.0,95352.93
OI0002443,O005319,P0001,1,0,27929.85,0.0,27929.85
OI0002444,O007817,P0009,4,25,109266.64,27316.66,81949.98
OI0002445,O009777,P0044,3,0,16636.74,0.0,16636.74
OI0002446,O008218,P0053,4,15,129335.32,19400.3,109935.02
OI0002447,O007392,P0229,2,10,14180.5,1418.05,12762.45
OI0002448,O005611,P0175,1,10,47412.05,4741.2,42670.85
OI0002449,O007451,P0207,4,0,71000.6,0.0,71000.6
OI0002450,O006313,P0113,3,5,147410.61,7370.53,140040.08
OI0002451,O002021,P0221,1,25,35760.53,8940.13,26820.4
OI0002452,O008403,P0085,3,25,27586.83,6896.71,20690.12
OI0002453,O003179,P0046,2,10,3728.42,372.84,3355.58
OI0002454,O009047,P0274,3,10,70045.56,7004.56,63041.0
OI0002455,O009026,P0251,2,5,49386.94,2469.35,46917.59
OI0002456,O000317,P0219,3,15,115648.29,17347.24,98301.05
OI0002457,O004418,P0187,3,20,57832.35,11566.47,46265.88
OI0002458,O008089,P0124,1,15,16647.65,2497.15,14150.5
OI0002459,O002667,P0111,2,10,90377.42,9037.74,81339.68
OI0002460,O001086,P0265,3,10,95324.82,9532.48,85792.34
OI0002461,O007646,P0284,3,0,115395.96,0.0,115395.96
OI0002462,O007251,P0066,4,25,178282.28,44570.57,133711.71
OI0002463,O003864,P0213,3,25,72415.68,18103.92,54311.76
OI0002464,O007542,P0278,1,25,30845.96,7711.49,23134.47
OI0002465,O004961,P0035,4,0,127137.24,0.0,127137.24
OI0002466,O004027,P0106,2,15,49551.52,7432.73,42118.79
OI0002467,O008781,P0208,1,15,27833.51,4175.03,23658.48
OI0002468,O006239,P0159,1,5,28099.02,1404.95,26694.07
OI0002469,O008870,P0191,4,20,79151.88,15830.38,63321.5
OI0002470,O007688,P0138,1,15,1276.02,191.4,1084.62
OI0002471,O001850,P0036,3,15,116303.94,17445.59,98858.35
OI0002472,O001310,P0213,4,0,96554.24,0.0,96554.24
OI0002473,O001591,P0047,4,25,94469.6,23617.4,70852.2
OI0002474,O007522,P0236,1,15,1113.12,166.97,946.15
OI0002475,O009588,P0047,2,25,47234.8,11808.7,35426.1
OI0002476,O003974,P0097,2,0,24491.82,0.0,24491.82
OI0002477,O006594,P0232,2,15,78378.24,11756.74,66621.5
OI0002478,O000837,P0022,2,15,67303.78,10095.57,57208.21
OI0002479,O009258,P0124,1,0,16647.65,0.0,16647.65
OI0002480,O005375,P0235,3,0,103140.18,0.0,103140.18
OI0002481,O007123,P0182,3,15,123085.29,18462.79,104622.5
OI0002482,O004161,P0218,4,15,143913.28,21586.99,122326.29
OI0002483,O003046,P0266,3,25,114274.2,28568.55,85705.65
OI0002484,O006617,P0164,2,15,74560.52,11184.08,63376.44
OI0002485,O004432,P0284,4,0,153861.28,0.0,153861.28
OI0002486,O001960,P0170,2,25,69926.2,17481.55,52444.65
OI0002487,O001716,P0095,4,5,99949.12,4997.46,94951.66
OI0002488,O007099,P0145,4,15,156649.24,23497.39,133151.85
OI0002489,O008213,P0096,4,10,69144.6,6914.46,62230.14
OI0002490,O002407,P0188,1,0,41810.42,0.0,41810.42
OI0002491,O007247,P0051,2,25,73440.8,18360.2,55080.6
OI0002492,O000133,P0133,1,10,14450.81,1445.08,13005.73
OI0002493,O008868,P0119,1,0,22218.38,0.0,22218.38
OI0002494,O008819,P0064,4,5,68578.76,3428.94,65149.82
OI0002495,O007155,P0267,2,15,98606.38,14790.96,83815.42
OI0002496,O000790,P0225,3,10,123259.17,12325.92,110933.25
OI0002497,O005512,P0054,2,0,82740.08,0.0,82740.08
OI0002498,O000991,P0004,4,10,93160.24,9316.02,83844.22
OI0002499,O003457,P0055,4,5,22094.44,1104.72,20989.72
OI0002500,O008988,P0033,4,10,84137.96,8413.8,75724.16
OI0002501,O007989,P0129,2,5,16158.78,807.94,15350.84
OI0002502,O004248,P0213,4,10,96554.24,9655.42,86898.82
OI0002503,O007422,P0029,4,20,16388.28,3277.66,13110.62
OI0002504,O006274,P0195,2,0,23399.78,0.0,23399.78
OI0002505,O001599,P0066,3,0,133711.71,0.0,133711.71
OI0002506,O003923,P0095,1,0,24987.28,0.0,24987.28
OI0002507,O006697,P0127,1,20,2568.64,513.73,2054.91
OI0002508,O002033,P0071,1,5,3261.99,163.1,3098.89
OI0002509,O007959,P0243,3,15,40243.23,6036.48,34206.75
OI0002510,O009906,P0061,3,0,103787.73,0.0,103787.73
OI0002511,O008522,P0243,4,0,53657.64,0.0,53657.64
OI0002512,O003543,P0203,3,10,52305.42,5230.54,47074.88
OI0002513,O001697,P0089,4,15,102430.4,15364.56,87065.84
OI0002514,O009683,P0211,1,15,13035.21,1955.28,11079.93
OI0002515,O003127,P0045,1,10,7451.31,745.13,6706.18
OI0002516,O009267,P0291,3,15,2832.21,424.83,2407.38
OI0002517,O003426,P0289,1,0,12791.18,0.0,12791.18
OI0002518,O008869,P0069,3,15,60679.17,9101.88,51577.29
OI0002519,O005695,P0195,1,5,11699.89,584.99,11114.9
OI0002520,O008003,P0223,2,25,14170.24,3542.56,10627.68
OI0002521,O001273,P0140,3,10,75453.48,7545.35,67908.13
OI0002522,O001351,P0160,2,10,25796.36,2579.64,23216.72
OI0002523,O009323,P0114,4,10,172157.36,17215.74,154941.62
OI0002524,O008369,P0242,3,20,102790.32,20558.06,82232.26
OI0002525,O007935,P0024,4,0,92564.44,0.0,92564.44
OI0002526,O004004,P0228,4,20,25827.72,5165.54,20662.18
OI0002527,O003265,P0194,4,0,110758.0,0.0,110758.0
OI0002528,O009310,P0012,1,10,34970.13,3497.01,31473.12
OI0002529,O009650,P0105,2,10,81455.38,8145.54,73309.84
OI0002530,O004192,P0121,1,5,19603.94,980.2,18623.74
OI0002531,O000689,P0217,3,0,25950.96,0.0,25950.96
OI0002532,O005075,P0128,1,0,19395.43,0.0,19395.43
OI0002533,O001583,P0172,1,15,8162.68,1224.4,6938.28
OI0002534,O009994,P0185,2,0,28836.3,0.0,28836.3
OI0002535,O009516,P0045,1,15,7451.31,1117.7,6333.61
OI0002536,O009968,P0122,1,25,37130.83,9282.71,27848.12
OI0002537,O004908,P0274,3,15,70045.56,10506.83,59538.73
OI0002538,O003809,P0051,1,0,36720.4,0.0,36720.4
OI0002539,O000365,P0097,2,10,24491.82,2449.18,22042.64
OI0002540,O000516,P0285,3,20,13924.47,2784.89,11139.58
OI0002541,O000576,P0076,3,25,111574.53,27893.63,83680.9
OI0002542,O004918,P0191,4,15,79151.88,11872.78,67279.1
OI0002543,O006909,P0162,4,5,8615.2,430.76,8184.44
OI0002544,O008143,P0068,4,5,165080.84,8254.04,156826.8
OI0002545,O004777,P0261,1,15,48547.54,7282.13,41265.41
OI0002546,O006134,P0121,2,15,39207.88,5881.18,33326.7
OI0002547,O008734,P0153,2,10,52135.1,5213.51,46921.59
OI0002548,O007239,P0190,4,0,88176.16,0.0,88176.16
OI0002549,O007910,P0202,1,15,40041.71,6006.26,34035.45
OI0002550,O009129,P0079,2,10,27714.48,2771.45,24943.03
OI0002551,O004050,P0168,1,0,39175.05,0.0,39175.05
OI0002552,O001374,P0287,4,10,100820.64,10082.06,90738.58
OI0002553,O007816,P0117,1,0,36170.1,0.0,36170.1
OI0002554,O002133,P0209,3,20,28690.35,5738.07,22952.28
OI0002555,O006509,P0204,4,15,35179.72,5276.96,29902.76
OI0002556,O006471,P0261,1,0,48547.54,0.0,48547.54
OI0002557,O002540,P0230,2,10,74914.92,7491.49,67423.43
OI0002558,O002757,P0231,3,20,70763.34,14152.67,56610.67
OI0002559,O005280,P0115,1,20,34456.35,6891.27,27565.08
OI0002560,O007376,P0073,2,0,38260.96,0.0,38260.96
OI0002561,O006334,P0157,3,0,96463.35,0.0,96463.35
OI0002562,O009946,P0179,3,15,76538.76,11480.81,65057.95
OI0002563,O009883,P0081,3,0,22187.58,0.0,22187.58
OI0002564,O002550,P0247,3,10,5980.98,598.1,5382.88
OI0002565,O005243,P0111,1,10,45188.71,4518.87,40669.84
OI0002566,O008924,P0115,4,10,137825.4,13782.54,124042.86
OI0002567,O000834,P0039,4,5,37993.2,1899.66,36093.54
OI0002568,O004687,P0240,1,0,1841.25,0.0,1841.25
OI0002569,O006119,P0212,4,10,45900.76,4590.08,41310.68
OI0002570,O009428,P0265,2,10,63549.88,6354.99,57194.89
OI0002571,O000285,P0181,2,5,31575.32,1578.77,29996.55
OI0002572,O007492,P0179,1,5,25512.92,1275.65,24237.27
OI0002573,O003539,P0241,1,20,42623.02,8524.6,34098.42
OI0002574,O004234,P0052,4,5,127785.76,6389.29,121396.47
OI0002575,O000076,P0140,3,0,75453.48,0.0,75453.48
OI0002576,O009088,P0277,3,15,60223.92,9033.59,51190.33
OI0002577,O007016,P0168,4,10,156700.2,15670.02,141030.18
OI0002578,O001745,P0235,3,5,103140.18,5157.01,97983.17
OI0002579,O007238,P0011,4,0,15909.64,0.0,15909.64
OI0002580,O006701,P0061,4,5,138383.64,6919.18,131464.46
OI0002581,O007346,P0284,3,0,115395.96,0.0,115395.96
OI0002582,O004784,P0261,2,0,97095.08,0.0,97095.08
OI0002583,O009131,P0015,2,25,47153.72,11788.43,35365.29
OI0002584,O003342,P0297,2,0,41705.68,0.0,41705.68
OI0002585,O007009,P0078,1,5,11210.94,560.55,10650.39
OI0002586,O001708,P0172,3,0,24488.04,0.0,24488.04
OI0002587,O004252,P0135,1,25,46829.36,11707.34,35122.02
OI0002588,O003779,P0251,4,25,98773.88,24693.47,74080.41
OI0002589,O005014,P0044,3,0,16636.74,0.0,16636.74
OI0002590,O006237,P0262,1,20,47383.37,9476.67,37906.7
OI0002591,O000646,P0194,3,0,83068.5,0.0,83068.5
OI0002592,O002240,P0004,1,5,23290.06,1164.5,22125.56
OI0002593,O009322,P0064,4,10,68578.76,6857.88,61720.88
OI0002594,O009654,P0261,2,10,97095.08,9709.51,87385.57
OI0002595,O002279,P0165,1,0,2565.38,0.0,2565.38
OI0002596,O007095,P0103,1,15,32753.19,4912.98,27840.21
OI0002597,O009244,P0154,1,15,28220.9,4233.14,23987.76
OI0002598,O008719,P0158,4,25,163594.04,40898.51,122695.53
OI0002599,O004459,P0263,4,5,177002.72,8850.14,168152.58
OI0002600,O002418,P0111,1,5,45188.71,2259.44,42929.27
OI0002601,O002138,P0087,1,5,17908.98,895.45,17013.53
OI0002602,O009918,P0148,2,0,20379.4,0.0,20379.4
OI0002603,O009921,P0271,2,0,17890.4,0.0,17890.4
OI0002604,O006766,P0156,2,15,19876.84,2981.53,16895.31
OI0002605,O004541,P0131,3,5,16392.24,819.61,15572.63
OI0002606,O004055,P0185,1,10,14418.15,1441.82,12976.33
OI0002607,O000129,P0055,3,25,16570.83,4142.71,12428.12
OI0002608,O003154,P0192,4,0,169428.92,0.0,169428.92
OI0002609,O008401,P0057,3,10,104742.42,10474.24,94268.18
OI0002610,O008238,P0036,4,10,155071.92,15507.19,139564.73
OI0002611,O006636,P0265,3,25,95324.82,23831.2,71493.62
OI0002612,O000001,P0163,2,20,30820.24,6164.05,24656.19
OI0002613,O003236,P0088,1,0,39591.0,0.0,39591.0
OI0002614,O004933,P0139,2,0,48563.86,0.0,48563.86
OI0002615,O008005,P0001,4,0,111719.4,0.0,111719.4
OI0002616,O006016,P0265,3,0,95324.82,0.0,95324.82
OI0002617,O001635,P0125,1,0,29847.71,0.0,29847.71
OI0002618,O008990,P0120,3,0,11279.55,0.0,11279.55
OI0002619,O009096,P0029,3,10,12291.21,1229.12,11062.09
OI0002620,O004354,P0288,2,25,2391.16,597.79,1793.37
OI0002621,O001895,P0159,2,20,56198.04,11239.61,44958.43
OI0002622,O005657,P0218,2,0,71956.64,0.0,71956.64
OI0002623,O005267,P0207,4,15,71000.6,10650.09,60350.51
OI0002624,O004851,P0243,2,25,26828.82,6707.2,20121.62
OI0002625,O007751,P0262,1,20,47383.37,9476.67,37906.7
OI0002626,O003944,P0157,3,10,96463.35,9646.33,86817.02
OI0002627,O002062,P0159,4,5,112396.08,5619.8,106776.28
OI0002628,O008068,P0202,1,15,40041.71,6006.26,34035.45
OI0002629,O004526,P0255,4,15,49144.84,7371.73,41773.11
OI0002630,O003365,P0120,1,5,3759.85,187.99,3571.86
OI0002631,O009067,P0255,4,0,49144.84,0.0,49144.84
OI0002632,O002846,P0132,3,15,99919.29,14987.89,84931.4
OI0002633,O008175,P0128,4,20,77581.72,15516.34,62065.38
OI0002634,O009934,P0136,3,0,3364.56,0.0,3364.56
OI0002635,O005019,P0037,4,25,7526.8,1881.7,5645.1
OI0002636,O009080,P0087,4,0,71635.92,0.0,71635.92
OI0002637,O000269,P0207,1,5,17750.15,887.51,16862.64
OI0002638,O007623,P0221,3,0,107281.59,0.0,107281.59
OI0002639,O003410,P0171,1,0,19519.02,0.0,19519.02
OI0002640,O003878,P0139,4,5,97127.72,4856.39,92271.33
OI0002641,O006119,P0079,4,10,55428.96,5542.9,49886.06
OI0002642,O004681,P0189,3,25,145098.66,36274.66,108824.0
OI0002643,O003496,P0108,3,0,110738.82,0.0,110738.82
OI0002644,O005798,P0110,2,10,24926.56,2492.66,22433.9
OI0002645,O001255,P0294,3,5,86225.49,4311.27,81914.22
OI0002646,O005824,P0176,1,25,3622.8,905.7,2717.1
OI0002647,O008760,P0128,3,0,58186.29,0.0,58186.29
OI0002648,O004311,P0024,4,5,92564.44,4628.22,87936.22
OI0002649,O009009,P0214,3,0,75125.34,0.0,75125.34
OI0002650,O004775,P0073,2,25,38260.96,9565.24,28695.72
OI0002651,O008186,P0221,4,10,143042.12,14304.21,128737.91
OI0002652,O009015,P0140,3,10,75453.48,7545.35,67908.13
OI0002653,O001795,P0105,4,0,162910.76,0.0,162910.76
OI0002654,O002184,P0145,4,0,156649.24,0.0,156649.24
OI0002655,O005839,P0217,3,15,25950.96,3892.64,22058.32
OI0002656,O004857,P0270,2,10,34142.6,3414.26,30728.34
OI0002657,O000329,P0153,2,0,52135.1,0.0,52135.1
OI0002658,O006408,P0269,2,10,76694.18,7669.42,69024.76
OI0002659,O003943,P0293,2,25,51595.46,12898.86,38696.6
OI0002660,O009204,P0266,3,0,114274.2,0.0,114274.2
OI0002661,O005180,P0073,4,25,76521.92,19130.48,57391.44
OI0002662,O002016,P0124,4,15,66590.6,9988.59,56602.01
OI0002663,O002506,P0100,2,0,77338.78,0.0,77338.78
OI0002664,O008972,P0261,1,20,48547.54,9709.51,38838.03
OI0002665,O008891,P0013,2,15,62525.72,9378.86,53146.86
OI0002666,O008379,P0020,4,10,122386.44,12238.64,110147.8
OI0002667,O009162,P0028,4,15,189850.64,28477.6,161373.04
OI0002668,O004140,P0115,4,0,137825.4,0.0,137825.4
OI0002669,O008358,P0207,1,15,17750.15,2662.52,15087.63
OI0002670,O009368,P0277,3,10,60223.92,6022.39,54201.53
OI0002671,O000701,P0192,3,5,127071.69,6353.58,120718.11
OI0002672,O006484,P0017,4,15,106259.6,15938.94,90320.66
OI0002673,O007984,P0198,2,15,80977.84,12146.68,68831.16
OI0002674,O008401,P0110,3,0,37389.84,0.0,37389.84
OI0002675,O003270,P0025,4,0,178248.16,0.0,178248.16
OI0002676,O007616,P0074,1,5,16993.44,849.67,16143.77
OI0002677,O003177,P0019,4,5,65005.84,3250.29,61755.55
OI0002678,O009108,P0267,4,20,197212.76,39442.55,157770.21
OI0002679,O007090,P0032,2,5,84531.04,4226.55,80304.49
OI0002680,O004999,P0266,1,15,38091.4,5713.71,32377.69
OI0002681,O003752,P0239,1,10,664.38,66.44,597.94
OI0002682,O005469,P0226,2,0,20764.56,0.0,20764.56
OI0002683,O001496,P0115,2,15,68912.7,10336.91,58575.79
OI0002684,O001091,P0044,4,20,22182.32,4436.46,17745.86
OI0002685,O008361,P0093,1,10,13292.63,1329.26,11963.37
OI0002686,O002200,P0093,4,15,53170.52,7975.58,45194.94
OI0002687,O004570,P0214,4,15,100167.12,15025.07,85142.05
OI0002688,O008933,P0258,2,10,57719.82,5771.98,51947.84
OI0002689,O008354,P0268,4,0,36736.44,0.0,36736.44
OI0002690,O006787,P0086,4,20,81784.32,16356.86,65427.46
OI0002691,O008800,P0065,2,20,62232.94,12446.59,49786.35
OI0002692,O000728,P0242,3,20,102790.32,20558.06,82232.26
OI0002693,O000643,P0076,3,20,111574.53,22314.91,89259.62
OI0002694,O007064,P0068,2,0,82540.42,0.0,82540.42
OI0002695,O007500,P0273,1,5,39732.03,1986.6,37745.43
OI0002696,O004044,P0181,2,0,31575.32,0.0,31575.32
OI0002697,O007761,P0240,4,0,7365.0,0.0,7365.0
OI0002698,O009284,P0122,3,15,111392.49,16708.87,94683.62
OI0002699,O006378,P0052,2,10,63892.88,6389.29,57503.59
OI0002700,O003528,P0017,3,0,79694.7,0.0,79694.7
OI0002701,O009215,P0235,4,5,137520.24,6876.01,130644.23
OI0002702,O009927,P0262,3,25,142150.11,35537.53,106612.58
OI0002703,O003767,P0096,1,0,17286.15,0.0,17286.15
OI0002704,O000154,P0220,2,5,46445.92,2322.3,44123.62
OI0002705,O004278,P0059,3,10,125014.2,12501.42,112512.78
OI0002706,O001208,P0107,4,0,41705.36,0.0,41705.36
OI0002707,O002616,P0022,2,25,67303.78,16825.94,50477.84
OI0002708,O004661,P0046,4,10,7456.84,745.68,6711.16
OI0002709,O005320,P0052,1,0,31946.44,0.0,31946.44
OI0002710,O001981,P0245,1,5,39663.34,1983.17,37680.17
OI0002711,O007214,P0173,1,5,20026.84,1001.34,19025.5
OI0002712,O002890,P0099,1,0,1153.81,0.0,1153.81
OI0002713,O008901,P0181,2,5,31575.32,1578.77,29996.55
OI0002714,O006003,P0036,4,10,155071.92,15507.19,139564.73
OI0002715,O008166,P0018,4,0,79577.44,0.0,79577.44
OI0002716,O003158,P0012,4,0,139880.52,0.0,139880.52
OI0002717,O008148,P0114,3,10,129118.02,12911.8,116206.22
OI0002718,O009576,P0217,2,5,17300.64,865.03,16435.61
OI0002719,O007349,P0041,2,0,35055.68,0.0,35055.68
OI0002720,O003646,P0250,3,15,16505.37,2475.81,14029.56
OI0002721,O002122,P0117,1,0,36170.1,0.0,36170.1
OI0002722,O002942,P0020,4,5,122386.44,6119.32,116267.12
OI0002723,O003881,P0124,2,0,33295.3,0.0,33295.3
OI0002724,O008557,P0112,1,15,5396.7,809.5,4587.2
OI0002725,O006000,P0203,3,10,52305.42,5230.54,47074.88
OI0002726,O000185,P0122,4,0,148523.32,0.0,148523.32
OI0002727,O004789,P0148,4,10,40758.8,4075.88,36682.92
OI0002728,O003006,P0097,3,15,36737.73,5510.66,31227.07
OI0002729,O007656,P0138,3,0,3828.06,0.0,3828.06
OI0002730,O000730,P0062,1,15,26793.58,4019.04,22774.54
OI0002731,O005226,P0064,1,5,17144.69,857.23,16287.46
OI0002732,O007602,P0217,3,0,25950.96,0.0,25950.96
OI0002733,O000567,P0202,1,20,40041.71,8008.34,32033.37
OI0002734,O001312,P0024,1,10,23141.11,2314.11,20827.0
OI0002735,O004439,P0297,3,10,62558.52,6255.85,56302.67
OI0002736,O007737,P0207,1,20,17750.15,3550.03,14200.12
OI0002737,O008804,P0241,2,5,85246.04,4262.3,80983.74
OI0002738,O000624,P0138,3,0,3828.06,0.0,3828.06
OI0002739,O007617,P0261,4,25,194190.16,48547.54,145642.62
OI0002740,O008690,P0165,3,5,7696.14,384.81,7311.33
OI0002741,O006066,P0287,3,10,75615.48,7561.55,68053.93
OI0002742,O008415,P0151,1,25,12613.91,3153.48,9460.43
OI0002743,O005818,P0255,3,0,36858.63,0.0,36858.63
OI0002744,O009145,P0011,1,25,3977.41,994.35,2983.06
OI0002745,O001907,P0074,1,10,16993.44,1699.34,15294.1
OI0002746,O001161,P0150,2,25,16522.8,4130.7,12392.1
OI0002747,O002785,P0233,1,0,37362.49,0.0,37362.49
OI0002748,O003835,P0293,4,10,103190.92,10319.09,92871.83
OI0002749,O005987,P0027,4,25,197780.04,49445.01,148335.03
OI0002750,O008895,P0001,2,0,55859.7,0.0,55859.7
OI0002751,O006338,P0133,2,5,28901.62,1445.08,27456.54
OI0002752,O006946,P0011,2,0,7954.82,0.0,7954.82
OI0002753,O003409,P0225,2,25,82172.78,20543.2,61629.58
OI0002754,O000997,P0028,2,5,94925.32,4746.27,90179.05
OI0002755,O005950,P0285,4,0,18565.96,0.0,18565.96
OI0002756,O004828,P0144,1,15,33677.69,5051.65,28626.04
OI0002757,O008779,P0004,1,10,23290.06,2329.01,20961.05
OI0002758,O002985,P0051,2,10,73440.8,7344.08,66096.72
OI0002759,O002870,P0100,1,10,38669.39,3866.94,34802.45
OI0002760,O002724,P0189,1,10,48366.22,4836.62,43529.6
OI0002761,O001005,P0082,2,10,13738.54,1373.85,12364.69
OI0002762,O001776,P0211,3,25,39105.63,9776.41,29329.22
OI0002763,O001115,P0282,4,0,187623.08,0.0,187623.08
OI0002764,O004721,P0130,1,25,34827.64,8706.91,26120.73
OI0002765,O007508,P0220,1,5,23222.96,1161.15,22061.81
OI0002766,O000613,P0045,4,0,29805.24,0.0,29805.24
OI0002767,O007378,P0019,4,10,65005.84,6500.58,58505.26
OI0002768,O001404,P0211,3,20,39105.63,7821.13,31284.5
OI0002769,O000011,P0105,1,5,40727.69,2036.38,38691.31
OI0002770,O001998,P0293,1,0,25797.73,0.0,25797.73
OI0002771,O008108,P0143,3,10,56829.3,5682.93,51146.37
OI0002772,O007783,P0123,4,25,77775.52,19443.88,58331.64
OI0002773,O007763,P0198,2,5,80977.84,4048.89,76928.95
OI0002774,O000555,P0248,2,0,93302.8,0.0,93302.8
OI0002775,O008956,P0269,1,10,38347.09,3834.71,34512.38
OI0002776,O004647,P0056,4,5,101343.08,5067.15,96275.93
OI0002777,O000755,P0110,1,0,12463.28,0.0,12463.28
OI0002778,O003156,P0185,4,20,57672.6,11534.52,46138.08
OI0002779,O008529,P0003,4,10,76087.28,7608.73,68478.55
OI0002780,O008247,P0249,2,0,34777.92,0.0,34777.92
OI0002781,O001117,P0215,2,25,21820.48,5455.12,16365.36
OI0002782,O004204,P0156,1,10,9938.42,993.84,8944.58
OI0002783,O006995,P0289,3,15,38373.54,5756.03,32617.51
OI0002784,O003422,P0098,3,10,60133.2,6013.32,54119.88
OI0002785,O006553,P0281,2,25,69683.82,17420.96,52262.86
OI0002786,O002794,P0235,2,20,68760.12,13752.02,55008.1
OI0002787,O005328,P0071,1,0,3261.99,0.0,3261.99
OI0002788,O004946,P0117,3,0,108510.3,0.0,108510.3
OI0002789,O004585,P0156,4,10,39753.68,3975.37,35778.31
OI0002790,O009014,P0112,3,5,16190.1,809.5,15380.6
OI0002791,O004169,P0030,4,10,186731.92,18673.19,168058.73
OI0002792,O002868,P0129,1,5,8079.39,403.97,7675.42
OI0002793,O000448,P0100,4,20,154677.56,30935.51,123742.05
OI0002794,O006950,P0097,4,0,48983.64,0.0,48983.64
OI0002795,O007980,P0112,3,0,16190.1,0.0,16190.1
OI0002796,O008023,P0237,3,5,47176.59,2358.83,44817.76
OI0002797,O007403,P0059,3,0,125014.2,0.0,125014.2
OI0002798,O007894,P0274,3,10,70045.56,7004.56,63041.0
OI0002799,O003288,P0263,4,10,177002.72,17700.27,159302.45
OI0002800,O000166,P0189,3,15,145098.66,21764.8,123333.86
OI0002801,O000434,P0196,4,0,148901.72,0.0,148901.72
OI0002802,O001820,P0121,2,15,39207.88,5881.18,33326.7
OI0002803,O004166,P0145,1,5,39162.31,1958.12,37204.19
OI0002804,O008735,P0083,2,15,94399.38,14159.91,80239.47
OI0002805,O002233,P0197,2,5,53384.04,2669.2,50714.84
OI0002806,O009866,P0183,4,20,111141.2,22228.24,88912.96
OI0002807,O000140,P0230,3,20,112372.38,22474.48,89897.9
OI0002808,O003335,P0013,1,5,31262.86,1563.14,29699.72
OI0002809,O004252,P0101,2,25,17424.12,4356.03,13068.09
OI0002810,O009696,P0217,3,5,25950.96,1297.55,24653.41
OI0002811,O007956,P0296,3,20,97011.63,19402.33,77609.3
OI0002812,O004417,P0143,4,0,75772.4,0.0,75772.4
OI0002813,O006282,P0028,4,5,189850.64,9492.53,180358.11
OI0002814,O008083,P0192,3,20,127071.69,25414.34,101657.35
OI0002815,O008394,P0247,1,0,1993.66,0.0,1993.66
OI0002816,O004186,P0203,2,15,34870.28,5230.54,29639.74
OI0002817,O005569,P0221,2,15,71521.06,10728.16,60792.9
OI0002818,O001470,P0123,4,25,77775.52,19443.88,58331.64
OI0002819,O004897,P0133,1,25,14450.81,3612.7,10838.11
OI0002820,O000986,P0235,1,10,34380.06,3438.01,30942.05
OI0002821,O003554,P0170,3,15,104889.3,15733.4,89155.9
OI0002822,O008869,P0020,3,0,91789.83,0.0,91789.83
OI0002823,O004749,P0086,4,0,81784.32,0.0,81784.32
OI0002824,O008030,P0121,4,10,78415.76,7841.58,70574.18
OI0002825,O003050,P0276,2,0,99515.88,0.0,99515.88
OI0002826,O001890,P0288,3,0,3586.74,0.0,3586.74
OI0002827,O001829,P0182,4,0,164113.72,0.0,164113.72
OI0002828,O007198,P0036,3,0,116303.94,0.0,116303.94
OI0002829,O007382,P0112,1,15,5396.7,809.5,4587.2
OI0002830,O008956,P0067,2,0,49817.12,0.0,49817.12
OI0002831,O006312,P0200,3,20,32718.72,6543.74,26174.98
OI0002832,O004751,P0030,3,0,140048.94,0.0,140048.94
OI0002833,O001360,P0196,3,0,111676.29,0.0,111676.29
OI0002834,O000085,P0135,1,5,46829.36,2341.47,44487.89
OI0002835,O009058,P0122,2,15,74261.66,11139.25,63122.41
OI0002836,O003176,P0152,1,15,11398.36,1709.75,9688.61
OI0002837,O001142,P0265,3,0,95324.82,0.0,95324.82
OI0002838,O001062,P0290,2,5,51931.16,2596.56,49334.6
OI0002839,O006625,P0201,3,20,107512.95,21502.59,86010.36
OI0002840,O004232,P0055,2,10,11047.22,1104.72,9942.5
OI0002841,O008268,P0116,4,10,187794.96,18779.5,169015.46
OI0002842,O006439,P0079,1,10,13857.24,1385.72,12471.52
OI0002843,O000316,P0012,1,10,34970.13,3497.01,31473.12
OI0002844,O008689,P0058,3,5,88267.98,4413.4,83854.58
OI0002845,O009148,P0068,3,15,123810.63,18571.59,105239.04
OI0002846,O008813,P0273,3,25,119196.09,29799.02,89397.07
OI0002847,O003640,P0201,1,10,35837.65,3583.76,32253.89
OI0002848,O008210,P0223,4,5,28340.48,1417.02,26923.46
OI0002849,O004528,P0245,4,25,158653.36,39663.34,118990.02
OI0002850,O008808,P0230,1,15,37457.46,5618.62,31838.84
OI0002851,O000149,P0018,2,15,39788.72,5968.31,33820.41
OI0002852,O004536,P0209,4,10,38253.8,3825.38,34428.42
OI0002853,O004315,P0163,4,15,61640.48,9246.07,52394.41
OI0002854,O006150,P0089,2,15,51215.2,7682.28,43532.92
OI0002855,O008863,P0182,2,15,82056.86,12308.53,69748.33
OI0002856,O003682,P0152,1,25,11398.36,2849.59,8548.77
OI0002857,O006983,P0015,2,5,47153.72,2357.69,44796.03
OI0002858,O009211,P0252,3,0,115406.1,0.0,115406.1
OI0002859,O002943,P0076,3,5,111574.53,5578.73,105995.8
OI0002860,O009467,P0014,4,15,38448.24,5767.24,32681.0
OI0002861,O009695,P0175,1,10,47412.05,4741.2,42670.85
OI0002862,O006006,P0092,1,20,19964.02,3992.8,15971.22
OI0002863,O005561,P0217,2,0,17300.64,0.0,17300.64
OI0002864,O000884,P0092,4,15,79856.08,11978.41,67877.67
OI0002865,O002672,P0287,4,0,100820.64,0.0,100820.64
OI0002866,O009745,P0100,4,15,154677.56,23201.63,131475.93
OI0002867,O005187,P0058,1,5,29422.66,1471.13,27951.53
OI0002868,O005947,P0168,1,25,39175.05,9793.76,29381.29
OI0002869,O002563,P0182,3,15,123085.29,18462.79,104622.5
OI0002870,O001902,P0188,2,15,83620.84,12543.13,71077.71
OI0002871,O008347,P0154,1,0,28220.9,0.0,28220.9
OI0002872,O007681,P0283,4,15,108833.92,16325.09,92508.83
OI0002873,O005455,P0286,2,5,21429.34,1071.47,20357.87
OI0002874,O000388,P0293,1,5,25797.73,1289.89,24507.84
OI0002875,O000004,P0259,4,15,185108.72,27766.31,157342.41
OI0002876,O009177,P0244,4,0,137838.2,0.0,137838.2
OI0002877,O002428,P0074,2,0,33986.88,0.0,33986.88
OI0002878,O009931,P0069,3,5,60679.17,3033.96,57645.21
OI0002879,O001035,P0137,4,10,88001.24,8800.12,79201.12
OI0002880,O000716,P0154,4,5,112883.6,5644.18,107239.42
OI0002881,O007887,P0222,4,10,147394.32,14739.43,132654.89
OI0002882,O001533,P0139,4,5,97127.72,4856.39,92271.33
OI0002883,O006329,P0121,3,5,58811.82,2940.59,55871.23
OI0002884,O009370,P0260,3,0,22543.35,0.0,22543.35
OI0002885,O001903,P0145,3,5,117486.93,5874.35,111612.58
OI0002886,O000922,P0159,4,5,112396.08,5619.8,106776.28
OI0002887,O000694,P0006,3,0,91581.48,0.0,91581.48
OI0002888,O008859,P0225,2,0,82172.78,0.0,82172.78
OI0002889,O001252,P0116,4,5,187794.96,9389.75,178405.21
OI0002890,O000102,P0039,4,0,37993.2,0.0,37993.2
OI0002891,O005814,P0107,4,25,41705.36,10426.34,31279.02
OI0002892,O001801,P0118,4,10,38735.04,3873.5,34861.54
OI0002893,O000072,P0042,1,10,23558.2,2355.82,21202.38
OI0002894,O007667,P0027,3,5,148335.03,7416.75,140918.28
OI0002895,O000884,P0217,1,10,8650.32,865.03,7785.29
OI0002896,O003050,P0106,2,5,49551.52,2477.58,47073.94
OI0002897,O003904,P0083,1,20,47199.69,9439.94,37759.75
OI0002898,O007409,P0270,1,5,17071.3,853.56,16217.74
OI0002899,O007957,P0108,1,5,36912.94,1845.65,35067.29
OI0002900,O001434,P0015,1,15,23576.86,3536.53,20040.33
OI0002901,O007823,P0150,3,25,24784.2,6196.05,18588.15
OI0002902,O005547,P0190,3,15,66132.12,9919.82,56212.3
OI0002903,O005849,P0169,1,0,22873.86,0.0,22873.86
OI0002904,O009895,P0288,1,20,1195.58,239.12,956.46
OI0002905,O005648,P0161,2,15,26548.0,3982.2,22565.8
OI0002906,O006691,P0297,2,0,41705.68,0.0,41705.68
OI0002907,O003212,P0083,4,0,188798.76,0.0,188798.76
OI0002908,O008120,P0102,1,15,2385.45,357.82,2027.63
OI0002909,O007920,P0115,4,0,137825.4,0.0,137825.4
OI0002910,O000308,P0242,3,10,102790.32,10279.03,92511.29
OI0002911,O004488,P0059,3,0,125014.2,0.0,125014.2
OI0002912,O000087,P0099,3,10,3461.43,346.14,3115.29
OI0002913,O009355,P0075,3,0,107856.78,0.0,107856.78
OI0002914,O005499,P0241,4,10,170492.08,17049.21,153442.87
OI0002915,O007211,P0003,1,20,19021.82,3804.36,15217.46
OI0002916,O000866,P0066,3,10,133711.71,13371.17,120340.54
OI0002917,O008345,P0292,2,20,26746.82,5349.36,21397.46
OI0002918,O006616,P0151,4,10,50455.64,5045.56,45410.08
OI0002919,O002712,P0163,4,15,61640.48,9246.07,52394.41
OI0002920,O000618,P0247,3,5,5980.98,299.05,5681.93
OI0002921,O009711,P0250,1,5,5501.79,275.09,5226.7
OI0002922,O003922,P0285,2,5,9282.98,464.15,8818.83
OI0002923,O000938,P0190,4,0,88176.16,0.0,88176.16
OI0002924,O001615,P0007,2,5,29103.92,1455.2,27648.72
OI0002925,O005231,P0019,2,5,32502.92,1625.15,30877.77
OI0002926,O007436,P0089,4,5,102430.4,5121.52,97308.88
OI0002927,O002525,P0208,1,10,27833.51,2783.35,25050.16
OI0002928,O003732,P0279,3,10,55164.48,5516.45,49648.03
OI0002929,O006531,P0072,2,15,5510.9,826.64,4684.26
OI0002930,O003408,P0217,1,5,8650.32,432.52,8217.8
OI0002931,O003655,P0035,3,15,95352.93,14302.94,81049.99
OI0002932,O001265,P0110,2,20,24926.56,4985.31,19941.25
OI0002933,O004324,P0167,3,10,106108.14,10610.81,95497.33
OI0002934,O001686,P0068,4,10,165080.84,16508.08,148572.76
OI0002935,O009167,P0237,1,15,15725.53,2358.83,13366.7
OI0002936,O004169,P0272,1,10,21183.57,2118.36,19065.21
OI0002937,O001553,P0267,1,0,49303.19,0.0,49303.19
OI0002938,O004319,P0088,2,5,79182.0,3959.1,75222.9
OI0002939,O005646,P0206,1,0,22654.0,0.0,22654.0
OI0002940,O000485,P0063,3,15,57243.63,8586.54,48657.09
OI0002941,O005805,P0287,2,5,50410.32,2520.52,47889.8
OI0002942,O006410,P0280,4,20,79038.92,15807.78,63231.14
OI0002943,O009174,P0183,4,15,111141.2,16671.18,94470.02
OI0002944,O006360,P0174,3,15,87244.2,13086.63,74157.57
OI0002945,O009911,P0134,1,20,10105.06,2021.01,8084.05
OI0002946,O006898,P0140,4,5,100604.64,5030.23,95574.41
OI0002947,O007350,P0034,4,0,88614.32,0.0,88614.32
OI0002948,O005249,P0066,1,25,44570.57,11142.64,33427.93
OI0002949,O002613,P0172,4,25,32650.72,8162.68,24488.04
OI0002950,O005984,P0021,4,0,187866.44,0.0,187866.44
OI0002951,O003792,P0198,4,15,161955.68,24293.35,137662.33
OI0002952,O008275,P0006,4,0,122108.64,0.0,122108.64
OI0002953,O003097,P0268,3,0,27552.33,0.0,27552.33
OI0002954,O007601,P0132,2,15,66612.86,9991.93,56620.93
OI0002955,O005194,P0007,1,5,14551.96,727.6,13824.36
OI0002956,O005764,P0076,4,20,148766.04,29753.21,119012.83
OI0002957,O009880,P0222,4,10,147394.32,14739.43,132654.89
OI0002958,O002478,P0007,4,15,58207.84,8731.18,49476.66
OI0002959,O001990,P0240,4,0,7365.0,0.0,7365.0
OI0002960,O006009,P0047,2,20,47234.8,9446.96,37787.84
OI0002961,O009612,P0278,1,0,30845.96,0.0,30845.96
OI0002962,O009044,P0155,4,10,189029.52,18902.95,170126.57
OI0002963,O008652,P0252,3,10,115406.1,11540.61,103865.49
OI0002964,O007486,P0227,3,0,28410.06,0.0,28410.06
OI0002965,O009804,P0038,2,25,59476.34,14869.08,44607.26
OI0002966,O005562,P0088,2,5,79182.0,3959.1,75222.9
OI0002967,O006310,P0270,4,15,68285.2,10242.78,58042.42
OI0002968,O005572,P0168,2,10,78350.1,7835.01,70515.09
OI0002969,O006289,P0205,1,0,330.08,0.0,330.08
OI0002970,O002515,P0101,3,20,26136.18,5227.24,20908.94
OI0002971,O003755,P0116,1,5,46948.74,2347.44,44601.3
OI0002972,O007205,P0050,2,0,94645.94,0.0,94645.94
OI0002973,O004508,P0032,1,0,42265.52,0.0,42265.52
OI0002974,O008578,P0209,2,5,19126.9,956.34,18170.56
OI0002975,O003494,P0194,1,10,27689.5,2768.95,24920.55
OI0002976,O004134,P0087,4,0,71635.92,0.0,71635.92
OI0002977,O007386,P0261,4,10,194190.16,19419.02,174771.14
OI0002978,O003115,P0122,1,15,37130.83,5569.62,31561.21
OI0002979,O002166,P0296,4,25,129348.84,32337.21,97011.63
OI0002980,O002654,P0166,2,15,22239.82,3335.97,18903.85
OI0002981,O009540,P0254,1,0,13619.6,0.0,13619.6
OI0002982,O000198,P0190,2,5,44088.08,2204.4,41883.68
OI0002983,O009698,P0258,3,10,86579.73,8657.97,77921.76
OI0002984,O006395,P0296,4,20,129348.84,25869.77,103479.07
OI0002985,O009209,P0071,4,10,13047.96,1304.8,11743.16
OI0002986,O002516,P0232,2,10,78378.24,7837.82,70540.42
OI0002987,O009024,P0073,2,5,38260.96,1913.05,36347.91
OI0002988,O009765,P0238,3,10,95887.62,9588.76,86298.86
OI0002989,O007671,P0251,1,5,24693.47,1234.67,23458.8
OI0002990,O008296,P0024,2,10,46282.22,4628.22,41654.0
OI0002991,O002033,P0164,1,20,37280.26,7456.05,29824.21
OI0002992,O001258,P0210,1,25,43010.34,10752.58,32257.76
OI0002993,O006217,P0107,2,20,20852.68,4170.54,16682.14
OI0002994,O005282,P0231,4,20,94351.12,18870.22,75480.9
OI0002995,O005019,P0089,2,5,51215.2,2560.76,48654.44
OI0002996,O000337,P0043,2,15,33677.98,5051.7,28626.28
OI0002997,O005609,P0089,2,5,51215.2,2560.76,48654.44
OI0002998,O004293,P0297,4,0,83411.36,0.0,83411.36
OI0002999,O000995,P0089,3,20,76822.8,15364.56,61458.24
OI0003000,O000100,P0263,4,0,177002.72,0.0,177002.72
OI0003001,O002111,P0296,2,0,64674.42,0.0,64674.42
OI0003002,O009550,P0248,3,0,139954.2,0.0,139954.2
OI0003003,O001021,P0083,2,0,94399.38,0.0,94399.38
OI0003004,O003778,P0150,1,0,8261.4,0.0,8261.4
OI0003005,O002332,P0023,2,15,7842.7,1176.4,6666.3
OI0003006,O009935,P0084,1,20,40248.3,8049.66,32198.64
OI0003007,O000876,P0135,3,15,140488.08,21073.21,119414.87
OI0003008,O008174,P0299,1,10,39286.17,3928.62,35357.55
OI0003009,O007306,P0281,3,15,104525.73,15678.86,88846.87
OI0003010,O008611,P0031,2,10,36566.0,3656.6,32909.4
OI0003011,O005890,P0229,2,25,14180.5,3545.12,10635.38
OI0003012,O000991,P0256,1,10,49584.32,4958.43,44625.89
OI0003013,O002475,P0173,4,0,80107.36,0.0,80107.36
OI0003014,O008876,P0186,4,15,60166.08,9024.91,51141.17
OI0003015,O000043,P0064,4,20,68578.76,13715.75,54863.01
OI0003016,O002036,P0276,1,0,49757.94,0.0,49757.94
OI0003017,O003380,P0080,1,5,27470.08,1373.5,26096.58
OI0003018,O009838,P0190,4,15,88176.16,13226.42,74949.74
OI0003019,O004243,P0291,1,10,944.07,94.41,849.66
OI0003020,O004913,P0104,4,20,154964.08,30992.82,123971.26
OI0003021,O002429,P0290,3,10,77896.74,7789.67,70107.07
OI0003022,O009967,P0125,3,15,89543.13,13431.47,76111.66
OI0003023,O009919,P0129,1,5,8079.39,403.97,7675.42
OI0003024,O003188,P0009,2,25,54633.32,13658.33,40974.99
OI0003025,O009681,P0105,1,5,40727.69,2036.38,38691.31
OI0003026,O003741,P0094,3,10,56696.49,5669.65,51026.84
OI0003027,O000844,P0021,3,10,140899.83,14089.98,126809.85
OI0003028,O003279,P0210,4,5,172041.36,8602.07,163439.29
OI0003029,O001077,P0022,4,5,134607.56,6730.38,127877.18
OI0003030,O007266,P0204,2,10,17589.86,1758.99,15830.87
OI0003031,O006069,P0037,4,5,7526.8,376.34,7150.46
OI0003032,O006801,P0255,4,0,49144.84,0.0,49144.84
OI0003033,O006901,P0235,3,20,103140.18,20628.04,82512.14
OI0003034,O002296,P0130,4,5,139310.56,6965.53,132345.03
OI0003035,O009706,P0229,1,5,7090.25,354.51,6735.74
OI0003036,O002898,P0104,3,10,116223.06,11622.31,104600.75
OI0003037,O003928,P0144,1,20,33677.69,6735.54,26942.15
OI0003038,O007500,P0279,2,0,36776.32,0.0,36776.32
OI0003039,O003108,P0099,3,10,3461.43,346.14,3115.29
OI0003040,O007365,P0006,2,5,61054.32,3052.72,58001.6
OI0003041,O002232,P0189,1,20,48366.22,9673.24,38692.98
OI0003042,O008259,P0292,2,15,26746.82,4012.02,22734.8
OI0003043,O002081,P0150,1,0,8261.4,0.0,8261.4
OI0003044,O005287,P0122,1,5,37130.83,1856.54,35274.29
OI0003045,O006842,P0077,3,0,8194.59,0.0,8194.59
OI0003046,O009740,P0173,3,15,60080.52,9012.08,51068.44
OI0003047,O001269,P0210,3,5,129031.02,6451.55,122579.47
OI0003048,O009702,P0172,1,0,8162.68,0.0,8162.68
OI0003049,O004692,P0105,4,0,162910.76,0.0,162910.76
OI0003050,O009041,P0216,1,25,13737.66,3434.42,10303.24
OI0003051,O008136,P0129,1,20,8079.39,1615.88,6463.51
OI0003052,O006763,P0229,4,5,28361.0,1418.05,26942.95
OI0003053,O007693,P0284,4,10,153861.28,15386.13,138475.15
OI0003054,O001875,P0004,2,10,46580.12,4658.01,41922.11
OI0003055,O000602,P0203,1,10,17435.14,1743.51,15691.63
OI0003056,O006260,P0087,3,5,53726.94,2686.35,51040.59
OI0003057,O007045,P0240,4,5,7365.0,368.25,6996.75
OI0003058,O004781,P0111,3,0,135566.13,0.0,135566.13
OI0003059,O007513,P0042,2,0,47116.4,0.0,47116.4
OI0003060,O009605,P0256,3,0,148752.96,0.0,148752.96
OI0003061,O002583,P0196,1,0,37225.43,0.0,37225.43
OI0003062,O000096,P0243,1,5,13414.41,670.72,12743.69
OI0003063,O004221,P0040,3,15,52281.87,7842.28,44439.59
OI0003064,O008426,P0254,3,0,40858.8,0.0,40858.8
OI0003065,O004678,P0074,1,10,16993.44,1699.34,15294.1
OI0003066,O006775,P0130,4,5,139310.56,6965.53,132345.03
OI0003067,O008214,P0215,1,0,10910.24,0.0,10910.24
OI0003068,O002809,P0290,4,0,103862.32,0.0,103862.32
OI0003069,O001236,P0120,1,10,3759.85,375.98,3383.87
OI0003070,O008188,P0268,3,0,27552.33,0.0,27552.33
OI0003071,O002523,P0243,3,10,40243.23,4024.32,36218.91
OI0003072,O007351,P0237,1,0,15725.53,0.0,15725.53
OI0003073,O008610,P0272,4,20,84734.28,16946.86,67787.42
OI0003074,O000553,P0136,4,0,4486.08,0.0,4486.08
OI0003075,O002588,P0170,4,5,139852.4,6992.62,132859.78
OI0003076,O007967,P0006,3,15,91581.48,13737.22,77844.26
OI0003077,O007701,P0139,2,15,48563.86,7284.58,41279.28
OI0003078,O005194,P0158,3,0,122695.53,0.0,122695.53
OI0003079,O008228,P0087,4,0,71635.92,0.0,71635.92
OI0003080,O006093,P0018,3,10,59683.08,5968.31,53714.77
OI0003081,O004066,P0009,1,15,27316.66,4097.5,23219.16
OI0003082,O008723,P0073,3,15,57391.44,8608.72,48782.72
OI0003083,O003090,P0114,1,10,43039.34,4303.93,38735.41
OI0003084,O006228,P0134,3,15,30315.18,4547.28,25767.9
OI0003085,O004801,P0080,3,5,82410.24,4120.51,78289.73
OI0003086,O000918,P0130,3,10,104482.92,10448.29,94034.63
OI0003087,O007890,P0265,4,5,127099.76,6354.99,120744.77
OI0003088,O006538,P0261,1,15,48547.54,7282.13,41265.41
OI0003089,O002068,P0092,3,0,59892.06,0.0,59892.06
OI0003090,O009212,P0145,4,5,156649.24,7832.46,148816.78
OI0003091,O009533,P0047,3,20,70852.2,14170.44,56681.76
OI0003092,O002405,P0295,2,15,92602.86,13890.43,78712.43
OI0003093,O007318,P0128,1,15,19395.43,2909.31,16486.12
OI0003094,O008964,P0262,4,0,189533.48,0.0,189533.48
OI0003095,O002874,P0196,1,10,37225.43,3722.54,33502.89
OI0003096,O007708,P0254,4,10,54478.4,5447.84,49030.56
OI0003097,O005481,P0166,4,15,44479.64,6671.95,37807.69
OI0003098,O000717,P0184,3,5,67914.03,3395.7,64518.33
OI0003099,O009273,P0246,3,10,46432.08,4643.21,41788.87
OI0003100,O004160,P0182,2,0,82056.86,0.0,82056.86
OI0003101,O006430,P0101,4,20,34848.24,6969.65,27878.59
OI0003102,O006486,P0160,1,25,12898.18,3224.54,9673.64
OI0003103,O002557,P0159,4,10,112396.08,11239.61,101156.47
OI0003104,O001458,P0197,2,5,53384.04,2669.2,50714.84
OI0003105,O007606,P0145,1,5,39162.31,1958.12,37204.19
OI0003106,O006679,P0004,2,5,46580.12,2329.01,44251.11
OI0003107,O003602,P0107,3,10,31279.02,3127.9,28151.12
OI0003108,O003838,P0216,1,0,13737.66,0.0,13737.66
OI0003109,O008273,P0006,4,10,122108.64,12210.86,109897.78
OI0003110,O002429,P0158,1,10,40898.51,4089.85,36808.66
OI0003111,O006838,P0091,3,15,111002.4,16650.36,94352.04
OI0003112,O008031,P0265,1,0,31774.94,0.0,31774.94
OI0003113,O003996,P0276,3,15,149273.82,22391.07,126882.75
OI0003114,O002696,P0013,3,0,93788.58,0.0,93788.58
OI0003115,O004512,P0092,2,10,39928.04,3992.8,35935.24
OI0003116,O007030,P0223,3,20,21255.36,4251.07,17004.29
OI0003117,O003880,P0096,4,15,69144.6,10371.69,58772.91
OI0003118,O003763,P0227,1,20,9470.02,1894.0,7576.02
OI0003119,O000223,P0275,1,0,26967.65,0.0,26967.65
OI0003120,O006340,P0252,4,15,153874.8,23081.22,130793.58
OI0003121,O001015,P0071,1,10,3261.99,326.2,2935.79
OI0003122,O001019,P0296,3,5,97011.63,4850.58,92161.05
OI0003123,O002297,P0094,3,5,56696.49,2834.82,53861.67
OI0003124,O008418,P0058,1,0,29422.66,0.0,29422.66
OI0003125,O005774,P0031,2,15,36566.0,5484.9,31081.1
OI0003126,O004583,P0104,3,10,116223.06,11622.31,104600.75
OI0003127,O005270,P0098,1,0,20044.4,0.0,20044.4
OI0003128,O003948,P0052,1,10,31946.44,3194.64,28751.8
OI0003129,O006354,P0055,1,0,5523.61,0.0,5523.61
OI0003130,O004412,P0027,4,5,197780.04,9889.0,187891.04
OI0003131,O009779,P0116,1,0,46948.74,0.0,46948.74
OI0003132,O004496,P0173,1,10,20026.84,2002.68,18024.16
OI0003133,O009708,P0042,1,0,23558.2,0.0,23558.2
OI0003134,O005248,P0244,1,5,34459.55,1722.98,32736.57
OI0003135,O008070,P0262,2,5,94766.74,4738.34,90028.4
OI0003136,O000769,P0027,4,15,197780.04,29667.01,168113.03
OI0003137,O009228,P0160,1,10,12898.18,1289.82,11608.36
OI0003138,O008216,P0166,4,10,44479.64,4447.96,40031.68
OI0003139,O002174,P0181,1,0,15787.66,0.0,15787.66
OI0003140,O005291,P0096,3,10,51858.45,5185.84,46672.61
OI0003141,O003293,P0283,1,0,27208.48,0.0,27208.48
OI0003142,O006112,P0236,1,25,1113.12,278.28,834.84
OI0003143,O007225,P0296,2,10,64674.42,6467.44,58206.98
OI0003144,O005781,P0094,2,20,37797.66,7559.53,30238.13
OI0003145,O002081,P0163,2,0,30820.24,0.0,30820.24
OI0003146,O009377,P0118,4,10,38735.04,3873.5,34861.54
OI0003147,O006044,P0234,4,15,121234.84,18185.23,103049.61
OI0003148,O005228,P0155,2,15,94514.76,14177.21,80337.55
OI0003149,O007140,P0278,4,10,123383.84,12338.38,111045.46
OI0003150,O002113,P0111,1,0,45188.71,0.0,45188.71
OI0003151,O003148,P0280,2,5,39519.46,1975.97,37543.49
OI0003152,O006049,P0245,1,5,39663.34,1983.17,37680.17
OI0003153,O003948,P0151,1,5,12613.91,630.7,11983.21
OI0003154,O005573,P0181,2,0,31575.32,0.0,31575.32
OI0003155,O006052,P0291,2,0,1888.14,0.0,1888.14
OI0003156,O009142,P0007,2,10,29103.92,2910.39,26193.53
OI0003157,O004530,P0208,1,15,27833.51,4175.03,23658.48
OI0003158,O008818,P0128,1,0,19395.43,0.0,19395.43
OI0003159,O007476,P0023,3,15,11764.05,1764.61,9999.44
OI0003160,O000405,P0007,1,15,14551.96,2182.79,12369.17
OI0003161,O005756,P0150,2,5,16522.8,826.14,15696.66
OI0003162,O008335,P0093,4,10,53170.52,5317.05,47853.47
OI0003163,O003721,P0262,1,5,47383.37,2369.17,45014.2
OI0003164,O002807,P0031,2,5,36566.0,1828.3,34737.7
OI0003165,O000288,P0105,2,10,81455.38,8145.54,73309.84
OI0003166,O004168,P0128,2,5,38790.86,1939.54,36851.32
OI0003167,O001819,P0042,4,10,94232.8,9423.28,84809.52
OI0003168,O004650,P0102,4,15,9541.8,1431.27,8110.53
OI0003169,O005384,P0225,3,25,123259.17,30814.79,92444.38
OI0003170,O008971,P0013,1,20,31262.86,6252.57,25010.29
OI0003171,O001941,P0101,4,25,34848.24,8712.06,26136.18
OI0003172,O001068,P0080,3,25,82410.24,20602.56,61807.68
OI0003173,O000990,P0047,2,0,47234.8,0.0,47234.8
OI0003174,O008481,P0238,3,25,95887.62,23971.9,71915.72
OI0003175,O007747,P0260,3,0,22543.35,0.0,22543.35
OI0003176,O006144,P0103,3,20,98259.57,19651.91,78607.66
OI0003177,O003108,P0054,1,10,41370.04,4137.0,37233.04
OI0003178,O004634,P0229,4,20,28361.0,5672.2,22688.8
OI0003179,O007462,P0129,4,25,32317.56,8079.39,24238.17
OI0003180,O005220,P0179,2,20,51025.84,10205.17,40820.67
OI0003181,O001175,P0114,3,20,129118.02,25823.6,103294.42
OI0003182,O009352,P0063,3,0,57243.63,0.0,57243.63
OI0003183,O009998,P0286,2,20,21429.34,4285.87,17143.47
OI0003184,O003538,P0091,4,0,148003.2,0.0,148003.2
OI0003185,O007592,P0162,1,10,2153.8,215.38,1938.42
OI0003186,O007781,P0029,2,10,8194.14,819.41,7374.73
OI0003187,O001689,P0068,2,10,82540.42,8254.04,74286.38
OI0003188,O006553,P0199,1,15,39079.49,5861.92,33217.57
OI0003189,O000644,P0289,4,5,51164.72,2558.24,48606.48
OI0003190,O004347,P0102,2,10,4770.9,477.09,4293.81
OI0003191,O005844,P0193,3,15,64376.64,9656.5,54720.14
OI0003192,O008045,P0119,1,15,22218.38,3332.76,18885.62
OI0003193,O004975,P0104,4,5,154964.08,7748.2,147215.88
OI0003194,O002620,P0050,2,0,94645.94,0.0,94645.94
OI0003195,O009815,P0185,1,5,14418.15,720.91,13697.24
OI0003196,O000555,P0207,3,25,53250.45,13312.61,39937.84
OI0003197,O006070,P0079,3,25,41571.72,10392.93,31178.79
OI0003198,O001844,P0184,4,10,90552.04,9055.2,81496.84
OI0003199,O000533,P0140,1,0,25151.16,0.0,25151.16
OI0003200,O007832,P0219,1,0,38549.43,0.0,38549.43
OI0003201,O003493,P0113,1,25,49136.87,12284.22,36852.65
OI0003202,O000634,P0056,3,20,76007.31,15201.46,60805.85
OI0003203,O009170,P0242,4,5,137053.76,6852.69,130201.07
OI0003204,O005804,P0232,3,10,117567.36,11756.74,105810.62
OI0003205,O003283,P0137,3,25,66000.93,16500.23,49500.7
OI0003206,O002181,P0111,4,0,180754.84,0.0,180754.84
OI0003207,O000957,P0165,3,10,7696.14,769.61,6926.53
OI0003208,O001324,P0119,4,25,88873.52,22218.38,66655.14
OI0003209,O008411,P0001,4,20,111719.4,22343.88,89375.52
OI0003210,O003057,P0065,2,5,62232.94,3111.65,59121.29
OI0003211,O009550,P0155,3,25,141772.14,35443.04,106329.1
OI0003212,O004483,P0280,4,0,79038.92,0.0,79038.92
OI0003213,O002719,P0177,1,0,25467.23,0.0,25467.23
OI0003214,O003373,P0034,4,0,88614.32,0.0,88614.32
OI0003215,O004210,P0103,1,0,32753.19,0.0,32753.19
OI0003216,O003658,P0124,4,15,66590.6,9988.59,56602.01
OI0003217,O002871,P0050,2,5,94645.94,4732.3,89913.64
OI0003218,O008252,P0174,2,20,58162.8,11632.56,46530.24
OI0003219,O000927,P0266,4,20,152365.6,30473.12,121892.48
OI0003220,O003838,P0216,2,0,27475.32,0.0,27475.32
OI0003221,O004851,P0091,1,10,37000.8,3700.08,33300.72
OI0003222,O006259,P0263,2,15,88501.36,13275.2,75226.16
OI0003223,O008487,P0227,2,15,18940.04,2841.01,16099.03
OI0003224,O009596,P0235,1,0,34380.06,0.0,34380.06
OI0003225,O000616,P0183,1,5,27785.3,1389.26,26396.04
OI0003226,O001584,P0125,3,10,89543.13,8954.31,80588.82
OI0003227,O009243,P0187,2,10,38554.9,3855.49,34699.41
OI0003228,O003856,P0295,1,20,46301.43,9260.29,37041.14
OI0003229,O003508,P0033,2,0,42068.98,0.0,42068.98
OI0003230,O005353,P0033,4,10,84137.96,8413.8,75724.16
OI0003231,O004350,P0038,3,20,89214.51,17842.9,71371.61
OI0003232,O005485,P0224,2,25,96629.34,24157.34,72472.0
OI0003233,O005508,P0021,2,0,93933.22,0.0,93933.22
OI0003234,O008539,P0069,3,10,60679.17,6067.92,54611.25
OI0003235,O005257,P0267,2,0,98606.38,0.0,98606.38
OI0003236,O003225,P0188,3,5,125431.26,6271.56,119159.7
OI0003237,O002106,P0174,4,5,116325.6,5816.28,110509.32
OI0003238,O000220,P0219,3,5,115648.29,5782.41,109865.88
OI0003239,O005138,P0056,4,10,101343.08,10134.31,91208.77
OI0003240,O001201,P0297,3,0,62558.52,0.0,62558.52
OI0003241,O005676,P0299,2,25,78572.34,19643.08,58929.26
OI0003242,O005614,P0052,2,5,63892.88,3194.64,60698.24
OI0003243,O004582,P0268,1,0,9184.11,0.0,9184.11
OI0003244,O005835,P0135,2,5,93658.72,4682.94,88975.78
OI0003245,O009166,P0099,2,10,2307.62,230.76,2076.86
OI0003246,O006054,P0044,3,0,16636.74,0.0,16636.74
OI0003247,O000705,P0134,3,15,30315.18,4547.28,25767.9
OI0003248,O004945,P0147,4,15,118291.0,17743.65,100547.35
OI0003249,O004049,P0228,2,10,12913.86,1291.39,11622.47
OI0003250,O003562,P0232,2,0,78378.24,0.0,78378.24
OI0003251,O009953,P0059,4,25,166685.6,41671.4,125014.2
OI0003252,O006402,P0092,2,15,39928.04,5989.21,33938.83
OI0003253,O002930,P0116,1,0,46948.74,0.0,46948.74
OI0003254,O002452,P0087,1,15,17908.98,2686.35,15222.63
OI0003255,O001248,P0060,4,0,15192.52,0.0,15192.52
OI0003256,O000771,P0163,3,0,46230.36,0.0,46230.36
OI0003257,O002596,P0145,4,5,156649.24,7832.46,148816.78
OI0003258,O004357,P0167,2,15,70738.76,10610.81,60127.95
OI0003259,O005891,P0132,3,25,99919.29,24979.82,74939.47
OI0003260,O003428,P0176,1,25,3622.8,905.7,2717.1
OI0003261,O002374,P0048,4,15,190922.0,28638.3,162283.7
OI0003262,O008064,P0062,1,15,26793.58,4019.04,22774.54
OI0003263,O003375,P0127,1,10,2568.64,256.86,2311.78
OI0003264,O000008,P0023,3,0,11764.05,0.0,11764.05
OI0003265,O004710,P0188,1,0,41810.42,0.0,41810.42
OI0003266,O006769,P0156,2,25,19876.84,4969.21,14907.63
OI0003267,O006352,P0105,3,5,122183.07,6109.15,116073.92
OI0003268,O008142,P0298,4,15,186121.96,27918.29,158203.67
OI0003269,O001069,P0228,1,0,6456.93,0.0,6456.93
OI0003270,O008714,P0166,3,10,33359.73,3335.97,30023.76
OI0003271,O006486,P0058,3,0,88267.98,0.0,88267.98
OI0003272,O005865,P0021,3,20,140899.83,28179.97,112719.86
OI0003273,O005599,P0050,4,0,189291.88,0.0,189291.88
OI0003274,O005463,P0243,1,15,13414.41,2012.16,11402.25
OI0003275,O006313,P0269,4,0,153388.36,0.0,153388.36
OI0003276,O002316,P0056,1,20,25335.77,5067.15,20268.62
OI0003277,O008941,P0220,2,10,46445.92,4644.59,41801.33
OI0003278,O009084,P0017,4,5,106259.6,5312.98,100946.62
OI0003279,O008792,P0088,2,5,79182.0,3959.1,75222.9
OI0003280,O003801,P0037,2,15,3763.4,564.51,3198.89
OI0003281,O003896,P0142,2,0,13561.32,0.0,13561.32
OI0003282,O003426,P0113,4,20,196547.48,39309.5,157237.98
OI0003283,O006216,P0198,4,15,161955.68,24293.35,137662.33
OI0003284,O002681,P0184,2,5,45276.02,2263.8,43012.22
OI0003285,O007340,P0172,3,25,24488.04,6122.01,18366.03
OI0003286,O004323,P0214,4,20,100167.12,20033.42,80133.7
OI0003287,O004703,P0231,2,5,47175.56,2358.78,44816.78
OI0003288,O003249,P0114,1,20,43039.34,8607.87,34431.47
OI0003289,O008294,P0084,3,0,120744.9,0.0,120744.9
OI0003290,O009572,P0165,4,15,10261.52,1539.23,8722.29
OI0003291,O004039,P0039,2,0,18996.6,0.0,18996.6
OI0003292,O009343,P0250,2,25,11003.58,2750.9,8252.68
OI0003293,O009610,P0107,3,0,31279.02,0.0,31279.02
OI0003294,O000260,P0085,4,0,36782.44,0.0,36782.44
OI0003295,O000277,P0122,3,10,111392.49,11139.25,100253.24
OI0003296,O009002,P0257,3,10,30089.13,3008.91,27080.22
OI0003297,O004692,P0166,4,10,44479.64,4447.96,40031.68
OI0003298,O004561,P0194,3,15,83068.5,12460.28,70608.22
OI0003299,O007540,P0042,2,0,47116.4,0.0,47116.4
OI0003300,O003327,P0057,3,10,104742.42,10474.24,94268.18
OI0003301,O002935,P0236,3,10,3339.36,333.94,3005.42
OI0003302,O003359,P0008,2,0,16364.78,0.0,16364.78
OI0003303,O007730,P0215,3,15,32730.72,4909.61,27821.11
OI0003304,O008546,P0059,1,15,41671.4,6250.71,35420.69
OI0003305,O002160,P0240,2,10,3682.5,368.25,3314.25
OI0003306,O002764,P0244,2,5,68919.1,3445.96,65473.14
OI0003307,O003277,P0036,3,5,116303.94,5815.2,110488.74
OI0003308,O006210,P0284,2,5,76930.64,3846.53,73084.11
OI0003309,O000461,P0081,2,15,14791.72,2218.76,12572.96
OI0003310,O008738,P0072,2,10,5510.9,551.09,4959.81
OI0003311,O005594,P0001,1,0,27929.85,0.0,27929.85
OI0003312,O004806,P0259,2,10,92554.36,9255.44,83298.92
OI0003313,O004140,P0269,1,25,38347.09,9586.77,28760.32
OI0003314,O007841,P0279,1,20,18388.16,3677.63,14710.53
OI0003315,O001359,P0215,4,20,43640.96,8728.19,34912.77
OI0003316,O005468,P0290,2,25,51931.16,12982.79,38948.37
OI0003317,O003557,P0154,2,0,56441.8,0.0,56441.8
OI0003318,O009478,P0261,3,15,145642.62,21846.39,123796.23
OI0003319,O009742,P0081,1,10,7395.86,739.59,6656.27
OI0003320,O008149,P0153,2,0,52135.1,0.0,52135.1
OI0003321,O008197,P0028,2,15,94925.32,14238.8,80686.52
OI0003322,O001211,P0264,1,0,10883.91,0.0,10883.91
OI0003323,O009141,P0235,1,25,34380.06,8595.02,25785.04
OI0003324,O006395,P0275,4,20,107870.6,21574.12,86296.48
OI0003325,O007544,P0141,4,15,64871.16,9730.67,55140.49
OI0003326,O004165,P0167,4,15,141477.52,21221.63,120255.89
OI0003327,O008184,P0262,2,10,94766.74,9476.67,85290.07
OI0003328,O005369,P0269,4,15,153388.36,23008.25,130380.11
OI0003329,O000232,P0052,1,20,31946.44,6389.29,25557.15
OI0003330,O003535,P0247,2,0,3987.32,0.0,3987.32
OI0003331,O001647,P0036,2,5,77535.96,3876.8,73659.16
OI0003332,O000793,P0107,1,5,10426.34,521.32,9905.02
OI0003333,O005256,P0043,2,0,33677.98,0.0,33677.98
OI0003334,O009806,P0141,2,25,32435.58,8108.9,24326.68
OI0003335,O002791,P0092,1,10,19964.02,1996.4,17967.62
OI0003336,O004863,P0191,3,10,59363.91,5936.39,53427.52
OI0003337,O009888,P0183,4,5,111141.2,5557.06,105584.14
OI0003338,O006623,P0206,2,15,45308.0,6796.2,38511.8
OI0003339,O008279,P0142,2,10,13561.32,1356.13,12205.19
OI0003340,O002028,P0199,1,15,39079.49,5861.92,33217.57
OI0003341,O007681,P0101,1,20,8712.06,1742.41,6969.65
OI0003342,O002447,P0041,1,15,17527.84,2629.18,14898.66
OI0003343,O006890,P0191,1,10,19787.97,1978.8,17809.17
OI0003344,O005702,P0169,1,15,22873.86,3431.08,19442.78
OI0003345,O001424,P0009,3,10,81949.98,8195.0,73754.98
OI0003346,O006508,P0230,3,20,112372.38,22474.48,89897.9
OI0003347,O000081,P0148,2,0,20379.4,0.0,20379.4
OI0003348,O008264,P0102,2,0,4770.9,0.0,4770.9
OI0003349,O001081,P0025,3,25,133686.12,33421.53,100264.59
OI0003350,O002555,P0235,3,0,103140.18,0.0,103140.18
OI0003351,O009874,P0286,1,10,10714.67,1071.47,9643.2
OI0003352,O005549,P0072,2,10,5510.9,551.09,4959.81
OI0003353,O000720,P0025,1,5,44562.04,2228.1,42333.94
OI0003354,O009819,P0256,1,20,49584.32,9916.86,39667.46
OI0003355,O006765,P0094,1,15,18898.83,2834.82,16064.01
OI0003356,O003355,P0158,2,20,81797.02,16359.4,65437.62
OI0003357,O005580,P0031,4,25,73132.0,18283.0,54849.0
OI0003358,O000265,P0096,2,25,34572.3,8643.08,25929.22
OI0003359,O008461,P0292,4,20,53493.64,10698.73,42794.91
OI0003360,O009133,P0169,1,10,22873.86,2287.39,20586.47
OI0003361,O000264,P0061,4,5,138383.64,6919.18,131464.46
OI0003362,O003698,P0019,2,15,32502.92,4875.44,27627.48
OI0003363,O006968,P0261,3,25,145642.62,36410.66,109231.96
OI0003364,O003803,P0148,1,25,10189.7,2547.43,7642.27
OI0003365,O009825,P0235,1,10,34380.06,3438.01,30942.05
OI0003366,O004103,P0285,1,15,4641.49,696.22,3945.27
OI0003367,O000399,P0003,1,5,19021.82,951.09,18070.73
OI0003368,O008376,P0025,4,0,178248.16,0.0,178248.16
OI0003369,O007252,P0233,1,10,37362.49,3736.25,33626.24
OI0003370,O006584,P0055,3,0,16570.83,0.0,16570.83
OI0003371,O002853,P0242,1,5,34263.44,1713.17,32550.27
OI0003372,O003648,P0125,2,10,59695.42,5969.54,53725.88
OI0003373,O005710,P0297,2,25,41705.68,10426.42,31279.26
OI0003374,O002409,P0130,3,25,104482.92,26120.73,78362.19
OI0003375,O008303,P0006,1,0,30527.16,0.0,30527.16
OI0003376,O005462,P0228,4,0,25827.72,0.0,25827.72
OI0003377,O004404,P0187,3,0,57832.35,0.0,57832.35
OI0003378,O004173,P0193,3,10,64376.64,6437.66,57938.98
OI0003379,O006890,P0287,2,15,50410.32,7561.55,42848.77
OI0003380,O000607,P0101,1,10,8712.06,871.21,7840.85
OI0003381,O009262,P0046,1,25,1864.21,466.05,1398.16
OI0003382,O001350,P0060,1,10,3798.13,379.81,3418.32
OI0003383,O007627,P0046,3,10,5592.63,559.26,5033.37
OI0003384,O006359,P0275,4,15,107870.6,16180.59,91690.01
OI0003385,O008633,P0257,1,25,10029.71,2507.43,7522.28
OI0003386,O004884,P0223,3,5,21255.36,1062.77,20192.59
OI0003387,O008772,P0018,3,5,59683.08,2984.15,56698.93
OI0003388,O001324,P0227,2,0,18940.04,0.0,18940.04
OI0003389,O001310,P0224,1,10,48314.67,4831.47,43483.2
OI0003390,O007577,P0065,3,10,93349.41,9334.94,84014.47
OI0003391,O002542,P0268,2,0,18368.22,0.0,18368.22
OI0003392,O009961,P0173,2,15,40053.68,6008.05,34045.63
OI0003393,O008718,P0152,1,5,11398.36,569.92,10828.44
OI0003394,O009830,P0260,4,15,30057.8,4508.67,25549.13
OI0003395,O002199,P0079,4,20,55428.96,11085.79,44343.17
OI0003396,O006836,P0224,2,20,96629.34,19325.87,77303.47
OI0003397,O007123,P0280,2,0,39519.46,0.0,39519.46
OI0003398,O001202,P0023,4,5,15685.4,784.27,14901.13
OI0003399,O001569,P0218,3,10,107934.96,10793.5,97141.46
OI0003400,O003028,P0277,2,20,40149.28,8029.86,32119.42
OI0003401,O000009,P0198,3,5,121466.76,6073.34,115393.42
OI0003402,O005471,P0150,1,15,8261.4,1239.21,7022.19
OI0003403,O006920,P0122,4,10,148523.32,14852.33,133670.99
OI0003404,O000203,P0109,4,0,140178.84,0.0,140178.84
OI0003405,O003057,P0231,3,5,70763.34,3538.17,67225.17
OI0003406,O005576,P0229,3,15,21270.75,3190.61,18080.14
OI0003407,O003636,P0203,2,15,34870.28,5230.54,29639.74
OI0003408,O003532,P0293,1,20,25797.73,5159.55,20638.18
OI0003409,O007368,P0286,4,10,42858.68,4285.87,38572.81
OI0003410,O008142,P0287,4,15,100820.64,15123.1,85697.54
OI0003411,O007556,P0289,2,5,25582.36,1279.12,24303.24
OI0003412,O001615,P0076,3,5,111574.53,5578.73,105995.8
OI0003413,O000662,P0250,3,5,16505.37,825.27,15680.1
OI0003414,O000094,P0078,3,0,33632.82,0.0,33632.82
OI0003415,O009057,P0255,1,5,12286.21,614.31,11671.9
OI0003416,O007359,P0064,4,20,68578.76,13715.75,54863.01
OI0003417,O006620,P0109,4,0,140178.84,0.0,140178.84
OI0003418,O001064,P0114,4,10,172157.36,17215.74,154941.62
OI0003419,O009280,P0232,1,0,39189.12,0.0,39189.12
OI0003420,O005572,P0026,1,15,4903.23,735.48,4167.75
OI0003421,O005762,P0177,2,0,50934.46,0.0,50934.46
OI0003422,O003045,P0043,2,0,33677.98,0.0,33677.98
OI0003423,O005871,P0049,4,0,23838.52,0.0,23838.52
OI0003424,O004371,P0180,2,5,2785.96,139.3,2646.66
OI0003425,O007246,P0160,2,10,25796.36,2579.64,23216.72
OI0003426,O002173,P0106,4,5,99103.04,4955.15,94147.89
OI0003427,O008713,P0113,4,0,196547.48,0.0,196547.48
OI0003428,O005409,P0250,1,25,5501.79,1375.45,4126.34
OI0003429,O005247,P0018,1,20,19894.36,3978.87,15915.49
OI0003430,O006360,P0123,4,10,77775.52,7777.55,69997.97
OI0003431,O001130,P0285,3,20,13924.47,2784.89,11139.58
OI0003432,O002773,P0160,1,20,12898.18,2579.64,10318.54
OI0003433,O003649,P0182,2,10,82056.86,8205.69,73851.17
OI0003434,O006201,P0084,4,10,160993.2,16099.32,144893.88
OI0003435,O006888,P0287,2,15,50410.32,7561.55,42848.77
OI0003436,O003352,P0171,2,15,39038.04,5855.71,33182.33
OI0003437,O000614,P0169,1,20,22873.86,4574.77,18299.09
OI0003438,O004268,P0299,4,10,157144.68,15714.47,141430.21
OI0003439,O007273,P0136,1,15,1121.52,168.23,953.29
OI0003440,O008198,P0125,1,0,29847.71,0.0,29847.71
OI0003441,O004035,P0009,1,15,27316.66,4097.5,23219.16
OI0003442,O002969,P0078,2,0,22421.88,0.0,22421.88
OI0003443,O008731,P0033,1,15,21034.49,3155.17,17879.32
OI0003444,O007698,P0079,3,15,41571.72,6235.76,35335.96
OI0003445,O002520,P0222,4,25,147394.32,36848.58,110545.74
OI0003446,O009824,P0232,3,5,117567.36,5878.37,111688.99
OI0003447,O009471,P0083,1,0,47199.69,0.0,47199.69
OI0003448,O000556,P0139,4,5,97127.72,4856.39,92271.33
OI0003449,O004343,P0128,3,5,58186.29,2909.31,55276.98
OI0003450,O006917,P0088,1,15,39591.0,5938.65,33652.35
OI0003451,O008509,P0271,4,0,35780.8,0.0,35780.8
OI0003452,O005371,P0029,3,0,12291.21,0.0,12291.21
OI0003453,O008946,P0231,4,0,94351.12,0.0,94351.12
OI0003454,O003718,P0155,4,0,189029.52,0.0,189029.52
OI0003455,O005927,P0276,1,25,49757.94,12439.48,37318.46
OI0003456,O002288,P0014,1,0,9612.06,0.0,9612.06
OI0003457,O004232,P0037,1,5,1881.7,94.08,1787.62
OI0003458,O002275,P0216,4,5,54950.64,2747.53,52203.11
OI0003459,O008651,P0049,2,0,11919.26,0.0,11919.26
OI0003460,O005716,P0235,3,0,103140.18,0.0,103140.18
OI0003461,O003830,P0250,3,25,16505.37,4126.34,12379.03
OI0003462,O001110,P0015,4,20,94307.44,18861.49,75445.95
OI0003463,O002985,P0005,1,25,4607.41,1151.85,3455.56
OI0003464,O007628,P0097,2,5,24491.82,1224.59,23267.23
OI0003465,O004165,P0231,4,10,94351.12,9435.11,84916.01
OI0003466,O001386,P0290,4,5,103862.32,5193.12,98669.2
OI0003467,O005563,P0136,2,5,2243.04,112.15,2130.89
OI0003468,O006295,P0238,4,15,127850.16,19177.52,108672.64
OI0003469,O005604,P0054,4,10,165480.16,16548.02,148932.14
OI0003470,O001734,P0087,4,0,71635.92,0.0,71635.92
OI0003471,O001578,P0228,2,0,12913.86,0.0,12913.86
OI0003472,O006741,P0060,2,0,7596.26,0.0,7596.26
OI0003473,O008007,P0293,4,0,103190.92,0.0,103190.92
OI0003474,O000741,P0274,3,15,70045.56,10506.83,59538.73
OI0003475,O002479,P0010,2,15,53416.1,8012.42,45403.68
OI0003476,O002964,P0251,3,20,74080.41,14816.08,59264.33
OI0003477,O003292,P0068,4,5,165080.84,8254.04,156826.8
OI0003478,O009363,P0199,1,10,39079.49,3907.95,35171.54
OI0003479,O002250,P0086,1,5,20446.08,1022.3,19423.78
OI0003480,O003794,P0037,1,0,1881.7,0.0,1881.7
OI0003481,O002461,P0200,4,10,43624.96,4362.5,39262.46
OI0003482,O004316,P0043,2,5,33677.98,1683.9,31994.08
OI0003483,O006956,P0210,3,0,129031.02,0.0,129031.02
OI0003484,O007551,P0281,3,25,104525.73,26131.43,78394.3
OI0003485,O000617,P0242,2,0,68526.88,0.0,68526.88
OI0003486,O001986,P0146,3,15,79891.14,11983.67,67907.47
OI0003487,O003350,P0252,4,10,153874.8,15387.48,138487.32
OI0003488,O002797,P0203,2,15,34870.28,5230.54,29639.74
OI0003489,O008907,P0167,2,0,70738.76,0.0,70738.76
OI0003490,O008710,P0254,2,5,27239.2,1361.96,25877.24
OI0003491,O001982,P0237,3,15,47176.59,7076.49,40100.1
OI0003492,O006941,P0183,2,20,55570.6,11114.12,44456.48
OI0003493,O003115,P0261,2,15,97095.08,14564.26,82530.82
OI0003494,O008899,P0113,1,15,49136.87,7370.53,41766.34
OI0003495,O002296,P0178,1,5,16579.2,828.96,15750.24
OI0003496,O005438,P0298,2,15,93060.98,13959.15,79101.83
OI0003497,O008973,P0162,2,0,4307.6,0.0,4307.6
OI0003498,O005679,P0021,1,0,46966.61,0.0,46966.61
OI0003499,O008463,P0060,4,10,15192.52,1519.25,13673.27
OI0003500,O003653,P0019,1,10,16251.46,1625.15,14626.31
OI0003501,O005926,P0291,4,10,3776.28,377.63,3398.65
OI0003502,O005362,P0249,4,15,69555.84,10433.38,59122.46
OI0003503,O006238,P0014,3,10,28836.18,2883.62,25952.56
OI0003504,O006624,P0086,4,0,81784.32,0.0,81784.32
OI0003505,O005524,P0103,3,20,98259.57,19651.91,78607.66
OI0003506,O002467,P0222,1,10,36848.58,3684.86,33163.72
OI0003507,O003208,P0268,4,20,36736.44,7347.29,29389.15
OI0003508,O002711,P0177,4,5,101868.92,5093.45,96775.47
OI0003509,O004955,P0204,3,0,26384.79,0.0,26384.79
OI0003510,O001530,P0003,3,15,57065.46,8559.82,48505.64
OI0003511,O000180,P0119,4,10,88873.52,8887.35,79986.17
OI0003512,O002696,P0104,3,0,116223.06,0.0,116223.06
OI0003513,O008803,P0155,4,10,189029.52,18902.95,170126.57
OI0003514,O004421,P0220,2,25,46445.92,11611.48,34834.44
OI0003515,O000961,P0153,1,0,26067.55,0.0,26067.55
OI0003516,O007359,P0240,3,5,5523.75,276.19,5247.56
OI0003517,O002776,P0027,1,10,49445.01,4944.5,44500.51
OI0003518,O009505,P0271,2,20,17890.4,3578.08,14312.32
OI0003519,O001282,P0158,4,10,163594.04,16359.4,147234.64
OI0003520,O007889,P0203,3,15,52305.42,7845.81,44459.61
OI0003521,O001418,P0187,4,5,77109.8,3855.49,73254.31
OI0003522,O000741,P0181,4,0,63150.64,0.0,63150.64
OI0003523,O006722,P0078,2,20,22421.88,4484.38,17937.5
OI0003524,O004556,P0200,4,25,43624.96,10906.24,32718.72
OI0003525,O003087,P0267,2,20,98606.38,19721.28,78885.1
OI0003526,O000471,P0078,3,5,33632.82,1681.64,31951.18
OI0003527,O007028,P0179,2,5,51025.84,2551.29,48474.55
OI0003528,O001190,P0111,1,25,45188.71,11297.18,33891.53
OI0003529,O005789,P0214,4,25,100167.12,25041.78,75125.34
OI0003530,O003576,P0202,2,10,80083.42,8008.34,72075.08
OI0003531,O009422,P0228,2,10,12913.86,1291.39,11622.47
OI0003532,O001145,P0024,4,10,92564.44,9256.44,83308.0
OI0003533,O008875,P0134,3,0,30315.18,0.0,30315.18
OI0003534,O005097,P0033,1,15,21034.49,3155.17,17879.32
OI0003535,O001510,P0011,1,0,3977.41,0.0,3977.41
OI0003536,O003740,P0115,3,0,103369.05,0.0,103369.05
OI0003537,O003934,P0291,4,15,3776.28,566.44,3209.84
OI0003538,O005628,P0065,3,20,93349.41,18669.88,74679.53
OI0003539,O007368,P0206,3,15,67962.0,10194.3,57767.7
OI0003540,O008048,P0066,1,10,44570.57,4457.06,40113.51
OI0003541,O008275,P0133,3,15,43352.43,6502.86,36849.57
OI0003542,O003969,P0167,4,10,141477.52,14147.75,127329.77
OI0003543,O000876,P0079,3,15,41571.72,6235.76,35335.96
OI0003544,O008414,P0221,1,15,35760.53,5364.08,30396.45
OI0003545,O008185,P0166,3,0,33359.73,0.0,33359.73
OI0003546,O001565,P0270,3,0,51213.9,0.0,51213.9
OI0003547,O000648,P0023,4,15,15685.4,2352.81,13332.59
OI0003548,O001190,P0072,2,5,5510.9,275.54,5235.36
OI0003549,O001795,P0212,2,10,22950.38,2295.04,20655.34
OI0003550,O005431,P0166,1,15,11119.91,1667.99,9451.92
OI0003551,O005116,P0064,4,10,68578.76,6857.88,61720.88
OI0003552,O002217,P0230,4,20,149829.84,29965.97,119863.87
OI0003553,O000155,P0257,2,5,20059.42,1002.97,19056.45
OI0003554,O001116,P0298,3,15,139591.47,20938.72,118652.75
OI0003555,O009372,P0214,1,5,25041.78,1252.09,23789.69
OI0003556,O007359,P0204,3,10,26384.79,2638.48,23746.31
OI0003557,O006719,P0025,4,0,178248.16,0.0,178248.16
OI0003558,O002825,P0116,4,20,187794.96,37558.99,150235.97
OI0003559,O005204,P0185,2,5,28836.3,1441.82,27394.48
OI0003560,O003549,P0180,2,5,2785.96,139.3,2646.66
OI0003561,O009245,P0083,2,0,94399.38,0.0,94399.38
OI0003562,O009611,P0239,4,10,2657.52,265.75,2391.77
OI0003563,O006615,P0151,3,5,37841.73,1892.09,35949.64
OI0003564,O007889,P0252,4,0,153874.8,0.0,153874.8
OI0003565,O001176,P0118,1,15,9683.76,1452.56,8231.2
OI0003566,O002083,P0138,4,0,5104.08,0.0,5104.08
OI0003567,O004922,P0164,4,0,149121.04,0.0,149121.04
OI0003568,O009151,P0131,3,10,16392.24,1639.22,14753.02
OI0003569,O006859,P0072,2,5,5510.9,275.54,5235.36
OI0003570,O009975,P0176,1,5,3622.8,181.14,3441.66
OI0003571,O003294,P0112,3,10,16190.1,1619.01,14571.09
OI0003572,O008892,P0066,1,10,44570.57,4457.06,40113.51
OI0003573,O007591,P0131,3,5,16392.24,819.61,15572.63
OI0003574,O006548,P0063,2,15,38162.42,5724.36,32438.06
OI0003575,O005718,P0015,4,10,94307.44,9430.74,84876.7
OI0003576,O001624,P0130,1,25,34827.64,8706.91,26120.73
OI0003577,O004544,P0145,3,20,117486.93,23497.39,93989.54
OI0003578,O008846,P0267,1,0,49303.19,0.0,49303.19
OI0003579,O004237,P0261,3,5,145642.62,7282.13,138360.49
OI0003580,O004353,P0279,4,10,73552.64,7355.26,66197.38
OI0003581,O002551,P0096,3,10,51858.45,5185.84,46672.61
OI0003582,O003675,P0063,4,0,76324.84,0.0,76324.84
OI0003583,O001293,P0239,1,10,664.38,66.44,597.94
OI0003584,O008072,P0029,3,10,12291.21,1229.12,11062.09
OI0003585,O001554,P0145,1,10,39162.31,3916.23,35246.08
OI0003586,O004770,P0163,4,20,61640.48,12328.1,49312.38
OI0003587,O009274,P0176,2,10,7245.6,724.56,6521.04
OI0003588,O008475,P0087,3,15,53726.94,8059.04,45667.9
OI0003589,O003730,P0117,3,10,108510.3,10851.03,97659.27
OI0003590,O009273,P0203,2,25,34870.28,8717.57,26152.71
OI0003591,O004978,P0257,1,0,10029.71,0.0,10029.71
OI0003592,O005824,P0135,3,20,140488.08,28097.62,112390.46
OI0003593,O000591,P0233,1,5,37362.49,1868.12,35494.37
OI0003594,O004923,P0077,4,15,10926.12,1638.92,9287.2
OI0003595,O003779,P0084,1,10,40248.3,4024.83,36223.47
OI0003596,O009721,P0198,4,0,161955.68,0.0,161955.68
OI0003597,O004374,P0286,3,5,32144.01,1607.2,30536.81
OI0003598,O005554,P0070,4,15,21192.96,3178.94,18014.02
OI0003599,O002455,P0098,3,20,60133.2,12026.64,48106.56
OI0003600,O000084,P0099,4,0,4615.24,0.0,4615.24
OI0003601,O006580,P0084,2,5,80496.6,4024.83,76471.77
OI0003602,O005895,P0166,1,5,11119.91,556.0,10563.91
OI0003603,O001927,P0158,4,10,163594.04,16359.4,147234.64
OI0003604,O008141,P0097,2,20,24491.82,4898.36,19593.46
OI0003605,O000745,P0104,2,5,77482.04,3874.1,73607.94
OI0003606,O008343,P0272,2,0,42367.14,0.0,42367.14
OI0003607,O002884,P0283,1,10,27208.48,2720.85,24487.63
OI0003608,O002249,P0100,4,0,154677.56,0.0,154677.56
OI0003609,O008554,P0278,1,5,30845.96,1542.3,29303.66
OI0003610,O001216,P0046,4,10,7456.84,745.68,6711.16
OI0003611,O004626,P0161,2,10,26548.0,2654.8,23893.2
OI0003612,O004259,P0100,2,20,77338.78,15467.76,61871.02
OI0003613,O002327,P0196,2,20,74450.86,14890.17,59560.69
OI0003614,O001159,P0276,1,5,49757.94,2487.9,47270.04
OI0003615,O007869,P0004,2,5,46580.12,2329.01,44251.11
OI0003616,O000945,P0010,3,25,80124.15,20031.04,60093.11
OI0003617,O005114,P0263,3,5,132752.04,6637.6,126114.44
OI0003618,O004851,P0159,2,0,56198.04,0.0,56198.04
OI0003619,O004804,P0091,1,15,37000.8,5550.12,31450.68
OI0003620,O009602,P0013,2,0,62525.72,0.0,62525.72
OI0003621,O002938,P0075,4,10,143809.04,14380.9,129428.14
OI0003622,O003759,P0189,3,20,145098.66,29019.73,116078.93
OI0003623,O004555,P0010,4,0,106832.2,0.0,106832.2
OI0003624,O009230,P0152,2,10,22796.72,2279.67,20517.05
OI0003625,O008808,P0116,2,5,93897.48,4694.87,89202.61
OI0003626,O007298,P0129,4,25,32317.56,8079.39,24238.17
OI0003627,O000004,P0005,3,15,13822.23,2073.33,11748.9
OI0003628,O004755,P0007,1,0,14551.96,0.0,14551.96
OI0003629,O005064,P0242,3,0,102790.32,0.0,102790.32
OI0003630,O001613,P0101,2,0,17424.12,0.0,17424.12
OI0003631,O004530,P0230,4,0,149829.84,0.0,149829.84
OI0003632,O004722,P0257,1,5,10029.71,501.49,9528.22
OI0003633,O008404,P0288,1,5,1195.58,59.78,1135.8
OI0003634,O002241,P0145,1,0,39162.31,0.0,39162.31
OI0003635,O004323,P0274,3,10,70045.56,7004.56,63041.0
OI0003636,O008532,P0068,1,0,41270.21,0.0,41270.21
OI0003637,O005964,P0049,4,25,23838.52,5959.63,17878.89
OI0003638,O007154,P0269,1,15,38347.09,5752.06,32595.03
OI0003639,O008871,P0069,3,0,60679.17,0.0,60679.17
OI0003640,O002461,P0087,1,5,17908.98,895.45,17013.53
OI0003641,O004419,P0133,4,25,57803.24,14450.81,43352.43
OI0003642,O002557,P0077,4,0,10926.12,0.0,10926.12
OI0003643,O004171,P0062,3,0,80380.74,0.0,80380.74
OI0003644,O007796,P0073,3,0,57391.44,0.0,57391.44
OI0003645,O002388,P0068,4,15,165080.84,24762.13,140318.71
OI0003646,O003633,P0218,4,10,143913.28,14391.33,129521.95
OI0003647,O002367,P0078,4,0,44843.76,0.0,44843.76
OI0003648,O000795,P0246,4,5,61909.44,3095.47,58813.97
OI0003649,O003782,P0258,3,0,86579.73,0.0,86579.73
OI0003650,O005993,P0095,2,5,49974.56,2498.73,47475.83
OI0003651,O007226,P0178,2,0,33158.4,0.0,33158.4
OI0003652,O009850,P0002,1,0,46464.24,0.0,46464.24
OI0003653,O003706,P0172,4,15,32650.72,4897.61,27753.11
OI0003654,O007433,P0052,1,15,31946.44,4791.97,27154.47
OI0003655,O008917,P0037,3,15,5645.1,846.76,4798.34
OI0003656,O000978,P0066,1,15,44570.57,6685.59,37884.98
OI0003657,O009089,P0092,1,0,19964.02,0.0,19964.02
OI0003658,O000076,P0184,1,5,22638.01,1131.9,21506.11
OI0003659,O003603,P0279,1,10,18388.16,1838.82,16549.34
OI0003660,O001658,P0199,2,10,78158.98,7815.9,70343.08
OI0003661,O005006,P0167,2,20,70738.76,14147.75,56591.01
OI0003662,O005850,P0232,4,20,156756.48,31351.3,125405.18
OI0003663,O001872,P0086,4,0,81784.32,0.0,81784.32
OI0003664,O009724,P0260,1,5,7514.45,375.72,7138.73
OI0003665,O004870,P0041,4,0,70111.36,0.0,70111.36
OI0003666,O004209,P0099,1,10,1153.81,115.38,1038.43
OI0003667,O000350,P0159,1,10,28099.02,2809.9,25289.12
OI0003668,O004861,P0235,3,20,103140.18,20628.04,82512.14
OI0003669,O003091,P0032,2,10,84531.04,8453.1,76077.94
OI0003670,O005849,P0043,1,15,16838.99,2525.85,14313.14
OI0003671,O002265,P0262,3,5,142150.11,7107.51,135042.6
OI0003672,O001524,P0092,2,15,39928.04,5989.21,33938.83
OI0003673,O000642,P0209,4,0,38253.8,0.0,38253.8
OI0003674,O008906,P0267,4,0,197212.76,0.0,197212.76
OI0003675,O008191,P0169,2,5,45747.72,2287.39,43460.33
OI0003676,O003497,P0283,2,20,54416.96,10883.39,43533.57
OI0003677,O005813,P0189,1,20,48366.22,9673.24,38692.98
OI0003678,O001928,P0076,4,10,148766.04,14876.6,133889.44
OI0003679,O008481,P0013,2,0,62525.72,0.0,62525.72
OI0003680,O005547,P0035,1,15,31784.31,4767.65,27016.66
OI0003681,O006046,P0025,1,0,44562.04,0.0,44562.04
OI0003682,O006434,P0292,2,5,26746.82,1337.34,25409.48
OI0003683,O005988,P0149,1,5,14508.05,725.4,13782.65
OI0003684,O006164,P0112,3,20,16190.1,3238.02,12952.08
OI0003685,O006462,P0036,3,15,116303.94,17445.59,98858.35
OI0003686,O006360,P0155,3,0,141772.14,0.0,141772.14
OI0003687,O001624,P0202,4,20,160166.84,32033.37,128133.47
OI0003688,O000253,P0026,2,5,9806.46,490.32,9316.14
OI0003689,O006212,P0173,3,15,60080.52,9012.08,51068.44
OI0003690,O003663,P0008,4,15,32729.56,4909.43,27820.13
OI0003691,O006483,P0125,2,25,59695.42,14923.86,44771.56
OI0003692,O005779,P0239,1,5,664.38,33.22,631.16
OI0003693,O000368,P0205,1,20,330.08,66.02,264.06
OI0003694,O009763,P0169,2,5,45747.72,2287.39,43460.33
OI0003695,O002031,P0083,2,25,94399.38,23599.84,70799.54
OI0003696,O002701,P0083,1,5,47199.69,2359.98,44839.71
OI0003697,O007559,P0074,2,15,33986.88,5098.03,28888.85
OI0003698,O004624,P0284,4,25,153861.28,38465.32,115395.96
OI0003699,O003338,P0153,2,0,52135.1,0.0,52135.1
OI0003700,O002297,P0163,1,10,15410.12,1541.01,13869.11
OI0003701,O007846,P0037,4,25,7526.8,1881.7,5645.1
OI0003702,O008245,P0155,4,25,189029.52,47257.38,141772.14
OI0003703,O009762,P0261,3,0,145642.62,0.0,145642.62
OI0003704,O005205,P0088,1,0,39591.0,0.0,39591.0
OI0003705,O001409,P0194,1,5,27689.5,1384.48,26305.02
OI0003706,O000719,P0245,4,15,158653.36,23798.0,134855.36
OI0003707,O006858,P0057,2,15,69828.28,10474.24,59354.04
OI0003708,O000571,P0189,2,10,96732.44,9673.24,87059.2
OI0003709,O007011,P0127,1,10,2568.64,256.86,2311.78
OI0003710,O001049,P0032,1,0,42265.52,0.0,42265.52
OI0003711,O004000,P0300,3,5,30478.32,1523.92,28954.4
OI0003712,O005663,P0215,1,10,10910.24,1091.02,9819.22
OI0003713,O003965,P0122,4,15,148523.32,22278.5,126244.82
OI0003714,O003075,P0189,1,0,48366.22,0.0,48366.22
OI0003715,O000854,P0162,4,15,8615.2,1292.28,7322.92
OI0003716,O004290,P0242,4,25,137053.76,34263.44,102790.32
OI0003717,O005847,P0120,4,15,15039.4,2255.91,12783.49
OI0003718,O007016,P0086,1,10,20446.08,2044.61,18401.47
OI0003719,O000830,P0277,3,0,60223.92,0.0,60223.92
OI0003720,O000693,P0052,4,15,127785.76,19167.86,108617.9
OI0003721,O005976,P0120,4,15,15039.4,2255.91,12783.49
OI0003722,O005497,P0039,1,10,9498.3,949.83,8548.47
OI0003723,O003617,P0171,4,20,78076.08,15615.22,62460.86
OI0003724,O007921,P0199,3,15,117238.47,17585.77,99652.7
OI0003725,O003163,P0194,3,10,83068.5,8306.85,74761.65
OI0003726,O002701,P0108,4,0,147651.76,0.0,147651.76
OI0003727,O006629,P0132,1,10,33306.43,3330.64,29975.79
OI0003728,O001575,P0244,4,0,137838.2,0.0,137838.2
OI0003729,O002153,P0111,3,0,135566.13,0.0,135566.13
OI0003730,O007193,P0060,2,0,7596.26,0.0,7596.26
OI0003731,O006638,P0017,3,5,79694.7,3984.74,75709.96
OI0003732,O005569,P0163,2,10,30820.24,3082.02,27738.22
OI0003733,O001552,P0008,2,10,16364.78,1636.48,14728.3
OI0003734,O004680,P0056,2,15,50671.54,7600.73,43070.81
OI0003735,O001621,P0188,4,15,167241.68,25086.25,142155.43
OI0003736,O004043,P0183,1,15,27785.3,4167.8,23617.5
OI0003737,O003802,P0263,1,10,44250.68,4425.07,39825.61
OI0003738,O008628,P0065,4,15,124465.88,18669.88,105796.0
OI0003739,O001468,P0281,3,25,104525.73,26131.43,78394.3
OI0003740,O003365,P0024,4,15,92564.44,13884.67,78679.77
OI0003741,O001846,P0114,1,15,43039.34,6455.9,36583.44
OI0003742,O001535,P0097,3,5,36737.73,1836.89,34900.84
OI0003743,O001491,P0096,1,10,17286.15,1728.62,15557.53
OI0003744,O004271,P0065,4,5,124465.88,6223.29,118242.59
OI0003745,O006485,P0136,4,5,4486.08,224.3,4261.78
OI0003746,O009214,P0173,4,10,80107.36,8010.74,72096.62
OI0003747,O003819,P0031,4,10,73132.0,7313.2,65818.8
OI0003748,O007634,P0135,3,10,140488.08,14048.81,126439.27
OI0003749,O000170,P0159,1,20,28099.02,5619.8,22479.22
OI0003750,O004836,P0109,3,15,105134.13,15770.12,89364.01
OI0003751,O000701,P0242,4,20,137053.76,27410.75,109643.01
OI0003752,O006131,P0188,2,15,83620.84,12543.13,71077.71
OI0003753,O004542,P0184,3,5,67914.03,3395.7,64518.33
OI0003754,O000951,P0160,2,10,25796.36,2579.64,23216.72
OI0003755,O009743,P0094,2,15,37797.66,5669.65,32128.01
OI0003756,O003046,P0189,3,15,145098.66,21764.8,123333.86
OI0003757,O002619,P0076,2,20,74383.02,14876.6,59506.42
OI0003758,O003831,P0266,1,25,38091.4,9522.85,28568.55
OI0003759,O000298,P0069,3,5,60679.17,3033.96,57645.21
OI0003760,O008052,P0087,1,0,17908.98,0.0,17908.98
OI0003761,O000510,P0097,4,15,48983.64,7347.55,41636.09
OI0003762,O005894,P0254,1,0,13619.6,0.0,13619.6
OI0003763,O003750,P0293,4,20,103190.92,20638.18,82552.74
OI0003764,O007119,P0002,4,20,185856.96,37171.39,148685.57
OI0003765,O001441,P0298,3,15,139591.47,20938.72,118652.75
OI0003766,O005466,P0196,4,25,148901.72,37225.43,111676.29
OI0003767,O007582,P0138,1,20,1276.02,255.2,1020.82
OI0003768,O005230,P0031,4,25,73132.0,18283.0,54849.0
OI0003769,O000449,P0207,3,15,53250.45,7987.57,45262.88
OI0003770,O000634,P0006,4,5,122108.64,6105.43,116003.21
OI0003771,O005887,P0065,4,0,124465.88,0.0,124465.88
OI0003772,O001019,P0249,3,0,52166.88,0.0,52166.88
OI0003773,O008907,P0202,1,15,40041.71,6006.26,34035.45
OI0003774,O005610,P0081,3,0,22187.58,0.0,22187.58
OI0003775,O005647,P0059,3,5,125014.2,6250.71,118763.49
OI0003776,O007116,P0220,3,10,69668.88,6966.89,62701.99
OI0003777,O000918,P0243,4,0,53657.64,0.0,53657.64
OI0003778,O009016,P0141,1,25,16217.79,4054.45,12163.34
OI0003779,O006938,P0262,4,20,189533.48,37906.7,151626.78
OI0003780,O004274,P0187,4,10,77109.8,7710.98,69398.82
OI0003781,O002033,P0231,3,25,70763.34,17690.84,53072.5
OI0003782,O008791,P0090,4,10,26263.68,2626.37,23637.31
OI0003783,O002365,P0246,2,20,30954.72,6190.94,24763.78
OI0003784,O000003,P0042,4,20,94232.8,18846.56,75386.24
OI0003785,O005278,P0145,4,0,156649.24,0.0,156649.24
OI0003786,O005306,P0023,2,15,7842.7,1176.4,6666.3
OI0003787,O006040,P0143,4,15,75772.4,11365.86,64406.54
OI0003788,O008005,P0056,4,5,101343.08,5067.15,96275.93
OI0003789,O004147,P0222,2,10,73697.16,7369.72,66327.44
OI0003790,O006966,P0065,1,0,31116.47,0.0,31116.47
OI0003791,O003763,P0217,1,15,8650.32,1297.55,7352.77
OI0003792,O002715,P0112,1,15,5396.7,809.5,4587.2
OI0003793,O002473,P0250,3,25,16505.37,4126.34,12379.03
OI0003794,O007793,P0087,3,15,53726.94,8059.04,45667.9
OI0003795,O004216,P0290,1,5,25965.58,1298.28,24667.3
OI0003796,O000618,P0112,4,0,21586.8,0.0,21586.8
OI0003797,O001394,P0241,1,15,42623.02,6393.45,36229.57
OI0003798,O002465,P0268,2,5,18368.22,918.41,17449.81
OI0003799,O001803,P0087,2,25,35817.96,8954.49,26863.47
OI0003800,O008356,P0072,4,5,11021.8,551.09,10470.71
OI0003801,O009849,P0227,2,0,18940.04,0.0,18940.04
OI0003802,O008827,P0128,2,10,38790.86,3879.09,34911.77
OI0003803,O009148,P0080,1,25,27470.08,6867.52,20602.56
OI0003804,O004645,P0084,1,0,40248.3,0.0,40248.3
OI0003805,O006032,P0028,2,0,94925.32,0.0,94925.32
OI0003806,O000719,P0138,2,25,2552.04,638.01,1914.03
OI0003807,O003464,P0011,4,0,15909.64,0.0,15909.64
OI0003808,O000995,P0175,2,10,94824.1,9482.41,85341.69
OI0003809,O004617,P0136,1,0,1121.52,0.0,1121.52
OI0003810,O000837,P0031,1,0,18283.0,0.0,18283.0
OI0003811,O008704,P0165,1,0,2565.38,0.0,2565.38
OI0003812,O007760,P0161,3,15,39822.0,5973.3,33848.7
OI0003813,O001042,P0137,1,15,22000.31,3300.05,18700.26
OI0003814,O007628,P0174,3,0,87244.2,0.0,87244.2
OI0003815,O004803,P0269,1,0,38347.09,0.0,38347.09
OI0003816,O005236,P0244,1,25,34459.55,8614.89,25844.66
OI0003817,O008736,P0052,4,10,127785.76,12778.58,115007.18
OI0003818,O006367,P0189,3,15,145098.66,21764.8,123333.86
OI0003819,O004184,P0010,2,0,53416.1,0.0,53416.1
OI0003820,O005793,P0170,2,0,69926.2,0.0,69926.2
OI0003821,O009157,P0165,4,5,10261.52,513.08,9748.44
OI0003822,O001922,P0015,4,10,94307.44,9430.74,84876.7
OI0003823,O002870,P0156,3,5,29815.26,1490.76,28324.5
OI0003824,O009190,P0165,3,15,7696.14,1154.42,6541.72
OI0003825,O008867,P0193,4,15,85835.52,12875.33,72960.19
OI0003826,O009079,P0056,3,5,76007.31,3800.37,72206.94
OI0003827,O002237,P0286,4,0,42858.68,0.0,42858.68
OI0003828,O006515,P0244,1,10,34459.55,3445.96,31013.59
OI0003829,O004924,P0064,4,0,68578.76,0.0,68578.76
OI0003830,O002298,P0276,3,5,149273.82,7463.69,141810.13
OI0003831,O004220,P0246,1,0,15477.36,0.0,15477.36
OI0003832,O002014,P0099,4,10,4615.24,461.52,4153.72
OI0003833,O002353,P0283,3,15,81625.44,12243.82,69381.62
OI0003834,O004887,P0140,3,10,75453.48,7545.35,67908.13
OI0003835,O001860,P0109,3,15,105134.13,15770.12,89364.01
OI0003836,O004494,P0243,4,25,53657.64,13414.41,40243.23
OI0003837,O007326,P0041,4,10,70111.36,7011.14,63100.22
OI0003838,O002051,P0208,2,0,55667.02,0.0,55667.02
OI0003839,O002044,P0224,4,10,193258.68,19325.87,173932.81
OI0003840,O006475,P0051,4,0,146881.6,0.0,146881.6
OI0003841,O004675,P0080,3,5,82410.24,4120.51,78289.73
OI0003842,O002729,P0029,1,5,4097.07,204.85,3892.22
OI0003843,O008112,P0223,2,10,14170.24,1417.02,12753.22
OI0003844,O005682,P0051,2,10,73440.8,7344.08,66096.72
OI0003845,O000442,P0088,2,15,79182.0,11877.3,67304.7
OI0003846,O002063,P0159,2,5,56198.04,2809.9,53388.14
OI0003847,O005242,P0137,2,0,44000.62,0.0,44000.62
OI0003848,O009776,P0109,2,10,70089.42,7008.94,63080.48
OI0003849,O008818,P0286,3,15,32144.01,4821.6,27322.41
OI0003850,O006977,P0090,3,15,19697.76,2954.66,16743.1
OI0003851,O006114,P0296,4,0,129348.84,0.0,129348.84
OI0003852,O009151,P0007,2,25,29103.92,7275.98,21827.94
OI0003853,O009231,P0139,4,5,97127.72,4856.39,92271.33
OI0003854,O007556,P0003,2,10,38043.64,3804.36,34239.28
OI0003855,O000091,P0253,4,0,44948.16,0.0,44948.16
OI0003856,O002765,P0225,4,25,164345.56,41086.39,123259.17
OI0003857,O005879,P0020,4,15,122386.44,18357.97,104028.47
OI0003858,O001518,P0261,1,5,48547.54,2427.38,46120.16
OI0003859,O008040,P0162,1,15,2153.8,323.07,1830.73
OI0003860,O006048,P0142,2,5,13561.32,678.07,12883.25
OI0003861,O006665,P0045,1,5,7451.31,372.57,7078.74
OI0003862,O003813,P0280,1,5,19759.73,987.99,18771.74
OI0003863,O009433,P0222,3,10,110545.74,11054.57,99491.17
OI0003864,O008377,P0191,3,0,59363.91,0.0,59363.91
OI0003865,O008387,P0009,1,15,27316.66,4097.5,23219.16
OI0003866,O008208,P0191,3,10,59363.91,5936.39,53427.52
OI0003867,O003153,P0199,1,0,39079.49,0.0,39079.49
OI0003868,O003675,P0203,4,10,69740.56,6974.06,62766.5
OI0003869,O005770,P0128,4,5,77581.72,3879.09,73702.63
OI0003870,O006837,P0113,4,15,196547.48,29482.12,167065.36
OI0003871,O006209,P0042,3,20,70674.6,14134.92,56539.68
OI0003872,O004381,P0001,2,5,55859.7,2792.98,53066.72
OI0003873,O008338,P0064,2,15,34289.38,5143.41,29145.97
OI0003874,O009632,P0220,4,0,92891.84,0.0,92891.84
OI0003875,O001899,P0072,1,0,2755.45,0.0,2755.45
OI0003876,O003745,P0015,1,25,23576.86,5894.22,17682.64
OI0003877,O009686,P0089,1,20,25607.6,5121.52,20486.08
OI0003878,O001899,P0080,3,10,82410.24,8241.02,74169.22
OI0003879,O006411,P0168,1,0,39175.05,0.0,39175.05
OI0003880,O005832,P0091,4,5,148003.2,7400.16,140603.04
OI0003881,O006435,P0063,3,10,57243.63,5724.36,51519.27
OI0003882,O008272,P0180,2,15,2785.96,417.89,2368.07
OI0003883,O007788,P0263,2,15,88501.36,13275.2,75226.16
OI0003884,O005597,P0216,2,15,27475.32,4121.3,23354.02
OI0003885,O001186,P0047,3,0,70852.2,0.0,70852.2
OI0003886,O005625,P0166,3,5,33359.73,1667.99,31691.74
OI0003887,O003060,P0299,2,0,78572.34,0.0,78572.34
OI0003888,O006968,P0198,3,0,121466.76,0.0,121466.76
OI0003889,O003935,P0136,3,5,3364.56,168.23,3196.33
OI0003890,O001438,P0178,1,0,16579.2,0.0,16579.2
OI0003891,O005104,P0078,3,10,33632.82,3363.28,30269.54
OI0003892,O008030,P0141,4,20,64871.16,12974.23,51896.93
OI0003893,O008650,P0096,3,15,51858.45,7778.77,44079.68
OI0003894,O002274,P0163,1,15,15410.12,2311.52,13098.6
OI0003895,O005695,P0025,2,10,89124.08,8912.41,80211.67
OI0003896,O002326,P0031,2,15,36566.0,5484.9,31081.1
OI0003897,O007993,P0247,1,0,1993.66,0.0,1993.66
OI0003898,O005814,P0049,2,10,11919.26,1191.93,10727.33
OI0003899,O002052,P0171,2,10,39038.04,3903.8,35134.24
OI0003900,O007361,P0116,2,10,93897.48,9389.75,84507.73
OI0003901,O009983,P0212,4,15,45900.76,6885.11,39015.65
OI0003902,O003376,P0007,2,25,29103.92,7275.98,21827.94
OI0003903,O000151,P0202,3,15,120125.13,18018.77,102106.36
OI0003904,O008051,P0134,2,25,20210.12,5052.53,15157.59
OI0003905,O007383,P0217,3,10,25950.96,2595.1,23355.86
OI0003906,O001766,P0182,3,5,123085.29,6154.26,116931.03
OI0003907,O007495,P0124,2,15,33295.3,4994.3,28301.0
OI0003908,O004001,P0145,1,25,39162.31,9790.58,29371.73
OI0003909,O009114,P0192,3,15,127071.69,19060.75,108010.94
OI0003910,O000955,P0099,1,25,1153.81,288.45,865.36
OI0003911,O000085,P0120,4,0,15039.4,0.0,15039.4
OI0003912,O008610,P0116,2,5,93897.48,4694.87,89202.61
OI0003913,O008898,P0282,2,5,93811.54,4690.58,89120.96
OI0003914,O005366,P0263,1,5,44250.68,2212.53,42038.15
OI0003915,O008565,P0162,4,0,8615.2,0.0,8615.2
OI0003916,O001095,P0005,3,25,13822.23,3455.56,10366.67
OI0003917,O003274,P0205,3,15,990.24,148.54,841.7
OI0003918,O007519,P0289,4,0,51164.72,0.0,51164.72
OI0003919,O009096,P0171,3,0,58557.06,0.0,58557.06
OI0003920,O004865,P0289,3,10,38373.54,3837.35,34536.19
OI0003921,O004317,P0211,4,25,52140.84,13035.21,39105.63
OI0003922,O001183,P0189,2,0,96732.44,0.0,96732.44
OI0003923,O005328,P0146,3,5,79891.14,3994.56,75896.58
OI0003924,O002899,P0142,4,0,27122.64,0.0,27122.64
OI0003925,O009946,P0159,2,0,56198.04,0.0,56198.04
OI0003926,O004490,P0081,3,15,22187.58,3328.14,18859.44
OI0003927,O005093,P0135,2,20,93658.72,18731.74,74926.98
OI0003928,O008514,P0071,4,25,13047.96,3261.99,9785.97
OI0003929,O001204,P0129,3,15,24238.17,3635.73,20602.44
OI0003930,O003672,P0278,1,0,30845.96,0.0,30845.96
OI0003931,O007550,P0087,4,5,71635.92,3581.8,68054.12
OI0003932,O006972,P0092,3,5,59892.06,2994.6,56897.46
OI0003933,O008014,P0191,4,5,79151.88,3957.59,75194.29
OI0003934,O000126,P0232,3,10,117567.36,11756.74,105810.62
OI0003935,O005102,P0256,1,0,49584.32,0.0,49584.32
OI0003936,O006962,P0046,2,20,3728.42,745.68,2982.74
OI0003937,O003691,P0057,3,0,104742.42,0.0,104742.42
OI0003938,O003160,P0222,1,5,36848.58,1842.43,35006.15
OI0003939,O006143,P0173,3,0,60080.52,0.0,60080.52
OI0003940,O003598,P0202,4,5,160166.84,8008.34,152158.5
OI0003941,O003315,P0013,2,10,62525.72,6252.57,56273.15
OI0003942,O002578,P0293,3,10,77393.19,7739.32,69653.87
OI0003943,O004386,P0094,2,5,37797.66,1889.88,35907.78
OI0003944,O003625,P0142,4,20,27122.64,5424.53,21698.11
OI0003945,O001611,P0293,4,10,103190.92,10319.09,92871.83
OI0003946,O005297,P0251,2,25,49386.94,12346.74,37040.2
OI0003947,O008410,P0103,1,0,32753.19,0.0,32753.19
OI0003948,O004821,P0270,4,0,68285.2,0.0,68285.2
OI0003949,O002864,P0194,3,20,83068.5,16613.7,66454.8
OI0003950,O004033,P0161,3,10,39822.0,3982.2,35839.8
OI0003951,O003854,P0256,4,5,198337.28,9916.86,188420.42
OI0003952,O000391,P0181,1,5,15787.66,789.38,14998.28
OI0003953,O003998,P0089,2,10,51215.2,5121.52,46093.68
OI0003954,O004247,P0055,1,0,5523.61,0.0,5523.61
OI0003955,O008655,P0173,1,15,20026.84,3004.03,17022.81
OI0003956,O005009,P0293,1,5,25797.73,1289.89,24507.84
OI0003957,O006018,P0155,4,5,189029.52,9451.48,179578.04
OI0003958,O009544,P0218,2,15,71956.64,10793.5,61163.14
OI0003959,O009127,P0180,4,10,5571.92,557.19,5014.73
OI0003960,O009436,P0127,2,15,5137.28,770.59,4366.69
OI0003961,O003376,P0175,3,25,142236.15,35559.04,106677.11
OI0003962,O000511,P0058,1,25,29422.66,7355.66,22067.0
OI0003963,O004869,P0135,4,5,187317.44,9365.87,177951.57
OI0003964,O004066,P0141,1,0,16217.79,0.0,16217.79
OI0003965,O003143,P0048,3,0,143191.5,0.0,143191.5
OI0003966,O002910,P0156,2,15,19876.84,2981.53,16895.31
OI0003967,O005214,P0184,4,0,90552.04,0.0,90552.04
OI0003968,O002767,P0216,2,5,27475.32,1373.77,26101.55
OI0003969,O001609,P0163,3,15,46230.36,6934.55,39295.81
OI0003970,O001691,P0125,4,25,119390.84,29847.71,89543.13
OI0003971,O008962,P0137,4,0,88001.24,0.0,88001.24
OI0003972,O000228,P0116,3,0,140846.22,0.0,140846.22
OI0003973,O007343,P0130,3,0,104482.92,0.0,104482.92
OI0003974,O000808,P0278,3,0,92537.88,0.0,92537.88
OI0003975,O006361,P0213,1,25,24138.56,6034.64,18103.92
OI0003976,O000548,P0280,4,0,79038.92,0.0,79038.92
OI0003977,O005517,P0206,2,15,45308.0,6796.2,38511.8
OI0003978,O000724,P0225,4,0,164345.56,0.0,164345.56
OI0003979,O000115,P0186,4,0,60166.08,0.0,60166.08
OI0003980,O006662,P0186,1,0,15041.52,0.0,15041.52
OI0003981,O004036,P0063,2,0,38162.42,0.0,38162.42
OI0003982,O009341,P0191,2,0,39575.94,0.0,39575.94
OI0003983,O006452,P0300,4,0,40637.76,0.0,40637.76
OI0003984,O009935,P0075,4,15,143809.04,21571.36,122237.68
OI0003985,O007683,P0194,2,0,55379.0,0.0,55379.0
OI0003986,O004162,P0229,3,0,21270.75,0.0,21270.75
OI0003987,O008470,P0118,2,5,19367.52,968.38,18399.14
OI0003988,O000139,P0195,2,15,23399.78,3509.97,19889.81
OI0003989,O000676,P0152,3,0,34195.08,0.0,34195.08
OI0003990,O007477,P0198,3,10,121466.76,12146.68,109320.08
OI0003991,O009259,P0099,4,0,4615.24,0.0,4615.24
OI0003992,O001837,P0120,1,5,3759.85,187.99,3571.86
OI0003993,O008873,P0254,3,10,40858.8,4085.88,36772.92
OI0003994,O004367,P0205,1,15,330.08,49.51,280.57
OI0003995,O002348,P0254,4,5,54478.4,2723.92,51754.48
OI0003996,O001066,P0159,3,5,84297.06,4214.85,80082.21
OI0003997,O009813,P0286,4,10,42858.68,4285.87,38572.81
OI0003998,O007684,P0040,4,5,69709.16,3485.46,66223.7
OI0003999,O005033,P0238,1,0,31962.54,0.0,31962.54
OI0004000,O006406,P0117,2,10,72340.2,7234.02,65106.18
OI0004001,O005841,P0014,4,25,38448.24,9612.06,28836.18
OI0004002,O003327,P0044,3,25,16636.74,4159.19,12477.55
OI0004003,O006225,P0220,1,10,23222.96,2322.3,20900.66
OI0004004,O004507,P0162,2,5,4307.6,215.38,4092.22
OI0004005,O008922,P0167,2,10,70738.76,7073.88,63664.88
OI0004006,O004852,P0132,1,20,33306.43,6661.29,26645.14
OI0004007,O008050,P0216,2,0,27475.32,0.0,27475.32
OI0004008,O007271,P0298,1,15,46530.49,6979.57,39550.92
OI0004009,O005664,P0139,2,15,48563.86,7284.58,41279.28
OI0004010,O009586,P0106,2,5,49551.52,2477.58,47073.94
OI0004011,O002903,P0288,4,20,4782.32,956.46,3825.86
OI0004012,O000051,P0123,3,0,58331.64,0.0,58331.64
OI0004013,O007406,P0053,2,25,64667.66,16166.92,48500.74
OI0004014,O008232,P0132,2,5,66612.86,3330.64,63282.22
OI0004015,O006023,P0147,3,20,88718.25,17743.65,70974.6
OI0004016,O008961,P0033,3,0,63103.47,0.0,63103.47
OI0004017,O002969,P0078,3,10,33632.82,3363.28,30269.54
OI0004018,O006367,P0123,2,0,38887.76,0.0,38887.76
OI0004019,O008710,P0083,4,5,188798.76,9439.94,179358.82
OI0004020,O008156,P0055,4,20,22094.44,4418.89,17675.55
OI0004021,O002020,P0009,3,10,81949.98,8195.0,73754.98
OI0004022,O006416,P0190,1,15,22044.04,3306.61,18737.43
OI0004023,O007574,P0048,2,20,95461.0,19092.2,76368.8
OI0004024,O004325,P0249,4,10,69555.84,6955.58,62600.26
OI0004025,O005681,P0068,1,10,41270.21,4127.02,37143.19
OI0004026,O009467,P0172,1,15,8162.68,1224.4,6938.28
OI0004027,O004490,P0264,1,0,10883.91,0.0,10883.91
OI0004028,O007463,P0184,4,0,90552.04,0.0,90552.04
OI0004029,O006714,P0010,2,10,53416.1,5341.61,48074.49
OI0004030,O005831,P0193,2,25,42917.76,10729.44,32188.32
OI0004031,O002730,P0256,1,10,49584.32,4958.43,44625.89
OI0004032,O009517,P0045,2,15,14902.62,2235.39,12667.23
OI0004033,O000601,P0167,2,15,70738.76,10610.81,60127.95
OI0004034,O001797,P0231,4,10,94351.12,9435.11,84916.01
OI0004035,O008505,P0273,1,0,39732.03,0.0,39732.03
OI0004036,O005200,P0082,2,20,13738.54,2747.71,10990.83
OI0004037,O000663,P0226,3,10,31146.84,3114.68,28032.16
OI0004038,O005778,P0128,2,25,38790.86,9697.72,29093.14
OI0004039,O008687,P0190,2,0,44088.08,0.0,44088.08
OI0004040,O003976,P0068,1,5,41270.21,2063.51,39206.7
OI0004041,O003048,P0164,2,0,74560.52,0.0,74560.52
OI0004042,O002195,P0009,1,20,27316.66,5463.33,21853.33
OI0004043,O006373,P0163,4,20,61640.48,12328.1,49312.38
OI0004044,O003996,P0217,3,15,25950.96,3892.64,22058.32
OI0004045,O001732,P0052,4,15,127785.76,19167.86,108617.9
OI0004046,O002902,P0118,4,0,38735.04,0.0,38735.04
OI0004047,O004428,P0101,4,5,34848.24,1742.41,33105.83
OI0004048,O005569,P0112,3,15,16190.1,2428.52,13761.58
OI0004049,O000776,P0152,1,5,11398.36,569.92,10828.44
OI0004050,O000442,P0059,1,15,41671.4,6250.71,35420.69
OI0004051,O003049,P0037,1,5,1881.7,94.08,1787.62
OI0004052,O000411,P0104,3,10,116223.06,11622.31,104600.75
OI0004053,O008301,P0236,3,5,3339.36,166.97,3172.39
OI0004054,O007670,P0038,1,25,29738.17,7434.54,22303.63
OI0004055,O003174,P0015,1,5,23576.86,1178.84,22398.02
OI0004056,O005869,P0144,1,5,33677.69,1683.88,31993.81
OI0004057,O002937,P0250,2,0,11003.58,0.0,11003.58
OI0004058,O006783,P0282,2,0,93811.54,0.0,93811.54
OI0004059,O008079,P0239,2,10,1328.76,132.88,1195.88
OI0004060,O004830,P0295,2,15,92602.86,13890.43,78712.43
OI0004061,O005827,P0047,2,25,47234.8,11808.7,35426.1
OI0004062,O001727,P0092,2,10,39928.04,3992.8,35935.24
OI0004063,O003166,P0177,1,15,25467.23,3820.08,21647.15
OI0004064,O000484,P0165,4,10,10261.52,1026.15,9235.37
OI0004065,O006915,P0038,3,25,89214.51,22303.63,66910.88
OI0004066,O006964,P0100,2,5,77338.78,3866.94,73471.84
OI0004067,O004140,P0062,4,10,107174.32,10717.43,96456.89
OI0004068,O001340,P0061,2,25,69191.82,17297.96,51893.86
OI0004069,O006202,P0202,4,0,160166.84,0.0,160166.84
OI0004070,O000607,P0118,1,5,9683.76,484.19,9199.57
OI0004071,O005262,P0008,3,15,24547.17,3682.08,20865.09
OI0004072,O006931,P0294,2,10,57483.66,5748.37,51735.29
OI0004073,O009662,P0106,3,0,74327.28,0.0,74327.28
OI0004074,O008627,P0292,1,10,13373.41,1337.34,12036.07
OI0004075,O004219,P0056,2,10,50671.54,5067.15,45604.39
OI0004076,O003062,P0045,3,10,22353.93,2235.39,20118.54
OI0004077,O001818,P0020,3,5,91789.83,4589.49,87200.34
OI0004078,O004722,P0183,2,0,55570.6,0.0,55570.6
OI0004079,O000952,P0102,1,10,2385.45,238.54,2146.91
OI0004080,O002807,P0288,3,10,3586.74,358.67,3228.07
OI0004081,O009068,P0204,2,10,17589.86,1758.99,15830.87
OI0004082,O009701,P0201,2,0,71675.3,0.0,71675.3
OI0004083,O004781,P0043,3,0,50516.97,0.0,50516.97
OI0004084,O003295,P0002,3,0,139392.72,0.0,139392.72
OI0004085,O006866,P0212,3,5,34425.57,1721.28,32704.29
OI0004086,O002946,P0170,2,20,69926.2,13985.24,55940.96
OI0004087,O004218,P0143,2,0,37886.2,0.0,37886.2
OI0004088,O007533,P0093,1,20,13292.63,2658.53,10634.1
OI0004089,O007494,P0122,4,0,148523.32,0.0,148523.32
OI0004090,O002888,P0213,4,15,96554.24,14483.14,82071.1
OI0004091,O009325,P0256,4,20,198337.28,39667.46,158669.82
OI0004092,O002884,P0250,3,20,16505.37,3301.07,13204.3
OI0004093,O004639,P0105,1,15,40727.69,6109.15,34618.54
OI0004094,O001146,P0230,4,0,149829.84,0.0,149829.84
OI0004095,O002119,P0250,1,5,5501.79,275.09,5226.7
OI0004096,O001199,P0108,1,0,36912.94,0.0,36912.94
OI0004097,O007461,P0062,4,10,107174.32,10717.43,96456.89
OI0004098,O001745,P0057,4,5,139656.56,6982.83,132673.73
OI0004099,O009952,P0251,4,10,98773.88,9877.39,88896.49
OI0004100,O003091,P0132,3,10,99919.29,9991.93,89927.36
OI0004101,O009945,P0078,1,5,11210.94,560.55,10650.39
OI0004102,O009269,P0288,1,15,1195.58,179.34,1016.24
OI0004103,O009214,P0162,2,0,4307.6,0.0,4307.6
OI0004104,O000992,P0296,3,20,97011.63,19402.33,77609.3
OI0004105,O000587,P0035,2,0,63568.62,0.0,63568.62
OI0004106,O007812,P0015,1,10,23576.86,2357.69,21219.17
OI0004107,O008750,P0020,4,20,122386.44,24477.29,97909.15
OI0004108,O003487,P0293,2,5,51595.46,2579.77,49015.69
OI0004109,O009764,P0038,1,15,29738.17,4460.73,25277.44
OI0004110,O009348,P0149,4,5,58032.2,2901.61,55130.59
OI0004111,O008834,P0216,2,20,27475.32,5495.06,21980.26
OI0004112,O004775,P0010,3,25,80124.15,20031.04,60093.11
OI0004113,O003884,P0100,1,20,38669.39,7733.88,30935.51
OI0004114,O004187,P0214,3,0,75125.34,0.0,75125.34
OI0004115,O008057,P0101,3,0,26136.18,0.0,26136.18
OI0004116,O007977,P0280,1,10,19759.73,1975.97,17783.76
OI0004117,O003194,P0004,3,25,69870.18,17467.54,52402.64
OI0004118,O005985,P0118,1,5,9683.76,484.19,9199.57
OI0004119,O003878,P0151,1,5,12613.91,630.7,11983.21
OI0004120,O004042,P0042,4,25,94232.8,23558.2,70674.6
OI0004121,O002753,P0117,2,15,72340.2,10851.03,61489.17
OI0004122,O003186,P0019,1,15,16251.46,2437.72,13813.74
OI0004123,O000419,P0024,2,0,46282.22,0.0,46282.22
OI0004124,O004619,P0236,1,5,1113.12,55.66,1057.46
OI0004125,O002235,P0258,3,10,86579.73,8657.97,77921.76
OI0004126,O007750,P0007,2,15,29103.92,4365.59,24738.33
OI0004127,O000811,P0124,1,5,16647.65,832.38,15815.27
OI0004128,O007655,P0001,1,0,27929.85,0.0,27929.85
OI0004129,O009832,P0179,4,5,102051.68,5102.58,96949.1
OI0004130,O002905,P0188,3,5,125431.26,6271.56,119159.7
OI0004131,O002775,P0159,1,20,28099.02,5619.8,22479.22
OI0004132,O001654,P0030,3,25,140048.94,35012.24,105036.7
OI0004133,O004101,P0077,2,0,5463.06,0.0,5463.06
OI0004134,O005786,P0018,3,5,59683.08,2984.15,56698.93
OI0004135,O006944,P0186,1,15,15041.52,2256.23,12785.29
OI0004136,O004399,P0273,3,0,119196.09,0.0,119196.09
OI0004137,O001976,P0112,4,5,21586.8,1079.34,20507.46
OI0004138,O006499,P0019,4,15,65005.84,9750.88,55254.96
OI0004139,O005050,P0012,3,10,104910.39,10491.04,94419.35
OI0004140,O009884,P0218,4,15,143913.28,21586.99,122326.29
OI0004141,O005215,P0006,3,0,91581.48,0.0,91581.48
OI0004142,O007759,P0124,4,10,66590.6,6659.06,59931.54
OI0004143,O004791,P0015,1,15,23576.86,3536.53,20040.33
OI0004144,O000826,P0285,1,10,4641.49,464.15,4177.34
OI0004145,O005109,P0199,3,0,117238.47,0.0,117238.47
OI0004146,O000430,P0290,2,0,51931.16,0.0,51931.16
OI0004147,O003914,P0093,1,10,13292.63,1329.26,11963.37
OI0004148,O005805,P0037,2,0,3763.4,0.0,3763.4
OI0004149,O003722,P0192,1,5,42357.23,2117.86,40239.37
OI0004150,O001382,P0095,3,5,74961.84,3748.09,71213.75
OI0004151,O001756,P0071,3,10,9785.97,978.6,8807.37
OI0004152,O003672,P0006,3,5,91581.48,4579.07,87002.41
OI0004153,O004601,P0247,2,5,3987.32,199.37,3787.95
OI0004154,O005488,P0055,2,5,11047.22,552.36,10494.86
OI0004155,O002912,P0295,2,0,92602.86,0.0,92602.86
OI0004156,O005894,P0281,3,20,104525.73,20905.15,83620.58
OI0004157,O001419,P0098,3,15,60133.2,9019.98,51113.22
OI0004158,O004483,P0083,4,15,188798.76,28319.81,160478.95
OI0004159,O005064,P0260,1,0,7514.45,0.0,7514.45
OI0004160,O001953,P0216,3,10,41212.98,4121.3,37091.68
OI0004161,O002031,P0289,2,5,25582.36,1279.12,24303.24
OI0004162,O000979,P0235,4,5,137520.24,6876.01,130644.23
OI0004163,O000762,P0178,1,0,16579.2,0.0,16579.2
OI0004164,O006154,P0267,2,25,98606.38,24651.6,73954.78
OI0004165,O005907,P0034,3,25,66460.74,16615.19,49845.55
OI0004166,O000135,P0247,4,5,7974.64,398.73,7575.91
OI0004167,O002621,P0220,2,20,46445.92,9289.18,37156.74
OI0004168,O002574,P0150,3,5,24784.2,1239.21,23544.99
OI0004169,O002306,P0298,3,10,139591.47,13959.15,125632.32
OI0004170,O006588,P0230,2,15,74914.92,11237.24,63677.68
OI0004171,O002349,P0244,4,10,137838.2,13783.82,124054.38
OI0004172,O007956,P0206,2,0,45308.0,0.0,45308.0
OI0004173,O005146,P0166,3,5,33359.73,1667.99,31691.74
OI0004174,O005563,P0265,2,15,63549.88,9532.48,54017.4
OI0004175,O005111,P0255,1,15,12286.21,1842.93,10443.28
OI0004176,O007144,P0029,4,5,16388.28,819.41,15568.87
OI0004177,O009879,P0126,1,10,43634.79,4363.48,39271.31
OI0004178,O007376,P0136,3,0,3364.56,0.0,3364.56
OI0004179,O009881,P0106,1,5,24775.76,1238.79,23536.97
OI0004180,O004724,P0105,3,0,122183.07,0.0,122183.07
OI0004181,O006345,P0149,3,5,43524.15,2176.21,41347.94
OI0004182,O000381,P0184,4,15,90552.04,13582.81,76969.23
OI0004183,O006047,P0176,2,20,7245.6,1449.12,5796.48
OI0004184,O001139,P0265,3,10,95324.82,9532.48,85792.34
OI0004185,O006447,P0078,1,15,11210.94,1681.64,9529.3
OI0004186,O000142,P0287,2,5,50410.32,2520.52,47889.8
OI0004187,O004624,P0091,1,0,37000.8,0.0,37000.8
OI0004188,O005268,P0031,1,5,18283.0,914.15,17368.85
OI0004189,O001525,P0178,1,10,16579.2,1657.92,14921.28
OI0004190,O005894,P0167,3,0,106108.14,0.0,106108.14
OI0004191,O009245,P0068,2,0,82540.42,0.0,82540.42
OI0004192,O006404,P0030,3,10,140048.94,14004.89,126044.05
OI0004193,O002056,P0067,2,0,49817.12,0.0,49817.12
OI0004194,O003376,P0068,2,10,82540.42,8254.04,74286.38
OI0004195,O007184,P0186,2,25,30083.04,7520.76,22562.28
OI0004196,O003375,P0077,4,20,10926.12,2185.22,8740.9
OI0004197,O006240,P0181,4,0,63150.64,0.0,63150.64
OI0004198,O004322,P0014,3,0,28836.18,0.0,28836.18
OI0004199,O008780,P0138,4,0,5104.08,0.0,5104.08
OI0004200,O009540,P0278,1,0,30845.96,0.0,30845.96
OI0004201,O007287,P0191,2,5,39575.94,1978.8,37597.14
OI0004202,O007339,P0061,2,5,69191.82,3459.59,65732.23
OI0004203,O000034,P0174,4,0,116325.6,0.0,116325.6
OI0004204,O007942,P0293,1,10,25797.73,2579.77,23217.96
OI0004205,O005425,P0277,1,10,20074.64,2007.46,18067.18
OI0004206,O009267,P0288,1,15,1195.58,179.34,1016.24
OI0004207,O001545,P0207,4,5,71000.6,3550.03,67450.57
OI0004208,O007534,P0254,3,5,40858.8,2042.94,38815.86
OI0004209,O000528,P0280,1,10,19759.73,1975.97,17783.76
OI0004210,O003259,P0135,3,25,140488.08,35122.02,105366.06
OI0004211,O006328,P0046,2,5,3728.42,186.42,3542.0
OI0004212,O007361,P0126,4,5,174539.16,8726.96,165812.2
OI0004213,O003156,P0213,1,15,24138.56,3620.78,20517.78
OI0004214,O000896,P0074,2,20,33986.88,6797.38,27189.5
OI0004215,O005514,P0087,4,25,71635.92,17908.98,53726.94
OI0004216,O005081,P0005,2,0,9214.82,0.0,9214.82
OI0004217,O001527,P0241,1,5,42623.02,2131.15,40491.87
OI0004218,O000604,P0187,3,25,57832.35,14458.09,43374.26
OI0004219,O008995,P0250,4,5,22007.16,1100.36,20906.8
OI0004220,O001086,P0198,2,5,80977.84,4048.89,76928.95
OI0004221,O002081,P0022,2,10,67303.78,6730.38,60573.4
OI0004222,O000143,P0028,3,10,142387.98,14238.8,128149.18
OI0004223,O009578,P0019,2,20,32502.92,6500.58,26002.34
OI0004224,O009714,P0113,1,10,49136.87,4913.69,44223.18
OI0004225,O005235,P0014,3,10,28836.18,2883.62,25952.56
OI0004226,O001909,P0176,1,0,3622.8,0.0,3622.8
OI0004227,O005477,P0207,1,25,17750.15,4437.54,13312.61
OI0004228,O009610,P0150,1,5,8261.4,413.07,7848.33
OI0004229,O003576,P0211,4,10,52140.84,5214.08,46926.76
OI0004230,O006736,P0141,2,10,32435.58,3243.56,29192.02
OI0004231,O000754,P0278,4,15,123383.84,18507.58,104876.26
OI0004232,O007775,P0138,2,10,2552.04,255.2,2296.84
OI0004233,O004360,P0044,3,5,16636.74,831.84,15804.9
OI0004234,O001261,P0280,4,10,79038.92,7903.89,71135.03
OI0004235,O001534,P0072,2,20,5510.9,1102.18,4408.72
OI0004236,O001595,P0113,1,10,49136.87,4913.69,44223.18
OI0004237,O003921,P0183,3,25,83355.9,20838.97,62516.93
OI0004238,O003247,P0231,3,15,70763.34,10614.5,60148.84
OI0004239,O001596,P0050,1,10,47322.97,4732.3,42590.67
OI0004240,O003241,P0234,4,20,121234.84,24246.97,96987.87
OI0004241,O007220,P0058,2,5,58845.32,2942.27,55903.05
OI0004242,O003300,P0097,3,0,36737.73,0.0,36737.73
OI0004243,O007416,P0176,2,10,7245.6,724.56,6521.04
OI0004244,O002380,P0229,3,5,21270.75,1063.54,20207.21
OI0004245,O002936,P0072,1,0,2755.45,0.0,2755.45
OI0004246,O003510,P0086,1,0,20446.08,0.0,20446.08
OI0004247,O007501,P0173,4,0,80107.36,0.0,80107.36
OI0004248,O000099,P0026,3,15,14709.69,2206.45,12503.24
OI0004249,O009928,P0081,1,15,7395.86,1109.38,6286.48
OI0004250,O007159,P0082,1,10,6869.27,686.93,6182.34
OI0004251,O005387,P0059,1,25,41671.4,10417.85,31253.55
OI0004252,O006152,P0131,2,0,10928.16,0.0,10928.16
OI0004253,O001598,P0274,3,0,70045.56,0.0,70045.56
OI0004254,O005521,P0246,4,25,61909.44,15477.36,46432.08
OI0004255,O002893,P0042,2,10,47116.4,4711.64,42404.76
OI0004256,O004068,P0235,4,10,137520.24,13752.02,123768.22
OI0004257,O006029,P0030,1,15,46682.98,7002.45,39680.53
OI0004258,O009046,P0061,4,5,138383.64,6919.18,131464.46
OI0004259,O003182,P0292,4,10,53493.64,5349.36,48144.28
OI0004260,O009786,P0055,1,5,5523.61,276.18,5247.43
OI0004261,O009048,P0260,3,5,22543.35,1127.17,21416.18
OI0004262,O002462,P0271,3,20,26835.6,5367.12,21468.48
OI0004263,O005005,P0112,2,0,10793.4,0.0,10793.4
OI0004264,O003080,P0199,4,0,156317.96,0.0,156317.96
OI0004265,O003648,P0096,3,5,51858.45,2592.92,49265.53
OI0004266,O005940,P0097,2,0,24491.82,0.0,24491.82
OI0004267,O003974,P0145,2,20,78324.62,15664.92,62659.7
OI0004268,O005447,P0168,3,0,117525.15,0.0,117525.15
OI0004269,O001974,P0230,3,25,112372.38,28093.1,84279.28
OI0004270,O004374,P0070,4,0,21192.96,0.0,21192.96
OI0004271,O003263,P0127,3,20,7705.92,1541.18,6164.74
OI0004272,O008696,P0050,3,0,141968.91,0.0,141968.91
OI0004273,O009950,P0271,2,0,17890.4,0.0,17890.4
OI0004274,O000700,P0072,3,10,8266.35,826.64,7439.71
OI0004275,O008852,P0246,1,5,15477.36,773.87,14703.49
OI0004276,O004191,P0243,1,10,13414.41,1341.44,12072.97
OI0004277,O001651,P0108,3,10,110738.82,11073.88,99664.94
OI0004278,O007853,P0008,4,25,32729.56,8182.39,24547.17
OI0004279,O006778,P0281,4,25,139367.64,34841.91,104525.73
OI0004280,O007482,P0205,1,10,330.08,33.01,297.07
OI0004281,O007372,P0281,4,0,139367.64,0.0,139367.64
OI0004282,O000677,P0018,2,0,39788.72,0.0,39788.72
OI0004283,O008414,P0073,1,0,19130.48,0.0,19130.48
OI0004284,O006731,P0198,3,5,121466.76,6073.34,115393.42
OI0004285,O006090,P0014,1,25,9612.06,2403.02,7209.04
OI0004286,O004830,P0103,1,5,32753.19,1637.66,31115.53
OI0004287,O005342,P0218,3,10,107934.96,10793.5,97141.46
OI0004288,O006574,P0292,2,25,26746.82,6686.7,20060.12
OI0004289,O003306,P0036,4,0,155071.92,0.0,155071.92
OI0004290,O000121,P0203,2,15,34870.28,5230.54,29639.74
OI0004291,O007729,P0146,3,15,79891.14,11983.67,67907.47
OI0004292,O003451,P0015,1,20,23576.86,4715.37,18861.49
OI0004293,O009784,P0256,2,0,99168.64,0.0,99168.64
OI0004294,O006312,P0272,3,10,63550.71,6355.07,57195.64
OI0004295,O008986,P0076,4,10,148766.04,14876.6,133889.44
OI0004296,O007764,P0014,2,15,19224.12,2883.62,16340.5
OI0004297,O007258,P0047,4,15,94469.6,14170.44,80299.16
OI0004298,O005731,P0182,3,10,123085.29,12308.53,110776.76
OI0004299,O007440,P0058,2,10,58845.32,5884.53,52960.79
OI0004300,O002123,P0205,3,25,990.24,247.56,742.68
OI0004301,O004233,P0231,4,0,94351.12,0.0,94351.12
OI0004302,O002309,P0158,2,0,81797.02,0.0,81797.02
OI0004303,O003284,P0016,3,0,108213.24,0.0,108213.24
OI0004304,O006008,P0129,1,0,8079.39,0.0,8079.39
OI0004305,O006754,P0169,3,20,68621.58,13724.32,54897.26
OI0004306,O008990,P0221,1,10,35760.53,3576.05,32184.48
OI0004307,O001568,P0283,3,25,81625.44,20406.36,61219.08
OI0004308,O004312,P0205,1,20,330.08,66.02,264.06
OI0004309,O004881,P0062,4,5,107174.32,5358.72,101815.6
OI0004310,O000364,P0055,3,10,16570.83,1657.08,14913.75
OI0004311,O004327,P0117,1,5,36170.1,1808.5,34361.6
OI0004312,O008171,P0069,3,20,60679.17,12135.83,48543.34
OI0004313,O000383,P0201,4,15,143350.6,21502.59,121848.01
OI0004314,O002202,P0097,2,0,24491.82,0.0,24491.82
OI0004315,O005157,P0238,2,5,63925.08,3196.25,60728.83
OI0004316,O005433,P0101,2,15,17424.12,2613.62,14810.5
OI0004317,O004108,P0097,2,0,24491.82,0.0,24491.82
OI0004318,O007393,P0294,4,10,114967.32,11496.73,103470.59
OI0004319,O002203,P0285,4,0,18565.96,0.0,18565.96
OI0004320,O000519,P0291,4,15,3776.28,566.44,3209.84
OI0004321,O005098,P0276,3,0,149273.82,0.0,149273.82
OI0004322,O000236,P0147,4,15,118291.0,17743.65,100547.35
OI0004323,O005158,P0281,2,5,69683.82,3484.19,66199.63
OI0004324,O006064,P0093,3,10,39877.89,3987.79,35890.1
OI0004325,O004394,P0282,4,10,187623.08,18762.31,168860.77
OI0004326,O001268,P0194,1,0,27689.5,0.0,27689.5
OI0004327,O002171,P0189,4,25,193464.88,48366.22,145098.66
OI0004328,O009708,P0128,2,0,38790.86,0.0,38790.86
OI0004329,O008074,P0045,2,5,14902.62,745.13,14157.49
OI0004330,O007019,P0262,2,0,94766.74,0.0,94766.74
OI0004331,O009481,P0186,2,5,30083.04,1504.15,28578.89
OI0004332,O003180,P0043,3,0,50516.97,0.0,50516.97
OI0004333,O005346,P0272,2,5,42367.14,2118.36,40248.78
OI0004334,O001198,P0014,2,0,19224.12,0.0,19224.12
OI0004335,O003933,P0074,3,10,50980.32,5098.03,45882.29
OI0004336,O006482,P0019,4,0,65005.84,0.0,65005.84
OI0004337,O009910,P0051,1,10,36720.4,3672.04,33048.36
OI0004338,O001629,P0140,3,5,75453.48,3772.67,71680.81
OI0004339,O007799,P0198,1,5,40488.92,2024.45,38464.47
OI0004340,O002902,P0291,1,5,944.07,47.2,896.87
OI0004341,O009744,P0198,3,15,121466.76,18220.01,103246.75
OI0004342,O002989,P0006,2,15,61054.32,9158.15,51896.17
OI0004343,O008736,P0236,3,5,3339.36,166.97,3172.39
OI0004344,O008616,P0267,2,25,98606.38,24651.6,73954.78
OI0004345,O003418,P0251,3,15,74080.41,11112.06,62968.35
OI0004346,O008147,P0026,4,5,19612.92,980.65,18632.27
OI0004347,O000994,P0072,1,0,2755.45,0.0,2755.45
OI0004348,O009724,P0089,3,10,76822.8,7682.28,69140.52
OI0004349,O003004,P0083,1,10,47199.69,4719.97,42479.72
OI0004350,O004427,P0026,3,0,14709.69,0.0,14709.69
OI0004351,O003516,P0271,4,20,35780.8,7156.16,28624.64
OI0004352,O001573,P0280,3,5,59279.19,2963.96,56315.23
OI0004353,O005654,P0187,2,0,38554.9,0.0,38554.9
OI0004354,O001933,P0081,3,10,22187.58,2218.76,19968.82
OI0004355,O000912,P0129,2,5,16158.78,807.94,15350.84
OI0004356,O004412,P0139,3,10,72845.79,7284.58,65561.21
OI0004357,O005847,P0276,4,0,199031.76,0.0,199031.76
OI0004358,O006816,P0031,1,0,18283.0,0.0,18283.0
OI0004359,O007851,P0236,3,10,3339.36,333.94,3005.42
OI0004360,O006304,P0099,2,0,2307.62,0.0,2307.62
OI0004361,O007014,P0167,4,0,141477.52,0.0,141477.52
OI0004362,O000156,P0006,2,15,61054.32,9158.15,51896.17
OI0004363,O009121,P0284,4,5,153861.28,7693.06,146168.22
OI0004364,O006888,P0053,3,20,97001.49,19400.3,77601.19
OI0004365,O005457,P0116,1,10,46948.74,4694.87,42253.87
OI0004366,O002730,P0300,3,10,30478.32,3047.83,27430.49
OI0004367,O007554,P0065,2,5,62232.94,3111.65,59121.29
OI0004368,O006899,P0208,4,0,111334.04,0.0,111334.04
OI0004369,O001698,P0241,3,0,127869.06,0.0,127869.06
OI0004370,O009070,P0109,4,15,140178.84,21026.83,119152.01
OI0004371,O005542,P0268,2,15,18368.22,2755.23,15612.99
OI0004372,O002316,P0156,4,10,39753.68,3975.37,35778.31
OI0004373,O005013,P0256,3,15,148752.96,22312.94,126440.02
OI0004374,O001115,P0072,2,20,5510.9,1102.18,4408.72
OI0004375,O001320,P0223,3,5,21255.36,1062.77,20192.59
OI0004376,O000357,P0249,3,15,52166.88,7825.03,44341.85
OI0004377,O007166,P0110,3,25,37389.84,9347.46,28042.38
OI0004378,O008510,P0030,1,0,46682.98,0.0,46682.98
OI0004379,O009533,P0085,4,0,36782.44,0.0,36782.44
OI0004380,O002900,P0030,2,10,93365.96,9336.6,84029.36
OI0004381,O001020,P0264,1,5,10883.91,544.2,10339.71
OI0004382,O006446,P0219,1,0,38549.43,0.0,38549.43
OI0004383,O007401,P0128,1,0,19395.43,0.0,19395.43
OI0004384,O009180,P0289,4,5,51164.72,2558.24,48606.48
OI0004385,O009629,P0299,3,0,117858.51,0.0,117858.51
OI0004386,O001074,P0076,2,5,74383.02,3719.15,70663.87
OI0004387,O008553,P0299,2,0,78572.34,0.0,78572.34
OI0004388,O003008,P0045,1,10,7451.31,745.13,6706.18
OI0004389,O003574,P0234,4,15,121234.84,18185.23,103049.61
OI0004390,O003558,P0244,1,15,34459.55,5168.93,29290.62
OI0004391,O000870,P0238,1,20,31962.54,6392.51,25570.03
OI0004392,O006282,P0115,1,0,34456.35,0.0,34456.35
OI0004393,O000877,P0164,2,0,74560.52,0.0,74560.52
OI0004394,O003765,P0281,1,20,34841.91,6968.38,27873.53
OI0004395,O001820,P0213,3,0,72415.68,0.0,72415.68
OI0004396,O000002,P0293,1,15,25797.73,3869.66,21928.07
OI0004397,O009885,P0121,2,0,39207.88,0.0,39207.88
OI0004398,O004916,P0056,3,10,76007.31,7600.73,68406.58
OI0004399,O007677,P0080,2,25,54940.16,13735.04,41205.12
OI0004400,O002190,P0282,3,10,140717.31,14071.73,126645.58
OI0004401,O006172,P0057,1,5,34914.14,1745.71,33168.43
OI0004402,O002305,P0297,3,15,62558.52,9383.78,53174.74
OI0004403,O003003,P0051,2,0,73440.8,0.0,73440.8
OI0004404,O003058,P0012,3,25,104910.39,26227.6,78682.79
OI0004405,O007928,P0097,4,5,48983.64,2449.18,46534.46
OI0004406,O005093,P0109,3,25,105134.13,26283.53,78850.6
OI0004407,O003157,P0257,3,15,30089.13,4513.37,25575.76
OI0004408,O003315,P0147,4,5,118291.0,5914.55,112376.45
OI0004409,O005326,P0194,4,10,110758.0,11075.8,99682.2
OI0004410,O004881,P0237,2,5,31451.06,1572.55,29878.51
OI0004411,O001295,P0072,3,10,8266.35,826.64,7439.71
OI0004412,O000479,P0226,3,15,31146.84,4672.03,26474.81
OI0004413,O007726,P0126,1,10,43634.79,4363.48,39271.31
OI0004414,O005297,P0260,4,0,30057.8,0.0,30057.8
OI0004415,O004878,P0027,3,25,148335.03,37083.76,111251.27
OI0004416,O003812,P0026,1,5,4903.23,245.16,4658.07
OI0004417,O004571,P0299,3,0,117858.51,0.0,117858.51
OI0004418,O003459,P0104,2,15,77482.04,11622.31,65859.73
OI0004419,O009060,P0040,3,15,52281.87,7842.28,44439.59
OI0004420,O007422,P0178,3,20,49737.6,9947.52,39790.08
OI0004421,O003462,P0201,1,0,35837.65,0.0,35837.65
OI0004422,O001406,P0202,2,5,80083.42,4004.17,76079.25
OI0004423,O009691,P0029,1,5,4097.07,204.85,3892.22
OI0004424,O005654,P0247,1,25,1993.66,498.42,1495.24
OI0004425,O000534,P0117,2,5,72340.2,3617.01,68723.19
OI0004426,O004832,P0242,2,10,68526.88,6852.69,61674.19
OI0004427,O004443,P0274,3,0,70045.56,0.0,70045.56
OI0004428,O009415,P0247,1,20,1993.66,398.73,1594.93
OI0004429,O003303,P0149,1,0,14508.05,0.0,14508.05
OI0004430,O003404,P0096,2,20,34572.3,6914.46,27657.84
OI0004431,O009552,P0106,3,15,74327.28,11149.09,63178.19
OI0004432,O009450,P0221,2,10,71521.06,7152.11,64368.95
OI0004433,O005118,P0175,3,15,142236.15,21335.42,120900.73
OI0004434,O008121,P0026,4,15,19612.92,2941.94,16670.98
OI0004435,O009531,P0091,3,15,111002.4,16650.36,94352.04
OI0004436,O008362,P0016,3,15,108213.24,16231.99,91981.25
OI0004437,O003509,P0056,4,20,101343.08,20268.62,81074.46
OI0004438,O009510,P0051,1,5,36720.4,1836.02,34884.38
OI0004439,O007513,P0283,2,10,54416.96,5441.7,48975.26
OI0004440,O008068,P0110,3,25,37389.84,9347.46,28042.38
OI0004441,O007348,P0066,2,5,89141.14,4457.06,84684.08
OI0004442,O006652,P0062,3,15,80380.74,12057.11,68323.63
OI0004443,O004396,P0071,1,5,3261.99,163.1,3098.89
OI0004444,O007703,P0166,4,10,44479.64,4447.96,40031.68
OI0004445,O003786,P0006,2,5,61054.32,3052.72,58001.6
OI0004446,O007391,P0120,1,0,3759.85,0.0,3759.85
OI0004447,O008955,P0059,3,25,125014.2,31253.55,93760.65
OI0004448,O000900,P0275,1,5,26967.65,1348.38,25619.27
OI0004449,O002691,P0079,1,5,13857.24,692.86,13164.38
OI0004450,O002526,P0237,2,10,31451.06,3145.11,28305.95
OI0004451,O005157,P0156,4,0,39753.68,0.0,39753.68
OI0004452,O000018,P0138,3,10,3828.06,382.81,3445.25
OI0004453,O003845,P0173,4,10,80107.36,8010.74,72096.62
OI0004454,O005673,P0193,3,0,64376.64,0.0,64376.64
OI0004455,O002908,P0178,1,25,16579.2,4144.8,12434.4
OI0004456,O005772,P0144,2,10,67355.38,6735.54,60619.84
OI0004457,O001750,P0234,2,0,60617.42,0.0,60617.42
OI0004458,O001542,P0147,2,20,59145.5,11829.1,47316.4
OI0004459,O001469,P0260,4,5,30057.8,1502.89,28554.91
OI0004460,O005119,P0043,4,15,67355.96,10103.39,57252.57
OI0004461,O009664,P0146,1,10,26630.38,2663.04,23967.34
OI0004462,O007536,P0111,3,0,135566.13,0.0,135566.13
OI0004463,O004573,P0174,3,0,87244.2,0.0,87244.2
OI0004464,O004063,P0246,2,10,30954.72,3095.47,27859.25
OI0004465,O008773,P0213,2,15,48277.12,7241.57,41035.55
OI0004466,O005003,P0103,2,0,65506.38,0.0,65506.38
OI0004467,O007102,P0158,1,0,40898.51,0.0,40898.51
OI0004468,O002961,P0192,2,0,84714.46,0.0,84714.46
OI0004469,O004027,P0041,3,0,52583.52,0.0,52583.52
OI0004470,O001689,P0133,4,10,57803.24,5780.32,52022.92
OI0004471,O002416,P0005,2,0,9214.82,0.0,9214.82
OI0004472,O003552,P0201,1,5,35837.65,1791.88,34045.77
OI0004473,O009117,P0075,4,10,143809.04,14380.9,129428.14
OI0004474,O009763,P0120,3,5,11279.55,563.98,10715.57
OI0004475,O004198,P0038,4,20,118952.68,23790.54,95162.14
OI0004476,O004367,P0262,4,10,189533.48,18953.35,170580.13
OI0004477,O002355,P0186,3,0,45124.56,0.0,45124.56
OI0004478,O006531,P0270,2,5,34142.6,1707.13,32435.47
OI0004479,O000957,P0222,1,5,36848.58,1842.43,35006.15
OI0004480,O008451,P0013,3,5,93788.58,4689.43,89099.15
OI0004481,O004021,P0155,1,5,47257.38,2362.87,44894.51
OI0004482,O003619,P0184,4,5,90552.04,4527.6,86024.44
OI0004483,O004616,P0068,4,0,165080.84,0.0,165080.84
OI0004484,O001456,P0187,4,5,77109.8,3855.49,73254.31
OI0004485,O004555,P0239,1,15,664.38,99.66,564.72
OI0004486,O009072,P0251,3,20,74080.41,14816.08,59264.33
OI0004487,O007554,P0095,3,0,74961.84,0.0,74961.84
OI0004488,O003474,P0177,4,0,101868.92,0.0,101868.92
OI0004489,O002994,P0018,1,20,19894.36,3978.87,15915.49
OI0004490,O003094,P0203,2,0,34870.28,0.0,34870.28
OI0004491,O008427,P0003,3,5,57065.46,2853.27,54212.19
OI0004492,O001822,P0207,2,5,35500.3,1775.02,33725.28
OI0004493,O004486,P0057,4,20,139656.56,27931.31,111725.25
OI0004494,O005513,P0287,4,0,100820.64,0.0,100820.64
OI0004495,O002512,P0264,4,20,43535.64,8707.13,34828.51
OI0004496,O002589,P0010,3,10,80124.15,8012.42,72111.73
OI0004497,O005950,P0003,2,15,38043.64,5706.55,32337.09
OI0004498,O002077,P0012,3,15,104910.39,15736.56,89173.83
OI0004499,O009939,P0106,2,15,49551.52,7432.73,42118.79
OI0004500,O000534,P0275,1,0,26967.65,0.0,26967.65
OI0004501,O003761,P0209,3,5,28690.35,1434.52,27255.83
OI0004502,O002696,P0014,2,0,19224.12,0.0,19224.12
OI0004503,O006226,P0103,1,0,32753.19,0.0,32753.19
OI0004504,O007152,P0243,2,10,26828.82,2682.88,24145.94
OI0004505,O009796,P0029,4,15,16388.28,2458.24,13930.04
OI0004506,O009768,P0263,3,0,132752.04,0.0,132752.04
OI0004507,O009307,P0049,1,15,5959.63,893.94,5065.69
OI0004508,O007902,P0193,1,5,21458.88,1072.94,20385.94
OI0004509,O005196,P0263,3,5,132752.04,6637.6,126114.44
OI0004510,O001677,P0272,2,25,42367.14,10591.78,31775.36
OI0004511,O002536,P0099,3,0,3461.43,0.0,3461.43
OI0004512,O006573,P0144,4,0,134710.76,0.0,134710.76
OI0004513,O001471,P0061,2,5,69191.82,3459.59,65732.23
OI0004514,O004673,P0273,3,25,119196.09,29799.02,89397.07
OI0004515,O003799,P0287,3,0,75615.48,0.0,75615.48
OI0004516,O001898,P0059,3,10,125014.2,12501.42,112512.78
OI0004517,O005351,P0088,2,15,79182.0,11877.3,67304.7
OI0004518,O001493,P0262,2,25,94766.74,23691.68,71075.06
OI0004519,O006492,P0288,4,10,4782.32,478.23,4304.09
OI0004520,O007513,P0287,4,10,100820.64,10082.06,90738.58
OI0004521,O009604,P0251,4,20,98773.88,19754.78,79019.1
OI0004522,O003106,P0240,2,0,3682.5,0.0,3682.5
OI0004523,O007161,P0009,1,10,27316.66,2731.67,24584.99
OI0004524,O009498,P0003,1,10,19021.82,1902.18,17119.64
OI0004525,O004469,P0126,2,15,87269.58,13090.44,74179.14
OI0004526,O009014,P0071,2,0,6523.98,0.0,6523.98
OI0004527,O006555,P0162,4,20,8615.2,1723.04,6892.16
OI0004528,O001237,P0299,1,20,39286.17,7857.23,31428.94
OI0004529,O003349,P0221,3,5,107281.59,5364.08,101917.51
OI0004530,O007734,P0161,3,10,39822.0,3982.2,35839.8
OI0004531,O004317,P0164,2,5,74560.52,3728.03,70832.49
OI0004532,O009826,P0079,3,25,41571.72,10392.93,31178.79
OI0004533,O004650,P0121,2,10,39207.88,3920.79,35287.09
OI0004534,O002809,P0202,1,5,40041.71,2002.09,38039.62
OI0004535,O000110,P0047,2,15,47234.8,7085.22,40149.58
OI0004536,O008136,P0229,1,20,7090.25,1418.05,5672.2
OI0004537,O005842,P0096,3,15,51858.45,7778.77,44079.68
OI0004538,O000949,P0216,2,0,27475.32,0.0,27475.32
OI0004539,O000453,P0041,2,5,35055.68,1752.78,33302.9
OI0004540,O007923,P0203,4,5,69740.56,3487.03,66253.53
OI0004541,O008299,P0267,2,0,98606.38,0.0,98606.38
OI0004542,O000005,P0272,1,10,21183.57,2118.36,19065.21
OI0004543,O005264,P0105,3,5,122183.07,6109.15,116073.92
OI0004544,O000137,P0065,2,0,62232.94,0.0,62232.94
OI0004545,O008985,P0199,3,15,117238.47,17585.77,99652.7
OI0004546,O003513,P0001,1,5,27929.85,1396.49,26533.36
OI0004547,O009856,P0225,3,0,123259.17,0.0,123259.17
OI0004548,O007233,P0004,2,25,46580.12,11645.03,34935.09
OI0004549,O008607,P0082,2,15,13738.54,2060.78,11677.76
OI0004550,O007969,P0245,1,0,39663.34,0.0,39663.34
OI0004551,O006524,P0037,3,20,5645.1,1129.02,4516.08
OI0004552,O008389,P0244,2,5,68919.1,3445.96,65473.14
OI0004553,O007972,P0281,1,0,34841.91,0.0,34841.91
OI0004554,O009712,P0132,3,0,99919.29,0.0,99919.29
OI0004555,O008788,P0171,2,15,39038.04,5855.71,33182.33
OI0004556,O009718,P0026,1,25,4903.23,1225.81,3677.42
OI0004557,O004797,P0212,4,0,45900.76,0.0,45900.76
OI0004558,O000723,P0143,1,5,18943.1,947.16,17995.94
OI0004559,O007228,P0165,1,0,2565.38,0.0,2565.38
OI0004560,O008286,P0127,1,10,2568.64,256.86,2311.78
OI0004561,O002895,P0042,1,20,23558.2,4711.64,18846.56
OI0004562,O009340,P0269,3,0,115041.27,0.0,115041.27
OI0004563,O009767,P0144,4,5,134710.76,6735.54,127975.22
OI0004564,O004109,P0042,2,0,47116.4,0.0,47116.4
OI0004565,O004836,P0038,3,0,89214.51,0.0,89214.51
OI0004566,O002602,P0193,1,0,21458.88,0.0,21458.88
OI0004567,O008101,P0133,2,10,28901.62,2890.16,26011.46
OI0004568,O001209,P0030,1,0,46682.98,0.0,46682.98
OI0004569,O002083,P0095,4,15,99949.12,14992.37,84956.75
OI0004570,O006693,P0032,1,0,42265.52,0.0,42265.52
OI0004571,O000250,P0195,2,5,23399.78,1169.99,22229.79
OI0004572,O008130,P0298,3,5,139591.47,6979.57,132611.9
OI0004573,O000247,P0005,4,5,18429.64,921.48,17508.16
OI0004574,O005783,P0096,4,0,69144.6,0.0,69144.6
OI0004575,O007607,P0187,2,10,38554.9,3855.49,34699.41
OI0004576,O003506,P0279,4,20,73552.64,14710.53,58842.11
OI0004577,O007788,P0230,3,10,112372.38,11237.24,101135.14
OI0004578,O003742,P0219,4,0,154197.72,0.0,154197.72
OI0004579,O009565,P0275,4,5,107870.6,5393.53,102477.07
OI0004580,O003308,P0106,1,5,24775.76,1238.79,23536.97
OI0004581,O006778,P0236,1,5,1113.12,55.66,1057.46
OI0004582,O003883,P0294,3,5,86225.49,4311.27,81914.22
OI0004583,O009449,P0259,1,0,46277.18,0.0,46277.18
OI0004584,O005019,P0080,4,25,109880.32,27470.08,82410.24
OI0004585,O004160,P0254,3,10,40858.8,4085.88,36772.92
OI0004586,O005126,P0256,3,10,148752.96,14875.3,133877.66
OI0004587,O008032,P0066,2,5,89141.14,4457.06,84684.08
OI0004588,O002847,P0099,1,10,1153.81,115.38,1038.43
OI0004589,O001228,P0284,2,5,76930.64,3846.53,73084.11
OI0004590,O001532,P0171,2,15,39038.04,5855.71,33182.33
OI0004591,O006743,P0241,1,0,42623.02,0.0,42623.02
OI0004592,O004253,P0075,2,0,71904.52,0.0,71904.52
OI0004593,O000387,P0110,4,10,49853.12,4985.31,44867.81
OI0004594,O003681,P0216,1,15,13737.66,2060.65,11677.01
OI0004595,O005330,P0016,1,15,36071.08,5410.66,30660.42
OI0004596,O007276,P0089,2,5,51215.2,2560.76,48654.44
OI0004597,O003798,P0279,1,0,18388.16,0.0,18388.16
OI0004598,O006292,P0187,1,0,19277.45,0.0,19277.45
OI0004599,O002768,P0291,1,5,944.07,47.2,896.87
OI0004600,O005178,P0217,4,15,34601.28,5190.19,29411.09
OI0004601,O002105,P0125,1,5,29847.71,1492.39,28355.32
OI0004602,O008263,P0169,2,10,45747.72,4574.77,41172.95
OI0004603,O008689,P0074,3,0,50980.32,0.0,50980.32
OI0004604,O007202,P0046,2,0,3728.42,0.0,3728.42
OI0004605,O001508,P0278,4,15,123383.84,18507.58,104876.26
OI0004606,O005473,P0288,3,5,3586.74,179.34,3407.4
OI0004607,O002753,P0215,3,25,32730.72,8182.68,24548.04
OI0004608,O001904,P0158,3,0,122695.53,0.0,122695.53
OI0004609,O003993,P0087,4,5,71635.92,3581.8,68054.12
OI0004610,O008621,P0299,1,0,39286.17,0.0,39286.17
OI0004611,O004238,P0111,3,5,135566.13,6778.31,128787.82
OI0004612,O009849,P0012,4,10,139880.52,13988.05,125892.47
OI0004613,O002302,P0146,1,25,26630.38,6657.6,19972.78
OI0004614,O009981,P0092,4,0,79856.08,0.0,79856.08
OI0004615,O004872,P0081,4,0,29583.44,0.0,29583.44
OI0004616,O009514,P0189,4,25,193464.88,48366.22,145098.66
OI0004617,O005776,P0174,1,15,29081.4,4362.21,24719.19
OI0004618,O003835,P0029,1,5,4097.07,204.85,3892.22
OI0004619,O009383,P0160,2,5,25796.36,1289.82,24506.54
OI0004620,O003685,P0242,3,15,102790.32,15418.55,87371.77
OI0004621,O004447,P0143,2,15,37886.2,5682.93,32203.27
OI0004622,O004487,P0188,4,10,167241.68,16724.17,150517.51
OI0004623,O002436,P0210,1,20,43010.34,8602.07,34408.27
OI0004624,O001482,P0156,2,5,19876.84,993.84,18883.0
OI0004625,O002802,P0169,1,0,22873.86,0.0,22873.86
OI0004626,O007907,P0115,2,5,68912.7,3445.64,65467.06
OI0004627,O002861,P0289,1,0,12791.18,0.0,12791.18
OI0004628,O007455,P0300,1,10,10159.44,1015.94,9143.5
OI0004629,O002486,P0050,2,5,94645.94,4732.3,89913.64
OI0004630,O005678,P0266,1,0,38091.4,0.0,38091.4
OI0004631,O009441,P0122,4,20,148523.32,29704.66,118818.66
OI0004632,O007173,P0290,3,0,77896.74,0.0,77896.74
OI0004633,O009459,P0020,2,15,61193.22,9178.98,52014.24
OI0004634,O003223,P0233,4,15,149449.96,22417.49,127032.47
OI0004635,O004410,P0281,2,0,69683.82,0.0,69683.82
OI0004636,O000860,P0055,1,5,5523.61,276.18,5247.43
OI0004637,O004255,P0241,2,10,85246.04,8524.6,76721.44
OI0004638,O001001,P0218,3,20,107934.96,21586.99,86347.97
OI0004639,O002203,P0213,2,10,48277.12,4827.71,43449.41
OI0004640,O008586,P0178,4,0,66316.8,0.0,66316.8
OI0004641,O003144,P0055,4,5,22094.44,1104.72,20989.72
OI0004642,O000649,P0177,3,5,76401.69,3820.08,72581.61
OI0004643,O007819,P0124,2,0,33295.3,0.0,33295.3
OI0004644,O000858,P0138,3,5,3828.06,191.4,3636.66
OI0004645,O001586,P0267,2,20,98606.38,19721.28,78885.1
OI0004646,O006245,P0119,3,10,66655.14,6665.51,59989.63
OI0004647,O006722,P0206,1,5,22654.0,1132.7,21521.3
OI0004648,O009151,P0084,2,15,80496.6,12074.49,68422.11
OI0004649,O001683,P0233,2,25,74724.98,18681.24,56043.74
OI0004650,O001266,P0020,3,25,91789.83,22947.46,68842.37
OI0004651,O005764,P0072,4,0,11021.8,0.0,11021.8
OI0004652,O005425,P0083,2,5,94399.38,4719.97,89679.41
OI0004653,O006839,P0076,3,5,111574.53,5578.73,105995.8
OI0004654,O007694,P0289,4,10,51164.72,5116.47,46048.25
OI0004655,O001740,P0243,1,0,13414.41,0.0,13414.41
OI0004656,O000149,P0276,4,25,199031.76,49757.94,149273.82
OI0004657,O002687,P0287,4,15,100820.64,15123.1,85697.54
OI0004658,O000932,P0102,4,0,9541.8,0.0,9541.8
OI0004659,O002024,P0120,4,5,15039.4,751.97,14287.43
OI0004660,O001343,P0248,3,0,139954.2,0.0,139954.2
OI0004661,O000298,P0275,2,10,53935.3,5393.53,48541.77
OI0004662,O006065,P0205,1,20,330.08,66.02,264.06
OI0004663,O006215,P0166,4,10,44479.64,4447.96,40031.68
OI0004664,O004693,P0267,3,10,147909.57,14790.96,133118.61
OI0004665,O006794,P0283,4,0,108833.92,0.0,108833.92
OI0004666,O008469,P0058,3,25,88267.98,22067.0,66200.98
OI0004667,O005072,P0231,1,5,23587.78,1179.39,22408.39
OI0004668,O006221,P0193,4,25,85835.52,21458.88,64376.64
OI0004669,O006962,P0015,2,10,47153.72,4715.37,42438.35
OI0004670,O000229,P0257,2,10,20059.42,2005.94,18053.48
OI0004671,O008159,P0019,4,10,65005.84,6500.58,58505.26
OI0004672,O001735,P0184,4,5,90552.04,4527.6,86024.44
OI0004673,O009254,P0192,2,20,84714.46,16942.89,67771.57
OI0004674,O006140,P0290,1,25,25965.58,6491.4,19474.18
OI0004675,O007416,P0064,4,5,68578.76,3428.94,65149.82
OI0004676,O001385,P0266,4,0,152365.6,0.0,152365.6
OI0004677,O007710,P0188,3,10,125431.26,12543.13,112888.13
OI0004678,O005918,P0167,4,10,141477.52,14147.75,127329.77
OI0004679,O007112,P0237,4,0,62902.12,0.0,62902.12
OI0004680,O002122,P0066,1,15,44570.57,6685.59,37884.98
OI0004681,O000583,P0288,3,5,3586.74,179.34,3407.4
OI0004682,O009696,P0051,1,25,36720.4,9180.1,27540.3
OI0004683,O003397,P0282,4,15,187623.08,28143.46,159479.62
OI0004684,O007530,P0057,4,0,139656.56,0.0,139656.56
OI0004685,O009140,P0084,3,25,120744.9,30186.22,90558.68
OI0004686,O007918,P0188,3,0,125431.26,0.0,125431.26
OI0004687,O002776,P0183,1,15,27785.3,4167.8,23617.5
OI0004688,O007785,P0262,4,10,189533.48,18953.35,170580.13
OI0004689,O002478,P0007,4,10,58207.84,5820.78,52387.06
OI0004690,O006691,P0154,1,25,28220.9,7055.22,21165.68
OI0004691,O006173,P0118,1,10,9683.76,968.38,8715.38
OI0004692,O001380,P0119,3,20,66655.14,13331.03,53324.11
OI0004693,O007799,P0210,4,20,172041.36,34408.27,137633.09
OI0004694,O003106,P0233,4,15,149449.96,22417.49,127032.47
OI0004695,O006024,P0124,1,10,16647.65,1664.76,14982.89
OI0004696,O004034,P0078,4,0,44843.76,0.0,44843.76
OI0004697,O004958,P0133,4,0,57803.24,0.0,57803.24
OI0004698,O007509,P0215,3,10,32730.72,3273.07,29457.65
OI0004699,O007881,P0256,4,5,198337.28,9916.86,188420.42
OI0004700,O008642,P0001,3,0,83789.55,0.0,83789.55
OI0004701,O003062,P0235,4,25,137520.24,34380.06,103140.18
OI0004702,O008817,P0125,4,20,119390.84,23878.17,95512.67
OI0004703,O007777,P0101,4,5,34848.24,1742.41,33105.83
OI0004704,O007174,P0065,1,20,31116.47,6223.29,24893.18
OI0004705,O004432,P0266,4,0,152365.6,0.0,152365.6
OI0004706,O009093,P0247,4,0,7974.64,0.0,7974.64
OI0004707,O007845,P0178,2,25,33158.4,8289.6,24868.8
OI0004708,O000393,P0297,2,15,41705.68,6255.85,35449.83
OI0004709,O002016,P0077,3,15,8194.59,1229.19,6965.4
OI0004710,O005695,P0068,4,20,165080.84,33016.17,132064.67
OI0004711,O007407,P0280,3,0,59279.19,0.0,59279.19
OI0004712,O003322,P0112,2,15,10793.4,1619.01,9174.39
OI0004713,O007865,P0228,3,5,19370.79,968.54,18402.25
OI0004714,O000247,P0235,4,20,137520.24,27504.05,110016.19
OI0004715,O002600,P0292,2,5,26746.82,1337.34,25409.48
OI0004716,O004061,P0258,4,15,115439.64,17315.95,98123.69
OI0004717,O006208,P0056,3,25,76007.31,19001.83,57005.48
OI0004718,O002783,P0268,3,5,27552.33,1377.62,26174.71
OI0004719,O009338,P0072,1,10,2755.45,275.54,2479.91
OI0004720,O001835,P0212,2,10,22950.38,2295.04,20655.34
OI0004721,O005245,P0062,3,15,80380.74,12057.11,68323.63
OI0004722,O003108,P0028,2,20,94925.32,18985.06,75940.26
OI0004723,O004204,P0156,1,0,9938.42,0.0,9938.42
OI0004724,O002234,P0004,2,25,46580.12,11645.03,34935.09
OI0004725,O008211,P0083,3,15,141599.07,21239.86,120359.21
OI0004726,O002960,P0098,2,0,40088.8,0.0,40088.8
OI0004727,O003818,P0237,1,5,15725.53,786.28,14939.25
OI0004728,O002142,P0260,2,5,15028.9,751.44,14277.46
OI0004729,O003815,P0084,2,0,80496.6,0.0,80496.6
OI0004730,O008320,P0108,2,10,73825.88,7382.59,66443.29
OI0004731,O008182,P0134,2,0,20210.12,0.0,20210.12
OI0004732,O007984,P0230,3,10,112372.38,11237.24,101135.14
OI0004733,O006526,P0118,4,20,38735.04,7747.01,30988.03
OI0004734,O005891,P0081,2,5,14791.72,739.59,14052.13
OI0004735,O001884,P0155,1,10,47257.38,4725.74,42531.64
OI0004736,O007410,P0291,2,0,1888.14,0.0,1888.14
OI0004737,O008171,P0232,1,15,39189.12,5878.37,33310.75
OI0004738,O003699,P0210,4,25,172041.36,43010.34,129031.02
OI0004739,O009844,P0186,1,15,15041.52,2256.23,12785.29
OI0004740,O004066,P0191,4,0,79151.88,0.0,79151.88
OI0004741,O002559,P0115,1,5,34456.35,1722.82,32733.53
OI0004742,O000761,P0101,1,0,8712.06,0.0,8712.06
OI0004743,O008894,P0081,3,10,22187.58,2218.76,19968.82
OI0004744,O006648,P0033,4,15,84137.96,12620.69,71517.27
OI0004745,O002304,P0100,2,25,77338.78,19334.7,58004.08
OI0004746,O003727,P0040,2,10,34854.58,3485.46,31369.12
OI0004747,O009505,P0250,3,10,16505.37,1650.54,14854.83
OI0004748,O004953,P0047,2,0,47234.8,0.0,47234.8
OI0004749,O008336,P0173,3,0,60080.52,0.0,60080.52
OI0004750,O002740,P0283,1,0,27208.48,0.0,27208.48
OI0004751,O008397,P0135,2,0,93658.72,0.0,93658.72
OI0004752,O005922,P0014,4,5,38448.24,1922.41,36525.83
OI0004753,O002175,P0114,1,25,43039.34,10759.84,32279.5
OI0004754,O007101,P0210,4,15,172041.36,25806.2,146235.16
OI0004755,O007017,P0162,4,5,8615.2,430.76,8184.44
OI0004756,O007958,P0046,2,10,3728.42,372.84,3355.58
OI0004757,O002225,P0147,2,0,59145.5,0.0,59145.5
OI0004758,O007919,P0129,2,0,16158.78,0.0,16158.78
OI0004759,O008919,P0236,1,5,1113.12,55.66,1057.46
OI0004760,O003277,P0151,4,5,50455.64,2522.78,47932.86
OI0004761,O008392,P0112,3,0,16190.1,0.0,16190.1
OI0004762,O007337,P0201,1,15,35837.65,5375.65,30462.0
OI0004763,O000434,P0284,3,25,115395.96,28848.99,86546.97
OI0004764,O001288,P0207,2,0,35500.3,0.0,35500.3
OI0004765,O001885,P0016,4,20,144284.32,28856.86,115427.46
OI0004766,O004214,P0127,2,5,5137.28,256.86,4880.42
OI0004767,O004182,P0286,2,10,21429.34,2142.93,19286.41
OI0004768,O004418,P0078,2,0,22421.88,0.0,22421.88
OI0004769,O006402,P0033,1,0,21034.49,0.0,21034.49
OI0004770,O006161,P0037,3,0,5645.1,0.0,5645.1
OI0004771,O001757,P0157,3,0,96463.35,0.0,96463.35
OI0004772,O004790,P0165,3,25,7696.14,1924.04,5772.1
OI0004773,O005484,P0189,2,5,96732.44,4836.62,91895.82
OI0004774,O006763,P0008,1,0,8182.39,0.0,8182.39
OI0004775,O009140,P0257,2,0,20059.42,0.0,20059.42
OI0004776,O007269,P0216,3,15,41212.98,6181.95,35031.03
OI0004777,O000769,P0114,4,15,172157.36,25823.6,146333.76
OI0004778,O002896,P0193,1,25,21458.88,5364.72,16094.16
OI0004779,O000395,P0174,4,10,116325.6,11632.56,104693.04
OI0004780,O008982,P0120,1,10,3759.85,375.98,3383.87
OI0004781,O000897,P0010,4,0,106832.2,0.0,106832.2
OI0004782,O006477,P0210,2,0,86020.68,0.0,86020.68
OI0004783,O008558,P0213,1,20,24138.56,4827.71,19310.85
OI0004784,O004913,P0266,1,15,38091.4,5713.71,32377.69
OI0004785,O005802,P0062,1,15,26793.58,4019.04,22774.54
OI0004786,O008796,P0086,4,5,81784.32,4089.22,77695.1
OI0004787,O007089,P0045,2,5,14902.62,745.13,14157.49
OI0004788,O007437,P0201,2,15,71675.3,10751.3,60924.0
OI0004789,O007006,P0201,1,15,35837.65,5375.65,30462.0
OI0004790,O009978,P0104,2,10,77482.04,7748.2,69733.84
OI0004791,O006372,P0085,4,10,36782.44,3678.24,33104.2
OI0004792,O009924,P0186,4,5,60166.08,3008.3,57157.78
OI0004793,O003214,P0095,1,15,24987.28,3748.09,21239.19
OI0004794,O009124,P0194,3,5,83068.5,4153.42,78915.08
OI0004795,O004792,P0243,3,15,40243.23,6036.48,34206.75
OI0004796,O003287,P0245,1,0,39663.34,0.0,39663.34
OI0004797,O005166,P0024,4,10,92564.44,9256.44,83308.0
OI0004798,O004111,P0225,3,5,123259.17,6162.96,117096.21
OI0004799,O009559,P0183,3,20,83355.9,16671.18,66684.72
OI0004800,O008328,P0113,3,10,147410.61,14741.06,132669.55
OI0004801,O001658,P0179,1,10,25512.92,2551.29,22961.63
OI0004802,O002744,P0200,4,0,43624.96,0.0,43624.96
OI0004803,O005387,P0277,2,10,40149.28,4014.93,36134.35
OI0004804,O003991,P0296,1,15,32337.21,4850.58,27486.63
OI0004805,O003483,P0131,1,20,5464.08,1092.82,4371.26
OI0004806,O001823,P0281,4,15,139367.64,20905.15,118462.49
OI0004807,O003944,P0210,4,5,172041.36,8602.07,163439.29
OI0004808,O001346,P0124,2,5,33295.3,1664.76,31630.54
OI0004809,O000876,P0267,1,5,49303.19,2465.16,46838.03
OI0004810,O002416,P0094,1,10,18898.83,1889.88,17008.95
OI0004811,O008968,P0089,1,0,25607.6,0.0,25607.6
OI0004812,O003905,P0203,3,25,52305.42,13076.36,39229.06
OI0004813,O004505,P0226,4,5,41529.12,2076.46,39452.66
OI0004814,O000408,P0088,1,15,39591.0,5938.65,33652.35
OI0004815,O003807,P0160,1,10,12898.18,1289.82,11608.36
OI0004816,O007795,P0089,2,15,51215.2,7682.28,43532.92
OI0004817,O006910,P0122,3,15,111392.49,16708.87,94683.62
OI0004818,O000308,P0109,3,5,105134.13,5256.71,99877.42
OI0004819,O004159,P0276,1,10,49757.94,4975.79,44782.15
OI0004820,O008269,P0248,3,15,139954.2,20993.13,118961.07
OI0004821,O004047,P0081,3,15,22187.58,3328.14,18859.44
OI0004822,O007968,P0020,2,5,61193.22,3059.66,58133.56
OI0004823,O000365,P0014,2,15,19224.12,2883.62,16340.5
OI0004824,O009491,P0226,3,5,31146.84,1557.34,29589.5
OI0004825,O001960,P0032,2,0,84531.04,0.0,84531.04
OI0004826,O004136,P0200,1,0,10906.24,0.0,10906.24
OI0004827,O008858,P0170,2,10,69926.2,6992.62,62933.58
OI0004828,O003589,P0122,4,5,148523.32,7426.17,141097.15
OI0004829,O008917,P0192,1,0,42357.23,0.0,42357.23
OI0004830,O003528,P0004,2,5,46580.12,2329.01,44251.11
OI0004831,O008406,P0227,3,5,28410.06,1420.5,26989.56
OI0004832,O002007,P0124,1,10,16647.65,1664.76,14982.89
OI0004833,O008281,P0220,2,0,46445.92,0.0,46445.92
OI0004834,O001607,P0191,4,25,79151.88,19787.97,59363.91
OI0004835,O005966,P0235,2,5,68760.12,3438.01,65322.11
OI0004836,O004480,P0194,1,10,27689.5,2768.95,24920.55
OI0004837,O001193,P0045,2,5,14902.62,745.13,14157.49
OI0004838,O004531,P0088,4,15,158364.0,23754.6,134609.4
OI0004839,O007878,P0131,4,10,21856.32,2185.63,19670.69
OI0004840,O002656,P0023,3,5,11764.05,588.2,11175.85
OI0004841,O000319,P0294,1,25,28741.83,7185.46,21556.37
OI0004842,O003166,P0262,4,20,189533.48,37906.7,151626.78
OI0004843,O007538,P0168,4,0,156700.2,0.0,156700.2
OI0004844,O005173,P0255,4,15,49144.84,7371.73,41773.11
OI0004845,O004961,P0035,3,15,95352.93,14302.94,81049.99
OI0004846,O001547,P0025,1,0,44562.04,0.0,44562.04
OI0004847,O007690,P0214,4,25,100167.12,25041.78,75125.34
OI0004848,O004829,P0081,1,0,7395.86,0.0,7395.86
OI0004849,O000988,P0068,4,25,165080.84,41270.21,123810.63
OI0004850,O008616,P0220,4,15,92891.84,13933.78,78958.06
OI0004851,O007415,P0171,1,10,19519.02,1951.9,17567.12
OI0004852,O006290,P0002,1,15,46464.24,6969.64,39494.6
OI0004853,O005202,P0045,3,15,22353.93,3353.09,19000.84
OI0004854,O005935,P0176,3,15,10868.4,1630.26,9238.14
OI0004855,O000375,P0062,1,20,26793.58,5358.72,21434.86
OI0004856,O008239,P0047,1,10,23617.4,2361.74,21255.66
OI0004857,O000500,P0004,3,5,69870.18,3493.51,66376.67
OI0004858,O006651,P0188,1,20,41810.42,8362.08,33448.34
OI0004859,O007759,P0239,1,15,664.38,99.66,564.72
OI0004860,O005244,P0049,3,0,17878.89,0.0,17878.89
OI0004861,O002393,P0076,3,15,111574.53,16736.18,94838.35
OI0004862,O004525,P0034,3,25,66460.74,16615.19,49845.55
OI0004863,O005551,P0300,4,15,40637.76,6095.66,34542.1
OI0004864,O005152,P0233,2,10,74724.98,7472.5,67252.48
OI0004865,O002034,P0056,4,0,101343.08,0.0,101343.08
OI0004866,O004883,P0298,1,25,46530.49,11632.62,34897.87
OI0004867,O009362,P0197,3,10,80076.06,8007.61,72068.45
OI0004868,O003864,P0289,4,0,51164.72,0.0,51164.72
OI0004869,O002991,P0226,4,25,41529.12,10382.28,31146.84
OI0004870,O009309,P0224,1,10,48314.67,4831.47,43483.2
OI0004871,O008438,P0067,4,0,99634.24,0.0,99634.24
OI0004872,O003413,P0042,2,0,47116.4,0.0,47116.4
OI0004873,O009877,P0243,3,25,40243.23,10060.81,30182.42
OI0004874,O000304,P0044,3,5,16636.74,831.84,15804.9
OI0004875,O002025,P0100,1,5,38669.39,1933.47,36735.92
OI0004876,O000450,P0036,1,10,38767.98,3876.8,34891.18
OI0004877,O009133,P0123,3,15,58331.64,8749.75,49581.89
OI0004878,O000534,P0184,3,5,67914.03,3395.7,64518.33
OI0004879,O002472,P0003,4,5,76087.28,3804.36,72282.92
OI0004880,O006182,P0056,1,15,25335.77,3800.37,21535.4
OI0004881,O002579,P0295,1,10,46301.43,4630.14,41671.29
OI0004882,O008083,P0168,3,15,117525.15,17628.77,99896.38
OI0004883,O002653,P0295,2,25,92602.86,23150.72,69452.14
OI0004884,O004978,P0108,1,25,36912.94,9228.24,27684.7
OI0004885,O003759,P0067,1,5,24908.56,1245.43,23663.13
OI0004886,O003898,P0229,1,0,7090.25,0.0,7090.25
OI0004887,O000953,P0094,3,5,56696.49,2834.82,53861.67
OI0004888,O009691,P0003,4,20,76087.28,15217.46,60869.82
OI0004889,O006359,P0230,3,0,112372.38,0.0,112372.38
OI0004890,O003576,P0131,3,0,16392.24,0.0,16392.24
OI0004891,O000914,P0037,1,15,1881.7,282.26,1599.44
OI0004892,O003038,P0219,1,25,38549.43,9637.36,28912.07
OI0004893,O004056,P0152,2,0,22796.72,0.0,22796.72
OI0004894,O003280,P0198,3,0,121466.76,0.0,121466.76
OI0004895,O005086,P0065,4,20,124465.88,24893.18,99572.7
OI0004896,O007961,P0121,4,5,78415.76,3920.79,74494.97
OI0004897,O003494,P0122,3,10,111392.49,11139.25,100253.24
OI0004898,O002023,P0160,1,20,12898.18,2579.64,10318.54
OI0004899,O005761,P0190,1,5,22044.04,1102.2,20941.84
OI0004900,O005288,P0101,2,10,17424.12,1742.41,15681.71
OI0004901,O000951,P0292,4,25,53493.64,13373.41,40120.23
OI0004902,O009055,P0066,1,15,44570.57,6685.59,37884.98
OI0004903,O009823,P0270,1,5,17071.3,853.56,16217.74
OI0004904,O004065,P0046,1,15,1864.21,279.63,1584.58
OI0004905,O008780,P0205,2,0,660.16,0.0,660.16
OI0004906,O009463,P0027,4,0,197780.04,0.0,197780.04
OI0004907,O008875,P0029,2,15,8194.14,1229.12,6965.02
OI0004908,O001328,P0269,2,5,76694.18,3834.71,72859.47
OI0004909,O008486,P0025,2,0,89124.08,0.0,89124.08
OI0004910,O009050,P0100,2,5,77338.78,3866.94,73471.84
OI0004911,O004350,P0282,3,0,140717.31,0.0,140717.31
OI0004912,O000913,P0048,1,5,47730.5,2386.52,45343.98
OI0004913,O008173,P0164,2,0,74560.52,0.0,74560.52
OI0004914,O009381,P0208,4,20,111334.04,22266.81,89067.23
OI0004915,O007874,P0074,2,15,33986.88,5098.03,28888.85
OI0004916,O008862,P0057,2,5,69828.28,3491.41,66336.87
OI0004917,O009104,P0091,4,10,148003.2,14800.32,133202.88
OI0004918,O009772,P0194,2,20,55379.0,11075.8,44303.2
OI0004919,O001723,P0200,1,25,10906.24,2726.56,8179.68
OI0004920,O007300,P0009,4,0,109266.64,0.0,109266.64
OI0004921,O004255,P0244,1,15,34459.55,5168.93,29290.62
OI0004922,O005417,P0072,4,0,11021.8,0.0,11021.8
OI0004923,O009804,P0283,3,0,81625.44,0.0,81625.44
OI0004924,O008578,P0046,1,0,1864.21,0.0,1864.21
OI0004925,O005640,P0213,2,10,48277.12,4827.71,43449.41
OI0004926,O005739,P0297,2,5,41705.68,2085.28,39620.4
OI0004927,O005160,P0158,2,0,81797.02,0.0,81797.02
OI0004928,O006761,P0172,4,10,32650.72,3265.07,29385.65
OI0004929,O006462,P0257,2,10,20059.42,2005.94,18053.48
OI0004930,O009786,P0047,1,15,23617.4,3542.61,20074.79
OI0004931,O001351,P0221,1,15,35760.53,5364.08,30396.45
OI0004932,O007767,P0234,3,10,90926.13,9092.61,81833.52
OI0004933,O000174,P0158,4,5,163594.04,8179.7,155414.34
OI0004934,O008551,P0015,1,0,23576.86,0.0,23576.86
OI0004935,O009882,P0084,2,20,80496.6,16099.32,64397.28
OI0004936,O009002,P0166,2,5,22239.82,1111.99,21127.83
OI0004937,O000943,P0023,1,0,3921.35,0.0,3921.35
OI0004938,O004530,P0185,3,15,43254.45,6488.17,36766.28
OI0004939,O000429,P0209,3,0,28690.35,0.0,28690.35
OI0004940,O001945,P0035,1,5,31784.31,1589.22,30195.09
OI0004941,O002356,P0194,1,5,27689.5,1384.48,26305.02
OI0004942,O009607,P0239,4,5,2657.52,132.88,2524.64
OI0004943,O004374,P0181,4,0,63150.64,0.0,63150.64
OI0004944,O003229,P0031,1,0,18283.0,0.0,18283.0
OI0004945,O007896,P0287,2,10,50410.32,5041.03,45369.29
OI0004946,O004264,P0200,1,5,10906.24,545.31,10360.93
OI0004947,O005556,P0181,4,5,63150.64,3157.53,59993.11
OI0004948,O006514,P0184,1,5,22638.01,1131.9,21506.11
OI0004949,O004044,P0083,3,10,141599.07,14159.91,127439.16
OI0004950,O007680,P0044,4,0,22182.32,0.0,22182.32
OI0004951,O006523,P0058,3,0,88267.98,0.0,88267.98
OI0004952,O000569,P0141,4,5,64871.16,3243.56,61627.6
OI0004953,O008030,P0068,4,10,165080.84,16508.08,148572.76
OI0004954,O006243,P0179,4,15,102051.68,15307.75,86743.93
OI0004955,O002211,P0125,2,5,59695.42,2984.77,56710.65
OI0004956,O008026,P0190,4,15,88176.16,13226.42,74949.74
OI0004957,O005395,P0191,3,5,59363.91,2968.2,56395.71
OI0004958,O007125,P0072,4,15,11021.8,1653.27,9368.53
OI0004959,O000344,P0086,3,10,61338.24,6133.82,55204.42
OI0004960,O002584,P0168,1,10,39175.05,3917.5,35257.55
OI0004961,O006752,P0157,3,5,96463.35,4823.17,91640.18
OI0004962,O003193,P0145,3,0,117486.93,0.0,117486.93
OI0004963,O000154,P0001,3,0,83789.55,0.0,83789.55
OI0004964,O007250,P0096,4,5,69144.6,3457.23,65687.37
OI0004965,O007445,P0212,3,0,34425.57,0.0,34425.57
OI0004966,O004222,P0001,3,0,83789.55,0.0,83789.55
OI0004967,O005404,P0169,3,10,68621.58,6862.16,61759.42
OI0004968,O007804,P0219,3,10,115648.29,11564.83,104083.46
OI0004969,O001871,P0151,3,0,37841.73,0.0,37841.73
OI0004970,O007959,P0274,2,20,46697.04,9339.41,37357.63
OI0004971,O003253,P0244,1,20,34459.55,6891.91,27567.64
OI0004972,O005941,P0095,3,5,74961.84,3748.09,71213.75
OI0004973,O003548,P0156,1,10,9938.42,993.84,8944.58
OI0004974,O003908,P0085,4,20,36782.44,7356.49,29425.95
OI0004975,O009577,P0140,3,15,75453.48,11318.02,64135.46
OI0004976,O007007,P0229,4,5,28361.0,1418.05,26942.95
OI0004977,O007805,P0088,2,5,79182.0,3959.1,75222.9
OI0004978,O001476,P0049,4,15,23838.52,3575.78,20262.74
OI0004979,O004002,P0243,4,5,53657.64,2682.88,50974.76
OI0004980,O009350,P0097,4,15,48983.64,7347.55,41636.09
OI0004981,O003935,P0016,3,0,108213.24,0.0,108213.24
OI0004982,O004991,P0256,4,15,198337.28,29750.59,168586.69
OI0004983,O004786,P0155,2,15,94514.76,14177.21,80337.55
OI0004984,O003864,P0181,3,25,47362.98,11840.74,35522.24
OI0004985,O002521,P0164,3,10,111840.78,11184.08,100656.7
OI0004986,O004101,P0290,1,10,25965.58,2596.56,23369.02
OI0004987,O007734,P0004,4,5,93160.24,4658.01,88502.23
OI0004988,O000778,P0118,4,0,38735.04,0.0,38735.04
OI0004989,O008413,P0026,3,0,14709.69,0.0,14709.69
OI0004990,O009822,P0148,3,20,30569.1,6113.82,24455.28
OI0004991,O001542,P0205,4,10,1320.32,132.03,1188.29
OI0004992,O005648,P0099,2,5,2307.62,115.38,2192.24
OI0004993,O007740,P0138,1,20,1276.02,255.2,1020.82
OI0004994,O009157,P0264,4,0,43535.64,0.0,43535.64
OI0004995,O006056,P0145,3,10,117486.93,11748.69,105738.24
OI0004996,O006644,P0069,1,15,20226.39,3033.96,17192.43
OI0004997,O006851,P0286,1,0,10714.67,0.0,10714.67
OI0004998,O009186,P0095,4,0,99949.12,0.0,99949.12
OI0004999,O003521,P0061,3,0,103787.73,0.0,103787.73
OI0005000,O006389,P0024,3,25,69423.33,17355.83,52067.5
OI0005001,O008454,P0081,3,15,22187.58,3328.14,18859.44
OI0005002,O004639,P0245,4,0,158653.36,0.0,158653.36
OI0005003,O003423,P0226,3,15,31146.84,4672.03,26474.81
OI0005004,O002082,P0107,4,5,41705.36,2085.27,39620.09
OI0005005,O000488,P0035,3,0,95352.93,0.0,95352.93
OI0005006,O009973,P0118,1,25,9683.76,2420.94,7262.82
OI0005007,O003421,P0189,2,0,96732.44,0.0,96732.44
OI0005008,O007614,P0271,1,15,8945.2,1341.78,7603.42
OI0005009,O006614,P0292,3,20,40120.23,8024.05,32096.18
OI0005010,O006438,P0122,1,10,37130.83,3713.08,33417.75
OI0005011,O004984,P0165,2,25,5130.76,1282.69,3848.07
OI0005012,O001783,P0062,1,0,26793.58,0.0,26793.58
OI0005013,O007556,P0218,3,25,107934.96,26983.74,80951.22
OI0005014,O000277,P0203,3,0,52305.42,0.0,52305.42
OI0005015,O009892,P0268,4,10,36736.44,3673.64,33062.8
OI0005016,O008690,P0238,3,20,95887.62,19177.52,76710.1
OI0005017,O005363,P0136,2,10,2243.04,224.3,2018.74
OI0005018,O008039,P0297,4,10,83411.36,8341.14,75070.22
OI0005019,O003929,P0069,3,0,60679.17,0.0,60679.17
OI0005020,O004455,P0109,3,25,105134.13,26283.53,78850.6
OI0005021,O002840,P0259,3,0,138831.54,0.0,138831.54
OI0005022,O000278,P0043,3,20,50516.97,10103.39,40413.58
OI0005023,O004267,P0086,1,25,20446.08,5111.52,15334.56
OI0005024,O001520,P0281,4,5,139367.64,6968.38,132399.26
OI0005025,O006833,P0004,4,15,93160.24,13974.04,79186.2
OI0005026,O004472,P0037,3,0,5645.1,0.0,5645.1
OI0005027,O005138,P0136,1,15,1121.52,168.23,953.29
OI0005028,O006444,P0009,2,10,54633.32,5463.33,49169.99
OI0005029,O004205,P0079,1,0,13857.24,0.0,13857.24
OI0005030,O009248,P0243,1,20,13414.41,2682.88,10731.53
OI0005031,O001466,P0272,1,15,21183.57,3177.54,18006.03
OI0005032,O001080,P0172,4,0,32650.72,0.0,32650.72
OI0005033,O009956,P0239,1,10,664.38,66.44,597.94
OI0005034,O002495,P0065,1,5,31116.47,1555.82,29560.65
OI0005035,O006636,P0014,1,15,9612.06,1441.81,8170.25
OI0005036,O009081,P0219,2,10,77098.86,7709.89,69388.97
OI0005037,O008324,P0126,4,0,174539.16,0.0,174539.16
OI0005038,O009454,P0026,3,0,14709.69,0.0,14709.69
OI0005039,O000250,P0253,4,15,44948.16,6742.22,38205.94
OI0005040,O001066,P0272,2,15,42367.14,6355.07,36012.07
OI0005041,O000997,P0220,1,5,23222.96,1161.15,22061.81
OI0005042,O000231,P0203,1,10,17435.14,1743.51,15691.63
OI0005043,O009020,P0023,1,10,3921.35,392.14,3529.21
OI0005044,O000404,P0094,2,0,37797.66,0.0,37797.66
OI0005045,O004077,P0223,1,10,7085.12,708.51,6376.61
OI0005046,O003964,P0148,2,5,20379.4,1018.97,19360.43
OI0005047,O003453,P0059,1,10,41671.4,4167.14,37504.26
OI0005048,O008047,P0159,1,0,28099.02,0.0,28099.02
OI0005049,O007957,P0132,2,10,66612.86,6661.29,59951.57
OI0005050,O004223,P0256,2,20,99168.64,19833.73,79334.91
OI0005051,O005765,P0018,2,10,39788.72,3978.87,35809.85
OI0005052,O008432,P0191,2,10,39575.94,3957.59,35618.35
OI0005053,O007718,P0223,4,15,28340.48,4251.07,24089.41
OI0005054,O006714,P0019,4,0,65005.84,0.0,65005.84
OI0005055,O008880,P0119,1,0,22218.38,0.0,22218.38
OI0005056,O008555,P0220,1,20,23222.96,4644.59,18578.37
OI0005057,O004270,P0166,3,20,33359.73,6671.95,26687.78
OI0005058,O004951,P0157,1,10,32154.45,3215.44,28939.01
OI0005059,O002305,P0248,1,0,46651.4,0.0,46651.4
OI0005060,O002148,P0255,1,20,12286.21,2457.24,9828.97
OI0005061,O002535,P0176,4,0,14491.2,0.0,14491.2
OI0005062,O009564,P0176,1,20,3622.8,724.56,2898.24
OI0005063,O002593,P0189,1,5,48366.22,2418.31,45947.91
OI0005064,O003438,P0176,3,0,10868.4,0.0,10868.4
OI0005065,O005272,P0082,4,20,27477.08,5495.42,21981.66
OI0005066,O002630,P0264,4,10,43535.64,4353.56,39182.08
OI0005067,O006798,P0214,2,5,50083.56,2504.18,47579.38
OI0005068,O008288,P0088,1,10,39591.0,3959.1,35631.9
OI0005069,O008531,P0270,1,20,17071.3,3414.26,13657.04
OI0005070,O009670,P0256,4,0,198337.28,0.0,198337.28
OI0005071,O001108,P0047,2,0,47234.8,0.0,47234.8
OI0005072,O007641,P0024,2,15,46282.22,6942.33,39339.89
OI0005073,O004221,P0250,3,10,16505.37,1650.54,14854.83
OI0005074,O002388,P0287,3,20,75615.48,15123.1,60492.38
OI0005075,O000651,P0048,4,5,190922.0,9546.1,181375.9
OI0005076,O005629,P0045,4,10,29805.24,2980.52,26824.72
OI0005077,O006816,P0157,4,0,128617.8,0.0,128617.8
OI0005078,O001437,P0119,4,20,88873.52,17774.7,71098.82
OI0005079,O003358,P0110,3,0,37389.84,0.0,37389.84
OI0005080,O003158,P0191,2,0,39575.94,0.0,39575.94
OI0005081,O004235,P0048,4,10,190922.0,19092.2,171829.8
OI0005082,O009172,P0194,1,15,27689.5,4153.42,23536.08
OI0005083,O000704,P0037,2,0,3763.4,0.0,3763.4
OI0005084,O006054,P0251,1,0,24693.47,0.0,24693.47
OI0005085,O001212,P0126,4,5,174539.16,8726.96,165812.2
OI0005086,O009607,P0045,2,20,14902.62,2980.52,11922.1
OI0005087,O004999,P0185,4,15,57672.6,8650.89,49021.71
OI0005088,O008132,P0018,2,5,39788.72,1989.44,37799.28
OI0005089,O007460,P0013,2,5,62525.72,3126.29,59399.43
OI0005090,O001062,P0285,2,25,9282.98,2320.74,6962.24
OI0005091,O001060,P0202,1,10,40041.71,4004.17,36037.54
OI0005092,O008307,P0020,1,0,30596.61,0.0,30596.61
OI0005093,O008706,P0229,4,0,28361.0,0.0,28361.0
OI0005094,O008503,P0233,1,0,37362.49,0.0,37362.49
OI0005095,O009982,P0189,1,0,48366.22,0.0,48366.22
OI0005096,O000845,P0086,4,15,81784.32,12267.65,69516.67
OI0005097,O003260,P0118,4,5,38735.04,1936.75,36798.29
OI0005098,O004121,P0171,3,25,58557.06,14639.26,43917.8
OI0005099,O008974,P0175,3,5,142236.15,7111.81,135124.34
OI0005100,O007408,P0282,2,0,93811.54,0.0,93811.54
OI0005101,O005513,P0129,1,0,8079.39,0.0,8079.39
OI0005102,O000675,P0223,1,10,7085.12,708.51,6376.61
OI0005103,O009477,P0201,2,25,71675.3,17918.82,53756.48
OI0005104,O004332,P0026,2,25,9806.46,2451.61,7354.85
OI0005105,O001486,P0064,2,0,34289.38,0.0,34289.38
OI0005106,O009726,P0190,1,15,22044.04,3306.61,18737.43
OI0005107,O002117,P0262,1,15,47383.37,7107.51,40275.86
OI0005108,O005371,P0249,4,0,69555.84,0.0,69555.84
OI0005109,O006831,P0110,1,5,12463.28,623.16,11840.12
OI0005110,O000735,P0066,3,0,133711.71,0.0,133711.71
OI0005111,O007498,P0170,4,0,139852.4,0.0,139852.4
OI0005112,O003568,P0027,2,5,98890.02,4944.5,93945.52
OI0005113,O001021,P0286,1,10,10714.67,1071.47,9643.2
OI0005114,O006493,P0082,2,0,13738.54,0.0,13738.54
OI0005115,O006160,P0098,3,25,60133.2,15033.3,45099.9
OI0005116,O000209,P0213,2,10,48277.12,4827.71,43449.41
OI0005117,O007211,P0065,4,15,124465.88,18669.88,105796.0
OI0005118,O009166,P0175,1,10,47412.05,4741.2,42670.85
OI0005119,O006828,P0160,2,10,25796.36,2579.64,23216.72
OI0005120,O001929,P0162,1,5,2153.8,107.69,2046.11
OI0005121,O004935,P0117,4,20,144680.4,28936.08,115744.32
OI0005122,O009808,P0270,4,5,68285.2,3414.26,64870.94
OI0005123,O001724,P0005,4,25,18429.64,4607.41,13822.23
OI0005124,O007475,P0036,3,0,116303.94,0.0,116303.94
OI0005125,O008728,P0126,4,0,174539.16,0.0,174539.16
OI0005126,O008574,P0246,3,15,46432.08,6964.81,39467.27
OI0005127,O006907,P0265,1,10,31774.94,3177.49,28597.45
OI0005128,O003063,P0109,4,15,140178.84,21026.83,119152.01
OI0005129,O006126,P0163,4,10,61640.48,6164.05,55476.43
OI0005130,O009399,P0046,3,10,5592.63,559.26,5033.37
OI0005131,O005878,P0105,4,0,162910.76,0.0,162910.76
OI0005132,O005251,P0269,2,20,76694.18,15338.84,61355.34
OI0005133,O005487,P0061,3,10,103787.73,10378.77,93408.96
OI0005134,O005994,P0030,3,0,140048.94,0.0,140048.94
OI0005135,O004039,P0098,3,0,60133.2,0.0,60133.2
OI0005136,O008467,P0032,3,15,126796.56,19019.48,107777.08
OI0005137,O004522,P0231,1,0,23587.78,0.0,23587.78
OI0005138,O003400,P0195,3,20,35099.67,7019.93,28079.74
OI0005139,O006871,P0098,1,15,20044.4,3006.66,17037.74
OI0005140,O007060,P0136,1,5,1121.52,56.08,1065.44
OI0005141,O003873,P0032,1,20,42265.52,8453.1,33812.42
OI0005142,O008582,P0263,2,20,88501.36,17700.27,70801.09
OI0005143,O008463,P0276,2,20,99515.88,19903.18,79612.7
OI0005144,O003022,P0149,1,5,14508.05,725.4,13782.65
OI0005145,O000457,P0092,4,15,79856.08,11978.41,67877.67
OI0005146,O008538,P0038,2,10,59476.34,5947.63,53528.71
OI0005147,O003328,P0105,3,10,122183.07,12218.31,109964.76
OI0005148,O005919,P0165,4,5,10261.52,513.08,9748.44
OI0005149,O003457,P0017,2,0,53129.8,0.0,53129.8
OI0005150,O005267,P0161,3,0,39822.0,0.0,39822.0
OI0005151,O009743,P0010,4,15,106832.2,16024.83,90807.37
OI0005152,O003874,P0037,2,25,3763.4,940.85,2822.55
OI0005153,O005202,P0127,4,0,10274.56,0.0,10274.56
OI0005154,O003758,P0251,1,10,24693.47,2469.35,22224.12
OI0005155,O009267,P0284,1,5,38465.32,1923.27,36542.05
OI0005156,O002315,P0215,2,10,21820.48,2182.05,19638.43
OI0005157,O003563,P0170,3,0,104889.3,0.0,104889.3
OI0005158,O004946,P0120,3,15,11279.55,1691.93,9587.62
OI0005159,O007616,P0058,1,10,29422.66,2942.27,26480.39
OI0005160,O006401,P0176,3,5,10868.4,543.42,10324.98
OI0005161,O002057,P0016,1,15,36071.08,5410.66,30660.42
OI0005162,O004417,P0235,2,10,68760.12,6876.01,61884.11
OI0005163,O001367,P0224,2,5,96629.34,4831.47,91797.87
OI0005164,O007425,P0062,4,10,107174.32,10717.43,96456.89
OI0005165,O003962,P0089,2,25,51215.2,12803.8,38411.4
OI0005166,O009364,P0143,4,0,75772.4,0.0,75772.4
OI0005167,O002240,P0016,1,25,36071.08,9017.77,27053.31
OI0005168,O009108,P0209,4,0,38253.8,0.0,38253.8
OI0005169,O005244,P0027,4,0,197780.04,0.0,197780.04
OI0005170,O009553,P0047,2,25,47234.8,11808.7,35426.1
OI0005171,O000085,P0154,4,20,112883.6,22576.72,90306.88
OI0005172,O005032,P0139,3,5,72845.79,3642.29,69203.5
OI0005173,O009688,P0091,1,5,37000.8,1850.04,35150.76
OI0005174,O007838,P0009,3,5,81949.98,4097.5,77852.48
OI0005175,O001559,P0182,2,0,82056.86,0.0,82056.86
OI0005176,O005240,P0011,1,0,3977.41,0.0,3977.41
OI0005177,O005176,P0007,1,0,14551.96,0.0,14551.96
OI0005178,O006545,P0028,4,10,189850.64,18985.06,170865.58
OI0005179,O004610,P0062,1,10,26793.58,2679.36,24114.22
OI0005180,O004458,P0164,2,15,74560.52,11184.08,63376.44
OI0005181,O003800,P0115,1,0,34456.35,0.0,34456.35
OI0005182,O000033,P0073,1,10,19130.48,1913.05,17217.43
OI0005183,O001785,P0099,4,25,4615.24,1153.81,3461.43
OI0005184,O008463,P0191,2,20,39575.94,7915.19,31660.75
OI0005185,O009578,P0205,2,10,660.16,66.02,594.14
OI0005186,O006818,P0068,4,0,165080.84,0.0,165080.84
OI0005187,O008636,P0266,4,0,152365.6,0.0,152365.6
OI0005188,O008340,P0026,3,10,14709.69,1470.97,13238.72
OI0005189,O002519,P0242,3,10,102790.32,10279.03,92511.29
OI0005190,O008735,P0145,4,25,156649.24,39162.31,117486.93
OI0005191,O002026,P0155,3,20,141772.14,28354.43,113417.71
OI0005192,O008544,P0278,1,5,30845.96,1542.3,29303.66
OI0005193,O000369,P0108,2,5,73825.88,3691.29,70134.59
OI0005194,O006169,P0036,3,0,116303.94,0.0,116303.94
OI0005195,O007680,P0289,3,0,38373.54,0.0,38373.54
OI0005196,O004428,P0181,2,10,31575.32,3157.53,28417.79
OI0005197,O000780,P0255,1,0,12286.21,0.0,12286.21
OI0005198,O009676,P0157,2,0,64308.9,0.0,64308.9
OI0005199,O007667,P0123,2,25,38887.76,9721.94,29165.82
OI0005200,O002486,P0271,4,15,35780.8,5367.12,30413.68
OI0005201,O006288,P0182,2,10,82056.86,8205.69,73851.17
OI0005202,O002750,P0243,1,20,13414.41,2682.88,10731.53
OI0005203,O004170,P0190,4,0,88176.16,0.0,88176.16
OI0005204,O009208,P0057,3,5,104742.42,5237.12,99505.3
OI0005205,O006026,P0128,4,5,77581.72,3879.09,73702.63
OI0005206,O007259,P0079,3,25,41571.72,10392.93,31178.79
OI0005207,O009268,P0071,1,25,3261.99,815.5,2446.49
OI0005208,O009232,P0058,2,10,58845.32,5884.53,52960.79
OI0005209,O002703,P0285,2,5,9282.98,464.15,8818.83
OI0005210,O001016,P0046,3,25,5592.63,1398.16,4194.47
OI0005211,O004623,P0243,3,0,40243.23,0.0,40243.23
OI0005212,O009862,P0054,2,5,82740.08,4137.0,78603.08
OI0005213,O008145,P0208,1,15,27833.51,4175.03,23658.48
OI0005214,O007789,P0085,3,15,27586.83,4138.02,23448.81
OI0005215,O006258,P0007,1,10,14551.96,1455.2,13096.76
OI0005216,O005207,P0285,4,25,18565.96,4641.49,13924.47
OI0005217,O002274,P0137,1,0,22000.31,0.0,22000.31
OI0005218,O006268,P0049,4,10,23838.52,2383.85,21454.67
OI0005219,O001643,P0193,2,20,42917.76,8583.55,34334.21
OI0005220,O002393,P0084,1,0,40248.3,0.0,40248.3
OI0005221,O004390,P0095,2,20,49974.56,9994.91,39979.65
OI0005222,O002512,P0015,1,10,23576.86,2357.69,21219.17
OI0005223,O001577,P0179,3,5,76538.76,3826.94,72711.82
OI0005224,O007308,P0034,2,10,44307.16,4430.72,39876.44
OI0005225,O005568,P0069,2,25,40452.78,10113.2,30339.58
OI0005226,O003739,P0246,2,25,30954.72,7738.68,23216.04
OI0005227,O000504,P0214,4,5,100167.12,5008.36,95158.76
OI0005228,O000326,P0012,2,25,69940.26,17485.06,52455.2
OI0005229,O009773,P0173,3,0,60080.52,0.0,60080.52
OI0005230,O004888,P0159,2,0,56198.04,0.0,56198.04
OI0005231,O000552,P0221,4,10,143042.12,14304.21,128737.91
OI0005232,O003929,P0150,4,10,33045.6,3304.56,29741.04
OI0005233,O008485,P0240,2,10,3682.5,368.25,3314.25
OI0005234,O009987,P0072,3,0,8266.35,0.0,8266.35
OI0005235,O009156,P0192,1,10,42357.23,4235.72,38121.51
OI0005236,O001604,P0229,3,0,21270.75,0.0,21270.75
OI0005237,O002793,P0284,1,5,38465.32,1923.27,36542.05
OI0005238,O009822,P0234,4,5,121234.84,6061.74,115173.1
OI0005239,O008485,P0043,4,0,67355.96,0.0,67355.96
OI0005240,O000114,P0279,4,10,73552.64,7355.26,66197.38
OI0005241,O005675,P0243,2,15,26828.82,4024.32,22804.5
OI0005242,O003157,P0097,2,20,24491.82,4898.36,19593.46
OI0005243,O002820,P0090,4,10,26263.68,2626.37,23637.31
OI0005244,O006343,P0235,1,0,34380.06,0.0,34380.06
OI0005245,O000634,P0097,2,0,24491.82,0.0,24491.82
OI0005246,O004637,P0294,3,10,86225.49,8622.55,77602.94
OI0005247,O007779,P0272,3,5,63550.71,3177.54,60373.17
OI0005248,O007776,P0074,3,5,50980.32,2549.02,48431.3
OI0005249,O009066,P0252,1,10,38468.7,3846.87,34621.83
OI0005250,O002804,P0041,1,10,17527.84,1752.78,15775.06
OI0005251,O007307,P0300,1,0,10159.44,0.0,10159.44
OI0005252,O009714,P0273,4,5,158928.12,7946.41,150981.71
OI0005253,O005557,P0299,2,15,78572.34,11785.85,66786.49
OI0005254,O005649,P0279,4,5,73552.64,3677.63,69875.01
OI0005255,O005772,P0001,1,5,27929.85,1396.49,26533.36
OI0005256,O009735,P0093,3,10,39877.89,3987.79,35890.1
OI0005257,O003564,P0281,1,0,34841.91,0.0,34841.91
OI0005258,O001589,P0006,3,20,91581.48,18316.3,73265.18
OI0005259,O005730,P0275,2,5,53935.3,2696.76,51238.54
OI0005260,O009469,P0103,4,15,131012.76,19651.91,111360.85
OI0005261,O008266,P0294,1,5,28741.83,1437.09,27304.74
OI0005262,O002485,P0107,4,10,41705.36,4170.54,37534.82
OI0005263,O007685,P0230,4,5,149829.84,7491.49,142338.35
OI0005264,O001889,P0205,3,15,990.24,148.54,841.7
OI0005265,O004772,P0178,3,0,49737.6,0.0,49737.6
OI0005266,O001390,P0098,1,5,20044.4,1002.22,19042.18
OI0005267,O004218,P0058,4,10,117690.64,11769.06,105921.58
OI0005268,O004747,P0177,2,10,50934.46,5093.45,45841.01
OI0005269,O008640,P0098,1,0,20044.4,0.0,20044.4
OI0005270,O005465,P0225,2,5,82172.78,4108.64,78064.14
OI0005271,O006691,P0236,4,0,4452.48,0.0,4452.48
OI0005272,O004899,P0092,4,20,79856.08,15971.22,63884.86
OI0005273,O006179,P0251,4,25,98773.88,24693.47,74080.41
OI0005274,O006945,P0216,3,5,41212.98,2060.65,39152.33
OI0005275,O009293,P0205,1,10,330.08,33.01,297.07
OI0005276,O009593,P0026,1,10,4903.23,490.32,4412.91
OI0005277,O007596,P0135,3,0,140488.08,0.0,140488.08
OI0005278,O005864,P0044,2,15,11091.16,1663.67,9427.49
OI0005279,O000294,P0142,1,10,6780.66,678.07,6102.59
OI0005280,O009770,P0052,1,10,31946.44,3194.64,28751.8
OI0005281,O004269,P0160,1,0,12898.18,0.0,12898.18
OI0005282,O007198,P0203,4,0,69740.56,0.0,69740.56
OI0005283,O004059,P0075,2,25,71904.52,17976.13,53928.39
OI0005284,O005283,P0185,4,25,57672.6,14418.15,43254.45
OI0005285,O007196,P0052,3,0,95839.32,0.0,95839.32
OI0005286,O005545,P0239,3,10,1993.14,199.31,1793.83
OI0005287,O008496,P0114,4,0,172157.36,0.0,172157.36
OI0005288,O002952,P0189,3,15,145098.66,21764.8,123333.86
OI0005289,O004762,P0062,4,0,107174.32,0.0,107174.32
OI0005290,O007019,P0246,2,10,30954.72,3095.47,27859.25
OI0005291,O009954,P0214,2,10,50083.56,5008.36,45075.2
OI0005292,O005757,P0159,3,0,84297.06,0.0,84297.06
OI0005293,O002931,P0287,1,10,25205.16,2520.52,22684.64
OI0005294,O002717,P0012,2,25,69940.26,17485.06,52455.2
OI0005295,O006967,P0291,3,0,2832.21,0.0,2832.21
OI0005296,O005826,P0169,3,15,68621.58,10293.24,58328.34
OI0005297,O009542,P0027,1,5,49445.01,2472.25,46972.76
OI0005298,O003376,P0076,1,5,37191.51,1859.58,35331.93
OI0005299,O008144,P0156,2,10,19876.84,1987.68,17889.16
OI0005300,O001611,P0075,2,25,71904.52,17976.13,53928.39
OI0005301,O000123,P0259,3,0,138831.54,0.0,138831.54
OI0005302,O006565,P0003,4,25,76087.28,19021.82,57065.46
OI0005303,O005379,P0285,2,0,9282.98,0.0,9282.98
OI0005304,O007605,P0054,4,25,165480.16,41370.04,124110.12
OI0005305,O008360,P0223,4,0,28340.48,0.0,28340.48
OI0005306,O008721,P0229,1,0,7090.25,0.0,7090.25
OI0005307,O008574,P0149,4,25,58032.2,14508.05,43524.15
OI0005308,O002790,P0238,2,5,63925.08,3196.25,60728.83
OI0005309,O005484,P0041,2,0,35055.68,0.0,35055.68
OI0005310,O007983,P0234,4,20,121234.84,24246.97,96987.87
OI0005311,O003978,P0020,2,25,61193.22,15298.3,45894.92
OI0005312,O007229,P0246,2,15,30954.72,4643.21,26311.51
OI0005313,O000245,P0060,1,25,3798.13,949.53,2848.6
OI0005314,O001949,P0203,2,5,34870.28,1743.51,33126.77
OI0005315,O001353,P0183,1,10,27785.3,2778.53,25006.77
OI0005316,O001730,P0259,2,15,92554.36,13883.15,78671.21
OI0005317,O008004,P0124,4,25,66590.6,16647.65,49942.95
OI0005318,O004265,P0270,3,20,51213.9,10242.78,40971.12
OI0005319,O005352,P0109,4,0,140178.84,0.0,140178.84
OI0005320,O001118,P0227,4,5,37880.08,1894.0,35986.08
OI0005321,O008171,P0188,2,10,83620.84,8362.08,75258.76
OI0005322,O000459,P0177,1,20,25467.23,5093.45,20373.78
OI0005323,O000519,P0063,1,5,19081.21,954.06,18127.15
OI0005324,O009810,P0245,3,0,118990.02,0.0,118990.02
OI0005325,O004232,P0180,3,0,4178.94,0.0,4178.94
OI0005326,O009658,P0022,4,5,134607.56,6730.38,127877.18
OI0005327,O009326,P0113,4,0,196547.48,0.0,196547.48
OI0005328,O000763,P0110,1,0,12463.28,0.0,12463.28
OI0005329,O008386,P0003,1,5,19021.82,951.09,18070.73
OI0005330,O003690,P0258,2,10,57719.82,5771.98,51947.84
OI0005331,O007318,P0187,1,15,19277.45,2891.62,16385.83
OI0005332,O009140,P0028,1,10,47462.66,4746.27,42716.39
OI0005333,O001250,P0248,3,5,139954.2,6997.71,132956.49
OI0005334,O004017,P0009,1,0,27316.66,0.0,27316.66
OI0005335,O005380,P0190,4,5,88176.16,4408.81,83767.35
OI0005336,O002649,P0288,4,15,4782.32,717.35,4064.97
OI0005337,O008121,P0075,3,5,107856.78,5392.84,102463.94
OI0005338,O002117,P0102,2,5,4770.9,238.54,4532.36
OI0005339,O008140,P0291,4,0,3776.28,0.0,3776.28
OI0005340,O003381,P0047,3,0,70852.2,0.0,70852.2
OI0005341,O001875,P0036,2,20,77535.96,15507.19,62028.77
OI0005342,O005503,P0147,3,20,88718.25,17743.65,70974.6
OI0005343,O002533,P0123,3,5,58331.64,2916.58,55415.06
OI0005344,O007351,P0153,2,15,52135.1,7820.26,44314.84
OI0005345,O005679,P0121,1,0,19603.94,0.0,19603.94
OI0005346,O005081,P0232,3,20,117567.36,23513.47,94053.89
OI0005347,O003001,P0095,1,25,24987.28,6246.82,18740.46
OI0005348,O003705,P0023,1,0,3921.35,0.0,3921.35
OI0005349,O008771,P0115,1,15,34456.35,5168.45,29287.9
OI0005350,O005634,P0155,2,10,94514.76,9451.48,85063.28
OI0005351,O004491,P0163,3,15,46230.36,6934.55,39295.81
OI0005352,O002030,P0077,3,10,8194.59,819.46,7375.13
OI0005353,O007134,P0292,1,0,13373.41,0.0,13373.41
OI0005354,O008333,P0216,3,20,41212.98,8242.6,32970.38
OI0005355,O001192,P0097,1,0,12245.91,0.0,12245.91
OI0005356,O003401,P0199,2,5,78158.98,3907.95,74251.03
OI0005357,O003588,P0137,2,25,44000.62,11000.16,33000.46
OI0005358,O000676,P0021,4,5,187866.44,9393.32,178473.12
OI0005359,O002080,P0160,3,20,38694.54,7738.91,30955.63
OI0005360,O006329,P0300,1,0,10159.44,0.0,10159.44
OI0005361,O009356,P0121,2,20,39207.88,7841.58,31366.3
OI0005362,O006034,P0193,4,10,85835.52,8583.55,77251.97
OI0005363,O006639,P0215,3,10,32730.72,3273.07,29457.65
OI0005364,O000942,P0143,1,25,18943.1,4735.77,14207.33
OI0005365,O000423,P0155,1,20,47257.38,9451.48,37805.9
OI0005366,O001335,P0016,4,5,144284.32,7214.22,137070.1
OI0005367,O001949,P0200,3,25,32718.72,8179.68,24539.04
OI0005368,O003291,P0065,4,0,124465.88,0.0,124465.88
OI0005369,O006497,P0019,1,0,16251.46,0.0,16251.46
OI0005370,O008433,P0090,3,10,19697.76,1969.78,17727.98
OI0005371,O008876,P0037,3,15,5645.1,846.76,4798.34
OI0005372,O006676,P0186,2,0,30083.04,0.0,30083.04
OI0005373,O003168,P0047,2,0,47234.8,0.0,47234.8
OI0005374,O006997,P0131,4,20,21856.32,4371.26,17485.06
OI0005375,O008549,P0088,3,25,118773.0,29693.25,89079.75
OI0005376,O002075,P0062,1,15,26793.58,4019.04,22774.54
OI0005377,O008486,P0129,2,25,16158.78,4039.7,12119.08
OI0005378,O000986,P0039,1,20,9498.3,1899.66,7598.64
OI0005379,O004172,P0161,3,5,39822.0,1991.1,37830.9
OI0005380,O007947,P0279,3,0,55164.48,0.0,55164.48
OI0005381,O005024,P0162,1,20,2153.8,430.76,1723.04
OI0005382,O009447,P0049,4,15,23838.52,3575.78,20262.74
OI0005383,O004069,P0125,2,20,59695.42,11939.08,47756.34
OI0005384,O005500,P0227,2,15,18940.04,2841.01,16099.03
OI0005385,O002090,P0071,2,10,6523.98,652.4,5871.58
OI0005386,O000415,P0247,4,25,7974.64,1993.66,5980.98
OI0005387,O007819,P0039,2,15,18996.6,2849.49,16147.11
OI0005388,O000636,P0100,1,0,38669.39,0.0,38669.39
OI0005389,O009086,P0001,2,15,55859.7,8378.96,47480.74
OI0005390,O003376,P0174,1,10,29081.4,2908.14,26173.26
OI0005391,O009466,P0164,2,0,74560.52,0.0,74560.52
OI0005392,O002452,P0172,2,5,16325.36,816.27,15509.09
OI0005393,O009747,P0031,1,10,18283.0,1828.3,16454.7
OI0005394,O000637,P0097,4,10,48983.64,4898.36,44085.28
OI0005395,O006534,P0110,1,5,12463.28,623.16,11840.12
OI0005396,O004920,P0186,4,10,60166.08,6016.61,54149.47
OI0005397,O001490,P0053,1,15,32333.83,4850.07,27483.76
OI0005398,O002812,P0103,3,15,98259.57,14738.94,83520.63
OI0005399,O003474,P0185,1,15,14418.15,2162.72,12255.43
OI0005400,O007915,P0201,3,20,107512.95,21502.59,86010.36
OI0005401,O002346,P0078,1,10,11210.94,1121.09,10089.85
OI0005402,O002620,P0248,1,0,46651.4,0.0,46651.4
OI0005403,O004152,P0261,1,5,48547.54,2427.38,46120.16
OI0005404,O000259,P0032,3,0,126796.56,0.0,126796.56
OI0005405,O007634,P0134,3,10,30315.18,3031.52,27283.66
OI0005406,O007120,P0093,3,25,39877.89,9969.47,29908.42
OI0005407,O006187,P0181,1,20,15787.66,3157.53,12630.13
OI0005408,O008604,P0147,1,10,29572.75,2957.28,26615.47
OI0005409,O008106,P0132,3,15,99919.29,14987.89,84931.4
OI0005410,O009353,P0160,3,15,38694.54,5804.18,32890.36
OI0005411,O008532,P0062,1,10,26793.58,2679.36,24114.22
OI0005412,O005141,P0215,4,20,43640.96,8728.19,34912.77
OI0005413,O003053,P0280,2,5,39519.46,1975.97,37543.49
OI0005414,O005002,P0066,4,15,178282.28,26742.34,151539.94
OI0005415,O000940,P0018,3,0,59683.08,0.0,59683.08
OI0005416,O004277,P0241,1,0,42623.02,0.0,42623.02
OI0005417,O005878,P0096,2,25,34572.3,8643.08,25929.22
OI0005418,O007973,P0048,2,10,95461.0,9546.1,85914.9
OI0005419,O005816,P0048,3,15,143191.5,21478.72,121712.78
OI0005420,O002700,P0240,4,20,7365.0,1473.0,5892.0
OI0005421,O005627,P0222,1,25,36848.58,9212.14,27636.44
OI0005422,O004099,P0230,1,0,37457.46,0.0,37457.46
OI0005423,O003726,P0155,3,15,141772.14,21265.82,120506.32
OI0005424,O008867,P0062,3,10,80380.74,8038.07,72342.67
OI0005425,O003426,P0102,1,10,2385.45,238.54,2146.91
OI0005426,O008350,P0001,2,0,55859.7,0.0,55859.7
OI0005427,O006727,P0040,3,15,52281.87,7842.28,44439.59
OI0005428,O008082,P0072,1,5,2755.45,137.77,2617.68
OI0005429,O008657,P0145,2,0,78324.62,0.0,78324.62
OI0005430,O009914,P0001,2,15,55859.7,8378.96,47480.74
OI0005431,O006969,P0078,2,0,22421.88,0.0,22421.88
OI0005432,O001440,P0205,2,10,660.16,66.02,594.14
OI0005433,O005745,P0205,2,5,660.16,33.01,627.15
OI0005434,O003037,P0022,4,20,134607.56,26921.51,107686.05
OI0005435,O008932,P0291,1,25,944.07,236.02,708.05
OI0005436,O008514,P0232,1,20,39189.12,7837.82,31351.3
OI0005437,O002981,P0045,2,5,14902.62,745.13,14157.49
OI0005438,O006798,P0289,1,0,12791.18,0.0,12791.18
OI0005439,O002368,P0197,1,15,26692.02,4003.8,22688.22
OI0005440,O003703,P0130,1,25,34827.64,8706.91,26120.73
OI0005441,O004885,P0238,3,5,95887.62,4794.38,91093.24
OI0005442,O004745,P0285,2,0,9282.98,0.0,9282.98
OI0005443,O004498,P0221,2,0,71521.06,0.0,71521.06
OI0005444,O001144,P0150,4,5,33045.6,1652.28,31393.32
OI0005445,O006213,P0213,1,10,24138.56,2413.86,21724.7
OI0005446,O006206,P0105,1,5,40727.69,2036.38,38691.31
OI0005447,O009872,P0177,1,10,25467.23,2546.72,22920.51
OI0005448,O002169,P0199,3,25,117238.47,29309.62,87928.85
OI0005449,O006660,P0217,3,0,25950.96,0.0,25950.96
OI0005450,O009317,P0016,4,20,144284.32,28856.86,115427.46
OI0005451,O005838,P0168,2,10,78350.1,7835.01,70515.09
OI0005452,O002673,P0173,2,15,40053.68,6008.05,34045.63
OI0005453,O008091,P0064,3,25,51434.07,12858.52,38575.55
OI0005454,O001186,P0191,3,10,59363.91,5936.39,53427.52
OI0005455,O005892,P0179,3,0,76538.76,0.0,76538.76
OI0005456,O006123,P0237,2,20,31451.06,6290.21,25160.85
OI0005457,O007660,P0010,4,5,106832.2,5341.61,101490.59
OI0005458,O003379,P0076,2,25,74383.02,18595.76,55787.26
OI0005459,O003970,P0214,2,0,50083.56,0.0,50083.56
OI0005460,O000746,P0121,4,0,78415.76,0.0,78415.76
OI0005461,O007146,P0173,1,25,20026.84,5006.71,15020.13
OI0005462,O008608,P0056,2,20,50671.54,10134.31,40537.23
OI0005463,O000570,P0230,1,0,37457.46,0.0,37457.46
OI0005464,O004246,P0073,2,15,38260.96,5739.14,32521.82
OI0005465,O002067,P0212,2,0,22950.38,0.0,22950.38
OI0005466,O007898,P0013,2,0,62525.72,0.0,62525.72
OI0005467,O006500,P0064,1,0,17144.69,0.0,17144.69
OI0005468,O006900,P0115,3,0,103369.05,0.0,103369.05
OI0005469,O001970,P0216,1,10,13737.66,1373.77,12363.89
OI0005470,O000788,P0158,2,5,81797.02,4089.85,77707.17
OI0005471,O002349,P0114,3,10,129118.02,12911.8,116206.22
OI0005472,O005976,P0054,1,15,41370.04,6205.51,35164.53
OI0005473,O007471,P0018,4,10,79577.44,7957.74,71619.7
OI0005474,O003172,P0025,3,5,133686.12,6684.31,127001.81
OI0005475,O009774,P0181,1,0,15787.66,0.0,15787.66
OI0005476,O009095,P0276,3,15,149273.82,22391.07,126882.75
OI0005477,O004913,P0011,2,5,7954.82,397.74,7557.08
OI0005478,O008599,P0168,1,0,39175.05,0.0,39175.05
OI0005479,O009181,P0090,4,15,26263.68,3939.55,22324.13
OI0005480,O002143,P0087,1,5,17908.98,895.45,17013.53
OI0005481,O008351,P0175,1,0,47412.05,0.0,47412.05
OI0005482,O006500,P0056,3,15,76007.31,11401.1,64606.21
OI0005483,O005650,P0289,2,20,25582.36,5116.47,20465.89
OI0005484,O004298,P0217,4,25,34601.28,8650.32,25950.96
OI0005485,O005383,P0098,2,10,40088.8,4008.88,36079.92
OI0005486,O003757,P0282,4,0,187623.08,0.0,187623.08
OI0005487,O003100,P0029,4,10,16388.28,1638.83,14749.45
OI0005488,O001042,P0153,4,0,104270.2,0.0,104270.2
OI0005489,O003062,P0107,2,25,20852.68,5213.17,15639.51
OI0005490,O009225,P0172,4,0,32650.72,0.0,32650.72
OI0005491,O000875,P0121,1,25,19603.94,4900.98,14702.96
OI0005492,O007696,P0012,1,25,34970.13,8742.53,26227.6
OI0005493,O009534,P0039,3,15,28494.9,4274.23,24220.67
OI0005494,O001920,P0147,1,0,29572.75,0.0,29572.75
OI0005495,O004136,P0147,4,10,118291.0,11829.1,106461.9
OI0005496,O005593,P0029,4,5,16388.28,819.41,15568.87
OI0005497,O004709,P0194,4,20,110758.0,22151.6,88606.4
OI0005498,O007262,P0090,2,5,13131.84,656.59,12475.25
OI0005499,O008250,P0243,4,10,53657.64,5365.76,48291.88
OI0005500,O005829,P0226,1,10,10382.28,1038.23,9344.05
OI0005501,O006762,P0222,2,0,73697.16,0.0,73697.16
OI0005502,O006494,P0020,4,10,122386.44,12238.64,110147.8
OI0005503,O009491,P0265,4,5,127099.76,6354.99,120744.77
OI0005504,O003611,P0002,2,10,92928.48,9292.85,83635.63
OI0005505,O002093,P0156,3,0,29815.26,0.0,29815.26
OI0005506,O000974,P0034,2,5,44307.16,2215.36,42091.8
OI0005507,O002463,P0277,2,10,40149.28,4014.93,36134.35
OI0005508,O005426,P0206,4,10,90616.0,9061.6,81554.4
OI0005509,O002287,P0278,3,0,92537.88,0.0,92537.88
OI0005510,O001483,P0187,2,5,38554.9,1927.74,36627.16
OI0005511,O002215,P0084,4,10,160993.2,16099.32,144893.88
OI0005512,O003835,P0191,3,0,59363.91,0.0,59363.91
OI0005513,O009429,P0220,1,10,23222.96,2322.3,20900.66
OI0005514,O004828,P0033,1,0,21034.49,0.0,21034.49
OI0005515,O009208,P0291,4,25,3776.28,944.07,2832.21
OI0005516,O001687,P0127,1,5,2568.64,128.43,2440.21
OI0005517,O007534,P0164,2,15,74560.52,11184.08,63376.44
OI0005518,O006465,P0190,1,10,22044.04,2204.4,19839.64
OI0005519,O009149,P0083,4,15,188798.76,28319.81,160478.95
OI0005520,O001206,P0218,4,25,143913.28,35978.32,107934.96
OI0005521,O009869,P0026,1,20,4903.23,980.65,3922.58
OI0005522,O000968,P0135,1,0,46829.36,0.0,46829.36
OI0005523,O005203,P0133,4,25,57803.24,14450.81,43352.43
OI0005524,O004760,P0215,4,0,43640.96,0.0,43640.96
OI0005525,O002152,P0081,3,5,22187.58,1109.38,21078.2
OI0005526,O007345,P0208,4,10,111334.04,11133.4,100200.64
OI0005527,O009851,P0112,2,25,10793.4,2698.35,8095.05
OI0005528,O001753,P0123,2,10,38887.76,3888.78,34998.98
OI0005529,O003438,P0223,4,20,28340.48,5668.1,22672.38
OI0005530,O006624,P0122,3,25,111392.49,27848.12,83544.37
OI0005531,O003308,P0080,4,15,109880.32,16482.05,93398.27
OI0005532,O007939,P0128,4,10,77581.72,7758.17,69823.55
OI0005533,O002493,P0074,2,5,33986.88,1699.34,32287.54
OI0005534,O007497,P0225,4,5,164345.56,8217.28,156128.28
OI0005535,O007745,P0297,2,10,41705.68,4170.57,37535.11
OI0005536,O002962,P0086,1,0,20446.08,0.0,20446.08
OI0005537,O008259,P0192,4,0,169428.92,0.0,169428.92
OI0005538,O009870,P0263,1,5,44250.68,2212.53,42038.15
OI0005539,O000448,P0123,2,20,38887.76,7777.55,31110.21
OI0005540,O006432,P0127,3,5,7705.92,385.3,7320.62
OI0005541,O003780,P0030,3,0,140048.94,0.0,140048.94
OI0005542,O005308,P0167,1,15,35369.38,5305.41,30063.97
OI0005543,O000613,P0147,4,25,118291.0,29572.75,88718.25
OI0005544,O006549,P0254,1,15,13619.6,2042.94,11576.66
OI0005545,O006506,P0038,4,0,118952.68,0.0,118952.68
OI0005546,O002693,P0101,2,5,17424.12,871.21,16552.91
OI0005547,O004675,P0079,3,10,41571.72,4157.17,37414.55
OI0005548,O008916,P0242,4,0,137053.76,0.0,137053.76
OI0005549,O006825,P0102,3,10,7156.35,715.64,6440.71
OI0005550,O006146,P0260,1,0,7514.45,0.0,7514.45
OI0005551,O003324,P0163,3,10,46230.36,4623.04,41607.32
OI0005552,O005215,P0085,3,15,27586.83,4138.02,23448.81
OI0005553,O001627,P0110,1,15,12463.28,1869.49,10593.79
OI0005554,O007224,P0188,3,20,125431.26,25086.25,100345.01
OI0005555,O005179,P0238,1,15,31962.54,4794.38,27168.16
OI0005556,O003472,P0036,3,0,116303.94,0.0,116303.94
OI0005557,O007258,P0212,4,25,45900.76,11475.19,34425.57
OI0005558,O002102,P0084,1,15,40248.3,6037.24,34211.06
OI0005559,O006907,P0090,2,0,13131.84,0.0,13131.84
OI0005560,O005679,P0132,3,15,99919.29,14987.89,84931.4
OI0005561,O002996,P0084,3,10,120744.9,12074.49,108670.41
OI0005562,O007214,P0106,2,5,49551.52,2477.58,47073.94
OI0005563,O004313,P0180,3,15,4178.94,626.84,3552.1
OI0005564,O006778,P0203,1,0,17435.14,0.0,17435.14
OI0005565,O001178,P0108,3,25,110738.82,27684.7,83054.12
OI0005566,O007680,P0031,2,10,36566.0,3656.6,32909.4
OI0005567,O001329,P0050,4,10,189291.88,18929.19,170362.69
OI0005568,O009070,P0087,1,5,17908.98,895.45,17013.53
OI0005569,O001182,P0143,1,10,18943.1,1894.31,17048.79
OI0005570,O005729,P0065,3,15,93349.41,14002.41,79347.0
OI0005571,O006297,P0239,4,5,2657.52,132.88,2524.64
OI0005572,O004889,P0266,2,10,76182.8,7618.28,68564.52
OI0005573,O005019,P0088,3,5,118773.0,5938.65,112834.35
OI0005574,O008227,P0176,3,15,10868.4,1630.26,9238.14
OI0005575,O006414,P0149,3,15,43524.15,6528.62,36995.53
OI0005576,O001699,P0024,2,20,46282.22,9256.44,37025.78
OI0005577,O005666,P0151,1,15,12613.91,1892.09,10721.82
OI0005578,O007055,P0289,2,0,25582.36,0.0,25582.36
OI0005579,O003591,P0036,2,0,77535.96,0.0,77535.96
OI0005580,O002472,P0232,1,5,39189.12,1959.46,37229.66
OI0005581,O006946,P0186,3,0,45124.56,0.0,45124.56
OI0005582,O002308,P0090,3,10,19697.76,1969.78,17727.98
OI0005583,O005168,P0226,2,20,20764.56,4152.91,16611.65
OI0005584,O000108,P0287,2,15,50410.32,7561.55,42848.77
OI0005585,O006871,P0191,1,5,19787.97,989.4,18798.57
OI0005586,O009565,P0173,2,5,40053.68,2002.68,38051.0
OI0005587,O003617,P0083,3,0,141599.07,0.0,141599.07
OI0005588,O002583,P0121,1,0,19603.94,0.0,19603.94
OI0005589,O002720,P0178,3,5,49737.6,2486.88,47250.72
OI0005590,O003511,P0199,3,15,117238.47,17585.77,99652.7
OI0005591,O008707,P0229,1,20,7090.25,1418.05,5672.2
OI0005592,O005004,P0129,4,5,32317.56,1615.88,30701.68
OI0005593,O007480,P0242,1,0,34263.44,0.0,34263.44
OI0005594,O001220,P0083,3,5,141599.07,7079.95,134519.12
OI0005595,O005152,P0137,1,5,22000.31,1100.02,20900.29
OI0005596,O001609,P0099,1,10,1153.81,115.38,1038.43
OI0005597,O002557,P0163,2,10,30820.24,3082.02,27738.22
OI0005598,O001283,P0141,4,20,64871.16,12974.23,51896.93
OI0005599,O005351,P0154,4,0,112883.6,0.0,112883.6
OI0005600,O004389,P0173,2,25,40053.68,10013.42,30040.26
OI0005601,O006380,P0179,3,25,76538.76,19134.69,57404.07
OI0005602,O007971,P0153,3,0,78202.65,0.0,78202.65
OI0005603,O000545,P0056,1,0,25335.77,0.0,25335.77
OI0005604,O009904,P0295,4,10,185205.72,18520.57,166685.15
OI0005605,O000645,P0131,1,15,5464.08,819.61,4644.47
OI0005606,O005324,P0053,2,10,64667.66,6466.77,58200.89
OI0005607,O005648,P0062,1,5,26793.58,1339.68,25453.9
OI0005608,O000859,P0226,3,10,31146.84,3114.68,28032.16
OI0005609,O006834,P0105,4,10,162910.76,16291.08,146619.68
OI0005610,O007677,P0195,2,0,23399.78,0.0,23399.78
OI0005611,O002233,P0200,3,15,32718.72,4907.81,27810.91
OI0005612,O009785,P0166,3,15,33359.73,5003.96,28355.77
OI0005613,O004929,P0216,3,0,41212.98,0.0,41212.98
OI0005614,O006969,P0287,3,10,75615.48,7561.55,68053.93
OI0005615,O000406,P0217,3,5,25950.96,1297.55,24653.41
OI0005616,O002945,P0038,2,10,59476.34,5947.63,53528.71
OI0005617,O008367,P0253,3,10,33711.12,3371.11,30340.01
OI0005618,O006038,P0218,3,10,107934.96,10793.5,97141.46
OI0005619,O004696,P0100,3,5,116008.17,5800.41,110207.76
OI0005620,O007968,P0023,4,10,15685.4,1568.54,14116.86
OI0005621,O008302,P0283,3,0,81625.44,0.0,81625.44
OI0005622,O007746,P0081,1,0,7395.86,0.0,7395.86
OI0005623,O006756,P0142,2,0,13561.32,0.0,13561.32
OI0005624,O006983,P0131,2,0,10928.16,0.0,10928.16
OI0005625,O004324,P0104,1,0,38741.02,0.0,38741.02
OI0005626,O004840,P0027,3,0,148335.03,0.0,148335.03
OI0005627,O000747,P0190,2,15,44088.08,6613.21,37474.87
OI0005628,O003620,P0252,3,0,115406.1,0.0,115406.1
OI0005629,O006635,P0270,4,10,68285.2,6828.52,61456.68
OI0005630,O009484,P0220,1,5,23222.96,1161.15,22061.81
OI0005631,O006812,P0172,2,5,16325.36,816.27,15509.09
OI0005632,O008851,P0025,2,20,89124.08,17824.82,71299.26
OI0005633,O009557,P0189,3,10,145098.66,14509.87,130588.79
OI0005634,O002353,P0203,1,10,17435.14,1743.51,15691.63
OI0005635,O000368,P0052,4,10,127785.76,12778.58,115007.18
OI0005636,O007860,P0140,4,5,100604.64,5030.23,95574.41
OI0005637,O003541,P0246,2,15,30954.72,4643.21,26311.51
OI0005638,O000572,P0279,3,0,55164.48,0.0,55164.48
OI0005639,O007393,P0120,3,5,11279.55,563.98,10715.57
OI0005640,O006954,P0228,3,15,19370.79,2905.62,16465.17
OI0005641,O008967,P0257,4,0,40118.84,0.0,40118.84
OI0005642,O004906,P0193,3,0,64376.64,0.0,64376.64
OI0005643,O001651,P0126,1,5,43634.79,2181.74,41453.05
OI0005644,O003481,P0133,2,5,28901.62,1445.08,27456.54
OI0005645,O008492,P0185,3,15,43254.45,6488.17,36766.28
OI0005646,O003622,P0150,4,15,33045.6,4956.84,28088.76
OI0005647,O008170,P0258,1,0,28859.91,0.0,28859.91
OI0005648,O006387,P0236,2,5,2226.24,111.31,2114.93
OI0005649,O004766,P0277,2,25,40149.28,10037.32,30111.96
OI0005650,O003984,P0059,3,5,125014.2,6250.71,118763.49
OI0005651,O003284,P0265,4,0,127099.76,0.0,127099.76
OI0005652,O006717,P0120,4,10,15039.4,1503.94,13535.46
OI0005653,O005627,P0073,2,10,38260.96,3826.1,34434.86
OI0005654,O001669,P0251,3,0,74080.41,0.0,74080.41
OI0005655,O003693,P0115,4,0,137825.4,0.0,137825.4
OI0005656,O001358,P0100,4,15,154677.56,23201.63,131475.93
OI0005657,O002944,P0073,1,5,19130.48,956.52,18173.96
OI0005658,O005545,P0138,2,25,2552.04,638.01,1914.03
OI0005659,O001820,P0113,3,5,147410.61,7370.53,140040.08
OI0005660,O004234,P0074,1,10,16993.44,1699.34,15294.1
OI0005661,O008829,P0236,3,0,3339.36,0.0,3339.36
OI0005662,O001204,P0273,4,10,158928.12,15892.81,143035.31
OI0005663,O004318,P0230,2,10,74914.92,7491.49,67423.43
OI0005664,O001394,P0260,1,5,7514.45,375.72,7138.73
OI0005665,O004256,P0064,2,5,34289.38,1714.47,32574.91
OI0005666,O001228,P0144,4,0,134710.76,0.0,134710.76
OI0005667,O000528,P0100,2,20,77338.78,15467.76,61871.02
OI0005668,O006746,P0155,3,25,141772.14,35443.04,106329.1
OI0005669,O008128,P0006,4,20,122108.64,24421.73,97686.91
OI0005670,O006947,P0104,3,20,116223.06,23244.61,92978.45
OI0005671,O004713,P0009,1,10,27316.66,2731.67,24584.99
OI0005672,O009873,P0252,3,5,115406.1,5770.3,109635.8
OI0005673,O007280,P0032,1,0,42265.52,0.0,42265.52
OI0005674,O000215,P0030,4,20,186731.92,37346.38,149385.54
OI0005675,O001942,P0220,4,0,92891.84,0.0,92891.84
OI0005676,O004786,P0150,2,0,16522.8,0.0,16522.8
OI0005677,O005653,P0287,2,5,50410.32,2520.52,47889.8
OI0005678,O004834,P0209,2,0,19126.9,0.0,19126.9
OI0005679,O007214,P0128,4,10,77581.72,7758.17,69823.55
OI0005680,O009702,P0017,2,15,53129.8,7969.47,45160.33
OI0005681,O001439,P0125,1,25,29847.71,7461.93,22385.78
OI0005682,O008097,P0054,4,0,165480.16,0.0,165480.16
OI0005683,O009647,P0079,1,5,13857.24,692.86,13164.38
OI0005684,O003203,P0160,4,15,51592.72,7738.91,43853.81
OI0005685,O001976,P0156,2,0,19876.84,0.0,19876.84
OI0005686,O003090,P0167,3,5,106108.14,5305.41,100802.73
OI0005687,O006556,P0244,2,15,68919.1,10337.87,58581.23
OI0005688,O004239,P0201,1,5,35837.65,1791.88,34045.77
OI0005689,O009522,P0153,3,0,78202.65,0.0,78202.65
OI0005690,O001564,P0282,2,5,93811.54,4690.58,89120.96
OI0005691,O004910,P0190,4,0,88176.16,0.0,88176.16
OI0005692,O003448,P0147,4,15,118291.0,17743.65,100547.35
OI0005693,O005608,P0013,2,0,62525.72,0.0,62525.72
OI0005694,O009979,P0285,1,10,4641.49,464.15,4177.34
OI0005695,O009841,P0239,1,25,664.38,166.1,498.28
OI0005696,O001118,P0073,4,20,76521.92,15304.38,61217.54
OI0005697,O007169,P0170,1,0,34963.1,0.0,34963.1
OI0005698,O008647,P0232,1,15,39189.12,5878.37,33310.75
OI0005699,O007994,P0199,3,15,117238.47,17585.77,99652.7
OI0005700,O007630,P0199,3,5,117238.47,5861.92,111376.55
OI0005701,O003640,P0021,1,0,46966.61,0.0,46966.61
OI0005702,O005777,P0265,4,20,127099.76,25419.95,101679.81
OI0005703,O000078,P0173,3,10,60080.52,6008.05,54072.47
OI0005704,O008839,P0197,2,15,53384.04,8007.61,45376.43
OI0005705,O001103,P0133,3,10,43352.43,4335.24,39017.19
OI0005706,O007100,P0271,2,0,17890.4,0.0,17890.4
OI0005707,O000248,P0077,1,5,2731.53,136.58,2594.95
OI0005708,O003293,P0097,2,10,24491.82,2449.18,22042.64
OI0005709,O001151,P0172,1,0,8162.68,0.0,8162.68
OI0005710,O005000,P0032,4,5,169062.08,8453.1,160608.98
OI0005711,O008606,P0036,1,0,38767.98,0.0,38767.98
OI0005712,O008868,P0177,1,25,25467.23,6366.81,19100.42
OI0005713,O001410,P0146,3,10,79891.14,7989.11,71902.03
OI0005714,O007685,P0130,2,0,69655.28,0.0,69655.28
OI0005715,O009902,P0236,4,0,4452.48,0.0,4452.48
OI0005716,O008525,P0155,3,10,141772.14,14177.21,127594.93
OI0005717,O002344,P0178,1,0,16579.2,0.0,16579.2
OI0005718,O008633,P0069,3,5,60679.17,3033.96,57645.21
OI0005719,O006923,P0145,1,25,39162.31,9790.58,29371.73
OI0005720,O008721,P0043,2,20,33677.98,6735.6,26942.38
OI0005721,O005707,P0146,1,25,26630.38,6657.6,19972.78
OI0005722,O007289,P0255,1,0,12286.21,0.0,12286.21
OI0005723,O001818,P0194,3,5,83068.5,4153.42,78915.08
OI0005724,O007010,P0287,1,10,25205.16,2520.52,22684.64
OI0005725,O002546,P0063,2,15,38162.42,5724.36,32438.06
OI0005726,O004249,P0284,4,5,153861.28,7693.06,146168.22
OI0005727,O004440,P0195,2,5,23399.78,1169.99,22229.79
OI0005728,O004212,P0097,1,5,12245.91,612.3,11633.61
OI0005729,O003998,P0028,2,15,94925.32,14238.8,80686.52
OI0005730,O008296,P0248,1,5,46651.4,2332.57,44318.83
OI0005731,O002296,P0143,1,0,18943.1,0.0,18943.1
OI0005732,O009179,P0261,2,15,97095.08,14564.26,82530.82
OI0005733,O005042,P0297,3,0,62558.52,0.0,62558.52
OI0005734,O000364,P0110,4,10,49853.12,4985.31,44867.81
OI0005735,O001410,P0219,4,0,154197.72,0.0,154197.72
OI0005736,O004984,P0076,1,5,37191.51,1859.58,35331.93
OI0005737,O009365,P0202,3,10,120125.13,12012.51,108112.62
OI0005738,O001227,P0201,3,25,107512.95,26878.24,80634.71
OI0005739,O003446,P0256,4,0,198337.28,0.0,198337.28
OI0005740,O006120,P0120,1,15,3759.85,563.98,3195.87
OI0005741,O000965,P0179,2,25,51025.84,12756.46,38269.38
OI0005742,O001814,P0127,1,5,2568.64,128.43,2440.21
OI0005743,O001285,P0144,4,0,134710.76,0.0,134710.76
OI0005744,O006662,P0193,2,25,42917.76,10729.44,32188.32
OI0005745,O005392,P0242,1,10,34263.44,3426.34,30837.1
OI0005746,O002808,P0057,3,20,104742.42,20948.48,83793.94
OI0005747,O008600,P0167,1,15,35369.38,5305.41,30063.97
OI0005748,O008206,P0065,2,5,62232.94,3111.65,59121.29
OI0005749,O000536,P0047,2,0,47234.8,0.0,47234.8
OI0005750,O000254,P0296,1,15,32337.21,4850.58,27486.63
OI0005751,O002892,P0236,4,10,4452.48,445.25,4007.23
OI0005752,O007079,P0295,2,10,92602.86,9260.29,83342.57
OI0005753,O009990,P0101,4,10,34848.24,3484.82,31363.42
OI0005754,O005879,P0161,1,0,13274.0,0.0,13274.0
OI0005755,O004585,P0120,4,0,15039.4,0.0,15039.4
OI0005756,O003184,P0154,3,5,84662.7,4233.14,80429.56
OI0005757,O007470,P0043,1,5,16838.99,841.95,15997.04
OI0005758,O000105,P0044,1,15,5545.58,831.84,4713.74
OI0005759,O000228,P0078,2,5,22421.88,1121.09,21300.79
OI0005760,O007593,P0108,1,5,36912.94,1845.65,35067.29
OI0005761,O006632,P0007,3,10,43655.88,4365.59,39290.29
OI0005762,O002030,P0058,3,10,88267.98,8826.8,79441.18
OI0005763,O000453,P0010,1,5,26708.05,1335.4,25372.65
OI0005764,O009898,P0228,4,10,25827.72,2582.77,23244.95
OI0005765,O001211,P0170,2,10,69926.2,6992.62,62933.58
OI0005766,O001955,P0034,4,5,88614.32,4430.72,84183.6
OI0005767,O007491,P0210,3,0,129031.02,0.0,129031.02
OI0005768,O003411,P0154,1,20,28220.9,5644.18,22576.72
OI0005769,O008275,P0130,1,10,34827.64,3482.76,31344.88
OI0005770,O000833,P0201,4,5,143350.6,7167.53,136183.07
OI0005771,O000147,P0045,3,10,22353.93,2235.39,20118.54
OI0005772,O009178,P0005,2,15,9214.82,1382.22,7832.6
OI0005773,O002383,P0026,1,0,4903.23,0.0,4903.23
OI0005774,O006937,P0233,4,25,149449.96,37362.49,112087.47
OI0005775,O002727,P0282,3,15,140717.31,21107.6,119609.71
OI0005776,O002271,P0092,1,5,19964.02,998.2,18965.82
OI0005777,O004702,P0215,4,25,43640.96,10910.24,32730.72
OI0005778,O004956,P0085,4,0,36782.44,0.0,36782.44
OI0005779,O009798,P0022,3,15,100955.67,15143.35,85812.32
OI0005780,O008874,P0266,4,10,152365.6,15236.56,137129.04
OI0005781,O000398,P0042,1,15,23558.2,3533.73,20024.47
OI0005782,O001467,P0159,4,10,112396.08,11239.61,101156.47
OI0005783,O000441,P0159,4,0,112396.08,0.0,112396.08
OI0005784,O007895,P0250,2,5,11003.58,550.18,10453.4
OI0005785,O005087,P0225,2,10,82172.78,8217.28,73955.5
OI0005786,O004686,P0214,3,25,75125.34,18781.34,56344.0
OI0005787,O000992,P0240,1,0,1841.25,0.0,1841.25
OI0005788,O007615,P0288,4,0,4782.32,0.0,4782.32
OI0005789,O009921,P0067,2,0,49817.12,0.0,49817.12
OI0005790,O007025,P0191,4,10,79151.88,7915.19,71236.69
OI0005791,O008500,P0279,4,5,73552.64,3677.63,69875.01
OI0005792,O002697,P0050,4,0,189291.88,0.0,189291.88
OI0005793,O000144,P0197,3,0,80076.06,0.0,80076.06
OI0005794,O008522,P0172,2,15,16325.36,2448.8,13876.56
OI0005795,O000784,P0186,4,10,60166.08,6016.61,54149.47
OI0005796,O009182,P0185,2,20,28836.3,5767.26,23069.04
OI0005797,O003233,P0165,4,5,10261.52,513.08,9748.44
OI0005798,O006451,P0018,4,15,79577.44,11936.62,67640.82
OI0005799,O002875,P0099,1,15,1153.81,173.07,980.74
OI0005800,O002052,P0118,1,25,9683.76,2420.94,7262.82
OI0005801,O003564,P0246,2,20,30954.72,6190.94,24763.78
OI0005802,O009602,P0096,4,15,69144.6,10371.69,58772.91
OI0005803,O004601,P0289,2,5,25582.36,1279.12,24303.24
OI0005804,O000186,P0298,4,25,186121.96,46530.49,139591.47
OI0005805,O007014,P0216,2,5,27475.32,1373.77,26101.55
OI0005806,O008034,P0155,2,15,94514.76,14177.21,80337.55
OI0005807,O009497,P0211,3,0,39105.63,0.0,39105.63
OI0005808,O009851,P0082,3,10,20607.81,2060.78,18547.03
OI0005809,O003866,P0079,2,15,27714.48,4157.17,23557.31
OI0005810,O002788,P0091,1,0,37000.8,0.0,37000.8
OI0005811,O003056,P0121,1,5,19603.94,980.2,18623.74
OI0005812,O009198,P0280,4,10,79038.92,7903.89,71135.03
OI0005813,O001966,P0259,3,10,138831.54,13883.15,124948.39
OI0005814,O006330,P0167,2,15,70738.76,10610.81,60127.95
OI0005815,O003467,P0033,1,0,21034.49,0.0,21034.49
OI0005816,O003733,P0278,4,10,123383.84,12338.38,111045.46
OI0005817,O003076,P0270,4,25,68285.2,17071.3,51213.9
OI0005818,O003397,P0031,2,25,36566.0,9141.5,27424.5
OI0005819,O007366,P0069,4,0,80905.56,0.0,80905.56
OI0005820,O008982,P0099,3,20,3461.43,692.29,2769.14
OI0005821,O002926,P0096,3,10,51858.45,5185.84,46672.61
OI0005822,O003431,P0132,1,15,33306.43,4995.96,28310.47
OI0005823,O007174,P0266,2,0,76182.8,0.0,76182.8
OI0005824,O001998,P0222,3,15,110545.74,16581.86,93963.88
OI0005825,O005782,P0119,1,0,22218.38,0.0,22218.38
OI0005826,O006928,P0137,4,10,88001.24,8800.12,79201.12
OI0005827,O002016,P0189,2,15,96732.44,14509.87,82222.57
OI0005828,O006308,P0218,2,15,71956.64,10793.5,61163.14
OI0005829,O002738,P0149,4,0,58032.2,0.0,58032.2
OI0005830,O007738,P0127,3,5,7705.92,385.3,7320.62
OI0005831,O000711,P0240,4,15,7365.0,1104.75,6260.25
OI0005832,O004695,P0279,4,15,73552.64,11032.9,62519.74
OI0005833,O001203,P0061,1,5,34595.91,1729.8,32866.11
OI0005834,O003050,P0095,2,0,49974.56,0.0,49974.56
OI0005835,O007555,P0277,4,10,80298.56,8029.86,72268.7
OI0005836,O008245,P0047,1,15,23617.4,3542.61,20074.79
OI0005837,O009970,P0169,4,25,91495.44,22873.86,68621.58
OI0005838,O001311,P0097,2,15,24491.82,3673.77,20818.05
OI0005839,O001407,P0143,4,20,75772.4,15154.48,60617.92
OI0005840,O004086,P0224,2,5,96629.34,4831.47,91797.87
OI0005841,O004675,P0029,2,20,8194.14,1638.83,6555.31
OI0005842,O005457,P0011,1,10,3977.41,397.74,3579.67
OI0005843,O005303,P0029,4,10,16388.28,1638.83,14749.45
OI0005844,O003522,P0233,4,5,149449.96,7472.5,141977.46
OI0005845,O001309,P0086,4,0,81784.32,0.0,81784.32
OI0005846,O005283,P0210,3,10,129031.02,12903.1,116127.92
OI0005847,O006116,P0114,2,20,86078.68,17215.74,68862.94
OI0005848,O002354,P0251,3,0,74080.41,0.0,74080.41
OI0005849,O009487,P0056,2,5,50671.54,2533.58,48137.96
OI0005850,O001565,P0220,3,25,69668.88,17417.22,52251.66
OI0005851,O000409,P0181,4,0,63150.64,0.0,63150.64
OI0005852,O001099,P0003,1,10,19021.82,1902.18,17119.64
OI0005853,O009701,P0013,2,10,62525.72,6252.57,56273.15
OI0005854,O005433,P0267,2,15,98606.38,14790.96,83815.42
OI0005855,O000112,P0056,3,0,76007.31,0.0,76007.31
OI0005856,O001272,P0265,3,10,95324.82,9532.48,85792.34
OI0005857,O005939,P0123,3,0,58331.64,0.0,58331.64
OI0005858,O002884,P0227,1,5,9470.02,473.5,8996.52
OI0005859,O007036,P0156,2,0,19876.84,0.0,19876.84
OI0005860,O006902,P0238,1,10,31962.54,3196.25,28766.29
OI0005861,O001676,P0079,1,0,13857.24,0.0,13857.24
OI0005862,O006624,P0275,3,0,80902.95,0.0,80902.95
OI0005863,O000325,P0220,4,5,92891.84,4644.59,88247.25
OI0005864,O004074,P0260,3,0,22543.35,0.0,22543.35
OI0005865,O003827,P0124,2,15,33295.3,4994.3,28301.0
OI0005866,O006629,P0289,4,0,51164.72,0.0,51164.72
OI0005867,O001433,P0160,2,15,25796.36,3869.45,21926.91
OI0005868,O005956,P0112,2,20,10793.4,2158.68,8634.72
OI0005869,O005528,P0101,4,15,34848.24,5227.24,29621.0
OI0005870,O009341,P0226,3,15,31146.84,4672.03,26474.81
OI0005871,O007944,P0047,3,10,70852.2,7085.22,63766.98
OI0005872,O003785,P0137,4,5,88001.24,4400.06,83601.18
OI0005873,O004380,P0163,1,5,15410.12,770.51,14639.61
OI0005874,O006582,P0047,2,10,47234.8,4723.48,42511.32
OI0005875,O006014,P0088,1,0,39591.0,0.0,39591.0
OI0005876,O000872,P0273,2,5,79464.06,3973.2,75490.86
OI0005877,O008236,P0055,2,0,11047.22,0.0,11047.22
OI0005878,O006520,P0267,2,15,98606.38,14790.96,83815.42
OI0005879,O007322,P0033,1,15,21034.49,3155.17,17879.32
OI0005880,O004703,P0058,4,10,117690.64,11769.06,105921.58
OI0005881,O000002,P0108,4,5,147651.76,7382.59,140269.17
OI0005882,O006892,P0274,1,15,23348.52,3502.28,19846.24
OI0005883,O004494,P0173,1,0,20026.84,0.0,20026.84
OI0005884,O000597,P0123,4,0,77775.52,0.0,77775.52
OI0005885,O007036,P0043,3,15,50516.97,7577.55,42939.42
OI0005886,O006518,P0148,4,10,40758.8,4075.88,36682.92
OI0005887,O001790,P0210,3,15,129031.02,19354.65,109676.37
OI0005888,O003805,P0245,4,5,158653.36,7932.67,150720.69
OI0005889,O009977,P0274,1,0,23348.52,0.0,23348.52
OI0005890,O007213,P0145,3,5,117486.93,5874.35,111612.58
OI0005891,O004067,P0089,3,5,76822.8,3841.14,72981.66
OI0005892,O004911,P0261,1,15,48547.54,7282.13,41265.41
OI0005893,O005652,P0225,2,0,82172.78,0.0,82172.78
OI0005894,O002172,P0271,3,25,26835.6,6708.9,20126.7
OI0005895,O004669,P0039,1,0,9498.3,0.0,9498.3
OI0005896,O007424,P0167,2,5,70738.76,3536.94,67201.82
OI0005897,O005836,P0149,3,15,43524.15,6528.62,36995.53
OI0005898,O008709,P0230,1,15,37457.46,5618.62,31838.84
OI0005899,O000314,P0269,4,10,153388.36,15338.84,138049.52
OI0005900,O001361,P0285,4,0,18565.96,0.0,18565.96
OI0005901,O002125,P0261,4,20,194190.16,38838.03,155352.13
OI0005902,O000828,P0195,4,10,46799.56,4679.96,42119.6
OI0005903,O001677,P0277,2,15,40149.28,6022.39,34126.89
OI0005904,O004392,P0137,3,5,66000.93,3300.05,62700.88
OI0005905,O003779,P0195,4,0,46799.56,0.0,46799.56
OI0005906,O001461,P0172,4,15,32650.72,4897.61,27753.11
OI0005907,O002755,P0190,1,20,22044.04,4408.81,17635.23
OI0005908,O005771,P0222,1,20,36848.58,7369.72,29478.86
OI0005909,O008970,P0113,3,15,147410.61,22111.59,125299.02
OI0005910,O001564,P0190,4,0,88176.16,0.0,88176.16
OI0005911,O005239,P0188,1,0,41810.42,0.0,41810.42
OI0005912,O008587,P0167,2,10,70738.76,7073.88,63664.88
OI0005913,O009713,P0169,1,10,22873.86,2287.39,20586.47
OI0005914,O001273,P0017,3,10,79694.7,7969.47,71725.23
OI0005915,O005127,P0053,4,20,129335.32,25867.06,103468.26
OI0005916,O005533,P0183,2,0,55570.6,0.0,55570.6
OI0005917,O005057,P0206,1,15,22654.0,3398.1,19255.9
OI0005918,O008847,P0241,1,0,42623.02,0.0,42623.02
OI0005919,O001476,P0257,4,5,40118.84,2005.94,38112.9
OI0005920,O006019,P0193,2,0,42917.76,0.0,42917.76
OI0005921,O007188,P0143,2,10,37886.2,3788.62,34097.58
OI0005922,O001916,P0258,3,10,86579.73,8657.97,77921.76
OI0005923,O008195,P0012,1,10,34970.13,3497.01,31473.12
OI0005924,O000413,P0185,2,5,28836.3,1441.82,27394.48
OI0005925,O004116,P0298,4,10,186121.96,18612.2,167509.76
OI0005926,O004092,P0258,1,15,28859.91,4328.99,24530.92
OI0005927,O004541,P0215,4,5,43640.96,2182.05,41458.91
OI0005928,O001370,P0190,1,25,22044.04,5511.01,16533.03
OI0005929,O009946,P0162,1,0,2153.8,0.0,2153.8
OI0005930,O006821,P0273,3,25,119196.09,29799.02,89397.07
OI0005931,O003412,P0297,4,15,83411.36,12511.7,70899.66
OI0005932,O005171,P0206,4,10,90616.0,9061.6,81554.4
OI0005933,O008545,P0199,4,0,156317.96,0.0,156317.96
OI0005934,O008670,P0120,1,10,3759.85,375.98,3383.87
OI0005935,O002292,P0255,3,20,36858.63,7371.73,29486.9
OI0005936,O005677,P0240,4,5,7365.0,368.25,6996.75
OI0005937,O004823,P0015,4,0,94307.44,0.0,94307.44
OI0005938,O007583,P0166,4,5,44479.64,2223.98,42255.66
OI0005939,O007191,P0265,1,5,31774.94,1588.75,30186.19
OI0005940,O002101,P0170,3,5,104889.3,5244.46,99644.84
OI0005941,O005162,P0214,3,15,75125.34,11268.8,63856.54
OI0005942,O004949,P0179,1,0,25512.92,0.0,25512.92
OI0005943,O001351,P0078,4,15,44843.76,6726.56,38117.2
OI0005944,O000373,P0227,3,0,28410.06,0.0,28410.06
OI0005945,O006699,P0208,3,25,83500.53,20875.13,62625.4
OI0005946,O001490,P0031,3,10,54849.0,5484.9,49364.1
OI0005947,O004998,P0194,1,25,27689.5,6922.38,20767.12
OI0005948,O002868,P0160,4,20,51592.72,10318.54,41274.18
OI0005949,O003566,P0100,2,20,77338.78,15467.76,61871.02
OI0005950,O009666,P0203,2,0,34870.28,0.0,34870.28
OI0005951,O009840,P0008,1,15,8182.39,1227.36,6955.03
OI0005952,O001023,P0197,4,5,106768.08,5338.4,101429.68
OI0005953,O005224,P0032,4,10,169062.08,16906.21,152155.87
OI0005954,O009284,P0008,3,5,24547.17,1227.36,23319.81
OI0005955,O005645,P0162,4,0,8615.2,0.0,8615.2
OI0005956,O002380,P0260,1,5,7514.45,375.72,7138.73
OI0005957,O007467,P0292,4,10,53493.64,5349.36,48144.28
OI0005958,O007024,P0172,2,5,16325.36,816.27,15509.09
OI0005959,O005764,P0153,2,15,52135.1,7820.26,44314.84
OI0005960,O005212,P0282,3,20,140717.31,28143.46,112573.85
OI0005961,O000490,P0289,4,0,51164.72,0.0,51164.72
OI0005962,O002592,P0200,1,0,10906.24,0.0,10906.24
OI0005963,O003981,P0145,2,25,78324.62,19581.16,58743.46
OI0005964,O000036,P0015,1,20,23576.86,4715.37,18861.49
OI0005965,O001306,P0170,2,5,69926.2,3496.31,66429.89
OI0005966,O007373,P0240,2,0,3682.5,0.0,3682.5
OI0005967,O007830,P0178,2,25,33158.4,8289.6,24868.8
OI0005968,O002699,P0044,1,0,5545.58,0.0,5545.58
OI0005969,O002841,P0259,1,0,46277.18,0.0,46277.18
OI0005970,O006991,P0181,4,0,63150.64,0.0,63150.64
OI0005971,O008365,P0054,3,5,124110.12,6205.51,117904.61
OI0005972,O009892,P0185,4,20,57672.6,11534.52,46138.08
OI0005973,O003490,P0140,1,10,25151.16,2515.12,22636.04
OI0005974,O006432,P0187,4,0,77109.8,0.0,77109.8
OI0005975,O003174,P0293,1,25,25797.73,6449.43,19348.3
OI0005976,O000665,P0148,2,10,20379.4,2037.94,18341.46
OI0005977,O002499,P0293,3,5,77393.19,3869.66,73523.53
OI0005978,O000121,P0159,3,15,84297.06,12644.56,71652.5
OI0005979,O001081,P0025,1,10,44562.04,4456.2,40105.84
OI0005980,O002287,P0232,4,20,156756.48,31351.3,125405.18
OI0005981,O001437,P0109,1,15,35044.71,5256.71,29788.0
OI0005982,O008213,P0049,1,15,5959.63,893.94,5065.69
OI0005983,O009045,P0008,1,5,8182.39,409.12,7773.27
OI0005984,O003605,P0094,1,25,18898.83,4724.71,14174.12
OI0005985,O007111,P0121,3,15,58811.82,8821.77,49990.05
OI0005986,O007466,P0013,3,5,93788.58,4689.43,89099.15
OI0005987,O006155,P0277,4,0,80298.56,0.0,80298.56
OI0005988,O003642,P0073,3,10,57391.44,5739.14,51652.3
OI0005989,O006498,P0152,2,15,22796.72,3419.51,19377.21
OI0005990,O003824,P0033,2,5,42068.98,2103.45,39965.53
OI0005991,O001945,P0257,1,0,10029.71,0.0,10029.71
OI0005992,O001218,P0254,2,15,27239.2,4085.88,23153.32
OI0005993,O007020,P0259,3,15,138831.54,20824.73,118006.81
OI0005994,O001010,P0142,1,15,6780.66,1017.1,5763.56
OI0005995,O006446,P0177,2,0,50934.46,0.0,50934.46
OI0005996,O005142,P0122,4,0,148523.32,0.0,148523.32
OI0005997,O008016,P0033,3,10,63103.47,6310.35,56793.12
OI0005998,O002695,P0260,1,0,7514.45,0.0,7514.45
OI0005999,O006130,P0038,1,15,29738.17,4460.73,25277.44
OI0006000,O008209,P0153,3,10,78202.65,7820.26,70382.39
OI0006001,O003843,P0245,3,0,118990.02,0.0,118990.02
OI0006002,O002444,P0141,4,0,64871.16,0.0,64871.16
OI0006003,O003148,P0119,2,20,44436.76,8887.35,35549.41
OI0006004,O008395,P0281,3,10,104525.73,10452.57,94073.16
OI0006005,O008425,P0230,3,5,112372.38,5618.62,106753.76
OI0006006,O008979,P0201,4,15,143350.6,21502.59,121848.01
OI0006007,O001773,P0043,3,20,50516.97,10103.39,40413.58
OI0006008,O000096,P0166,1,0,11119.91,0.0,11119.91
OI0006009,O008466,P0035,4,20,127137.24,25427.45,101709.79
OI0006010,O007940,P0093,3,25,39877.89,9969.47,29908.42
OI0006011,O003990,P0230,3,0,112372.38,0.0,112372.38
OI0006012,O009592,P0290,1,5,25965.58,1298.28,24667.3
OI0006013,O007878,P0092,1,0,19964.02,0.0,19964.02
OI0006014,O001944,P0179,4,5,102051.68,5102.58,96949.1
OI0006015,O002093,P0247,1,0,1993.66,0.0,1993.66
OI0006016,O005499,P0165,1,5,2565.38,128.27,2437.11
OI0006017,O001885,P0239,1,0,664.38,0.0,664.38
OI0006018,O005002,P0234,3,0,90926.13,0.0,90926.13
OI0006019,O004526,P0252,3,0,115406.1,0.0,115406.1
OI0006020,O008868,P0066,2,10,89141.14,8914.11,80227.03
OI0006021,O001634,P0034,3,10,66460.74,6646.07,59814.67
OI0006022,O009523,P0232,4,0,156756.48,0.0,156756.48
OI0006023,O001267,P0154,1,15,28220.9,4233.14,23987.76
OI0006024,O000137,P0176,3,0,10868.4,0.0,10868.4
OI0006025,O005178,P0127,3,10,7705.92,770.59,6935.33
OI0006026,O009124,P0125,2,5,59695.42,2984.77,56710.65
OI0006027,O001942,P0079,4,20,55428.96,11085.79,44343.17
OI0006028,O006925,P0010,4,10,106832.2,10683.22,96148.98
OI0006029,O008361,P0036,1,20,38767.98,7753.6,31014.38
OI0006030,O008654,P0168,4,25,156700.2,39175.05,117525.15
OI0006031,O004506,P0137,3,0,66000.93,0.0,66000.93
OI0006032,O008056,P0181,4,0,63150.64,0.0,63150.64
OI0006033,O007552,P0209,2,15,19126.9,2869.04,16257.86
OI0006034,O008748,P0086,4,10,81784.32,8178.43,73605.89
OI0006035,O006617,P0208,3,10,83500.53,8350.05,75150.48
OI0006036,O008790,P0214,3,5,75125.34,3756.27,71369.07
OI0006037,O006733,P0167,4,0,141477.52,0.0,141477.52
OI0006038,O001266,P0052,3,15,95839.32,14375.9,81463.42
OI0006039,O004005,P0196,2,10,74450.86,7445.09,67005.77
OI0006040,O009018,P0196,4,10,148901.72,14890.17,134011.55
OI0006041,O009891,P0201,4,15,143350.6,21502.59,121848.01
OI0006042,O001532,P0206,4,25,90616.0,22654.0,67962.0
OI0006043,O003761,P0170,3,15,104889.3,15733.4,89155.9
OI0006044,O005819,P0243,3,25,40243.23,10060.81,30182.42
OI0006045,O000244,P0218,4,5,143913.28,7195.66,136717.62
OI0006046,O002269,P0195,2,20,23399.78,4679.96,18719.82
OI0006047,O007303,P0075,1,15,35952.26,5392.84,30559.42
OI0006048,O000035,P0179,1,5,25512.92,1275.65,24237.27
OI0006049,O009383,P0120,3,10,11279.55,1127.96,10151.59
OI0006050,O007430,P0061,2,0,69191.82,0.0,69191.82
OI0006051,O005454,P0280,3,0,59279.19,0.0,59279.19
OI0006052,O005230,P0148,4,10,40758.8,4075.88,36682.92
OI0006053,O009174,P0074,3,25,50980.32,12745.08,38235.24
OI0006054,O001419,P0215,2,20,21820.48,4364.1,17456.38
OI0006055,O000009,P0097,1,0,12245.91,0.0,12245.91
OI0006056,O005002,P0035,2,25,63568.62,15892.16,47676.46
OI0006057,O003254,P0078,2,10,22421.88,2242.19,20179.69
OI0006058,O003115,P0286,3,0,32144.01,0.0,32144.01
OI0006059,O003704,P0083,2,25,94399.38,23599.84,70799.54
OI0006060,O000113,P0041,2,25,35055.68,8763.92,26291.76
OI0006061,O009134,P0102,3,20,7156.35,1431.27,5725.08
OI0006062,O001343,P0177,2,10,50934.46,5093.45,45841.01
OI0006063,O001457,P0264,2,0,21767.82,0.0,21767.82
OI0006064,O000766,P0084,2,0,80496.6,0.0,80496.6
OI0006065,O004327,P0213,1,25,24138.56,6034.64,18103.92
OI0006066,O007135,P0248,2,5,93302.8,4665.14,88637.66
OI0006067,O007103,P0065,2,5,62232.94,3111.65,59121.29
OI0006068,O000680,P0085,4,15,36782.44,5517.37,31265.07
OI0006069,O007100,P0121,2,20,39207.88,7841.58,31366.3
OI0006070,O006023,P0203,4,5,69740.56,3487.03,66253.53
OI0006071,O007934,P0137,3,5,66000.93,3300.05,62700.88
OI0006072,O005037,P0241,3,5,127869.06,6393.45,121475.61
OI0006073,O002095,P0096,4,5,69144.6,3457.23,65687.37
OI0006074,O007310,P0295,3,15,138904.29,20835.64,118068.65
OI0006075,O009301,P0151,3,0,37841.73,0.0,37841.73
OI0006076,O002479,P0177,1,20,25467.23,5093.45,20373.78
OI0006077,O002141,P0183,4,0,111141.2,0.0,111141.2
OI0006078,O003502,P0119,3,0,66655.14,0.0,66655.14
OI0006079,O008351,P0063,4,0,76324.84,0.0,76324.84
OI0006080,O005684,P0252,3,0,115406.1,0.0,115406.1
OI0006081,O009087,P0108,4,20,147651.76,29530.35,118121.41
OI0006082,O009988,P0026,2,10,9806.46,980.65,8825.81
OI0006083,O004214,P0176,4,5,14491.2,724.56,13766.64
OI0006084,O007726,P0130,4,0,139310.56,0.0,139310.56
OI0006085,O004253,P0029,4,15,16388.28,2458.24,13930.04
OI0006086,O003505,P0160,2,10,25796.36,2579.64,23216.72
OI0006087,O007361,P0108,4,0,147651.76,0.0,147651.76
OI0006088,O000257,P0243,3,5,40243.23,2012.16,38231.07
OI0006089,O001860,P0251,3,5,74080.41,3704.02,70376.39
OI0006090,O002047,P0166,2,5,22239.82,1111.99,21127.83
OI0006091,O002747,P0277,4,5,80298.56,4014.93,76283.63
OI0006092,O007400,P0283,3,5,81625.44,4081.27,77544.17
OI0006093,O002814,P0216,4,15,54950.64,8242.6,46708.04
OI0006094,O008613,P0034,1,25,22153.58,5538.4,16615.18
OI0006095,O004474,P0279,4,0,73552.64,0.0,73552.64
OI0006096,O003764,P0244,2,10,68919.1,6891.91,62027.19
OI0006097,O007926,P0167,4,0,141477.52,0.0,141477.52
OI0006098,O002690,P0069,3,0,60679.17,0.0,60679.17
OI0006099,O001045,P0117,4,10,144680.4,14468.04,130212.36
OI0006100,O004893,P0073,2,15,38260.96,5739.14,32521.82
OI0006101,O009292,P0008,3,5,24547.17,1227.36,23319.81
OI0006102,O008169,P0286,1,20,10714.67,2142.93,8571.74
OI0006103,O007840,P0012,1,15,34970.13,5245.52,29724.61
OI0006104,O005801,P0276,4,0,199031.76,0.0,199031.76
OI0006105,O008982,P0192,4,15,169428.92,25414.34,144014.58
OI0006106,O008676,P0183,1,5,27785.3,1389.26,26396.04
OI0006107,O006969,P0268,2,15,18368.22,2755.23,15612.99
OI0006108,O001205,P0084,3,0,120744.9,0.0,120744.9
OI0006109,O008144,P0022,2,0,67303.78,0.0,67303.78
OI0006110,O004849,P0238,2,10,63925.08,6392.51,57532.57
OI0006111,O007697,P0176,2,10,7245.6,724.56,6521.04
OI0006112,O008755,P0026,1,10,4903.23,490.32,4412.91
OI0006113,O007047,P0109,1,0,35044.71,0.0,35044.71
OI0006114,O004029,P0107,3,0,31279.02,0.0,31279.02
OI0006115,O003044,P0284,1,25,38465.32,9616.33,28848.99
OI0006116,O001852,P0232,3,10,117567.36,11756.74,105810.62
OI0006117,O009772,P0073,3,5,57391.44,2869.57,54521.87
OI0006118,O001357,P0197,1,20,26692.02,5338.4,21353.62
OI0006119,O007913,P0002,1,0,46464.24,0.0,46464.24
OI0006120,O004027,P0106,1,15,24775.76,3716.36,21059.4
OI0006121,O009032,P0028,3,0,142387.98,0.0,142387.98
OI0006122,O001044,P0181,2,0,31575.32,0.0,31575.32
OI0006123,O005036,P0142,3,10,20341.98,2034.2,18307.78
OI0006124,O000688,P0107,3,5,31279.02,1563.95,29715.07
OI0006125,O005450,P0174,4,15,116325.6,17448.84,98876.76
OI0006126,O009103,P0231,4,10,94351.12,9435.11,84916.01
OI0006127,O008396,P0198,2,5,80977.84,4048.89,76928.95
OI0006128,O009656,P0035,3,20,95352.93,19070.59,76282.34
OI0006129,O005304,P0276,3,10,149273.82,14927.38,134346.44
OI0006130,O003118,P0113,1,5,49136.87,2456.84,46680.03
OI0006131,O004537,P0056,4,10,101343.08,10134.31,91208.77
OI0006132,O002602,P0108,1,5,36912.94,1845.65,35067.29
OI0006133,O002056,P0003,4,0,76087.28,0.0,76087.28
OI0006134,O000014,P0062,4,5,107174.32,5358.72,101815.6
OI0006135,O000794,P0061,2,5,69191.82,3459.59,65732.23
OI0006136,O002150,P0186,1,5,15041.52,752.08,14289.44
OI0006137,O005149,P0029,4,10,16388.28,1638.83,14749.45
OI0006138,O006847,P0251,1,0,24693.47,0.0,24693.47
OI0006139,O001805,P0087,1,0,17908.98,0.0,17908.98
OI0006140,O005078,P0278,4,15,123383.84,18507.58,104876.26
OI0006141,O002029,P0297,2,0,41705.68,0.0,41705.68
OI0006142,O004539,P0212,2,5,22950.38,1147.52,21802.86
OI0006143,O000760,P0110,1,10,12463.28,1246.33,11216.95
OI0006144,O003861,P0125,4,25,119390.84,29847.71,89543.13
OI0006145,O007519,P0178,4,0,66316.8,0.0,66316.8
OI0006146,O001642,P0242,3,15,102790.32,15418.55,87371.77
OI0006147,O007192,P0101,2,10,17424.12,1742.41,15681.71
OI0006148,O001813,P0255,4,0,49144.84,0.0,49144.84
OI0006149,O001817,P0285,2,0,9282.98,0.0,9282.98
OI0006150,O001826,P0221,3,15,107281.59,16092.24,91189.35
OI0006151,O003186,P0150,3,20,24784.2,4956.84,19827.36
OI0006152,O000562,P0086,1,0,20446.08,0.0,20446.08
OI0006153,O000238,P0137,3,0,66000.93,0.0,66000.93
OI0006154,O005979,P0201,3,5,107512.95,5375.65,102137.3
OI0006155,O009053,P0292,4,25,53493.64,13373.41,40120.23
OI0006156,O005834,P0239,4,15,2657.52,398.63,2258.89
OI0006157,O007468,P0261,3,5,145642.62,7282.13,138360.49
OI0006158,O002208,P0218,4,0,143913.28,0.0,143913.28
OI0006159,O005558,P0004,4,0,93160.24,0.0,93160.24
OI0006160,O005004,P0024,1,0,23141.11,0.0,23141.11
OI0006161,O002650,P0270,4,25,68285.2,17071.3,51213.9
OI0006162,O005315,P0219,1,25,38549.43,9637.36,28912.07
OI0006163,O004714,P0012,4,0,139880.52,0.0,139880.52
OI0006164,O005579,P0082,1,5,6869.27,343.46,6525.81
OI0006165,O008263,P0300,1,0,10159.44,0.0,10159.44
OI0006166,O007066,P0137,2,5,44000.62,2200.03,41800.59
OI0006167,O005616,P0066,1,25,44570.57,11142.64,33427.93
OI0006168,O006176,P0166,4,20,44479.64,8895.93,35583.71
OI0006169,O007846,P0096,1,15,17286.15,2592.92,14693.23
OI0006170,O001236,P0077,3,25,8194.59,2048.65,6145.94
OI0006171,O004943,P0175,1,15,47412.05,7111.81,40300.24
OI0006172,O000463,P0216,1,0,13737.66,0.0,13737.66
OI0006173,O006391,P0238,3,20,95887.62,19177.52,76710.1
OI0006174,O003801,P0239,4,10,2657.52,265.75,2391.77
OI0006175,O005830,P0146,4,10,106521.52,10652.15,95869.37
OI0006176,O006477,P0066,4,20,178282.28,35656.46,142625.82
OI0006177,O005195,P0185,1,10,14418.15,1441.82,12976.33
OI0006178,O009306,P0244,3,5,103378.65,5168.93,98209.72
OI0006179,O002841,P0064,2,25,34289.38,8572.34,25717.04
OI0006180,O000052,P0216,4,0,54950.64,0.0,54950.64
OI0006181,O007180,P0155,3,15,141772.14,21265.82,120506.32
OI0006182,O005769,P0118,3,15,29051.28,4357.69,24693.59
OI0006183,O009508,P0029,4,0,16388.28,0.0,16388.28
OI0006184,O003169,P0072,2,0,5510.9,0.0,5510.9
OI0006185,O007080,P0245,4,0,158653.36,0.0,158653.36
OI0006186,O005208,P0223,3,20,21255.36,4251.07,17004.29
OI0006187,O005173,P0226,3,15,31146.84,4672.03,26474.81
OI0006188,O004961,P0270,2,0,34142.6,0.0,34142.6
OI0006189,O003233,P0068,3,25,123810.63,30952.66,92857.97
OI0006190,O003357,P0043,4,0,67355.96,0.0,67355.96
OI0006191,O004006,P0029,4,15,16388.28,2458.24,13930.04
OI0006192,O007984,P0057,2,10,69828.28,6982.83,62845.45
OI0006193,O000973,P0118,4,0,38735.04,0.0,38735.04
OI0006194,O009019,P0033,4,15,84137.96,12620.69,71517.27
OI0006195,O000318,P0277,4,5,80298.56,4014.93,76283.63
OI0006196,O000767,P0129,2,5,16158.78,807.94,15350.84
OI0006197,O002479,P0002,2,0,92928.48,0.0,92928.48
OI0006198,O003899,P0179,1,20,25512.92,5102.58,20410.34
OI0006199,O002434,P0126,2,0,87269.58,0.0,87269.58
OI0006200,O005721,P0235,3,0,103140.18,0.0,103140.18
OI0006201,O001018,P0074,1,5,16993.44,849.67,16143.77
OI0006202,O006681,P0074,3,0,50980.32,0.0,50980.32
OI0006203,O002162,P0129,2,0,16158.78,0.0,16158.78
OI0006204,O006020,P0240,4,10,7365.0,736.5,6628.5
OI0006205,O007112,P0157,4,25,128617.8,32154.45,96463.35
OI0006206,O003042,P0141,1,20,16217.79,3243.56,12974.23
OI0006207,O004354,P0232,3,0,117567.36,0.0,117567.36
OI0006208,O006099,P0299,1,10,39286.17,3928.62,35357.55
OI0006209,O004956,P0041,1,15,17527.84,2629.18,14898.66
OI0006210,O009506,P0216,4,0,54950.64,0.0,54950.64
OI0006211,O001705,P0186,2,0,30083.04,0.0,30083.04
OI0006212,O000262,P0041,1,20,17527.84,3505.57,14022.27
OI0006213,O006684,P0262,4,0,189533.48,0.0,189533.48
OI0006214,O001160,P0046,3,10,5592.63,559.26,5033.37
OI0006215,O001665,P0205,1,0,330.08,0.0,330.08
OI0006216,O009552,P0285,1,0,4641.49,0.0,4641.49
OI0006217,O002003,P0206,2,10,45308.0,4530.8,40777.2
OI0006218,O007442,P0186,2,5,30083.04,1504.15,28578.89
OI0006219,O002270,P0131,2,15,10928.16,1639.22,9288.94
OI0006220,O005456,P0098,2,20,40088.8,8017.76,32071.04
OI0006221,O009168,P0279,2,0,36776.32,0.0,36776.32
OI0006222,O009739,P0190,4,0,88176.16,0.0,88176.16
OI0006223,O001764,P0266,1,25,38091.4,9522.85,28568.55
OI0006224,O000415,P0004,4,5,93160.24,4658.01,88502.23
OI0006225,O007571,P0039,4,25,37993.2,9498.3,28494.9
OI0006226,O008819,P0113,2,5,98273.74,4913.69,93360.05
OI0006227,O006529,P0034,1,5,22153.58,1107.68,21045.9
OI0006228,O004035,P0216,2,15,27475.32,4121.3,23354.02
OI0006229,O006088,P0120,2,0,7519.7,0.0,7519.7
OI0006230,O000653,P0281,3,5,104525.73,5226.29,99299.44
OI0006231,O000513,P0271,2,5,17890.4,894.52,16995.88
OI0006232,O002445,P0268,2,0,18368.22,0.0,18368.22
OI0006233,O009002,P0129,4,5,32317.56,1615.88,30701.68
OI0006234,O002910,P0142,4,5,27122.64,1356.13,25766.51
OI0006235,O008695,P0105,1,0,40727.69,0.0,40727.69
OI0006236,O008232,P0287,1,0,25205.16,0.0,25205.16
OI0006237,O000222,P0216,2,10,27475.32,2747.53,24727.79
OI0006238,O007095,P0053,2,0,64667.66,0.0,64667.66
OI0006239,O009658,P0244,3,5,103378.65,5168.93,98209.72
OI0006240,O008162,P0106,3,0,74327.28,0.0,74327.28
OI0006241,O001028,P0171,4,0,78076.08,0.0,78076.08
OI0006242,O006064,P0146,1,0,26630.38,0.0,26630.38
OI0006243,O009672,P0067,1,0,24908.56,0.0,24908.56
OI0006244,O007023,P0246,1,15,15477.36,2321.6,13155.76
OI0006245,O005104,P0279,4,25,73552.64,18388.16,55164.48
OI0006246,O001042,P0086,1,10,20446.08,2044.61,18401.47
OI0006247,O005462,P0177,4,20,101868.92,20373.78,81495.14
OI0006248,O001907,P0151,4,0,50455.64,0.0,50455.64
OI0006249,O007091,P0285,1,5,4641.49,232.07,4409.42
OI0006250,O003446,P0217,3,0,25950.96,0.0,25950.96
OI0006251,O007982,P0088,3,25,118773.0,29693.25,89079.75
OI0006252,O007874,P0059,1,0,41671.4,0.0,41671.4
OI0006253,O006973,P0191,3,5,59363.91,2968.2,56395.71
OI0006254,O000898,P0029,3,0,12291.21,0.0,12291.21
OI0006255,O003491,P0003,4,0,76087.28,0.0,76087.28
OI0006256,O003910,P0089,4,15,102430.4,15364.56,87065.84
OI0006257,O007620,P0063,1,0,19081.21,0.0,19081.21
OI0006258,O000577,P0279,2,0,36776.32,0.0,36776.32
OI0006259,O006191,P0247,1,25,1993.66,498.42,1495.24
OI0006260,O005338,P0086,1,0,20446.08,0.0,20446.08
OI0006261,O001245,P0221,4,20,143042.12,28608.42,114433.7
OI0006262,O003083,P0077,1,25,2731.53,682.88,2048.65
OI0006263,O000190,P0131,3,15,16392.24,2458.84,13933.4
OI0006264,O007044,P0110,1,0,12463.28,0.0,12463.28
OI0006265,O006050,P0245,2,0,79326.68,0.0,79326.68
OI0006266,O006751,P0036,4,0,155071.92,0.0,155071.92
OI0006267,O006474,P0120,4,15,15039.4,2255.91,12783.49
OI0006268,O007349,P0265,1,0,31774.94,0.0,31774.94
OI0006269,O004631,P0033,1,0,21034.49,0.0,21034.49
OI0006270,O001073,P0291,2,10,1888.14,188.81,1699.33
OI0006271,O008925,P0031,3,10,54849.0,5484.9,49364.1
OI0006272,O003695,P0119,3,10,66655.14,6665.51,59989.63
OI0006273,O004241,P0078,4,10,44843.76,4484.38,40359.38
OI0006274,O005419,P0266,1,10,38091.4,3809.14,34282.26
OI0006275,O001633,P0162,4,5,8615.2,430.76,8184.44
OI0006276,O001339,P0051,2,25,73440.8,18360.2,55080.6
OI0006277,O000726,P0295,3,20,138904.29,27780.86,111123.43
OI0006278,O002586,P0218,3,5,107934.96,5396.75,102538.21
OI0006279,O009950,P0196,2,0,74450.86,0.0,74450.86
OI0006280,O004440,P0090,2,20,13131.84,2626.37,10505.47
OI0006281,O005050,P0130,4,15,139310.56,20896.58,118413.98
OI0006282,O007197,P0012,4,0,139880.52,0.0,139880.52
OI0006283,O005235,P0032,2,15,84531.04,12679.66,71851.38
OI0006284,O001290,P0051,4,10,146881.6,14688.16,132193.44
OI0006285,O000482,P0267,4,0,197212.76,0.0,197212.76
OI0006286,O005230,P0288,3,15,3586.74,538.01,3048.73
OI0006287,O008597,P0054,1,5,41370.04,2068.5,39301.54
OI0006288,O003702,P0006,2,25,61054.32,15263.58,45790.74
OI0006289,O005755,P0282,1,0,46905.77,0.0,46905.77
OI0006290,O004007,P0008,2,25,16364.78,4091.2,12273.58
OI0006291,O008909,P0294,2,0,57483.66,0.0,57483.66
OI0006292,O001858,P0136,4,0,4486.08,0.0,4486.08
OI0006293,O002811,P0017,4,10,106259.6,10625.96,95633.64
OI0006294,O005254,P0201,2,10,71675.3,7167.53,64507.77
OI0006295,O006657,P0110,2,0,24926.56,0.0,24926.56
OI0006296,O008476,P0096,4,20,69144.6,13828.92,55315.68
OI0006297,O008075,P0224,4,20,193258.68,38651.74,154606.94
OI0006298,O006055,P0241,1,5,42623.02,2131.15,40491.87
OI0006299,O000124,P0254,3,5,40858.8,2042.94,38815.86
OI0006300,O007365,P0101,3,15,26136.18,3920.43,22215.75
OI0006301,O003474,P0209,1,20,9563.45,1912.69,7650.76
OI0006302,O009748,P0242,2,15,68526.88,10279.03,58247.85
OI0006303,O009548,P0151,4,5,50455.64,2522.78,47932.86
OI0006304,O005979,P0163,2,15,30820.24,4623.04,26197.2
OI0006305,O002362,P0270,3,10,51213.9,5121.39,46092.51
OI0006306,O008802,P0065,4,10,124465.88,12446.59,112019.29
OI0006307,O000126,P0049,1,25,5959.63,1489.91,4469.72
OI0006308,O008924,P0164,1,10,37280.26,3728.03,33552.23
OI0006309,O007529,P0129,3,20,24238.17,4847.63,19390.54
OI0006310,O002331,P0022,2,15,67303.78,10095.57,57208.21
OI0006311,O001622,P0003,2,0,38043.64,0.0,38043.64
OI0006312,O008524,P0235,2,5,68760.12,3438.01,65322.11
OI0006313,O007102,P0268,3,10,27552.33,2755.23,24797.1
OI0006314,O008961,P0258,3,5,86579.73,4328.99,82250.74
OI0006315,O006789,P0193,3,25,64376.64,16094.16,48282.48
OI0006316,O007088,P0041,2,10,35055.68,3505.57,31550.11
OI0006317,O009861,P0216,1,25,13737.66,3434.42,10303.24
OI0006318,O005191,P0244,2,0,68919.1,0.0,68919.1
OI0006319,O002330,P0102,3,20,7156.35,1431.27,5725.08
OI0006320,O006449,P0267,4,10,197212.76,19721.28,177491.48
OI0006321,O001862,P0180,3,0,4178.94,0.0,4178.94
OI0006322,O001853,P0180,4,5,5571.92,278.6,5293.32
OI0006323,O000259,P0191,3,25,59363.91,14840.98,44522.93
OI0006324,O007335,P0271,3,25,26835.6,6708.9,20126.7
OI0006325,O003662,P0070,4,0,21192.96,0.0,21192.96
OI0006326,O006833,P0040,3,5,52281.87,2614.09,49667.78
OI0006327,O000532,P0009,1,20,27316.66,5463.33,21853.33
OI0006328,O001466,P0114,4,0,172157.36,0.0,172157.36
OI0006329,O000428,P0145,3,25,117486.93,29371.73,88115.2
OI0006330,O000137,P0151,4,5,50455.64,2522.78,47932.86
OI0006331,O006847,P0223,4,0,28340.48,0.0,28340.48
OI0006332,O007430,P0080,4,5,109880.32,5494.02,104386.3
OI0006333,O003686,P0051,1,20,36720.4,7344.08,29376.32
OI0006334,O009004,P0086,3,25,61338.24,15334.56,46003.68
OI0006335,O006149,P0144,1,0,33677.69,0.0,33677.69
OI0006336,O007309,P0173,4,10,80107.36,8010.74,72096.62
OI0006337,O001400,P0189,4,25,193464.88,48366.22,145098.66
OI0006338,O003727,P0268,2,20,18368.22,3673.64,14694.58
OI0006339,O003821,P0201,2,5,71675.3,3583.76,68091.54
OI0006340,O002560,P0006,2,20,61054.32,12210.86,48843.46
OI0006341,O004280,P0102,4,0,9541.8,0.0,9541.8
OI0006342,O001225,P0248,1,10,46651.4,4665.14,41986.26
OI0006343,O008538,P0202,4,10,160166.84,16016.68,144150.16
OI0006344,O001054,P0232,4,15,156756.48,23513.47,133243.01
OI0006345,O008662,P0163,1,0,15410.12,0.0,15410.12
OI0006346,O002969,P0047,3,10,70852.2,7085.22,63766.98
OI0006347,O006468,P0085,2,10,18391.22,1839.12,16552.1
OI0006348,O006428,P0117,4,0,144680.4,0.0,144680.4
OI0006349,O009206,P0275,4,5,107870.6,5393.53,102477.07
OI0006350,O004169,P0283,3,0,81625.44,0.0,81625.44
OI0006351,O005247,P0139,2,25,48563.86,12140.96,36422.9
OI0006352,O009089,P0187,3,25,57832.35,14458.09,43374.26
OI0006353,O002270,P0041,2,5,35055.68,1752.78,33302.9
OI0006354,O008523,P0171,4,20,78076.08,15615.22,62460.86
OI0006355,O006441,P0028,2,20,94925.32,18985.06,75940.26
OI0006356,O000581,P0063,4,25,76324.84,19081.21,57243.63
OI0006357,O001495,P0280,1,0,19759.73,0.0,19759.73
OI0006358,O008147,P0205,1,15,330.08,49.51,280.57
OI0006359,O000904,P0295,1,0,46301.43,0.0,46301.43
OI0006360,O006715,P0122,3,15,111392.49,16708.87,94683.62
OI0006361,O001905,P0045,3,20,22353.93,4470.79,17883.14
OI0006362,O002852,P0171,4,0,78076.08,0.0,78076.08
OI0006363,O008887,P0195,3,10,35099.67,3509.97,31589.7
OI0006364,O005965,P0297,3,10,62558.52,6255.85,56302.67
OI0006365,O009694,P0047,3,0,70852.2,0.0,70852.2
OI0006366,O008361,P0122,1,0,37130.83,0.0,37130.83
OI0006367,O000571,P0151,3,10,37841.73,3784.17,34057.56
OI0006368,O009534,P0288,2,20,2391.16,478.23,1912.93
OI0006369,O004166,P0074,3,15,50980.32,7647.05,43333.27
OI0006370,O007668,P0185,2,0,28836.3,0.0,28836.3
OI0006371,O004965,P0166,1,0,11119.91,0.0,11119.91
OI0006372,O008145,P0077,4,20,10926.12,2185.22,8740.9
OI0006373,O002660,P0271,3,15,26835.6,4025.34,22810.26
OI0006374,O009192,P0013,4,0,125051.44,0.0,125051.44
OI0006375,O004192,P0291,4,10,3776.28,377.63,3398.65
OI0006376,O000790,P0130,4,0,139310.56,0.0,139310.56
OI0006377,O009591,P0061,4,25,138383.64,34595.91,103787.73
OI0006378,O004449,P0096,3,0,51858.45,0.0,51858.45
OI0006379,O003606,P0086,2,0,40892.16,0.0,40892.16
OI0006380,O004690,P0004,4,10,93160.24,9316.02,83844.22
OI0006381,O000397,P0110,1,15,12463.28,1869.49,10593.79
OI0006382,O001490,P0014,1,5,9612.06,480.6,9131.46
OI0006383,O008163,P0145,2,5,78324.62,3916.23,74408.39
OI0006384,O008082,P0142,4,5,27122.64,1356.13,25766.51
OI0006385,O007242,P0232,1,15,39189.12,5878.37,33310.75
OI0006386,O007584,P0041,3,5,52583.52,2629.18,49954.34
OI0006387,O004603,P0283,1,0,27208.48,0.0,27208.48
OI0006388,O005022,P0040,4,5,69709.16,3485.46,66223.7
OI0006389,O008339,P0035,4,25,127137.24,31784.31,95352.93
OI0006390,O000688,P0095,4,5,99949.12,4997.46,94951.66
OI0006391,O006240,P0187,4,10,77109.8,7710.98,69398.82
OI0006392,O005450,P0177,1,15,25467.23,3820.08,21647.15
OI0006393,O006055,P0191,3,10,59363.91,5936.39,53427.52
OI0006394,O000683,P0011,4,15,15909.64,2386.45,13523.19
OI0006395,O005523,P0251,4,20,98773.88,19754.78,79019.1
OI0006396,O008523,P0250,2,5,11003.58,550.18,10453.4
OI0006397,O009383,P0080,1,0,27470.08,0.0,27470.08
OI0006398,O003054,P0297,3,0,62558.52,0.0,62558.52
OI0006399,O003942,P0160,3,15,38694.54,5804.18,32890.36
OI0006400,O008150,P0021,3,15,140899.83,21134.97,119764.86
OI0006401,O004923,P0248,2,10,93302.8,9330.28,83972.52
OI0006402,O006894,P0114,1,25,43039.34,10759.84,32279.5
OI0006403,O006238,P0251,4,10,98773.88,9877.39,88896.49
OI0006404,O006494,P0181,1,0,15787.66,0.0,15787.66
OI0006405,O001263,P0048,2,10,95461.0,9546.1,85914.9
OI0006406,O006066,P0058,4,0,117690.64,0.0,117690.64
OI0006407,O000203,P0137,2,10,44000.62,4400.06,39600.56
OI0006408,O004310,P0156,3,0,29815.26,0.0,29815.26
OI0006409,O001290,P0156,2,10,19876.84,1987.68,17889.16
OI0006410,O008299,P0174,4,20,116325.6,23265.12,93060.48
OI0006411,O006518,P0282,4,0,187623.08,0.0,187623.08
OI0006412,O009487,P0251,2,5,49386.94,2469.35,46917.59
OI0006413,O007484,P0196,1,15,37225.43,5583.81,31641.62
OI0006414,O007203,P0195,1,15,11699.89,1754.98,9944.91
OI0006415,O009217,P0230,1,10,37457.46,3745.75,33711.71
OI0006416,O006703,P0044,3,0,16636.74,0.0,16636.74
OI0006417,O005231,P0217,3,0,25950.96,0.0,25950.96
OI0006418,O001269,P0277,3,25,60223.92,15055.98,45167.94
OI0006419,O001298,P0036,3,20,116303.94,23260.79,93043.15
OI0006420,O007194,P0070,1,25,5298.24,1324.56,3973.68
OI0006421,O000316,P0181,1,5,15787.66,789.38,14998.28
OI0006422,O008745,P0255,2,5,24572.42,1228.62,23343.8
OI0006423,O002770,P0148,3,5,30569.1,1528.46,29040.64
OI0006424,O009259,P0223,2,10,14170.24,1417.02,12753.22
OI0006425,O002002,P0115,3,20,103369.05,20673.81,82695.24
OI0006426,O009466,P0127,4,0,10274.56,0.0,10274.56
OI0006427,O007835,P0094,3,0,56696.49,0.0,56696.49
OI0006428,O005809,P0259,3,15,138831.54,20824.73,118006.81
OI0006429,O007480,P0212,1,15,11475.19,1721.28,9753.91
OI0006430,O006569,P0008,4,20,32729.56,6545.91,26183.65
OI0006431,O003967,P0256,3,15,148752.96,22312.94,126440.02
OI0006432,O004451,P0118,4,5,38735.04,1936.75,36798.29
OI0006433,O000599,P0001,2,0,55859.7,0.0,55859.7
OI0006434,O000312,P0002,2,15,92928.48,13939.27,78989.21
OI0006435,O009662,P0074,1,20,16993.44,3398.69,13594.75
OI0006436,O002622,P0293,3,0,77393.19,0.0,77393.19
OI0006437,O004708,P0250,1,10,5501.79,550.18,4951.61
OI0006438,O009898,P0094,2,5,37797.66,1889.88,35907.78
OI0006439,O003958,P0051,3,10,110161.2,11016.12,99145.08
OI0006440,O001180,P0172,4,0,32650.72,0.0,32650.72
OI0006441,O007205,P0152,1,5,11398.36,569.92,10828.44
OI0006442,O008980,P0160,3,10,38694.54,3869.45,34825.09
OI0006443,O004643,P0184,2,0,45276.02,0.0,45276.02
OI0006444,O000354,P0192,4,5,169428.92,8471.45,160957.47
OI0006445,O004115,P0158,3,0,122695.53,0.0,122695.53
OI0006446,O009578,P0166,3,0,33359.73,0.0,33359.73
OI0006447,O005128,P0119,1,25,22218.38,5554.6,16663.78
OI0006448,O003504,P0126,4,10,174539.16,17453.92,157085.24
OI0006449,O009666,P0183,1,5,27785.3,1389.26,26396.04
OI0006450,O000784,P0045,4,10,29805.24,2980.52,26824.72
OI0006451,O005493,P0190,3,5,66132.12,3306.61,62825.51
OI0006452,O005773,P0135,4,10,187317.44,18731.74,168585.7
OI0006453,O005239,P0155,3,0,141772.14,0.0,141772.14
OI0006454,O002505,P0230,2,0,74914.92,0.0,74914.92
OI0006455,O000926,P0230,2,25,74914.92,18728.73,56186.19
OI0006456,O005567,P0023,2,0,7842.7,0.0,7842.7
OI0006457,O009991,P0160,1,0,12898.18,0.0,12898.18
OI0006458,O001744,P0002,4,10,185856.96,18585.7,167271.26
OI0006459,O005920,P0203,2,5,34870.28,1743.51,33126.77
OI0006460,O009149,P0162,4,10,8615.2,861.52,7753.68
OI0006461,O006991,P0189,1,25,48366.22,12091.56,36274.66
OI0006462,O000267,P0111,2,0,90377.42,0.0,90377.42
OI0006463,O003088,P0290,2,5,51931.16,2596.56,49334.6
OI0006464,O009632,P0263,4,15,177002.72,26550.41,150452.31
OI0006465,O009197,P0266,2,0,76182.8,0.0,76182.8
OI0006466,O006622,P0130,3,15,104482.92,15672.44,88810.48
OI0006467,O005561,P0241,3,5,127869.06,6393.45,121475.61
OI0006468,O003042,P0081,2,10,14791.72,1479.17,13312.55
OI0006469,O009832,P0157,3,10,96463.35,9646.33,86817.02
OI0006470,O001887,P0210,1,10,43010.34,4301.03,38709.31
OI0006471,O005296,P0238,1,10,31962.54,3196.25,28766.29
OI0006472,O009782,P0017,4,0,106259.6,0.0,106259.6
OI0006473,O001658,P0184,3,5,67914.03,3395.7,64518.33
OI0006474,O000553,P0086,2,15,40892.16,6133.82,34758.34
OI0006475,O002553,P0272,3,20,63550.71,12710.14,50840.57
OI0006476,O005459,P0153,3,10,78202.65,7820.26,70382.39
OI0006477,O004669,P0271,4,20,35780.8,7156.16,28624.64
OI0006478,O009351,P0101,1,10,8712.06,871.21,7840.85
OI0006479,O009141,P0079,2,0,27714.48,0.0,27714.48
OI0006480,O007645,P0271,1,15,8945.2,1341.78,7603.42
OI0006481,O006758,P0184,3,15,67914.03,10187.1,57726.93
OI0006482,O002101,P0082,3,0,20607.81,0.0,20607.81
OI0006483,O006244,P0037,2,10,3763.4,376.34,3387.06
OI0006484,O003549,P0128,4,25,77581.72,19395.43,58186.29
OI0006485,O003421,P0065,2,25,62232.94,15558.24,46674.7
OI0006486,O004355,P0289,1,10,12791.18,1279.12,11512.06
OI0006487,O001390,P0131,2,15,10928.16,1639.22,9288.94
OI0006488,O008133,P0182,4,0,164113.72,0.0,164113.72
OI0006489,O006464,P0149,2,5,29016.1,1450.8,27565.3
OI0006490,O006283,P0110,3,15,37389.84,5608.48,31781.36
OI0006491,O004045,P0105,3,15,122183.07,18327.46,103855.61
OI0006492,O007105,P0027,3,15,148335.03,22250.25,126084.78
OI0006493,O000808,P0115,2,15,68912.7,10336.91,58575.79
OI0006494,O009599,P0227,4,5,37880.08,1894.0,35986.08
OI0006495,O008810,P0129,4,25,32317.56,8079.39,24238.17
OI0006496,O000911,P0260,2,5,15028.9,751.44,14277.46
OI0006497,O002147,P0024,4,25,92564.44,23141.11,69423.33
OI0006498,O003486,P0110,3,0,37389.84,0.0,37389.84
OI0006499,O000021,P0157,4,20,128617.8,25723.56,102894.24
OI0006500,O001760,P0022,4,5,134607.56,6730.38,127877.18
OI0006501,O005815,P0151,4,15,50455.64,7568.35,42887.29
OI0006502,O009044,P0213,2,0,48277.12,0.0,48277.12
OI0006503,O000703,P0008,3,0,24547.17,0.0,24547.17
OI0006504,O008073,P0080,2,0,54940.16,0.0,54940.16
OI0006505,O002356,P0088,3,10,118773.0,11877.3,106895.7
OI0006506,O006602,P0059,1,5,41671.4,2083.57,39587.83
OI0006507,O004853,P0090,4,5,26263.68,1313.18,24950.5
OI0006508,O004617,P0263,2,5,88501.36,4425.07,84076.29
OI0006509,O007649,P0281,4,5,139367.64,6968.38,132399.26
OI0006510,O006779,P0102,1,20,2385.45,477.09,1908.36
OI0006511,O003184,P0173,3,10,60080.52,6008.05,54072.47
OI0006512,O008916,P0218,1,5,35978.32,1798.92,34179.4
OI0006513,O006100,P0256,2,10,99168.64,9916.86,89251.78
OI0006514,O001283,P0154,4,20,112883.6,22576.72,90306.88
OI0006515,O007054,P0158,1,5,40898.51,2044.93,38853.58
OI0006516,O006472,P0194,3,5,83068.5,4153.42,78915.08
OI0006517,O006260,P0235,1,5,34380.06,1719.0,32661.06
OI0006518,O007406,P0053,4,5,129335.32,6466.77,122868.55
OI0006519,O001711,P0201,3,10,107512.95,10751.3,96761.65
OI0006520,O009056,P0167,3,15,106108.14,15916.22,90191.92
OI0006521,O003729,P0108,4,5,147651.76,7382.59,140269.17
OI0006522,O006696,P0140,1,0,25151.16,0.0,25151.16
OI0006523,O001082,P0128,3,15,58186.29,8727.94,49458.35
OI0006524,O006532,P0178,4,20,66316.8,13263.36,53053.44
OI0006525,O001879,P0056,3,0,76007.31,0.0,76007.31
OI0006526,O008505,P0177,2,10,50934.46,5093.45,45841.01
OI0006527,O008025,P0288,3,25,3586.74,896.68,2690.06
OI0006528,O006296,P0082,1,0,6869.27,0.0,6869.27
OI0006529,O006051,P0213,3,20,72415.68,14483.14,57932.54
OI0006530,O003918,P0172,2,0,16325.36,0.0,16325.36
OI0006531,O003732,P0169,3,25,68621.58,17155.4,51466.18
OI0006532,O000052,P0097,3,10,36737.73,3673.77,33063.96
OI0006533,O001783,P0223,4,15,28340.48,4251.07,24089.41
OI0006534,O001294,P0195,4,0,46799.56,0.0,46799.56
OI0006535,O000935,P0150,3,0,24784.2,0.0,24784.2
OI0006536,O006394,P0242,4,25,137053.76,34263.44,102790.32
OI0006537,O004692,P0089,4,25,102430.4,25607.6,76822.8
OI0006538,O000499,P0178,4,5,66316.8,3315.84,63000.96
OI0006539,O007271,P0212,3,5,34425.57,1721.28,32704.29
OI0006540,O009228,P0159,2,0,56198.04,0.0,56198.04
OI0006541,O000470,P0051,3,25,110161.2,27540.3,82620.9
OI0006542,O004835,P0248,3,25,139954.2,34988.55,104965.65
OI0006543,O001673,P0289,4,0,51164.72,0.0,51164.72
OI0006544,O009086,P0020,3,5,91789.83,4589.49,87200.34
OI0006545,O003635,P0176,1,25,3622.8,905.7,2717.1
OI0006546,O005157,P0072,3,0,8266.35,0.0,8266.35
OI0006547,O006281,P0230,4,20,149829.84,29965.97,119863.87
OI0006548,O000464,P0121,2,0,39207.88,0.0,39207.88
OI0006549,O009332,P0142,3,0,20341.98,0.0,20341.98
OI0006550,O008128,P0062,2,0,53587.16,0.0,53587.16
OI0006551,O007509,P0179,1,15,25512.92,3826.94,21685.98
OI0006552,O000329,P0206,2,0,45308.0,0.0,45308.0
OI0006553,O003867,P0127,3,0,7705.92,0.0,7705.92
OI0006554,O009332,P0198,2,15,80977.84,12146.68,68831.16
OI0006555,O001010,P0098,4,15,80177.6,12026.64,68150.96
OI0006556,O008521,P0127,4,20,10274.56,2054.91,8219.65
OI0006557,O008667,P0081,1,10,7395.86,739.59,6656.27
OI0006558,O008988,P0231,4,0,94351.12,0.0,94351.12
OI0006559,O008227,P0294,3,0,86225.49,0.0,86225.49
OI0006560,O000166,P0143,1,15,18943.1,2841.46,16101.64
OI0006561,O003680,P0036,3,20,116303.94,23260.79,93043.15
OI0006562,O007817,P0228,1,20,6456.93,1291.39,5165.54
OI0006563,O008579,P0009,4,5,109266.64,5463.33,103803.31
OI0006564,O006707,P0236,4,15,4452.48,667.87,3784.61
OI0006565,O002637,P0227,3,0,28410.06,0.0,28410.06
OI0006566,O006370,P0237,1,15,15725.53,2358.83,13366.7
OI0006567,O003038,P0145,4,0,156649.24,0.0,156649.24
OI0006568,O005089,P0082,4,25,27477.08,6869.27,20607.81
OI0006569,O001699,P0004,1,5,23290.06,1164.5,22125.56
OI0006570,O002064,P0084,2,5,80496.6,4024.83,76471.77
OI0006571,O001192,P0013,2,5,62525.72,3126.29,59399.43
OI0006572,O004933,P0115,4,10,137825.4,13782.54,124042.86
OI0006573,O007176,P0299,3,0,117858.51,0.0,117858.51
OI0006574,O007606,P0264,3,0,32651.73,0.0,32651.73
OI0006575,O005793,P0235,1,15,34380.06,5157.01,29223.05
OI0006576,O005555,P0123,2,25,38887.76,9721.94,29165.82
OI0006577,O003458,P0210,3,15,129031.02,19354.65,109676.37
OI0006578,O006676,P0199,2,0,78158.98,0.0,78158.98
OI0006579,O008513,P0044,4,5,22182.32,1109.12,21073.2
OI0006580,O006032,P0179,3,0,76538.76,0.0,76538.76
OI0006581,O006889,P0117,2,15,72340.2,10851.03,61489.17
OI0006582,O009492,P0247,3,0,5980.98,0.0,5980.98
OI0006583,O004971,P0101,2,10,17424.12,1742.41,15681.71
OI0006584,O009870,P0010,1,20,26708.05,5341.61,21366.44
OI0006585,O001741,P0222,3,10,110545.74,11054.57,99491.17
OI0006586,O001115,P0281,2,10,69683.82,6968.38,62715.44
OI0006587,O001465,P0103,1,25,32753.19,8188.3,24564.89
OI0006588,O005754,P0162,3,5,6461.4,323.07,6138.33
OI0006589,O005538,P0044,2,15,11091.16,1663.67,9427.49
OI0006590,O004795,P0246,3,15,46432.08,6964.81,39467.27
OI0006591,O003664,P0090,3,0,19697.76,0.0,19697.76
OI0006592,O006812,P0196,1,25,37225.43,9306.36,27919.07
OI0006593,O008107,P0171,3,15,58557.06,8783.56,49773.5
OI0006594,O001443,P0258,2,0,57719.82,0.0,57719.82
OI0006595,O003471,P0114,3,15,129118.02,19367.7,109750.32
OI0006596,O007067,P0155,3,0,141772.14,0.0,141772.14
OI0006597,O003711,P0290,1,5,25965.58,1298.28,24667.3
OI0006598,O004979,P0164,1,5,37280.26,1864.01,35416.25
OI0006599,O001430,P0215,2,5,21820.48,1091.02,20729.46
OI0006600,O004969,P0107,4,15,41705.36,6255.8,35449.56
OI0006601,O009447,P0069,1,15,20226.39,3033.96,17192.43
OI0006602,O004887,P0104,1,10,38741.02,3874.1,34866.92
OI0006603,O009175,P0085,2,10,18391.22,1839.12,16552.1
OI0006604,O000909,P0299,4,5,157144.68,7857.23,149287.45
OI0006605,O005692,P0074,3,0,50980.32,0.0,50980.32
OI0006606,O000631,P0277,3,5,60223.92,3011.2,57212.72
OI0006607,O007160,P0141,3,0,48653.37,0.0,48653.37
OI0006608,O008143,P0108,2,20,73825.88,14765.18,59060.7
OI0006609,O001292,P0028,2,10,94925.32,9492.53,85432.79
OI0006610,O008241,P0158,2,25,81797.02,20449.26,61347.76
OI0006611,O007910,P0082,1,0,6869.27,0.0,6869.27
OI0006612,O001756,P0106,2,15,49551.52,7432.73,42118.79
OI0006613,O002230,P0130,4,0,139310.56,0.0,139310.56
OI0006614,O002168,P0211,1,10,13035.21,1303.52,11731.69
OI0006615,O001812,P0021,3,10,140899.83,14089.98,126809.85
OI0006616,O006915,P0174,1,15,29081.4,4362.21,24719.19
OI0006617,O000770,P0217,1,15,8650.32,1297.55,7352.77
OI0006618,O001500,P0025,1,10,44562.04,4456.2,40105.84
OI0006619,O000278,P0148,2,10,20379.4,2037.94,18341.46
OI0006620,O008995,P0262,4,0,189533.48,0.0,189533.48
OI0006621,O003309,P0274,2,5,46697.04,2334.85,44362.19
OI0006622,O009460,P0177,3,5,76401.69,3820.08,72581.61
OI0006623,O008846,P0162,1,10,2153.8,215.38,1938.42
OI0006624,O008436,P0289,1,5,12791.18,639.56,12151.62
OI0006625,O009120,P0115,1,0,34456.35,0.0,34456.35
OI0006626,O008123,P0194,4,20,110758.0,22151.6,88606.4
OI0006627,O007204,P0047,1,20,23617.4,4723.48,18893.92
OI0006628,O005066,P0177,2,5,50934.46,2546.72,48387.74
OI0006629,O009792,P0030,4,0,186731.92,0.0,186731.92
OI0006630,O009357,P0211,4,10,52140.84,5214.08,46926.76
OI0006631,O001953,P0246,1,10,15477.36,1547.74,13929.62
OI0006632,O001157,P0287,4,20,100820.64,20164.13,80656.51
OI0006633,O004056,P0277,2,10,40149.28,4014.93,36134.35
OI0006634,O007442,P0273,3,25,119196.09,29799.02,89397.07
OI0006635,O002066,P0229,3,10,21270.75,2127.07,19143.68
OI0006636,O003924,P0233,4,15,149449.96,22417.49,127032.47
OI0006637,O003943,P0098,2,10,40088.8,4008.88,36079.92
OI0006638,O001384,P0175,4,5,189648.2,9482.41,180165.79
OI0006639,O001876,P0276,2,0,99515.88,0.0,99515.88
OI0006640,O001796,P0272,1,15,21183.57,3177.54,18006.03
OI0006641,O000022,P0049,1,25,5959.63,1489.91,4469.72
OI0006642,O006361,P0169,1,15,22873.86,3431.08,19442.78
OI0006643,O006997,P0060,1,5,3798.13,189.91,3608.22
OI0006644,O006638,P0280,3,20,59279.19,11855.84,47423.35
OI0006645,O008393,P0269,1,10,38347.09,3834.71,34512.38
OI0006646,O009481,P0290,1,15,25965.58,3894.84,22070.74
OI0006647,O003771,P0230,2,0,74914.92,0.0,74914.92
OI0006648,O002311,P0085,4,10,36782.44,3678.24,33104.2
OI0006649,O002114,P0241,3,10,127869.06,12786.91,115082.15
OI0006650,O009202,P0270,2,15,34142.6,5121.39,29021.21
OI0006651,O009147,P0107,4,15,41705.36,6255.8,35449.56
OI0006652,O004865,P0230,1,5,37457.46,1872.87,35584.59
OI0006653,O005749,P0246,4,0,61909.44,0.0,61909.44
OI0006654,O004959,P0101,3,25,26136.18,6534.04,19602.14
OI0006655,O007203,P0297,1,15,20852.84,3127.93,17724.91
OI0006656,O003367,P0108,1,10,36912.94,3691.29,33221.65
OI0006657,O008724,P0158,4,5,163594.04,8179.7,155414.34
OI0006658,O001377,P0045,3,25,22353.93,5588.48,16765.45
OI0006659,O004311,P0074,2,0,33986.88,0.0,33986.88
OI0006660,O003125,P0257,4,25,40118.84,10029.71,30089.13
OI0006661,O001164,P0103,4,5,131012.76,6550.64,124462.12
OI0006662,O001672,P0092,2,0,39928.04,0.0,39928.04
OI0006663,O000448,P0246,1,5,15477.36,773.87,14703.49
OI0006664,O009071,P0237,4,15,62902.12,9435.32,53466.8
OI0006665,O009850,P0211,2,5,26070.42,1303.52,24766.9
OI0006666,O005771,P0094,4,10,75595.32,7559.53,68035.79
OI0006667,O000026,P0084,3,20,120744.9,24148.98,96595.92
OI0006668,O001574,P0020,4,10,122386.44,12238.64,110147.8
OI0006669,O006789,P0023,2,15,7842.7,1176.4,6666.3
OI0006670,O000197,P0096,4,0,69144.6,0.0,69144.6
OI0006671,O004208,P0262,4,5,189533.48,9476.67,180056.81
OI0006672,O001679,P0161,4,5,53096.0,2654.8,50441.2
OI0006673,O005995,P0008,3,0,24547.17,0.0,24547.17
OI0006674,O005591,P0124,3,5,49942.95,2497.15,47445.8
OI0006675,O003219,P0132,3,20,99919.29,19983.86,79935.43
OI0006676,O007249,P0035,1,0,31784.31,0.0,31784.31
OI0006677,O002002,P0093,3,0,39877.89,0.0,39877.89
OI0006678,O000023,P0139,4,15,97127.72,14569.16,82558.56
OI0006679,O009406,P0294,4,5,114967.32,5748.37,109218.95
OI0006680,O008148,P0221,3,15,107281.59,16092.24,91189.35
OI0006681,O002329,P0086,2,25,40892.16,10223.04,30669.12
OI0006682,O006304,P0118,1,5,9683.76,484.19,9199.57
OI0006683,O006428,P0162,4,0,8615.2,0.0,8615.2
OI0006684,O002139,P0110,2,10,24926.56,2492.66,22433.9
OI0006685,O005748,P0092,3,25,59892.06,14973.02,44919.04
OI0006686,O000493,P0200,4,10,43624.96,4362.5,39262.46
OI0006687,O004580,P0152,1,5,11398.36,569.92,10828.44
OI0006688,O004236,P0074,2,10,33986.88,3398.69,30588.19
OI0006689,O009679,P0109,2,0,70089.42,0.0,70089.42
OI0006690,O005996,P0228,1,15,6456.93,968.54,5488.39
OI0006691,O007507,P0242,1,15,34263.44,5139.52,29123.92
OI0006692,O005530,P0247,3,15,5980.98,897.15,5083.83
OI0006693,O009813,P0002,2,5,92928.48,4646.42,88282.06
OI0006694,O001637,P0111,2,20,90377.42,18075.48,72301.94
OI0006695,O000939,P0263,4,20,177002.72,35400.54,141602.18
OI0006696,O006578,P0105,2,25,81455.38,20363.84,61091.54
OI0006697,O009116,P0218,1,10,35978.32,3597.83,32380.49
OI0006698,O004121,P0275,3,5,80902.95,4045.15,76857.8
OI0006699,O006003,P0021,3,5,140899.83,7044.99,133854.84
OI0006700,O001492,P0292,2,10,26746.82,2674.68,24072.14
OI0006701,O005327,P0300,2,10,20318.88,2031.89,18286.99
OI0006702,O009618,P0027,3,15,148335.03,22250.25,126084.78
OI0006703,O008360,P0136,1,0,1121.52,0.0,1121.52
OI0006704,O001367,P0127,4,10,10274.56,1027.46,9247.1
OI0006705,O007235,P0279,3,5,55164.48,2758.22,52406.26
OI0006706,O003775,P0073,1,20,19130.48,3826.1,15304.38
OI0006707,O008332,P0031,4,5,73132.0,3656.6,69475.4
OI0006708,O009478,P0009,1,10,27316.66,2731.67,24584.99
OI0006709,O008698,P0199,1,0,39079.49,0.0,39079.49
OI0006710,O000838,P0144,2,5,67355.38,3367.77,63987.61
OI0006711,O000940,P0202,4,10,160166.84,16016.68,144150.16
OI0006712,O004309,P0174,4,5,116325.6,5816.28,110509.32
OI0006713,O006489,P0217,4,0,34601.28,0.0,34601.28
OI0006714,O000559,P0233,3,10,112087.47,11208.75,100878.72
OI0006715,O009260,P0286,1,0,10714.67,0.0,10714.67
OI0006716,O006085,P0211,3,20,39105.63,7821.13,31284.5
OI0006717,O008599,P0159,1,25,28099.02,7024.76,21074.26
OI0006718,O004183,P0030,2,0,93365.96,0.0,93365.96
OI0006719,O003107,P0290,3,0,77896.74,0.0,77896.74
OI0006720,O008913,P0220,1,25,23222.96,5805.74,17417.22
OI0006721,O004262,P0275,1,5,26967.65,1348.38,25619.27
OI0006722,O007348,P0006,1,0,30527.16,0.0,30527.16
OI0006723,O003586,P0145,1,25,39162.31,9790.58,29371.73
OI0006724,O005011,P0101,1,20,8712.06,1742.41,6969.65
OI0006725,O000879,P0091,2,0,74001.6,0.0,74001.6
OI0006726,O002495,P0164,3,0,111840.78,0.0,111840.78
OI0006727,O007875,P0001,2,20,55859.7,11171.94,44687.76
OI0006728,O009694,P0144,4,5,134710.76,6735.54,127975.22
OI0006729,O007521,P0047,2,15,47234.8,7085.22,40149.58
OI0006730,O008222,P0023,3,0,11764.05,0.0,11764.05
OI0006731,O000679,P0224,2,20,96629.34,19325.87,77303.47
OI0006732,O008416,P0195,4,5,46799.56,2339.98,44459.58
OI0006733,O007625,P0085,1,10,9195.61,919.56,8276.05
OI0006734,O004157,P0067,3,20,74725.68,14945.14,59780.54
OI0006735,O006320,P0299,3,10,117858.51,11785.85,106072.66
OI0006736,O005727,P0098,2,0,40088.8,0.0,40088.8
OI0006737,O009679,P0172,3,10,24488.04,2448.8,22039.24
OI0006738,O006285,P0232,4,10,156756.48,15675.65,141080.83
OI0006739,O004182,P0026,4,10,19612.92,1961.29,17651.63
OI0006740,O003560,P0195,4,0,46799.56,0.0,46799.56
OI0006741,O003467,P0160,3,0,38694.54,0.0,38694.54
OI0006742,O001448,P0043,4,15,67355.96,10103.39,57252.57
OI0006743,O007276,P0112,2,10,10793.4,1079.34,9714.06
OI0006744,O008774,P0235,3,0,103140.18,0.0,103140.18
OI0006745,O001950,P0241,1,20,42623.02,8524.6,34098.42
OI0006746,O004510,P0118,2,0,19367.52,0.0,19367.52
OI0006747,O000206,P0137,1,15,22000.31,3300.05,18700.26
OI0006748,O009142,P0048,4,0,190922.0,0.0,190922.0
OI0006749,O000775,P0241,2,25,85246.04,21311.51,63934.53
OI0006750,O009283,P0054,3,25,124110.12,31027.53,93082.59
OI0006751,O000479,P0127,1,0,2568.64,0.0,2568.64
OI0006752,O009354,P0121,1,0,19603.94,0.0,19603.94
OI0006753,O008417,P0235,4,0,137520.24,0.0,137520.24
OI0006754,O009277,P0056,2,20,50671.54,10134.31,40537.23
OI0006755,O003961,P0087,2,0,35817.96,0.0,35817.96
OI0006756,O001317,P0131,1,15,5464.08,819.61,4644.47
OI0006757,O000015,P0255,1,20,12286.21,2457.24,9828.97
OI0006758,O008242,P0061,1,5,34595.91,1729.8,32866.11
OI0006759,O007940,P0229,3,15,21270.75,3190.61,18080.14
OI0006760,O005221,P0259,1,20,46277.18,9255.44,37021.74
OI0006761,O003498,P0157,4,15,128617.8,19292.67,109325.13
OI0006762,O000964,P0287,3,0,75615.48,0.0,75615.48
OI0006763,O005130,P0199,4,5,156317.96,7815.9,148502.06
OI0006764,O000123,P0055,2,0,11047.22,0.0,11047.22
OI0006765,O004758,P0092,2,10,39928.04,3992.8,35935.24
OI0006766,O001919,P0228,4,5,25827.72,1291.39,24536.33
OI0006767,O008863,P0110,1,25,12463.28,3115.82,9347.46
OI0006768,O003044,P0281,1,0,34841.91,0.0,34841.91
OI0006769,O003273,P0050,1,10,47322.97,4732.3,42590.67
OI0006770,O007266,P0038,1,15,29738.17,4460.73,25277.44
OI0006771,O002768,P0085,2,10,18391.22,1839.12,16552.1
OI0006772,O000846,P0180,3,0,4178.94,0.0,4178.94
OI0006773,O000559,P0198,2,10,80977.84,8097.78,72880.06
OI0006774,O006514,P0076,4,25,148766.04,37191.51,111574.53
OI0006775,O000589,P0173,1,0,20026.84,0.0,20026.84
OI0006776,O001354,P0225,2,0,82172.78,0.0,82172.78
OI0006777,O005341,P0100,2,10,77338.78,7733.88,69604.9
OI0006778,O004443,P0112,4,10,21586.8,2158.68,19428.12
OI0006779,O001590,P0019,1,10,16251.46,1625.15,14626.31
OI0006780,O008251,P0256,1,0,49584.32,0.0,49584.32
OI0006781,O002080,P0133,3,0,43352.43,0.0,43352.43
OI0006782,O007826,P0237,1,25,15725.53,3931.38,11794.15
OI0006783,O003716,P0122,4,0,148523.32,0.0,148523.32
OI0006784,O008400,P0093,4,5,53170.52,2658.53,50511.99
OI0006785,O002386,P0030,2,10,93365.96,9336.6,84029.36
OI0006786,O000310,P0076,3,5,111574.53,5578.73,105995.8
OI0006787,O006553,P0261,3,5,145642.62,7282.13,138360.49
OI0006788,O001662,P0294,1,5,28741.83,1437.09,27304.74
OI0006789,O002186,P0139,1,5,24281.93,1214.1,23067.83
OI0006790,O002439,P0285,3,5,13924.47,696.22,13228.25
OI0006791,O006526,P0270,4,0,68285.2,0.0,68285.2
OI0006792,O009973,P0218,1,20,35978.32,7195.66,28782.66
OI0006793,O004801,P0074,4,15,67973.76,10196.06,57777.7
OI0006794,O001889,P0249,1,0,17388.96,0.0,17388.96
OI0006795,O005089,P0108,1,15,36912.94,5536.94,31376.0
OI0006796,O005993,P0233,3,20,112087.47,22417.49,89669.98
OI0006797,O004558,P0233,1,25,37362.49,9340.62,28021.87
OI0006798,O009863,P0266,1,10,38091.4,3809.14,34282.26
OI0006799,O004014,P0039,1,20,9498.3,1899.66,7598.64
OI0006800,O006891,P0060,4,15,15192.52,2278.88,12913.64
OI0006801,O003139,P0096,3,0,51858.45,0.0,51858.45
OI0006802,O009818,P0226,2,20,20764.56,4152.91,16611.65
OI0006803,O003686,P0097,3,10,36737.73,3673.77,33063.96
OI0006804,O002219,P0211,4,15,52140.84,7821.13,44319.71
OI0006805,O007047,P0278,3,20,92537.88,18507.58,74030.3
OI0006806,O003306,P0222,1,0,36848.58,0.0,36848.58
OI0006807,O001328,P0275,3,0,80902.95,0.0,80902.95
OI0006808,O009722,P0022,4,10,134607.56,13460.76,121146.8
OI0006809,O005615,P0127,1,5,2568.64,128.43,2440.21
OI0006810,O008749,P0162,1,5,2153.8,107.69,2046.11
OI0006811,O006681,P0026,2,5,9806.46,490.32,9316.14
OI0006812,O006148,P0004,1,20,23290.06,4658.01,18632.05
OI0006813,O003460,P0176,3,0,10868.4,0.0,10868.4
OI0006814,O006374,P0045,1,10,7451.31,745.13,6706.18
OI0006815,O009658,P0268,3,10,27552.33,2755.23,24797.1
OI0006816,O009086,P0092,4,10,79856.08,7985.61,71870.47
OI0006817,O003946,P0293,4,0,103190.92,0.0,103190.92
OI0006818,O000195,P0156,3,15,29815.26,4472.29,25342.97
OI0006819,O004252,P0221,3,0,107281.59,0.0,107281.59
OI0006820,O004206,P0130,1,10,34827.64,3482.76,31344.88
OI0006821,O003531,P0111,2,5,90377.42,4518.87,85858.55
OI0006822,O001701,P0228,2,5,12913.86,645.69,12268.17
OI0006823,O005841,P0234,3,15,90926.13,13638.92,77287.21
OI0006824,O004733,P0201,4,25,143350.6,35837.65,107512.95
OI0006825,O003891,P0037,1,10,1881.7,188.17,1693.53
OI0006826,O007967,P0054,4,15,165480.16,24822.02,140658.14
OI0006827,O004693,P0281,1,0,34841.91,0.0,34841.91
OI0006828,O003818,P0105,4,10,162910.76,16291.08,146619.68
OI0006829,O007633,P0190,3,0,66132.12,0.0,66132.12
OI0006830,O009259,P0153,4,20,104270.2,20854.04,83416.16
OI0006831,O000987,P0180,4,10,5571.92,557.19,5014.73
OI0006832,O008476,P0241,2,5,85246.04,4262.3,80983.74
OI0006833,O008955,P0191,3,10,59363.91,5936.39,53427.52
OI0006834,O003239,P0056,4,25,101343.08,25335.77,76007.31
OI0006835,O005825,P0114,1,15,43039.34,6455.9,36583.44
OI0006836,O007568,P0026,4,0,19612.92,0.0,19612.92
OI0006837,O008771,P0110,1,15,12463.28,1869.49,10593.79
OI0006838,O008911,P0153,4,5,104270.2,5213.51,99056.69
OI0006839,O009028,P0277,1,5,20074.64,1003.73,19070.91
OI0006840,O002596,P0162,3,15,6461.4,969.21,5492.19
OI0006841,O008575,P0102,1,10,2385.45,238.54,2146.91
OI0006842,O006942,P0025,4,0,178248.16,0.0,178248.16
OI0006843,O006493,P0193,2,0,42917.76,0.0,42917.76
OI0006844,O008983,P0288,4,20,4782.32,956.46,3825.86
OI0006845,O000447,P0256,1,10,49584.32,4958.43,44625.89
OI0006846,O003595,P0163,4,20,61640.48,12328.1,49312.38
OI0006847,O002936,P0272,4,5,84734.28,4236.71,80497.57
OI0006848,O009747,P0032,4,15,169062.08,25359.31,143702.77
OI0006849,O004395,P0239,3,15,1993.14,298.97,1694.17
OI0006850,O003147,P0010,3,0,80124.15,0.0,80124.15
OI0006851,O000649,P0079,3,0,41571.72,0.0,41571.72
OI0006852,O006894,P0276,4,10,199031.76,19903.18,179128.58
OI0006853,O008845,P0090,2,10,13131.84,1313.18,11818.66
OI0006854,O009025,P0240,2,0,3682.5,0.0,3682.5
OI0006855,O008393,P0061,3,5,103787.73,5189.39,98598.34
OI0006856,O001512,P0005,4,10,18429.64,1842.96,16586.68
OI0006857,O008287,P0160,1,0,12898.18,0.0,12898.18
OI0006858,O000131,P0096,3,0,51858.45,0.0,51858.45
OI0006859,O008306,P0278,4,20,123383.84,24676.77,98707.07
OI0006860,O003162,P0012,2,25,69940.26,17485.06,52455.2
OI0006861,O002846,P0235,3,5,103140.18,5157.01,97983.17
OI0006862,O009438,P0109,2,0,70089.42,0.0,70089.42
OI0006863,O009483,P0208,3,5,83500.53,4175.03,79325.5
OI0006864,O007713,P0016,3,5,108213.24,5410.66,102802.58
OI0006865,O003589,P0215,2,10,21820.48,2182.05,19638.43
OI0006866,O008891,P0032,1,0,42265.52,0.0,42265.52
OI0006867,O002296,P0115,2,20,68912.7,13782.54,55130.16
OI0006868,O006755,P0126,4,0,174539.16,0.0,174539.16
OI0006869,O009793,P0228,4,5,25827.72,1291.39,24536.33
OI0006870,O003268,P0229,1,15,7090.25,1063.54,6026.71
OI0006871,O006714,P0045,3,15,22353.93,3353.09,19000.84
OI0006872,O009402,P0024,2,5,46282.22,2314.11,43968.11
OI0006873,O008678,P0013,4,10,125051.44,12505.14,112546.3
OI0006874,O000677,P0005,3,10,13822.23,1382.22,12440.01
OI0006875,O009215,P0081,3,0,22187.58,0.0,22187.58
OI0006876,O008764,P0178,2,5,33158.4,1657.92,31500.48
OI0006877,O007483,P0177,4,0,101868.92,0.0,101868.92
OI0006878,O005514,P0289,4,0,51164.72,0.0,51164.72
OI0006879,O000801,P0186,3,0,45124.56,0.0,45124.56
OI0006880,O008315,P0162,4,5,8615.2,430.76,8184.44
OI0006881,O001870,P0031,3,15,54849.0,8227.35,46621.65
OI0006882,O000932,P0079,1,25,13857.24,3464.31,10392.93
OI0006883,O000806,P0283,1,10,27208.48,2720.85,24487.63
OI0006884,O007962,P0187,3,5,57832.35,2891.62,54940.73
OI0006885,O003987,P0027,1,0,49445.01,0.0,49445.01
OI0006886,O006733,P0076,4,15,148766.04,22314.91,126451.13
OI0006887,O001111,P0196,1,0,37225.43,0.0,37225.43
OI0006888,O001616,P0254,3,5,40858.8,2042.94,38815.86
OI0006889,O001433,P0087,2,15,35817.96,5372.69,30445.27
OI0006890,O007549,P0123,2,5,38887.76,1944.39,36943.37
OI0006891,O001498,P0191,3,10,59363.91,5936.39,53427.52
OI0006892,O001917,P0255,2,25,24572.42,6143.1,18429.32
OI0006893,O008277,P0212,3,5,34425.57,1721.28,32704.29
OI0006894,O005897,P0221,1,10,35760.53,3576.05,32184.48
OI0006895,O009839,P0284,4,25,153861.28,38465.32,115395.96
OI0006896,O008068,P0280,2,15,39519.46,5927.92,33591.54
OI0006897,O008502,P0254,1,10,13619.6,1361.96,12257.64
OI0006898,O003071,P0278,4,5,123383.84,6169.19,117214.65
OI0006899,O009640,P0168,4,25,156700.2,39175.05,117525.15
OI0006900,O006921,P0203,1,5,17435.14,871.76,16563.38
OI0006901,O004348,P0096,3,0,51858.45,0.0,51858.45
OI0006902,O005593,P0216,2,25,27475.32,6868.83,20606.49
OI0006903,O005378,P0268,3,5,27552.33,1377.62,26174.71
OI0006904,O000076,P0104,4,10,154964.08,15496.41,139467.67
OI0006905,O003859,P0149,3,10,43524.15,4352.42,39171.73
OI0006906,O003705,P0167,2,5,70738.76,3536.94,67201.82
OI0006907,O006501,P0109,4,5,140178.84,7008.94,133169.9
OI0006908,O008549,P0058,1,0,29422.66,0.0,29422.66
OI0006909,O001994,P0198,3,20,121466.76,24293.35,97173.41
OI0006910,O009314,P0173,1,10,20026.84,2002.68,18024.16
OI0006911,O002832,P0128,1,20,19395.43,3879.09,15516.34
OI0006912,O000105,P0271,3,5,26835.6,1341.78,25493.82
OI0006913,O006791,P0166,3,10,33359.73,3335.97,30023.76
OI0006914,O006340,P0064,4,0,68578.76,0.0,68578.76
OI0006915,O001767,P0108,4,5,147651.76,7382.59,140269.17
OI0006916,O003039,P0116,2,5,93897.48,4694.87,89202.61
OI0006917,O005004,P0244,1,10,34459.55,3445.96,31013.59
OI0006918,O006021,P0199,4,10,156317.96,15631.8,140686.16
OI0006919,O009739,P0203,1,0,17435.14,0.0,17435.14
OI0006920,O001487,P0078,3,0,33632.82,0.0,33632.82
OI0006921,O008709,P0028,4,15,189850.64,28477.6,161373.04
OI0006922,O004400,P0230,1,10,37457.46,3745.75,33711.71
OI0006923,O003029,P0290,2,5,51931.16,2596.56,49334.6
OI0006924,O004487,P0201,4,0,143350.6,0.0,143350.6
OI0006925,O002915,P0020,1,0,30596.61,0.0,30596.61
OI0006926,O008488,P0107,1,5,10426.34,521.32,9905.02
OI0006927,O001989,P0244,4,10,137838.2,13783.82,124054.38
OI0006928,O004578,P0223,2,5,14170.24,708.51,13461.73
OI0006929,O004946,P0022,1,10,33651.89,3365.19,30286.7
OI0006930,O007398,P0205,1,20,330.08,66.02,264.06
OI0006931,O008160,P0047,2,15,47234.8,7085.22,40149.58
OI0006932,O008337,P0025,3,20,133686.12,26737.22,106948.9
OI0006933,O003033,P0150,3,10,24784.2,2478.42,22305.78
OI0006934,O006067,P0102,3,0,7156.35,0.0,7156.35
OI0006935,O002256,P0180,3,0,4178.94,0.0,4178.94
OI0006936,O008638,P0119,4,5,88873.52,4443.68,84429.84
OI0006937,O004510,P0148,3,5,30569.1,1528.46,29040.64
OI0006938,O005922,P0208,1,15,27833.51,4175.03,23658.48
OI0006939,O007404,P0020,4,10,122386.44,12238.64,110147.8
OI0006940,O008737,P0105,1,10,40727.69,4072.77,36654.92
OI0006941,O001155,P0106,2,10,49551.52,4955.15,44596.37
OI0006942,O004799,P0173,1,25,20026.84,5006.71,15020.13
OI0006943,O003853,P0037,4,10,7526.8,752.68,6774.12
OI0006944,O004852,P0143,4,5,75772.4,3788.62,71983.78
OI0006945,O006536,P0137,1,10,22000.31,2200.03,19800.28
OI0006946,O002866,P0101,2,0,17424.12,0.0,17424.12
OI0006947,O005189,P0172,2,0,16325.36,0.0,16325.36
OI0006948,O009659,P0143,1,5,18943.1,947.16,17995.94
OI0006949,O008287,P0044,2,25,11091.16,2772.79,8318.37
OI0006950,O004856,P0120,3,20,11279.55,2255.91,9023.64
OI0006951,O000258,P0118,2,15,19367.52,2905.13,16462.39
OI0006952,O007431,P0239,1,15,664.38,99.66,564.72
OI0006953,O004490,P0153,3,20,78202.65,15640.53,62562.12
OI0006954,O006685,P0202,3,25,120125.13,30031.28,90093.85
OI0006955,O004830,P0249,4,15,69555.84,10433.38,59122.46
OI0006956,O009172,P0050,1,5,47322.97,2366.15,44956.82
OI0006957,O007330,P0253,3,0,33711.12,0.0,33711.12
OI0006958,O008648,P0139,4,0,97127.72,0.0,97127.72
OI0006959,O002018,P0279,2,10,36776.32,3677.63,33098.69
OI0006960,O000173,P0088,4,5,158364.0,7918.2,150445.8
OI0006961,O008775,P0143,2,0,37886.2,0.0,37886.2
OI0006962,O002746,P0063,1,5,19081.21,954.06,18127.15
OI0006963,O001358,P0148,3,10,30569.1,3056.91,27512.19
OI0006964,O006740,P0248,1,15,46651.4,6997.71,39653.69
OI0006965,O007397,P0010,2,5,53416.1,2670.8,50745.3
OI0006966,O007514,P0112,4,15,21586.8,3238.02,18348.78
OI0006967,O004826,P0242,4,0,137053.76,0.0,137053.76
OI0006968,O002995,P0049,1,25,5959.63,1489.91,4469.72
OI0006969,O006310,P0049,1,25,5959.63,1489.91,4469.72
OI0006970,O000449,P0033,3,10,63103.47,6310.35,56793.12
OI0006971,O000188,P0087,4,15,71635.92,10745.39,60890.53
OI0006972,O004554,P0279,1,15,18388.16,2758.22,15629.94
OI0006973,O003447,P0181,2,25,31575.32,7893.83,23681.49
OI0006974,O002822,P0293,2,10,51595.46,5159.55,46435.91
OI0006975,O006210,P0278,3,15,92537.88,13880.68,78657.2
OI0006976,O009285,P0221,3,0,107281.59,0.0,107281.59
OI0006977,O001126,P0130,3,0,104482.92,0.0,104482.92
OI0006978,O005498,P0005,4,15,18429.64,2764.45,15665.19
OI0006979,O004607,P0259,4,25,185108.72,46277.18,138831.54
OI0006980,O003478,P0205,4,10,1320.32,132.03,1188.29
OI0006981,O007745,P0205,1,10,330.08,33.01,297.07
OI0006982,O003068,P0268,2,10,18368.22,1836.82,16531.4
OI0006983,O008113,P0070,3,20,15894.72,3178.94,12715.78
OI0006984,O009612,P0040,1,20,17427.29,3485.46,13941.83
OI0006985,O004723,P0134,4,20,40420.24,8084.05,32336.19
OI0006986,O003707,P0063,4,0,76324.84,0.0,76324.84
OI0006987,O004542,P0091,2,15,74001.6,11100.24,62901.36
OI0006988,O001650,P0197,2,15,53384.04,8007.61,45376.43
OI0006989,O002642,P0249,3,0,52166.88,0.0,52166.88
OI0006990,O002774,P0001,2,10,55859.7,5585.97,50273.73
OI0006991,O003841,P0174,1,0,29081.4,0.0,29081.4
OI0006992,O000324,P0138,3,5,3828.06,191.4,3636.66
OI0006993,O001539,P0113,1,10,49136.87,4913.69,44223.18
OI0006994,O000456,P0235,2,0,68760.12,0.0,68760.12
OI0006995,O006921,P0014,1,0,9612.06,0.0,9612.06
OI0006996,O001362,P0046,3,10,5592.63,559.26,5033.37
OI0006997,O007493,P0040,2,20,34854.58,6970.92,27883.66
OI0006998,O001814,P0114,1,0,43039.34,0.0,43039.34
OI0006999,O000613,P0147,2,25,59145.5,14786.38,44359.12
OI0007000,O006551,P0242,4,15,137053.76,20558.06,116495.7
OI0007001,O004688,P0017,4,15,106259.6,15938.94,90320.66
OI0007002,O007653,P0210,4,0,172041.36,0.0,172041.36
OI0007003,O002540,P0232,2,25,78378.24,19594.56,58783.68
OI0007004,O006695,P0193,3,10,64376.64,6437.66,57938.98
OI0007005,O006682,P0070,1,10,5298.24,529.82,4768.42
OI0007006,O009207,P0294,1,10,28741.83,2874.18,25867.65
OI0007007,O003336,P0145,4,10,156649.24,15664.92,140984.32
OI0007008,O009685,P0073,2,20,38260.96,7652.19,30608.77
OI0007009,O001076,P0125,2,0,59695.42,0.0,59695.42
OI0007010,O006014,P0267,3,10,147909.57,14790.96,133118.61
OI0007011,O007574,P0146,3,10,79891.14,7989.11,71902.03
OI0007012,O003558,P0238,1,0,31962.54,0.0,31962.54
OI0007013,O002616,P0229,2,10,14180.5,1418.05,12762.45
OI0007014,O006699,P0135,2,10,93658.72,9365.87,84292.85
OI0007015,O005677,P0172,1,0,8162.68,0.0,8162.68
OI0007016,O009518,P0295,3,5,138904.29,6945.21,131959.08
OI0007017,O008049,P0011,1,0,3977.41,0.0,3977.41
OI0007018,O000033,P0125,3,15,89543.13,13431.47,76111.66
OI0007019,O005247,P0266,4,0,152365.6,0.0,152365.6
OI0007020,O009823,P0128,2,15,38790.86,5818.63,32972.23
OI0007021,O002844,P0076,4,20,148766.04,29753.21,119012.83
OI0007022,O002398,P0110,3,0,37389.84,0.0,37389.84
OI0007023,O007010,P0224,4,5,193258.68,9662.93,183595.75
OI0007024,O007249,P0008,3,0,24547.17,0.0,24547.17
OI0007025,O002739,P0176,1,10,3622.8,362.28,3260.52
OI0007026,O006691,P0021,2,25,93933.22,23483.3,70449.92
OI0007027,O000493,P0208,2,0,55667.02,0.0,55667.02
OI0007028,O008925,P0097,4,0,48983.64,0.0,48983.64
OI0007029,O007354,P0243,1,10,13414.41,1341.44,12072.97
OI0007030,O007296,P0103,2,20,65506.38,13101.28,52405.1
OI0007031,O008087,P0262,1,20,47383.37,9476.67,37906.7
OI0007032,O000270,P0059,4,5,166685.6,8334.28,158351.32
OI0007033,O002872,P0023,1,15,3921.35,588.2,3333.15
OI0007034,O005017,P0100,1,10,38669.39,3866.94,34802.45
OI0007035,O003563,P0118,1,15,9683.76,1452.56,8231.2
OI0007036,O008135,P0227,2,15,18940.04,2841.01,16099.03
OI0007037,O002190,P0185,2,0,28836.3,0.0,28836.3
OI0007038,O001562,P0157,1,5,32154.45,1607.72,30546.73
OI0007039,O000744,P0213,2,15,48277.12,7241.57,41035.55
OI0007040,O005792,P0061,4,15,138383.64,20757.55,117626.09
OI0007041,O009565,P0253,4,0,44948.16,0.0,44948.16
OI0007042,O002280,P0061,2,10,69191.82,6919.18,62272.64
OI0007043,O002491,P0216,1,20,13737.66,2747.53,10990.13
OI0007044,O005703,P0030,4,15,186731.92,28009.79,158722.13
OI0007045,O008505,P0255,3,10,36858.63,3685.86,33172.77
OI0007046,O008393,P0283,4,0,108833.92,0.0,108833.92
OI0007047,O008195,P0030,3,5,140048.94,7002.45,133046.49
OI0007048,O008096,P0183,3,15,83355.9,12503.38,70852.52
OI0007049,O005263,P0151,4,15,50455.64,7568.35,42887.29
OI0007050,O008329,P0293,1,10,25797.73,2579.77,23217.96
OI0007051,O009388,P0242,4,5,137053.76,6852.69,130201.07
OI0007052,O007761,P0220,2,10,46445.92,4644.59,41801.33
OI0007053,O001180,P0063,1,0,19081.21,0.0,19081.21
OI0007054,O009213,P0206,3,15,67962.0,10194.3,57767.7
OI0007055,O001965,P0191,2,20,39575.94,7915.19,31660.75
OI0007056,O001805,P0293,3,0,77393.19,0.0,77393.19
OI0007057,O000050,P0097,3,5,36737.73,1836.89,34900.84
OI0007058,O005542,P0115,1,20,34456.35,6891.27,27565.08
OI0007059,O008997,P0031,4,10,73132.0,7313.2,65818.8
OI0007060,O007657,P0206,1,10,22654.0,2265.4,20388.6
OI0007061,O008608,P0153,1,0,26067.55,0.0,26067.55
OI0007062,O007608,P0153,2,15,52135.1,7820.26,44314.84
OI0007063,O001639,P0174,2,15,58162.8,8724.42,49438.38
OI0007064,O008987,P0286,3,10,32144.01,3214.4,28929.61
OI0007065,O008755,P0279,1,0,18388.16,0.0,18388.16
OI0007066,O002736,P0127,2,10,5137.28,513.73,4623.55
OI0007067,O008008,P0143,1,0,18943.1,0.0,18943.1
OI0007068,O005843,P0021,2,20,93933.22,18786.64,75146.58
OI0007069,O005470,P0286,3,20,32144.01,6428.8,25715.21
OI0007070,O008970,P0255,3,10,36858.63,3685.86,33172.77
OI0007071,O004702,P0011,4,20,15909.64,3181.93,12727.71
OI0007072,O007561,P0114,3,5,129118.02,6455.9,122662.12
OI0007073,O003056,P0218,3,5,107934.96,5396.75,102538.21
OI0007074,O000086,P0137,4,10,88001.24,8800.12,79201.12
OI0007075,O004191,P0069,3,10,60679.17,6067.92,54611.25
OI0007076,O008238,P0047,4,15,94469.6,14170.44,80299.16
OI0007077,O008074,P0239,3,10,1993.14,199.31,1793.83
OI0007078,O002084,P0162,1,20,2153.8,430.76,1723.04
OI0007079,O008202,P0033,1,25,21034.49,5258.62,15775.87
OI0007080,O002940,P0065,2,10,62232.94,6223.29,56009.65
OI0007081,O009243,P0179,1,15,25512.92,3826.94,21685.98
OI0007082,O008783,P0204,3,10,26384.79,2638.48,23746.31
OI0007083,O008224,P0045,3,25,22353.93,5588.48,16765.45
OI0007084,O004142,P0033,4,0,84137.96,0.0,84137.96
OI0007085,O000572,P0106,1,15,24775.76,3716.36,21059.4
OI0007086,O007236,P0051,3,10,110161.2,11016.12,99145.08
OI0007087,O008209,P0133,2,0,28901.62,0.0,28901.62
OI0007088,O001541,P0294,1,15,28741.83,4311.27,24430.56
OI0007089,O004049,P0133,1,5,14450.81,722.54,13728.27
OI0007090,O001079,P0056,2,10,50671.54,5067.15,45604.39
OI0007091,O001386,P0089,1,15,25607.6,3841.14,21766.46
OI0007092,O000131,P0292,1,5,13373.41,668.67,12704.74
OI0007093,O002546,P0151,1,5,12613.91,630.7,11983.21
OI0007094,O006723,P0021,2,5,93933.22,4696.66,89236.56
OI0007095,O007453,P0237,4,15,62902.12,9435.32,53466.8
OI0007096,O006792,P0099,1,25,1153.81,288.45,865.36
OI0007097,O002424,P0106,4,5,99103.04,4955.15,94147.89
OI0007098,O004741,P0300,3,10,30478.32,3047.83,27430.49
OI0007099,O007482,P0217,2,5,17300.64,865.03,16435.61
OI0007100,O009534,P0258,2,20,57719.82,11543.96,46175.86
OI0007101,O008986,P0108,4,25,147651.76,36912.94,110738.82
OI0007102,O007438,P0143,3,0,56829.3,0.0,56829.3
OI0007103,O003545,P0231,4,15,94351.12,14152.67,80198.45
OI0007104,O003616,P0175,4,25,189648.2,47412.05,142236.15
OI0007105,O004091,P0204,4,10,35179.72,3517.97,31661.75
OI0007106,O002535,P0134,3,5,30315.18,1515.76,28799.42
OI0007107,O002857,P0198,3,25,121466.76,30366.69,91100.07
OI0007108,O005881,P0176,3,5,10868.4,543.42,10324.98
OI0007109,O008846,P0186,1,0,15041.52,0.0,15041.52
OI0007110,O006192,P0101,2,20,17424.12,3484.82,13939.3
OI0007111,O004443,P0218,3,10,107934.96,10793.5,97141.46
OI0007112,O005414,P0131,1,0,5464.08,0.0,5464.08
OI0007113,O002411,P0174,1,10,29081.4,2908.14,26173.26
OI0007114,O007657,P0146,1,20,26630.38,5326.08,21304.3
OI0007115,O005144,P0184,2,0,45276.02,0.0,45276.02
OI0007116,O003610,P0145,1,5,39162.31,1958.12,37204.19
OI0007117,O000682,P0288,3,10,3586.74,358.67,3228.07
OI0007118,O001119,P0076,3,0,111574.53,0.0,111574.53
OI0007119,O004477,P0213,3,25,72415.68,18103.92,54311.76
OI0007120,O004749,P0154,4,10,112883.6,11288.36,101595.24
OI0007121,O002975,P0167,3,10,106108.14,10610.81,95497.33
OI0007122,O005856,P0116,1,0,46948.74,0.0,46948.74
OI0007123,O001303,P0100,2,5,77338.78,3866.94,73471.84
OI0007124,O005285,P0034,4,0,88614.32,0.0,88614.32
OI0007125,O001901,P0019,3,20,48754.38,9750.88,39003.5
OI0007126,O001083,P0086,2,5,40892.16,2044.61,38847.55
OI0007127,O008634,P0231,4,5,94351.12,4717.56,89633.56
OI0007128,O003784,P0082,3,10,20607.81,2060.78,18547.03
OI0007129,O002642,P0257,2,15,20059.42,3008.91,17050.51
OI0007130,O001801,P0168,3,15,117525.15,17628.77,99896.38
OI0007131,O003350,P0152,3,0,34195.08,0.0,34195.08
OI0007132,O004683,P0232,4,5,156756.48,7837.82,148918.66
OI0007133,O007990,P0052,3,0,95839.32,0.0,95839.32
OI0007134,O005014,P0002,4,20,185856.96,37171.39,148685.57
OI0007135,O009201,P0189,1,5,48366.22,2418.31,45947.91
OI0007136,O009230,P0194,2,0,55379.0,0.0,55379.0
OI0007137,O001103,P0288,4,5,4782.32,239.12,4543.2
OI0007138,O000434,P0259,4,0,185108.72,0.0,185108.72
OI0007139,O008669,P0055,4,20,22094.44,4418.89,17675.55
OI0007140,O003934,P0283,4,5,108833.92,5441.7,103392.22
OI0007141,O006545,P0204,4,5,35179.72,1758.99,33420.73
OI0007142,O007937,P0008,3,25,24547.17,6136.79,18410.38
OI0007143,O003214,P0276,4,0,199031.76,0.0,199031.76
OI0007144,O003311,P0180,4,0,5571.92,0.0,5571.92
OI0007145,O007735,P0273,3,10,119196.09,11919.61,107276.48
OI0007146,O003564,P0109,2,25,70089.42,17522.36,52567.06
OI0007147,O000384,P0289,4,25,51164.72,12791.18,38373.54
OI0007148,O009059,P0203,4,10,69740.56,6974.06,62766.5
OI0007149,O000863,P0098,1,20,20044.4,4008.88,16035.52
OI0007150,O008460,P0079,4,10,55428.96,5542.9,49886.06
OI0007151,O009538,P0088,1,5,39591.0,1979.55,37611.45
OI0007152,O005519,P0168,1,5,39175.05,1958.75,37216.3
OI0007153,O003490,P0186,2,10,30083.04,3008.3,27074.74
OI0007154,O005500,P0083,1,15,47199.69,7079.95,40119.74
OI0007155,O000990,P0023,3,20,11764.05,2352.81,9411.24
OI0007156,O006990,P0103,2,10,65506.38,6550.64,58955.74
OI0007157,O007048,P0007,4,20,58207.84,11641.57,46566.27
OI0007158,O004679,P0109,2,10,70089.42,7008.94,63080.48
OI0007159,O007270,P0259,3,20,138831.54,27766.31,111065.23
OI0007160,O006024,P0112,2,15,10793.4,1619.01,9174.39
OI0007161,O003368,P0286,2,15,21429.34,3214.4,18214.94
OI0007162,O009110,P0252,2,0,76937.4,0.0,76937.4
OI0007163,O002569,P0098,2,20,40088.8,8017.76,32071.04
OI0007164,O007228,P0013,3,20,93788.58,18757.72,75030.86
OI0007165,O008022,P0167,3,20,106108.14,21221.63,84886.51
OI0007166,O005922,P0077,4,15,10926.12,1638.92,9287.2
OI0007167,O006052,P0281,3,15,104525.73,15678.86,88846.87
OI0007168,O009564,P0169,2,0,45747.72,0.0,45747.72
OI0007169,O003967,P0226,4,0,41529.12,0.0,41529.12
OI0007170,O009799,P0040,3,5,52281.87,2614.09,49667.78
OI0007171,O007846,P0003,1,5,19021.82,951.09,18070.73
OI0007172,O001887,P0251,3,5,74080.41,3704.02,70376.39
OI0007173,O009709,P0098,1,20,20044.4,4008.88,16035.52
OI0007174,O007705,P0297,4,25,83411.36,20852.84,62558.52
OI0007175,O002880,P0157,4,15,128617.8,19292.67,109325.13
OI0007176,O000161,P0004,3,10,69870.18,6987.02,62883.16
OI0007177,O008517,P0281,2,0,69683.82,0.0,69683.82
OI0007178,O000638,P0252,2,20,76937.4,15387.48,61549.92
OI0007179,O008477,P0255,4,20,49144.84,9828.97,39315.87
OI0007180,O002043,P0098,3,0,60133.2,0.0,60133.2
OI0007181,O007610,P0149,3,0,43524.15,0.0,43524.15
OI0007182,O000085,P0108,2,20,73825.88,14765.18,59060.7
OI0007183,O000738,P0123,1,20,19443.88,3888.78,15555.1
OI0007184,O004785,P0259,4,25,185108.72,46277.18,138831.54
OI0007185,O006383,P0079,3,5,41571.72,2078.59,39493.13
OI0007186,O001488,P0211,4,15,52140.84,7821.13,44319.71
OI0007187,O003437,P0177,4,20,101868.92,20373.78,81495.14
OI0007188,O000704,P0068,3,5,123810.63,6190.53,117620.1
OI0007189,O004270,P0287,4,10,100820.64,10082.06,90738.58
OI0007190,O007099,P0260,3,10,22543.35,2254.34,20289.01
OI0007191,O000725,P0125,1,0,29847.71,0.0,29847.71
OI0007192,O000091,P0208,2,20,55667.02,11133.4,44533.62
OI0007193,O001770,P0166,3,25,33359.73,8339.93,25019.8
OI0007194,O000677,P0262,1,5,47383.37,2369.17,45014.2
OI0007195,O009539,P0217,2,10,17300.64,1730.06,15570.58
OI0007196,O006571,P0295,1,10,46301.43,4630.14,41671.29
OI0007197,O004205,P0111,4,5,180754.84,9037.74,171717.1
OI0007198,O006690,P0073,1,0,19130.48,0.0,19130.48
OI0007199,O004797,P0165,4,10,10261.52,1026.15,9235.37
OI0007200,O002375,P0098,3,0,60133.2,0.0,60133.2
OI0007201,O009949,P0040,2,15,34854.58,5228.19,29626.39
OI0007202,O003523,P0248,2,10,93302.8,9330.28,83972.52
OI0007203,O004781,P0168,4,10,156700.2,15670.02,141030.18
OI0007204,O008873,P0293,1,10,25797.73,2579.77,23217.96
OI0007205,O006068,P0126,3,20,130904.37,26180.87,104723.5
OI0007206,O001292,P0050,1,0,47322.97,0.0,47322.97
OI0007207,O002686,P0267,3,20,147909.57,29581.91,118327.66
OI0007208,O009975,P0206,3,25,67962.0,16990.5,50971.5
OI0007209,O002320,P0252,3,15,115406.1,17310.92,98095.18
OI0007210,O004355,P0008,1,0,8182.39,0.0,8182.39
OI0007211,O007067,P0284,1,20,38465.32,7693.06,30772.26
OI0007212,O008430,P0212,3,15,34425.57,5163.84,29261.73
OI0007213,O006080,P0060,2,20,7596.26,1519.25,6077.01
OI0007214,O000304,P0256,3,10,148752.96,14875.3,133877.66
OI0007215,O001627,P0266,4,20,152365.6,30473.12,121892.48
OI0007216,O001254,P0063,4,0,76324.84,0.0,76324.84
OI0007217,O009119,P0189,4,10,193464.88,19346.49,174118.39
OI0007218,O001999,P0154,1,10,28220.9,2822.09,25398.81
OI0007219,O009635,P0151,1,20,12613.91,2522.78,10091.13
OI0007220,O004260,P0147,2,20,59145.5,11829.1,47316.4
OI0007221,O002402,P0146,2,15,53260.76,7989.11,45271.65
OI0007222,O002750,P0178,1,0,16579.2,0.0,16579.2
OI0007223,O007297,P0147,1,20,29572.75,5914.55,23658.2
OI0007224,O005062,P0231,2,10,47175.56,4717.56,42458.0
OI0007225,O006853,P0232,4,20,156756.48,31351.3,125405.18
OI0007226,O000861,P0271,1,25,8945.2,2236.3,6708.9
OI0007227,O004934,P0016,3,10,108213.24,10821.32,97391.92
OI0007228,O009471,P0147,2,15,59145.5,8871.83,50273.67
OI0007229,O000481,P0287,1,25,25205.16,6301.29,18903.87
OI0007230,O001972,P0176,4,0,14491.2,0.0,14491.2
OI0007231,O009053,P0008,4,20,32729.56,6545.91,26183.65
OI0007232,O008300,P0050,2,0,94645.94,0.0,94645.94
OI0007233,O005821,P0189,1,0,48366.22,0.0,48366.22
OI0007234,O003914,P0088,1,20,39591.0,7918.2,31672.8
OI0007235,O002163,P0013,2,25,62525.72,15631.43,46894.29
OI0007236,O000547,P0202,1,0,40041.71,0.0,40041.71
OI0007237,O006816,P0147,3,20,88718.25,17743.65,70974.6
OI0007238,O002687,P0158,4,15,163594.04,24539.11,139054.93
OI0007239,O003886,P0061,4,15,138383.64,20757.55,117626.09
OI0007240,O007716,P0035,4,10,127137.24,12713.72,114423.52
OI0007241,O002119,P0281,3,5,104525.73,5226.29,99299.44
OI0007242,O008586,P0106,4,5,99103.04,4955.15,94147.89
OI0007243,O004634,P0110,3,5,37389.84,1869.49,35520.35
OI0007244,O000176,P0293,1,25,25797.73,6449.43,19348.3
OI0007245,O006157,P0294,3,20,86225.49,17245.1,68980.39
OI0007246,O004766,P0264,4,5,43535.64,2176.78,41358.86
OI0007247,O004320,P0279,4,15,73552.64,11032.9,62519.74
OI0007248,O003526,P0224,4,15,193258.68,28988.8,164269.88
OI0007249,O000484,P0173,4,20,80107.36,16021.47,64085.89
OI0007250,O006338,P0129,3,0,24238.17,0.0,24238.17
OI0007251,O008504,P0246,3,15,46432.08,6964.81,39467.27
OI0007252,O005406,P0009,2,0,54633.32,0.0,54633.32
OI0007253,O006711,P0296,2,0,64674.42,0.0,64674.42
OI0007254,O004826,P0156,3,15,29815.26,4472.29,25342.97
OI0007255,O005337,P0097,1,20,12245.91,2449.18,9796.73
OI0007256,O009386,P0136,4,10,4486.08,448.61,4037.47
OI0007257,O000518,P0293,3,10,77393.19,7739.32,69653.87
OI0007258,O008456,P0210,2,20,86020.68,17204.14,68816.54
OI0007259,O004937,P0274,1,0,23348.52,0.0,23348.52
OI0007260,O008408,P0112,3,15,16190.1,2428.52,13761.58
OI0007261,O006470,P0204,4,0,35179.72,0.0,35179.72
OI0007262,O002600,P0077,4,0,10926.12,0.0,10926.12
OI0007263,O004688,P0075,4,15,143809.04,21571.36,122237.68
OI0007264,O004440,P0080,4,5,109880.32,5494.02,104386.3
OI0007265,O005928,P0044,3,5,16636.74,831.84,15804.9
OI0007266,O001128,P0078,1,10,11210.94,1121.09,10089.85
OI0007267,O002362,P0181,2,20,31575.32,6315.06,25260.26
OI0007268,O000347,P0214,2,5,50083.56,2504.18,47579.38
OI0007269,O007114,P0274,3,10,70045.56,7004.56,63041.0
OI0007270,O006966,P0189,4,0,193464.88,0.0,193464.88
OI0007271,O006963,P0281,2,5,69683.82,3484.19,66199.63
OI0007272,O008842,P0035,3,0,95352.93,0.0,95352.93
OI0007273,O008457,P0071,3,20,9785.97,1957.19,7828.78
OI0007274,O000378,P0212,3,0,34425.57,0.0,34425.57
OI0007275,O002942,P0283,3,25,81625.44,20406.36,61219.08
OI0007276,O006938,P0221,4,5,143042.12,7152.11,135890.01
OI0007277,O006306,P0138,1,20,1276.02,255.2,1020.82
OI0007278,O003811,P0075,3,5,107856.78,5392.84,102463.94
OI0007279,O002075,P0161,1,0,13274.0,0.0,13274.0
OI0007280,O009432,P0235,4,10,137520.24,13752.02,123768.22
OI0007281,O003667,P0246,3,5,46432.08,2321.6,44110.48
OI0007282,O003378,P0205,4,5,1320.32,66.02,1254.3
OI0007283,O001835,P0187,1,5,19277.45,963.87,18313.58
OI0007284,O009064,P0138,1,5,1276.02,63.8,1212.22
OI0007285,O006344,P0006,3,10,91581.48,9158.15,82423.33
OI0007286,O007221,P0213,4,0,96554.24,0.0,96554.24
OI0007287,O004176,P0095,1,5,24987.28,1249.36,23737.92
OI0007288,O009485,P0049,1,10,5959.63,595.96,5363.67
OI0007289,O004890,P0255,4,15,49144.84,7371.73,41773.11
OI0007290,O009840,P0288,2,0,2391.16,0.0,2391.16
OI0007291,O009818,P0285,4,5,18565.96,928.3,17637.66
OI0007292,O006200,P0230,3,10,112372.38,11237.24,101135.14
OI0007293,O008381,P0273,2,25,79464.06,19866.02,59598.04
OI0007294,O007668,P0098,3,10,60133.2,6013.32,54119.88
OI0007295,O003506,P0049,1,20,5959.63,1191.93,4767.7
OI0007296,O003221,P0144,3,25,101033.07,25258.27,75774.8
OI0007297,O004833,P0135,4,10,187317.44,18731.74,168585.7
OI0007298,O000704,P0228,1,10,6456.93,645.69,5811.24
OI0007299,O009602,P0269,3,15,115041.27,17256.19,97785.08
OI0007300,O000840,P0212,4,5,45900.76,2295.04,43605.72
OI0007301,O002566,P0197,4,25,106768.08,26692.02,80076.06
OI0007302,O000534,P0124,4,10,66590.6,6659.06,59931.54
OI0007303,O001342,P0235,2,25,68760.12,17190.03,51570.09
OI0007304,O001622,P0078,2,15,22421.88,3363.28,19058.6
OI0007305,O003696,P0271,3,0,26835.6,0.0,26835.6
OI0007306,O006809,P0298,4,0,186121.96,0.0,186121.96
OI0007307,O003538,P0274,3,5,70045.56,3502.28,66543.28
OI0007308,O005961,P0136,1,5,1121.52,56.08,1065.44
OI0007309,O007030,P0154,2,0,56441.8,0.0,56441.8
OI0007310,O000673,P0075,2,20,71904.52,14380.9,57523.62
OI0007311,O000363,P0022,4,0,134607.56,0.0,134607.56
OI0007312,O003080,P0256,4,20,198337.28,39667.46,158669.82
OI0007313,O001384,P0069,4,10,80905.56,8090.56,72815.0
OI0007314,O007800,P0129,1,10,8079.39,807.94,7271.45
OI0007315,O008333,P0035,4,10,127137.24,12713.72,114423.52
OI0007316,O006461,P0184,2,25,45276.02,11319.0,33957.02
OI0007317,O002288,P0223,1,5,7085.12,354.26,6730.86
OI0007318,O000629,P0126,2,5,87269.58,4363.48,82906.1
OI0007319,O001650,P0131,1,10,5464.08,546.41,4917.67
OI0007320,O007478,P0199,2,5,78158.98,3907.95,74251.03
OI0007321,O008348,P0129,3,10,24238.17,2423.82,21814.35
OI0007322,O004309,P0298,3,10,139591.47,13959.15,125632.32
OI0007323,O002845,P0058,3,15,88267.98,13240.2,75027.78
OI0007324,O003261,P0229,3,25,21270.75,5317.69,15953.06
OI0007325,O003316,P0222,3,25,110545.74,27636.44,82909.3
OI0007326,O008009,P0224,2,0,96629.34,0.0,96629.34
OI0007327,O003784,P0085,4,10,36782.44,3678.24,33104.2
OI0007328,O008237,P0240,3,5,5523.75,276.19,5247.56
OI0007329,O000593,P0260,2,0,15028.9,0.0,15028.9
OI0007330,O006871,P0017,2,15,53129.8,7969.47,45160.33
OI0007331,O009959,P0077,3,25,8194.59,2048.65,6145.94
OI0007332,O001999,P0011,3,0,11932.23,0.0,11932.23
OI0007333,O004238,P0296,1,5,32337.21,1616.86,30720.35
OI0007334,O006873,P0141,1,20,16217.79,3243.56,12974.23
OI0007335,O009552,P0152,4,5,45593.44,2279.67,43313.77
OI0007336,O003057,P0100,3,5,116008.17,5800.41,110207.76
OI0007337,O005266,P0290,4,15,103862.32,15579.35,88282.97
OI0007338,O009382,P0136,1,0,1121.52,0.0,1121.52
OI0007339,O008820,P0247,4,10,7974.64,797.46,7177.18
OI0007340,O000143,P0210,2,0,86020.68,0.0,86020.68
OI0007341,O008101,P0046,3,5,5592.63,279.63,5313.0
OI0007342,O006848,P0214,3,0,75125.34,0.0,75125.34
OI0007343,O001621,P0199,4,15,156317.96,23447.69,132870.27
OI0007344,O007461,P0127,1,0,2568.64,0.0,2568.64
OI0007345,O003642,P0013,4,15,125051.44,18757.72,106293.72
OI0007346,O002057,P0236,2,10,2226.24,222.62,2003.62
OI0007347,O006727,P0258,4,15,115439.64,17315.95,98123.69
OI0007348,O003263,P0029,2,20,8194.14,1638.83,6555.31
OI0007349,O007999,P0002,2,10,92928.48,9292.85,83635.63
OI0007350,O006564,P0196,1,15,37225.43,5583.81,31641.62
OI0007351,O004360,P0174,4,20,116325.6,23265.12,93060.48
OI0007352,O000602,P0100,4,15,154677.56,23201.63,131475.93
OI0007353,O005616,P0059,4,5,166685.6,8334.28,158351.32
OI0007354,O001069,P0237,2,25,31451.06,7862.76,23588.3
OI0007355,O006058,P0203,2,0,34870.28,0.0,34870.28
OI0007356,O004366,P0155,4,5,189029.52,9451.48,179578.04
OI0007357,O001898,P0066,2,20,89141.14,17828.23,71312.91
OI0007358,O009709,P0222,4,5,147394.32,7369.72,140024.6
OI0007359,O002424,P0278,4,10,123383.84,12338.38,111045.46
OI0007360,O001989,P0152,4,0,45593.44,0.0,45593.44
OI0007361,O004789,P0203,2,20,34870.28,6974.06,27896.22
OI0007362,O003573,P0219,3,25,115648.29,28912.07,86736.22
OI0007363,O003891,P0143,4,25,75772.4,18943.1,56829.3
OI0007364,O008141,P0145,4,0,156649.24,0.0,156649.24
OI0007365,O009346,P0295,1,0,46301.43,0.0,46301.43
OI0007366,O009776,P0201,2,10,71675.3,7167.53,64507.77
OI0007367,O007630,P0087,3,5,53726.94,2686.35,51040.59
OI0007368,O007089,P0004,3,10,69870.18,6987.02,62883.16
OI0007369,O002128,P0015,3,20,70730.58,14146.12,56584.46
OI0007370,O000002,P0171,2,0,39038.04,0.0,39038.04
OI0007371,O004171,P0262,2,0,94766.74,0.0,94766.74
OI0007372,O005080,P0030,4,25,186731.92,46682.98,140048.94
OI0007373,O005341,P0086,4,10,81784.32,8178.43,73605.89
OI0007374,O001806,P0225,4,0,164345.56,0.0,164345.56
OI0007375,O006396,P0056,3,10,76007.31,7600.73,68406.58
OI0007376,O006614,P0197,3,15,80076.06,12011.41,68064.65
OI0007377,O007471,P0245,4,20,158653.36,31730.67,126922.69
OI0007378,O009122,P0067,4,10,99634.24,9963.42,89670.82
OI0007379,O000896,P0125,3,15,89543.13,13431.47,76111.66
OI0007380,O003105,P0010,4,10,106832.2,10683.22,96148.98
OI0007381,O001383,P0001,3,10,83789.55,8378.96,75410.59
OI0007382,O004843,P0275,2,25,53935.3,13483.82,40451.48
OI0007383,O004114,P0237,3,25,47176.59,11794.15,35382.44
OI0007384,O000217,P0095,3,10,74961.84,7496.18,67465.66
OI0007385,O001381,P0183,4,10,111141.2,11114.12,100027.08
OI0007386,O001312,P0177,2,5,50934.46,2546.72,48387.74
OI0007387,O009905,P0183,4,5,111141.2,5557.06,105584.14
OI0007388,O002980,P0214,1,25,25041.78,6260.44,18781.34
OI0007389,O003904,P0297,1,15,20852.84,3127.93,17724.91
OI0007390,O001568,P0183,2,10,55570.6,5557.06,50013.54
OI0007391,O009175,P0207,4,15,71000.6,10650.09,60350.51
OI0007392,O003693,P0069,4,0,80905.56,0.0,80905.56
OI0007393,O006964,P0171,3,25,58557.06,14639.26,43917.8
OI0007394,O008841,P0082,2,10,13738.54,1373.85,12364.69
OI0007395,O001132,P0184,2,5,45276.02,2263.8,43012.22
OI0007396,O005664,P0110,2,0,24926.56,0.0,24926.56
OI0007397,O003210,P0217,4,15,34601.28,5190.19,29411.09
OI0007398,O009698,P0116,3,25,140846.22,35211.56,105634.66
OI0007399,O008918,P0109,2,10,70089.42,7008.94,63080.48
OI0007400,O000069,P0279,2,5,36776.32,1838.82,34937.5
OI0007401,O002827,P0041,3,5,52583.52,2629.18,49954.34
OI0007402,O003770,P0087,3,10,53726.94,5372.69,48354.25
OI0007403,O006428,P0093,1,15,13292.63,1993.89,11298.74
OI0007404,O005464,P0225,4,0,164345.56,0.0,164345.56
OI0007405,O000437,P0255,1,25,12286.21,3071.55,9214.66
OI0007406,O002666,P0274,3,5,70045.56,3502.28,66543.28
OI0007407,O000808,P0224,2,10,96629.34,9662.93,86966.41
OI0007408,O005824,P0199,1,25,39079.49,9769.87,29309.62
OI0007409,O001674,P0136,3,10,3364.56,336.46,3028.1
OI0007410,O000555,P0114,1,15,43039.34,6455.9,36583.44
OI0007411,O008108,P0273,1,10,39732.03,3973.2,35758.83
OI0007412,O000624,P0286,4,0,42858.68,0.0,42858.68
OI0007413,O007609,P0066,3,25,133711.71,33427.93,100283.78
OI0007414,O006991,P0188,2,10,83620.84,8362.08,75258.76
OI0007415,O007742,P0174,1,0,29081.4,0.0,29081.4
OI0007416,O003438,P0278,1,25,30845.96,7711.49,23134.47
OI0007417,O006381,P0032,3,15,126796.56,19019.48,107777.08
OI0007418,O003517,P0241,3,10,127869.06,12786.91,115082.15
OI0007419,O004909,P0136,2,25,2243.04,560.76,1682.28
OI0007420,O003773,P0063,1,10,19081.21,1908.12,17173.09
OI0007421,O006362,P0029,2,5,8194.14,409.71,7784.43
OI0007422,O002910,P0209,3,0,28690.35,0.0,28690.35
OI0007423,O003907,P0040,3,20,52281.87,10456.37,41825.5
OI0007424,O004838,P0173,2,5,40053.68,2002.68,38051.0
OI0007425,O008477,P0002,4,10,185856.96,18585.7,167271.26
OI0007426,O000622,P0256,3,10,148752.96,14875.3,133877.66
OI0007427,O000431,P0240,3,15,5523.75,828.56,4695.19
OI0007428,O003653,P0241,1,15,42623.02,6393.45,36229.57
OI0007429,O007231,P0031,4,5,73132.0,3656.6,69475.4
OI0007430,O003923,P0068,1,5,41270.21,2063.51,39206.7
OI0007431,O001382,P0234,3,5,90926.13,4546.31,86379.82
OI0007432,O001572,P0010,1,5,26708.05,1335.4,25372.65
OI0007433,O000332,P0051,4,15,146881.6,22032.24,124849.36
OI0007434,O003672,P0198,2,10,80977.84,8097.78,72880.06
OI0007435,O006841,P0172,2,0,16325.36,0.0,16325.36
OI0007436,O005278,P0026,2,10,9806.46,980.65,8825.81
OI0007437,O007054,P0203,3,25,52305.42,13076.36,39229.06
OI0007438,O003879,P0121,4,0,78415.76,0.0,78415.76
OI0007439,O001397,P0236,1,0,1113.12,0.0,1113.12
OI0007440,O007380,P0108,4,15,147651.76,22147.76,125504.0
OI0007441,O001380,P0091,4,25,148003.2,37000.8,111002.4
OI0007442,O007540,P0030,1,0,46682.98,0.0,46682.98
OI0007443,O000727,P0199,4,5,156317.96,7815.9,148502.06
OI0007444,O006563,P0229,4,0,28361.0,0.0,28361.0
OI0007445,O009506,P0143,2,5,37886.2,1894.31,35991.89
OI0007446,O002517,P0080,1,10,27470.08,2747.01,24723.07
OI0007447,O001405,P0123,1,5,19443.88,972.19,18471.69
OI0007448,O003942,P0235,2,5,68760.12,3438.01,65322.11
OI0007449,O003883,P0084,4,0,160993.2,0.0,160993.2
OI0007450,O008959,P0113,4,10,196547.48,19654.75,176892.73
OI0007451,O008563,P0104,1,10,38741.02,3874.1,34866.92
OI0007452,O000862,P0148,2,15,20379.4,3056.91,17322.49
OI0007453,O007279,P0197,2,15,53384.04,8007.61,45376.43
OI0007454,O001204,P0203,3,15,52305.42,7845.81,44459.61
OI0007455,O008788,P0130,2,25,69655.28,17413.82,52241.46
OI0007456,O006228,P0158,4,0,163594.04,0.0,163594.04
OI0007457,O000814,P0136,1,25,1121.52,280.38,841.14
OI0007458,O007008,P0296,1,0,32337.21,0.0,32337.21
OI0007459,O007997,P0136,2,20,2243.04,448.61,1794.43
OI0007460,O001465,P0145,4,15,156649.24,23497.39,133151.85
OI0007461,O009535,P0231,4,15,94351.12,14152.67,80198.45
OI0007462,O007257,P0099,3,15,3461.43,519.21,2942.22
OI0007463,O006911,P0030,2,15,93365.96,14004.89,79361.07
OI0007464,O003333,P0197,4,10,106768.08,10676.81,96091.27
OI0007465,O002403,P0064,2,0,34289.38,0.0,34289.38
OI0007466,O003605,P0036,4,10,155071.92,15507.19,139564.73
OI0007467,O002660,P0079,3,5,41571.72,2078.59,39493.13
OI0007468,O000325,P0177,3,5,76401.69,3820.08,72581.61
OI0007469,O003041,P0081,2,10,14791.72,1479.17,13312.55
OI0007470,O002287,P0205,4,20,1320.32,264.06,1056.26
OI0007471,O001059,P0024,3,10,69423.33,6942.33,62481.0
OI0007472,O008507,P0107,1,25,10426.34,2606.58,7819.76
OI0007473,O001578,P0240,2,5,3682.5,184.12,3498.38
OI0007474,O000639,P0132,1,0,33306.43,0.0,33306.43
OI0007475,O005850,P0239,4,5,2657.52,132.88,2524.64
OI0007476,O000357,P0110,3,0,37389.84,0.0,37389.84
OI0007477,O007254,P0077,1,15,2731.53,409.73,2321.8
OI0007478,O007217,P0137,4,0,88001.24,0.0,88001.24
OI0007479,O006618,P0282,3,10,140717.31,14071.73,126645.58
OI0007480,O000297,P0234,2,25,60617.42,15154.36,45463.06
OI0007481,O007273,P0165,3,5,7696.14,384.81,7311.33
OI0007482,O006705,P0107,2,5,20852.68,1042.63,19810.05
OI0007483,O008656,P0267,3,0,147909.57,0.0,147909.57
OI0007484,O003506,P0123,3,15,58331.64,8749.75,49581.89
OI0007485,O005787,P0083,1,5,47199.69,2359.98,44839.71
OI0007486,O008406,P0279,1,25,18388.16,4597.04,13791.12
OI0007487,O008038,P0175,2,0,94824.1,0.0,94824.1
OI0007488,O009829,P0039,2,0,18996.6,0.0,18996.6
OI0007489,O008899,P0110,1,10,12463.28,1246.33,11216.95
OI0007490,O002203,P0292,2,0,26746.82,0.0,26746.82
OI0007491,O000007,P0077,2,5,5463.06,273.15,5189.91
OI0007492,O003053,P0159,4,10,112396.08,11239.61,101156.47
OI0007493,O003195,P0168,1,0,39175.05,0.0,39175.05
OI0007494,O003522,P0060,3,25,11394.39,2848.6,8545.79
OI0007495,O003748,P0235,2,5,68760.12,3438.01,65322.11
OI0007496,O003898,P0037,2,0,3763.4,0.0,3763.4
OI0007497,O006097,P0251,3,0,74080.41,0.0,74080.41
OI0007498,O009991,P0061,2,5,69191.82,3459.59,65732.23
OI0007499,O009026,P0146,4,20,106521.52,21304.3,85217.22
OI0007500,O000558,P0287,1,0,25205.16,0.0,25205.16
OI0007501,O001790,P0079,1,10,13857.24,1385.72,12471.52
OI0007502,O002869,P0165,4,25,10261.52,2565.38,7696.14
OI0007503,O000155,P0068,4,5,165080.84,8254.04,156826.8
OI0007504,O005913,P0210,4,10,172041.36,17204.14,154837.22
OI0007505,O007180,P0087,4,10,71635.92,7163.59,64472.33
OI0007506,O000188,P0062,2,10,53587.16,5358.72,48228.44
OI0007507,O002065,P0079,2,25,27714.48,6928.62,20785.86
OI0007508,O009567,P0236,1,15,1113.12,166.97,946.15
OI0007509,O007798,P0263,3,0,132752.04,0.0,132752.04
OI0007510,O009088,P0159,1,0,28099.02,0.0,28099.02
OI0007511,O004237,P0255,3,0,36858.63,0.0,36858.63
OI0007512,O002863,P0040,3,5,52281.87,2614.09,49667.78
OI0007513,O009962,P0078,3,5,33632.82,1681.64,31951.18
OI0007514,O006275,P0178,3,20,49737.6,9947.52,39790.08
OI0007515,O003018,P0080,3,10,82410.24,8241.02,74169.22
OI0007516,O008082,P0193,4,25,85835.52,21458.88,64376.64
OI0007517,O006653,P0025,3,15,133686.12,20052.92,113633.2
OI0007518,O001188,P0136,2,20,2243.04,448.61,1794.43
OI0007519,O001916,P0295,4,0,185205.72,0.0,185205.72
OI0007520,O000988,P0160,4,10,51592.72,5159.27,46433.45
OI0007521,O006577,P0264,1,0,10883.91,0.0,10883.91
OI0007522,O007845,P0141,4,15,64871.16,9730.67,55140.49
OI0007523,O009546,P0195,1,20,11699.89,2339.98,9359.91
OI0007524,O009186,P0194,2,5,55379.0,2768.95,52610.05
OI0007525,O008982,P0004,2,0,46580.12,0.0,46580.12
OI0007526,O002709,P0279,4,0,73552.64,0.0,73552.64
OI0007527,O008682,P0290,3,20,77896.74,15579.35,62317.39
OI0007528,O003969,P0094,4,10,75595.32,7559.53,68035.79
OI0007529,O009612,P0186,4,10,60166.08,6016.61,54149.47
OI0007530,O003835,P0275,1,10,26967.65,2696.76,24270.89
OI0007531,O000008,P0137,3,10,66000.93,6600.09,59400.84
OI0007532,O002931,P0023,2,20,7842.7,1568.54,6274.16
OI0007533,O008965,P0203,3,10,52305.42,5230.54,47074.88
OI0007534,O005248,P0013,4,10,125051.44,12505.14,112546.3
OI0007535,O000819,P0275,3,25,80902.95,20225.74,60677.21
OI0007536,O001007,P0005,1,10,4607.41,460.74,4146.67
OI0007537,O005037,P0150,1,0,8261.4,0.0,8261.4
OI0007538,O007075,P0261,1,10,48547.54,4854.75,43692.79
OI0007539,O000544,P0282,3,15,140717.31,21107.6,119609.71
OI0007540,O006550,P0117,3,0,108510.3,0.0,108510.3
OI0007541,O002097,P0080,2,0,54940.16,0.0,54940.16
OI0007542,O004092,P0125,2,0,59695.42,0.0,59695.42
OI0007543,O000779,P0140,4,15,100604.64,15090.7,85513.94
OI0007544,O005703,P0100,2,0,77338.78,0.0,77338.78
OI0007545,O002116,P0092,2,25,39928.04,9982.01,29946.03
OI0007546,O008360,P0124,2,10,33295.3,3329.53,29965.77
OI0007547,O002978,P0247,2,25,3987.32,996.83,2990.49
OI0007548,O001899,P0236,4,5,4452.48,222.62,4229.86
OI0007549,O002152,P0004,2,25,46580.12,11645.03,34935.09
OI0007550,O000726,P0093,4,25,53170.52,13292.63,39877.89
OI0007551,O006462,P0281,1,0,34841.91,0.0,34841.91
OI0007552,O002726,P0227,2,0,18940.04,0.0,18940.04
OI0007553,O008734,P0152,3,5,34195.08,1709.75,32485.33
OI0007554,O007200,P0184,4,5,90552.04,4527.6,86024.44
OI0007555,O005236,P0275,3,10,80902.95,8090.3,72812.65
OI0007556,O001433,P0279,3,0,55164.48,0.0,55164.48
OI0007557,O006650,P0083,1,15,47199.69,7079.95,40119.74
OI0007558,O007767,P0096,4,0,69144.6,0.0,69144.6
OI0007559,O001548,P0205,3,0,990.24,0.0,990.24
OI0007560,O004361,P0046,4,15,7456.84,1118.53,6338.31
OI0007561,O009597,P0146,3,0,79891.14,0.0,79891.14
OI0007562,O002981,P0189,4,15,193464.88,29019.73,164445.15
OI0007563,O000273,P0071,1,0,3261.99,0.0,3261.99
OI0007564,O008099,P0045,3,15,22353.93,3353.09,19000.84
OI0007565,O006643,P0216,1,15,13737.66,2060.65,11677.01
OI0007566,O005103,P0121,3,10,58811.82,5881.18,52930.64
OI0007567,O000369,P0017,4,5,106259.6,5312.98,100946.62
OI0007568,O006110,P0290,3,0,77896.74,0.0,77896.74
OI0007569,O008569,P0099,4,20,4615.24,923.05,3692.19
OI0007570,O001084,P0050,2,0,94645.94,0.0,94645.94
OI0007571,O000772,P0139,3,25,72845.79,18211.45,54634.34
OI0007572,O007620,P0170,2,15,69926.2,10488.93,59437.27
OI0007573,O002008,P0094,2,15,37797.66,5669.65,32128.01
OI0007574,O003971,P0213,3,25,72415.68,18103.92,54311.76
OI0007575,O005257,P0035,3,15,95352.93,14302.94,81049.99
OI0007576,O006923,P0059,1,0,41671.4,0.0,41671.4
OI0007577,O008160,P0140,2,5,50302.32,2515.12,47787.2
OI0007578,O009716,P0012,4,10,139880.52,13988.05,125892.47
OI0007579,O001279,P0028,3,10,142387.98,14238.8,128149.18
OI0007580,O006632,P0221,2,0,71521.06,0.0,71521.06
OI0007581,O009565,P0174,2,5,58162.8,2908.14,55254.66
OI0007582,O000738,P0296,4,15,129348.84,19402.33,109946.51
OI0007583,O003440,P0285,3,15,13924.47,2088.67,11835.8
OI0007584,O005218,P0128,3,20,58186.29,11637.26,46549.03
OI0007585,O009493,P0144,2,25,67355.38,16838.84,50516.54
OI0007586,O004121,P0256,3,20,148752.96,29750.59,119002.37
OI0007587,O005694,P0220,2,10,46445.92,4644.59,41801.33
OI0007588,O009812,P0193,4,10,85835.52,8583.55,77251.97
OI0007589,O003781,P0285,1,5,4641.49,232.07,4409.42
OI0007590,O002473,P0052,1,20,31946.44,6389.29,25557.15
OI0007591,O007097,P0040,4,20,69709.16,13941.83,55767.33
OI0007592,O007403,P0006,3,15,91581.48,13737.22,77844.26
OI0007593,O004744,P0283,4,15,108833.92,16325.09,92508.83
OI0007594,O006270,P0165,2,20,5130.76,1026.15,4104.61
OI0007595,O006752,P0263,1,25,44250.68,11062.67,33188.01
OI0007596,O006983,P0077,2,20,5463.06,1092.61,4370.45
OI0007597,O000550,P0176,3,20,10868.4,2173.68,8694.72
OI0007598,O003220,P0236,1,15,1113.12,166.97,946.15
OI0007599,O001531,P0142,4,10,27122.64,2712.26,24410.38
OI0007600,O002127,P0255,1,10,12286.21,1228.62,11057.59
OI0007601,O006119,P0177,4,10,101868.92,10186.89,91682.03
OI0007602,O004636,P0196,4,20,148901.72,29780.34,119121.38
OI0007603,O004575,P0242,2,5,68526.88,3426.34,65100.54
OI0007604,O009960,P0236,1,5,1113.12,55.66,1057.46
OI0007605,O008305,P0107,4,10,41705.36,4170.54,37534.82
OI0007606,O005811,P0213,2,25,48277.12,12069.28,36207.84
OI0007607,O002840,P0085,2,10,18391.22,1839.12,16552.1
OI0007608,O007394,P0142,3,0,20341.98,0.0,20341.98
OI0007609,O005193,P0075,3,15,107856.78,16178.52,91678.26
OI0007610,O006583,P0165,4,10,10261.52,1026.15,9235.37
OI0007611,O003076,P0078,1,20,11210.94,2242.19,8968.75
OI0007612,O002792,P0189,3,20,145098.66,29019.73,116078.93
OI0007613,O000058,P0227,4,5,37880.08,1894.0,35986.08
OI0007614,O007949,P0283,1,0,27208.48,0.0,27208.48
OI0007615,O001757,P0177,3,15,76401.69,11460.25,64941.44
OI0007616,O006299,P0071,3,15,9785.97,1467.9,8318.07
OI0007617,O006254,P0257,4,0,40118.84,0.0,40118.84
OI0007618,O008551,P0269,4,25,153388.36,38347.09,115041.27
OI0007619,O006010,P0294,1,25,28741.83,7185.46,21556.37
OI0007620,O000764,P0129,3,15,24238.17,3635.73,20602.44
OI0007621,O005313,P0083,4,0,188798.76,0.0,188798.76
OI0007622,O006999,P0158,2,0,81797.02,0.0,81797.02
OI0007623,O000529,P0007,3,5,43655.88,2182.79,41473.09
OI0007624,O002447,P0148,4,0,40758.8,0.0,40758.8
OI0007625,O001930,P0044,2,20,11091.16,2218.23,8872.93
OI0007626,O006096,P0013,1,0,31262.86,0.0,31262.86
OI0007627,O002277,P0295,1,0,46301.43,0.0,46301.43
OI0007628,O002972,P0020,3,5,91789.83,4589.49,87200.34
OI0007629,O004387,P0005,3,5,13822.23,691.11,13131.12
OI0007630,O006603,P0112,3,5,16190.1,809.5,15380.6
OI0007631,O002103,P0052,3,25,95839.32,23959.83,71879.49
OI0007632,O001744,P0072,2,25,5510.9,1377.72,4133.18
OI0007633,O007732,P0177,3,10,76401.69,7640.17,68761.52
OI0007634,O009639,P0022,1,0,33651.89,0.0,33651.89
OI0007635,O006898,P0085,3,15,27586.83,4138.02,23448.81
OI0007636,O009687,P0031,4,25,73132.0,18283.0,54849.0
OI0007637,O005820,P0233,3,25,112087.47,28021.87,84065.6
OI0007638,O009672,P0258,2,10,57719.82,5771.98,51947.84
OI0007639,O007490,P0298,3,0,139591.47,0.0,139591.47
OI0007640,O000440,P0291,3,20,2832.21,566.44,2265.77
OI0007641,O004186,P0109,2,10,70089.42,7008.94,63080.48
OI0007642,O000168,P0035,2,10,63568.62,6356.86,57211.76
OI0007643,O002451,P0279,4,0,73552.64,0.0,73552.64
OI0007644,O007137,P0023,2,0,7842.7,0.0,7842.7
OI0007645,O007031,P0235,1,10,34380.06,3438.01,30942.05
OI0007646,O009780,P0275,2,5,53935.3,2696.76,51238.54
OI0007647,O005476,P0079,1,10,13857.24,1385.72,12471.52
OI0007648,O009512,P0072,1,15,2755.45,413.32,2342.13
OI0007649,O001734,P0097,2,25,24491.82,6122.96,18368.86
OI0007650,O003378,P0232,4,0,156756.48,0.0,156756.48
OI0007651,O006803,P0013,4,15,125051.44,18757.72,106293.72
OI0007652,O007954,P0199,3,0,117238.47,0.0,117238.47
OI0007653,O003483,P0127,3,25,7705.92,1926.48,5779.44
OI0007654,O007777,P0264,1,15,10883.91,1632.59,9251.32
OI0007655,O009309,P0100,3,5,116008.17,5800.41,110207.76
OI0007656,O009033,P0014,4,10,38448.24,3844.82,34603.42
OI0007657,O001836,P0179,4,15,102051.68,15307.75,86743.93
OI0007658,O005182,P0009,2,10,54633.32,5463.33,49169.99
OI0007659,O001458,P0141,4,25,64871.16,16217.79,48653.37
OI0007660,O005941,P0204,2,25,17589.86,4397.46,13192.4
OI0007661,O009575,P0194,4,0,110758.0,0.0,110758.0
OI0007662,O002507,P0038,3,15,89214.51,13382.18,75832.33
OI0007663,O002102,P0021,4,15,187866.44,28179.97,159686.47
OI0007664,O007918,P0157,3,15,96463.35,14469.5,81993.85
OI0007665,O002759,P0084,1,25,40248.3,10062.08,30186.22
OI0007666,O008527,P0178,4,10,66316.8,6631.68,59685.12
OI0007667,O000358,P0192,3,5,127071.69,6353.58,120718.11
OI0007668,O006572,P0265,1,15,31774.94,4766.24,27008.7
OI0007669,O006443,P0271,3,5,26835.6,1341.78,25493.82
OI0007670,O003840,P0225,4,5,164345.56,8217.28,156128.28
OI0007671,O006815,P0181,4,10,63150.64,6315.06,56835.58
OI0007672,O000900,P0259,3,5,138831.54,6941.58,131889.96
OI0007673,O000333,P0022,3,15,100955.67,15143.35,85812.32
OI0007674,O000807,P0295,3,20,138904.29,27780.86,111123.43
OI0007675,O002142,P0265,2,25,63549.88,15887.47,47662.41
OI0007676,O000019,P0012,3,0,104910.39,0.0,104910.39
OI0007677,O007364,P0034,1,10,22153.58,2215.36,19938.22
OI0007678,O002113,P0251,4,15,98773.88,14816.08,83957.8
OI0007679,O002856,P0156,2,10,19876.84,1987.68,17889.16
OI0007680,O001228,P0295,4,0,185205.72,0.0,185205.72
OI0007681,O004820,P0259,1,5,46277.18,2313.86,43963.32
OI0007682,O002033,P0175,4,15,189648.2,28447.23,161200.97
OI0007683,O003831,P0012,2,10,69940.26,6994.03,62946.23
OI0007684,O003564,P0043,3,15,50516.97,7577.55,42939.42
OI0007685,O006656,P0195,1,10,11699.89,1169.99,10529.9
OI0007686,O009628,P0274,4,25,93394.08,23348.52,70045.56
OI0007687,O003308,P0111,3,20,135566.13,27113.23,108452.9
OI0007688,O001713,P0090,2,5,13131.84,656.59,12475.25
OI0007689,O008797,P0266,3,10,114274.2,11427.42,102846.78
OI0007690,O003241,P0260,1,10,7514.45,751.44,6763.01
OI0007691,O002157,P0268,4,5,36736.44,1836.82,34899.62
OI0007692,O008349,P0053,2,10,64667.66,6466.77,58200.89
OI0007693,O001665,P0179,2,5,51025.84,2551.29,48474.55
OI0007694,O007459,P0272,3,0,63550.71,0.0,63550.71
OI0007695,O001736,P0145,3,0,117486.93,0.0,117486.93
OI0007696,O002182,P0258,2,5,57719.82,2885.99,54833.83
OI0007697,O004751,P0029,1,10,4097.07,409.71,3687.36
OI0007698,O003485,P0175,1,0,47412.05,0.0,47412.05
OI0007699,O008151,P0162,1,15,2153.8,323.07,1830.73
OI0007700,O001115,P0231,3,20,70763.34,14152.67,56610.67
OI0007701,O007786,P0029,3,5,12291.21,614.56,11676.65
OI0007702,O007772,P0121,2,20,39207.88,7841.58,31366.3
OI0007703,O003840,P0177,4,0,101868.92,0.0,101868.92
OI0007704,O006690,P0120,3,0,11279.55,0.0,11279.55
OI0007705,O006387,P0144,3,20,101033.07,20206.61,80826.46
OI0007706,O002445,P0203,4,25,69740.56,17435.14,52305.42
OI0007707,O006027,P0269,4,5,153388.36,7669.42,145718.94
OI0007708,O008370,P0052,3,15,95839.32,14375.9,81463.42
OI0007709,O006677,P0025,1,15,44562.04,6684.31,37877.73
OI0007710,O007740,P0232,2,15,78378.24,11756.74,66621.5
OI0007711,O006189,P0236,2,10,2226.24,222.62,2003.62
OI0007712,O006698,P0239,3,5,1993.14,99.66,1893.48
OI0007713,O006047,P0068,3,0,123810.63,0.0,123810.63
OI0007714,O004479,P0241,1,0,42623.02,0.0,42623.02
OI0007715,O000708,P0219,1,0,38549.43,0.0,38549.43
OI0007716,O006951,P0118,3,0,29051.28,0.0,29051.28
OI0007717,O007398,P0072,1,0,2755.45,0.0,2755.45
OI0007718,O000018,P0247,3,0,5980.98,0.0,5980.98
OI0007719,O003690,P0072,2,0,5510.9,0.0,5510.9
OI0007720,O006307,P0285,1,10,4641.49,464.15,4177.34
OI0007721,O005152,P0003,1,0,19021.82,0.0,19021.82
OI0007722,O000122,P0277,2,25,40149.28,10037.32,30111.96
OI0007723,O002487,P0141,2,10,32435.58,3243.56,29192.02
OI0007724,O009611,P0223,1,25,7085.12,1771.28,5313.84
OI0007725,O000735,P0176,1,10,3622.8,362.28,3260.52
OI0007726,O009638,P0280,3,0,59279.19,0.0,59279.19
OI0007727,O006270,P0258,1,20,28859.91,5771.98,23087.93
OI0007728,O007828,P0234,3,0,90926.13,0.0,90926.13
OI0007729,O002408,P0003,2,0,38043.64,0.0,38043.64
OI0007730,O009867,P0154,2,0,56441.8,0.0,56441.8
OI0007731,O006850,P0002,3,10,139392.72,13939.27,125453.45
OI0007732,O007527,P0033,4,5,84137.96,4206.9,79931.06
OI0007733,O006872,P0034,4,0,88614.32,0.0,88614.32
OI0007734,O007006,P0098,2,10,40088.8,4008.88,36079.92
OI0007735,O004133,P0038,1,25,29738.17,7434.54,22303.63
OI0007736,O006534,P0127,2,15,5137.28,770.59,4366.69
OI0007737,O000438,P0206,4,0,90616.0,0.0,90616.0
OI0007738,O007665,P0223,1,5,7085.12,354.26,6730.86
OI0007739,O000175,P0148,2,15,20379.4,3056.91,17322.49
OI0007740,O009699,P0138,2,0,2552.04,0.0,2552.04
OI0007741,O003375,P0161,4,10,53096.0,5309.6,47786.4
OI0007742,O006425,P0122,1,10,37130.83,3713.08,33417.75
OI0007743,O008612,P0045,1,0,7451.31,0.0,7451.31
OI0007744,O008183,P0060,4,10,15192.52,1519.25,13673.27
OI0007745,O003050,P0238,4,25,127850.16,31962.54,95887.62
OI0007746,O004026,P0189,3,15,145098.66,21764.8,123333.86
OI0007747,O003883,P0179,3,25,76538.76,19134.69,57404.07
OI0007748,O007447,P0012,1,10,34970.13,3497.01,31473.12
OI0007749,O007233,P0208,4,15,111334.04,16700.11,94633.93
OI0007750,O002365,P0137,4,20,88001.24,17600.25,70400.99
OI0007751,O006474,P0267,1,10,49303.19,4930.32,44372.87
OI0007752,O009817,P0149,3,0,43524.15,0.0,43524.15
OI0007753,O004182,P0204,1,0,8794.93,0.0,8794.93
OI0007754,O007407,P0196,2,25,74450.86,18612.72,55838.14
OI0007755,O009416,P0282,4,10,187623.08,18762.31,168860.77
OI0007756,O002624,P0147,4,15,118291.0,17743.65,100547.35
OI0007757,O006005,P0273,2,10,79464.06,7946.41,71517.65
OI0007758,O004300,P0251,4,10,98773.88,9877.39,88896.49
OI0007759,O000551,P0172,4,10,32650.72,3265.07,29385.65
OI0007760,O003724,P0189,4,10,193464.88,19346.49,174118.39
OI0007761,O002096,P0129,3,20,24238.17,4847.63,19390.54
OI0007762,O001843,P0240,2,0,3682.5,0.0,3682.5
OI0007763,O006536,P0200,4,15,43624.96,6543.74,37081.22
OI0007764,O005328,P0121,4,15,78415.76,11762.36,66653.4
OI0007765,O008676,P0115,4,0,137825.4,0.0,137825.4
OI0007766,O002944,P0041,2,0,35055.68,0.0,35055.68
OI0007767,O002668,P0152,4,15,45593.44,6839.02,38754.42
OI0007768,O009284,P0171,4,0,78076.08,0.0,78076.08
OI0007769,O001122,P0094,4,10,75595.32,7559.53,68035.79
OI0007770,O002018,P0116,3,0,140846.22,0.0,140846.22
OI0007771,O007789,P0235,2,0,68760.12,0.0,68760.12
OI0007772,O000602,P0265,3,20,95324.82,19064.96,76259.86
OI0007773,O003147,P0218,2,5,71956.64,3597.83,68358.81
OI0007774,O001053,P0160,1,20,12898.18,2579.64,10318.54
OI0007775,O006974,P0219,2,10,77098.86,7709.89,69388.97
OI0007776,O000523,P0011,3,5,11932.23,596.61,11335.62
OI0007777,O006217,P0116,2,10,93897.48,9389.75,84507.73
OI0007778,O002266,P0229,4,10,28361.0,2836.1,25524.9
OI0007779,O004214,P0274,3,25,70045.56,17511.39,52534.17
OI0007780,O001211,P0008,3,5,24547.17,1227.36,23319.81
OI0007781,O004352,P0283,3,15,81625.44,12243.82,69381.62
OI0007782,O008405,P0210,2,15,86020.68,12903.1,73117.58
OI0007783,O004168,P0265,1,10,31774.94,3177.49,28597.45
OI0007784,O001834,P0002,4,10,185856.96,18585.7,167271.26
OI0007785,O002871,P0081,2,15,14791.72,2218.76,12572.96
OI0007786,O003026,P0198,1,15,40488.92,6073.34,34415.58
OI0007787,O001286,P0140,4,25,100604.64,25151.16,75453.48
OI0007788,O009493,P0172,3,25,24488.04,6122.01,18366.03
OI0007789,O008176,P0158,1,0,40898.51,0.0,40898.51
OI0007790,O008952,P0052,3,15,95839.32,14375.9,81463.42
OI0007791,O002480,P0036,3,20,116303.94,23260.79,93043.15
OI0007792,O000210,P0070,3,25,15894.72,3973.68,11921.04
OI0007793,O009085,P0288,2,0,2391.16,0.0,2391.16
OI0007794,O001243,P0226,4,25,41529.12,10382.28,31146.84
OI0007795,O004013,P0300,4,0,40637.76,0.0,40637.76
OI0007796,O001979,P0071,4,10,13047.96,1304.8,11743.16
OI0007797,O005900,P0145,4,15,156649.24,23497.39,133151.85
OI0007798,O003156,P0160,4,20,51592.72,10318.54,41274.18
OI0007799,O005139,P0014,2,20,19224.12,3844.82,15379.3
OI0007800,O001404,P0141,2,25,32435.58,8108.9,24326.68
OI0007801,O005509,P0128,1,15,19395.43,2909.31,16486.12
OI0007802,O006035,P0217,4,5,34601.28,1730.06,32871.22
OI0007803,O004089,P0268,2,0,18368.22,0.0,18368.22
OI0007804,O007677,P0173,3,0,60080.52,0.0,60080.52
OI0007805,O007436,P0144,4,0,134710.76,0.0,134710.76
OI0007806,O009308,P0149,3,25,43524.15,10881.04,32643.11
OI0007807,O009913,P0024,2,10,46282.22,4628.22,41654.0
OI0007808,O008613,P0043,1,25,16838.99,4209.75,12629.24
OI0007809,O004176,P0123,1,15,19443.88,2916.58,16527.3
OI0007810,O007487,P0111,2,25,90377.42,22594.36,67783.06
OI0007811,O008047,P0289,3,20,38373.54,7674.71,30698.83
OI0007812,O008426,P0159,3,10,84297.06,8429.71,75867.35
OI0007813,O008502,P0009,2,0,54633.32,0.0,54633.32
OI0007814,O006535,P0241,3,5,127869.06,6393.45,121475.61
OI0007815,O000802,P0035,4,5,127137.24,6356.86,120780.38
OI0007816,O000525,P0008,4,0,32729.56,0.0,32729.56
OI0007817,O002761,P0145,3,15,117486.93,17623.04,99863.89
OI0007818,O006949,P0080,2,10,54940.16,5494.02,49446.14
OI0007819,O008614,P0020,1,0,30596.61,0.0,30596.61
OI0007820,O008421,P0248,1,20,46651.4,9330.28,37321.12
OI0007821,O008130,P0022,1,20,33651.89,6730.38,26921.51
OI0007822,O001491,P0071,2,0,6523.98,0.0,6523.98
OI0007823,O000723,P0209,2,0,19126.9,0.0,19126.9
OI0007824,O009020,P0077,4,5,10926.12,546.31,10379.81
OI0007825,O002317,P0081,3,10,22187.58,2218.76,19968.82
OI0007826,O005013,P0248,1,25,46651.4,11662.85,34988.55
OI0007827,O009311,P0208,3,15,83500.53,12525.08,70975.45
OI0007828,O004268,P0159,3,15,84297.06,12644.56,71652.5
OI0007829,O006940,P0141,2,5,32435.58,1621.78,30813.8
OI0007830,O006073,P0113,2,10,98273.74,9827.37,88446.37
OI0007831,O007809,P0253,3,0,33711.12,0.0,33711.12
OI0007832,O009187,P0029,1,15,4097.07,614.56,3482.51
OI0007833,O007688,P0138,4,0,5104.08,0.0,5104.08
OI0007834,O001997,P0123,2,0,38887.76,0.0,38887.76
OI0007835,O009151,P0077,1,10,2731.53,273.15,2458.38
OI0007836,O004346,P0035,2,5,63568.62,3178.43,60390.19
OI0007837,O006211,P0158,4,10,163594.04,16359.4,147234.64
OI0007838,O001947,P0174,4,15,116325.6,17448.84,98876.76
OI0007839,O002834,P0235,4,20,137520.24,27504.05,110016.19
OI0007840,O009251,P0298,3,25,139591.47,34897.87,104693.6
OI0007841,O004477,P0199,3,10,117238.47,11723.85,105514.62
OI0007842,O007980,P0177,4,10,101868.92,10186.89,91682.03
OI0007843,O003682,P0208,4,0,111334.04,0.0,111334.04
OI0007844,O008831,P0069,3,15,60679.17,9101.88,51577.29
OI0007845,O002044,P0134,4,10,40420.24,4042.02,36378.22
OI0007846,O007253,P0003,3,5,57065.46,2853.27,54212.19
OI0007847,O007598,P0010,4,5,106832.2,5341.61,101490.59
OI0007848,O003627,P0024,4,5,92564.44,4628.22,87936.22
OI0007849,O000240,P0112,4,25,21586.8,5396.7,16190.1
OI0007850,O006184,P0278,3,0,92537.88,0.0,92537.88
OI0007851,O002872,P0222,4,5,147394.32,7369.72,140024.6
OI0007852,O002203,P0260,3,5,22543.35,1127.17,21416.18
OI0007853,O001172,P0179,1,0,25512.92,0.0,25512.92
OI0007854,O000718,P0004,1,5,23290.06,1164.5,22125.56
OI0007855,O004921,P0295,3,10,138904.29,13890.43,125013.86
OI0007856,O005132,P0031,4,10,73132.0,7313.2,65818.8
OI0007857,O003825,P0201,2,10,71675.3,7167.53,64507.77
OI0007858,O007703,P0030,2,15,93365.96,14004.89,79361.07
OI0007859,O009333,P0245,4,0,158653.36,0.0,158653.36
OI0007860,O004204,P0167,2,5,70738.76,3536.94,67201.82
OI0007861,O007852,P0099,3,5,3461.43,173.07,3288.36
OI0007862,O000039,P0025,3,15,133686.12,20052.92,113633.2
OI0007863,O009770,P0249,4,0,69555.84,0.0,69555.84
OI0007864,O002782,P0058,2,0,58845.32,0.0,58845.32
OI0007865,O000048,P0229,1,0,7090.25,0.0,7090.25
OI0007866,O002395,P0164,4,10,149121.04,14912.1,134208.94
OI0007867,O005976,P0106,1,15,24775.76,3716.36,21059.4
OI0007868,O009027,P0277,4,15,80298.56,12044.78,68253.78
OI0007869,O003550,P0202,1,15,40041.71,6006.26,34035.45
OI0007870,O005667,P0295,2,0,92602.86,0.0,92602.86
OI0007871,O004864,P0099,3,10,3461.43,346.14,3115.29
OI0007872,O002853,P0233,2,0,74724.98,0.0,74724.98
OI0007873,O000936,P0031,1,25,18283.0,4570.75,13712.25
OI0007874,O003057,P0065,1,0,31116.47,0.0,31116.47
OI0007875,O000784,P0173,4,20,80107.36,16021.47,64085.89
OI0007876,O008082,P0167,1,0,35369.38,0.0,35369.38
OI0007877,O009002,P0236,3,10,3339.36,333.94,3005.42
OI0007878,O005122,P0087,3,20,53726.94,10745.39,42981.55
OI0007879,O007221,P0242,2,10,68526.88,6852.69,61674.19
OI0007880,O001754,P0217,3,10,25950.96,2595.1,23355.86
OI0007881,O000983,P0141,3,0,48653.37,0.0,48653.37
OI0007882,O009276,P0098,4,15,80177.6,12026.64,68150.96
OI0007883,O000960,P0157,4,10,128617.8,12861.78,115756.02
OI0007884,O009919,P0072,1,10,2755.45,275.54,2479.91
OI0007885,O007001,P0268,2,0,18368.22,0.0,18368.22
OI0007886,O007445,P0225,4,0,164345.56,0.0,164345.56
OI0007887,O000644,P0297,4,25,83411.36,20852.84,62558.52
OI0007888,O003679,P0121,4,25,78415.76,19603.94,58811.82
OI0007889,O003896,P0251,1,25,24693.47,6173.37,18520.1
OI0007890,O000260,P0160,3,10,38694.54,3869.45,34825.09
OI0007891,O001156,P0148,2,25,20379.4,5094.85,15284.55
OI0007892,O002103,P0057,3,5,104742.42,5237.12,99505.3
OI0007893,O009299,P0062,4,5,107174.32,5358.72,101815.6
OI0007894,O003360,P0086,4,0,81784.32,0.0,81784.32
OI0007895,O001404,P0176,4,10,14491.2,1449.12,13042.08
OI0007896,O003386,P0211,4,0,52140.84,0.0,52140.84
OI0007897,O000457,P0135,3,0,140488.08,0.0,140488.08
OI0007898,O009407,P0067,4,0,99634.24,0.0,99634.24
OI0007899,O000245,P0252,2,5,76937.4,3846.87,73090.53
OI0007900,O004874,P0290,4,20,103862.32,20772.46,83089.86
OI0007901,O004357,P0105,2,5,81455.38,4072.77,77382.61
OI0007902,O004253,P0069,1,10,20226.39,2022.64,18203.75
OI0007903,O009986,P0088,2,20,79182.0,15836.4,63345.6
OI0007904,O005386,P0219,1,10,38549.43,3854.94,34694.49
OI0007905,O008587,P0162,1,10,2153.8,215.38,1938.42
OI0007906,O003125,P0115,2,10,68912.7,6891.27,62021.43
OI0007907,O004408,P0299,1,0,39286.17,0.0,39286.17
OI0007908,O006391,P0021,3,10,140899.83,14089.98,126809.85
OI0007909,O007125,P0012,2,15,69940.26,10491.04,59449.22
OI0007910,O000964,P0032,3,0,126796.56,0.0,126796.56
OI0007911,O000604,P0175,3,0,142236.15,0.0,142236.15
OI0007912,O000733,P0087,1,10,17908.98,1790.9,16118.08
OI0007913,O005837,P0273,3,20,119196.09,23839.22,95356.87
OI0007914,O006770,P0282,4,10,187623.08,18762.31,168860.77
OI0007915,O005531,P0161,1,5,13274.0,663.7,12610.3
OI0007916,O005507,P0192,3,25,127071.69,31767.92,95303.77
OI0007917,O009750,P0138,1,0,1276.02,0.0,1276.02
OI0007918,O009692,P0110,3,0,37389.84,0.0,37389.84
OI0007919,O001469,P0051,1,15,36720.4,5508.06,31212.34
OI0007920,O007590,P0290,1,0,25965.58,0.0,25965.58
OI0007921,O001916,P0169,4,0,91495.44,0.0,91495.44
OI0007922,O003397,P0294,2,20,57483.66,11496.73,45986.93
OI0007923,O008832,P0048,1,0,47730.5,0.0,47730.5
OI0007924,O009558,P0028,4,10,189850.64,18985.06,170865.58
OI0007925,O008465,P0236,1,5,1113.12,55.66,1057.46
OI0007926,O006475,P0076,4,0,148766.04,0.0,148766.04
OI0007927,O006884,P0060,2,5,7596.26,379.81,7216.45
OI0007928,O000809,P0225,2,5,82172.78,4108.64,78064.14
OI0007929,O006638,P0269,4,10,153388.36,15338.84,138049.52
OI0007930,O002920,P0052,4,0,127785.76,0.0,127785.76
OI0007931,O009399,P0101,1,0,8712.06,0.0,8712.06
OI0007932,O001133,P0299,1,10,39286.17,3928.62,35357.55
OI0007933,O008944,P0220,4,0,92891.84,0.0,92891.84
OI0007934,O000505,P0250,3,0,16505.37,0.0,16505.37
OI0007935,O008371,P0212,3,25,34425.57,8606.39,25819.18
OI0007936,O006326,P0042,4,0,94232.8,0.0,94232.8
OI0007937,O006802,P0110,2,10,24926.56,2492.66,22433.9
OI0007938,O009000,P0117,1,0,36170.1,0.0,36170.1
OI0007939,O002145,P0069,4,20,80905.56,16181.11,64724.45
OI0007940,O000209,P0098,3,10,60133.2,6013.32,54119.88
OI0007941,O003960,P0250,3,10,16505.37,1650.54,14854.83
OI0007942,O005545,P0186,1,10,15041.52,1504.15,13537.37
OI0007943,O000044,P0231,2,15,47175.56,7076.33,40099.23
OI0007944,O004842,P0273,2,20,79464.06,15892.81,63571.25
OI0007945,O005661,P0222,4,0,147394.32,0.0,147394.32
OI0007946,O007897,P0240,4,0,7365.0,0.0,7365.0
OI0007947,O009130,P0286,3,5,32144.01,1607.2,30536.81
OI0007948,O002590,P0061,4,15,138383.64,20757.55,117626.09
OI0007949,O007416,P0193,2,0,42917.76,0.0,42917.76
OI0007950,O004316,P0194,3,5,83068.5,4153.42,78915.08
OI0007951,O003018,P0040,3,10,52281.87,5228.19,47053.68
OI0007952,O009199,P0297,2,5,41705.68,2085.28,39620.4
OI0007953,O003746,P0202,1,10,40041.71,4004.17,36037.54
OI0007954,O001912,P0088,4,15,158364.0,23754.6,134609.4
OI0007955,O005566,P0170,4,0,139852.4,0.0,139852.4
OI0007956,O005264,P0190,3,5,66132.12,3306.61,62825.51
OI0007957,O004125,P0119,3,10,66655.14,6665.51,59989.63
OI0007958,O008954,P0080,4,20,109880.32,21976.06,87904.26
OI0007959,O004217,P0105,1,0,40727.69,0.0,40727.69
OI0007960,O008207,P0038,4,10,118952.68,11895.27,107057.41
OI0007961,O004920,P0236,3,20,3339.36,667.87,2671.49
OI0007962,O004568,P0177,1,0,25467.23,0.0,25467.23
OI0007963,O001706,P0234,1,15,30308.71,4546.31,25762.4
OI0007964,O008084,P0235,1,0,34380.06,0.0,34380.06
OI0007965,O002735,P0233,2,0,74724.98,0.0,74724.98
OI0007966,O004098,P0222,3,0,110545.74,0.0,110545.74
OI0007967,O001056,P0261,3,10,145642.62,14564.26,131078.36
OI0007968,O004975,P0139,3,10,72845.79,7284.58,65561.21
OI0007969,O001334,P0004,1,0,23290.06,0.0,23290.06
OI0007970,O007978,P0061,2,0,69191.82,0.0,69191.82
OI0007971,O005790,P0124,3,10,49942.95,4994.3,44948.65
OI0007972,O003337,P0203,3,0,52305.42,0.0,52305.42
OI0007973,O000646,P0012,3,10,104910.39,10491.04,94419.35
OI0007974,O002817,P0111,4,15,180754.84,27113.23,153641.61
OI0007975,O003469,P0284,4,25,153861.28,38465.32,115395.96
OI0007976,O002822,P0247,2,0,3987.32,0.0,3987.32
OI0007977,O008803,P0218,4,5,143913.28,7195.66,136717.62
OI0007978,O001181,P0290,1,5,25965.58,1298.28,24667.3
OI0007979,O004290,P0193,2,0,42917.76,0.0,42917.76
OI0007980,O007675,P0262,2,10,94766.74,9476.67,85290.07
OI0007981,O007752,P0152,4,0,45593.44,0.0,45593.44
OI0007982,O004521,P0034,1,0,22153.58,0.0,22153.58
OI0007983,O001831,P0072,4,0,11021.8,0.0,11021.8
OI0007984,O009017,P0016,2,5,72142.16,3607.11,68535.05
OI0007985,O002591,P0080,1,0,27470.08,0.0,27470.08
OI0007986,O008205,P0272,2,20,42367.14,8473.43,33893.71
OI0007987,O006215,P0084,4,10,160993.2,16099.32,144893.88
OI0007988,O003123,P0142,2,0,13561.32,0.0,13561.32
OI0007989,O004673,P0122,4,0,148523.32,0.0,148523.32
OI0007990,O004653,P0190,2,15,44088.08,6613.21,37474.87
OI0007991,O000625,P0218,3,0,107934.96,0.0,107934.96
OI0007992,O002028,P0189,1,5,48366.22,2418.31,45947.91
OI0007993,O004661,P0282,1,0,46905.77,0.0,46905.77
OI0007994,O004537,P0217,3,5,25950.96,1297.55,24653.41
OI0007995,O009498,P0275,2,25,53935.3,13483.82,40451.48
OI0007996,O000144,P0243,4,10,53657.64,5365.76,48291.88
OI0007997,O003830,P0209,3,10,28690.35,2869.04,25821.31
OI0007998,O000272,P0030,3,5,140048.94,7002.45,133046.49
OI0007999,O005467,P0057,2,5,69828.28,3491.41,66336.87
OI0008000,O003124,P0085,2,10,18391.22,1839.12,16552.1
OI0008001,O007897,P0292,1,10,13373.41,1337.34,12036.07
OI0008002,O002042,P0168,3,10,117525.15,11752.52,105772.63
OI0008003,O002643,P0284,2,0,76930.64,0.0,76930.64
OI0008004,O005575,P0097,1,15,12245.91,1836.89,10409.02
OI0008005,O001530,P0174,4,15,116325.6,17448.84,98876.76
OI0008006,O002636,P0210,2,0,86020.68,0.0,86020.68
OI0008007,O008856,P0216,1,0,13737.66,0.0,13737.66
OI0008008,O000453,P0032,1,10,42265.52,4226.55,38038.97
OI0008009,O006913,P0087,1,5,17908.98,895.45,17013.53
OI0008010,O006599,P0226,2,10,20764.56,2076.46,18688.1
OI0008011,O002544,P0154,4,15,112883.6,16932.54,95951.06
OI0008012,O004696,P0197,2,10,53384.04,5338.4,48045.64
OI0008013,O004285,P0087,1,10,17908.98,1790.9,16118.08
OI0008014,O005694,P0178,3,5,49737.6,2486.88,47250.72
OI0008015,O001232,P0079,3,10,41571.72,4157.17,37414.55
OI0008016,O004580,P0032,3,20,126796.56,25359.31,101437.25
OI0008017,O007237,P0186,1,5,15041.52,752.08,14289.44
OI0008018,O006741,P0064,3,15,51434.07,7715.11,43718.96
OI0008019,O005809,P0233,4,5,149449.96,7472.5,141977.46
OI0008020,O003507,P0156,2,0,19876.84,0.0,19876.84
OI0008021,O003617,P0208,3,25,83500.53,20875.13,62625.4
OI0008022,O008151,P0295,1,15,46301.43,6945.21,39356.22
OI0008023,O001850,P0208,4,20,111334.04,22266.81,89067.23
OI0008024,O007005,P0141,1,15,16217.79,2432.67,13785.12
OI0008025,O001770,P0058,3,0,88267.98,0.0,88267.98
OI0008026,O006823,P0203,4,10,69740.56,6974.06,62766.5
OI0008027,O005862,P0208,1,10,27833.51,2783.35,25050.16
OI0008028,O008441,P0147,2,5,59145.5,2957.28,56188.22
OI0008029,O005063,P0251,4,10,98773.88,9877.39,88896.49
OI0008030,O006589,P0039,1,10,9498.3,949.83,8548.47
OI0008031,O003165,P0145,2,0,78324.62,0.0,78324.62
OI0008032,O002826,P0298,3,20,139591.47,27918.29,111673.18
OI0008033,O002836,P0050,4,10,189291.88,18929.19,170362.69
OI0008034,O000237,P0067,2,10,49817.12,4981.71,44835.41
OI0008035,O007817,P0001,4,0,111719.4,0.0,111719.4
OI0008036,O006854,P0133,2,20,28901.62,5780.32,23121.3
OI0008037,O005908,P0087,2,10,35817.96,3581.8,32236.16
OI0008038,O005696,P0146,4,0,106521.52,0.0,106521.52
OI0008039,O008824,P0068,3,15,123810.63,18571.59,105239.04
OI0008040,O003136,P0097,2,10,24491.82,2449.18,22042.64
OI0008041,O006448,P0278,2,5,61691.92,3084.6,58607.32
OI0008042,O002351,P0286,4,25,42858.68,10714.67,32144.01
OI0008043,O000192,P0090,2,20,13131.84,2626.37,10505.47
OI0008044,O005805,P0257,1,0,10029.71,0.0,10029.71
OI0008045,O001297,P0070,4,15,21192.96,3178.94,18014.02
OI0008046,O008627,P0081,4,0,29583.44,0.0,29583.44
OI0008047,O006850,P0223,2,0,14170.24,0.0,14170.24
OI0008048,O005994,P0074,2,0,33986.88,0.0,33986.88
OI0008049,O002252,P0189,3,0,145098.66,0.0,145098.66
OI0008050,O008077,P0176,4,10,14491.2,1449.12,13042.08
OI0008051,O002587,P0290,1,15,25965.58,3894.84,22070.74
OI0008052,O003162,P0214,4,0,100167.12,0.0,100167.12
OI0008053,O000627,P0135,2,0,93658.72,0.0,93658.72
OI0008054,O002088,P0039,3,0,28494.9,0.0,28494.9
OI0008055,O003653,P0293,1,10,25797.73,2579.77,23217.96
OI0008056,O008352,P0063,2,10,38162.42,3816.24,34346.18
OI0008057,O009316,P0271,4,0,35780.8,0.0,35780.8
OI0008058,O009460,P0211,2,5,26070.42,1303.52,24766.9
OI0008059,O008528,P0074,4,0,67973.76,0.0,67973.76
OI0008060,O001866,P0101,4,10,34848.24,3484.82,31363.42
OI0008061,O007674,P0190,2,10,44088.08,4408.81,39679.27
OI0008062,O001404,P0114,1,10,43039.34,4303.93,38735.41
OI0008063,O000500,P0110,1,15,12463.28,1869.49,10593.79
OI0008064,O006409,P0061,4,10,138383.64,13838.36,124545.28
OI0008065,O001847,P0281,3,10,104525.73,10452.57,94073.16
OI0008066,O002880,P0156,2,10,19876.84,1987.68,17889.16
OI0008067,O003855,P0241,2,5,85246.04,4262.3,80983.74
OI0008068,O002084,P0210,1,25,43010.34,10752.58,32257.76
OI0008069,O009124,P0240,2,5,3682.5,184.12,3498.38
OI0008070,O002625,P0291,2,25,1888.14,472.04,1416.1
OI0008071,O008225,P0234,1,20,30308.71,6061.74,24246.97
OI0008072,O007745,P0246,4,25,61909.44,15477.36,46432.08
OI0008073,O009339,P0167,3,0,106108.14,0.0,106108.14
OI0008074,O002950,P0065,4,0,124465.88,0.0,124465.88
OI0008075,O004955,P0129,2,20,16158.78,3231.76,12927.02
OI0008076,O002501,P0120,3,25,11279.55,2819.89,8459.66
OI0008077,O006218,P0233,4,15,149449.96,22417.49,127032.47
OI0008078,O007019,P0019,3,10,48754.38,4875.44,43878.94
OI0008079,O001050,P0176,1,20,3622.8,724.56,2898.24
OI0008080,O000690,P0201,4,0,143350.6,0.0,143350.6
OI0008081,O003126,P0270,1,20,17071.3,3414.26,13657.04
OI0008082,O004302,P0067,4,5,99634.24,4981.71,94652.53
OI0008083,O007361,P0158,1,0,40898.51,0.0,40898.51
OI0008084,O001827,P0233,4,15,149449.96,22417.49,127032.47
OI0008085,O007197,P0116,4,15,187794.96,28169.24,159625.72
OI0008086,O007839,P0193,1,10,21458.88,2145.89,19312.99
OI0008087,O008460,P0215,4,5,43640.96,2182.05,41458.91
OI0008088,O001093,P0006,1,0,30527.16,0.0,30527.16
OI0008089,O007918,P0084,3,15,120744.9,18111.74,102633.16
OI0008090,O008325,P0046,3,0,5592.63,0.0,5592.63
OI0008091,O008208,P0042,3,15,70674.6,10601.19,60073.41
OI0008092,O005703,P0200,4,25,43624.96,10906.24,32718.72
OI0008093,O004306,P0189,1,25,48366.22,12091.56,36274.66
OI0008094,O003952,P0031,1,5,18283.0,914.15,17368.85
OI0008095,O004682,P0289,2,0,25582.36,0.0,25582.36
OI0008096,O000473,P0288,2,0,2391.16,0.0,2391.16
OI0008097,O006316,P0054,3,10,124110.12,12411.01,111699.11
OI0008098,O000841,P0129,3,15,24238.17,3635.73,20602.44
OI0008099,O007440,P0133,1,0,14450.81,0.0,14450.81
OI0008100,O001150,P0008,2,0,16364.78,0.0,16364.78
OI0008101,O006680,P0070,3,10,15894.72,1589.47,14305.25
OI0008102,O003771,P0010,1,0,26708.05,0.0,26708.05
OI0008103,O000482,P0238,4,20,127850.16,25570.03,102280.13
OI0008104,O007815,P0190,2,10,44088.08,4408.81,39679.27
OI0008105,O003484,P0296,2,5,64674.42,3233.72,61440.7
OI0008106,O009651,P0102,4,0,9541.8,0.0,9541.8
OI0008107,O003235,P0233,2,0,74724.98,0.0,74724.98
OI0008108,O003002,P0284,3,20,115395.96,23079.19,92316.77
OI0008109,O005920,P0056,3,15,76007.31,11401.1,64606.21
OI0008110,O002366,P0001,2,0,55859.7,0.0,55859.7
OI0008111,O003170,P0238,4,25,127850.16,31962.54,95887.62
OI0008112,O004696,P0210,4,5,172041.36,8602.07,163439.29
OI0008113,O005161,P0062,1,10,26793.58,2679.36,24114.22
OI0008114,O004078,P0231,3,15,70763.34,10614.5,60148.84
OI0008115,O007938,P0108,1,25,36912.94,9228.24,27684.7
OI0008116,O006826,P0170,1,20,34963.1,6992.62,27970.48
OI0008117,O000267,P0175,2,10,94824.1,9482.41,85341.69
OI0008118,O009328,P0118,2,0,19367.52,0.0,19367.52
OI0008119,O004828,P0293,1,20,25797.73,5159.55,20638.18
OI0008120,O008535,P0139,4,20,97127.72,19425.54,77702.18
OI0008121,O002809,P0195,1,10,11699.89,1169.99,10529.9
OI0008122,O003730,P0029,4,25,16388.28,4097.07,12291.21
OI0008123,O001003,P0260,2,10,15028.9,1502.89,13526.01
OI0008124,O000280,P0139,4,0,97127.72,0.0,97127.72
OI0008125,O005109,P0030,3,5,140048.94,7002.45,133046.49
OI0008126,O009156,P0079,3,5,41571.72,2078.59,39493.13
OI0008127,O002070,P0079,3,5,41571.72,2078.59,39493.13
OI0008128,O002571,P0186,2,20,30083.04,6016.61,24066.43
OI0008129,O005756,P0160,4,20,51592.72,10318.54,41274.18
OI0008130,O008828,P0157,2,5,64308.9,3215.44,61093.46
OI0008131,O004551,P0113,2,25,98273.74,24568.44,73705.3
OI0008132,O007354,P0299,2,25,78572.34,19643.08,58929.26
OI0008133,O006629,P0085,2,5,18391.22,919.56,17471.66
OI0008134,O000610,P0230,1,20,37457.46,7491.49,29965.97
OI0008135,O007661,P0039,1,0,9498.3,0.0,9498.3
OI0008136,O002242,P0155,2,10,94514.76,9451.48,85063.28
OI0008137,O005487,P0280,4,15,79038.92,11855.84,67183.08
OI0008138,O008117,P0293,2,5,51595.46,2579.77,49015.69
OI0008139,O009715,P0288,2,0,2391.16,0.0,2391.16
OI0008140,O006509,P0053,1,0,32333.83,0.0,32333.83
OI0008141,O008042,P0129,1,20,8079.39,1615.88,6463.51
OI0008142,O008360,P0109,3,10,105134.13,10513.41,94620.72
OI0008143,O002227,P0184,1,0,22638.01,0.0,22638.01
OI0008144,O002441,P0210,3,25,129031.02,32257.76,96773.26
OI0008145,O000653,P0157,4,25,128617.8,32154.45,96463.35
OI0008146,O006476,P0006,3,5,91581.48,4579.07,87002.41
OI0008147,O006282,P0185,4,10,57672.6,5767.26,51905.34
OI0008148,O009627,P0095,2,5,49974.56,2498.73,47475.83
OI0008149,O007571,P0014,2,15,19224.12,2883.62,16340.5
OI0008150,O005992,P0069,3,25,60679.17,15169.79,45509.38
OI0008151,O001248,P0190,4,0,88176.16,0.0,88176.16
OI0008152,O001625,P0086,2,10,40892.16,4089.22,36802.94
OI0008153,O003851,P0051,3,15,110161.2,16524.18,93637.02
OI0008154,O002717,P0013,4,15,125051.44,18757.72,106293.72
OI0008155,O000825,P0254,2,0,27239.2,0.0,27239.2
OI0008156,O009281,P0105,1,5,40727.69,2036.38,38691.31
OI0008157,O007174,P0132,2,10,66612.86,6661.29,59951.57
OI0008158,O000091,P0038,3,15,89214.51,13382.18,75832.33
OI0008159,O006435,P0132,3,10,99919.29,9991.93,89927.36
OI0008160,O007808,P0158,4,5,163594.04,8179.7,155414.34
OI0008161,O000315,P0065,1,5,31116.47,1555.82,29560.65
OI0008162,O004622,P0189,3,25,145098.66,36274.66,108824.0
OI0008163,O009131,P0279,1,0,18388.16,0.0,18388.16
OI0008164,O005806,P0227,1,5,9470.02,473.5,8996.52
OI0008165,O002935,P0209,4,0,38253.8,0.0,38253.8
OI0008166,O006332,P0056,4,5,101343.08,5067.15,96275.93
OI0008167,O002538,P0100,1,10,38669.39,3866.94,34802.45
OI0008168,O002133,P0087,1,0,17908.98,0.0,17908.98
OI0008169,O001410,P0290,3,5,77896.74,3894.84,74001.9
OI0008170,O006469,P0230,1,20,37457.46,7491.49,29965.97
OI0008171,O002800,P0169,4,10,91495.44,9149.54,82345.9
OI0008172,O005844,P0295,4,15,185205.72,27780.86,157424.86
OI0008173,O006618,P0214,3,25,75125.34,18781.34,56344.0
OI0008174,O004799,P0298,4,5,186121.96,9306.1,176815.86
OI0008175,O005027,P0148,1,25,10189.7,2547.43,7642.27
OI0008176,O005114,P0270,2,5,34142.6,1707.13,32435.47
OI0008177,O000856,P0166,4,0,44479.64,0.0,44479.64
OI0008178,O008218,P0293,3,20,77393.19,15478.64,61914.55
OI0008179,O006781,P0293,1,10,25797.73,2579.77,23217.96
OI0008180,O007410,P0012,4,5,139880.52,6994.03,132886.49
OI0008181,O001819,P0146,2,0,53260.76,0.0,53260.76
OI0008182,O008467,P0112,4,20,21586.8,4317.36,17269.44
OI0008183,O003621,P0063,1,10,19081.21,1908.12,17173.09
OI0008184,O007972,P0211,4,10,52140.84,5214.08,46926.76
OI0008185,O007389,P0030,1,10,46682.98,4668.3,42014.68
OI0008186,O009128,P0055,2,0,11047.22,0.0,11047.22
OI0008187,O003200,P0198,4,5,161955.68,8097.78,153857.9
OI0008188,O002667,P0197,2,0,53384.04,0.0,53384.04
OI0008189,O009100,P0035,1,5,31784.31,1589.22,30195.09
OI0008190,O004944,P0199,2,25,78158.98,19539.74,58619.24
OI0008191,O002511,P0098,1,10,20044.4,2004.44,18039.96
OI0008192,O001824,P0298,3,0,139591.47,0.0,139591.47
OI0008193,O008448,P0019,4,15,65005.84,9750.88,55254.96
OI0008194,O005362,P0173,1,15,20026.84,3004.03,17022.81
OI0008195,O007288,P0192,3,15,127071.69,19060.75,108010.94
OI0008196,O007174,P0267,2,10,98606.38,9860.64,88745.74
OI0008197,O002921,P0127,4,0,10274.56,0.0,10274.56
OI0008198,O008849,P0109,4,5,140178.84,7008.94,133169.9
OI0008199,O005612,P0131,4,5,21856.32,1092.82,20763.5
OI0008200,O006914,P0280,4,0,79038.92,0.0,79038.92
OI0008201,O001292,P0251,2,0,49386.94,0.0,49386.94
OI0008202,O002925,P0282,4,5,187623.08,9381.15,178241.93
OI0008203,O007564,P0152,1,20,11398.36,2279.67,9118.69
OI0008204,O003635,P0172,4,25,32650.72,8162.68,24488.04
OI0008205,O008240,P0154,2,15,56441.8,8466.27,47975.53
OI0008206,O007847,P0185,1,0,14418.15,0.0,14418.15
OI0008207,O001514,P0236,1,25,1113.12,278.28,834.84
OI0008208,O005225,P0292,1,25,13373.41,3343.35,10030.06
OI0008209,O000070,P0017,3,5,79694.7,3984.74,75709.96
OI0008210,O006505,P0208,3,10,83500.53,8350.05,75150.48
OI0008211,O004954,P0274,4,5,93394.08,4669.7,88724.38
OI0008212,O002862,P0096,3,20,51858.45,10371.69,41486.76
OI0008213,O005695,P0113,2,5,98273.74,4913.69,93360.05
OI0008214,O005096,P0138,4,0,5104.08,0.0,5104.08
OI0008215,O004911,P0295,3,10,138904.29,13890.43,125013.86
OI0008216,O005166,P0175,3,0,142236.15,0.0,142236.15
OI0008217,O004176,P0138,2,5,2552.04,127.6,2424.44
OI0008218,O002471,P0220,2,10,46445.92,4644.59,41801.33
OI0008219,O004573,P0152,3,20,34195.08,6839.02,27356.06
OI0008220,O001586,P0126,3,15,130904.37,19635.66,111268.71
OI0008221,O007473,P0246,3,15,46432.08,6964.81,39467.27
OI0008222,O001434,P0040,3,10,52281.87,5228.19,47053.68
OI0008223,O002014,P0191,4,0,79151.88,0.0,79151.88
OI0008224,O009633,P0162,4,20,8615.2,1723.04,6892.16
OI0008225,O008555,P0124,4,15,66590.6,9988.59,56602.01
OI0008226,O001300,P0177,3,15,76401.69,11460.25,64941.44
OI0008227,O001253,P0265,2,25,63549.88,15887.47,47662.41
OI0008228,O007543,P0175,2,25,94824.1,23706.02,71118.08
OI0008229,O008525,P0221,4,25,143042.12,35760.53,107281.59
OI0008230,O006624,P0173,2,5,40053.68,2002.68,38051.0
OI0008231,O003538,P0233,1,20,37362.49,7472.5,29889.99
OI0008232,O008873,P0137,4,25,88001.24,22000.31,66000.93
OI0008233,O005502,P0233,2,15,74724.98,11208.75,63516.23
OI0008234,O002315,P0239,2,15,1328.76,199.31,1129.45
OI0008235,O009783,P0139,3,20,72845.79,14569.16,58276.63
OI0008236,O009195,P0085,4,5,36782.44,1839.12,34943.32
OI0008237,O007039,P0024,4,0,92564.44,0.0,92564.44
OI0008238,O004174,P0257,1,5,10029.71,501.49,9528.22
OI0008239,O000818,P0227,1,25,9470.02,2367.5,7102.52
OI0008240,O001909,P0239,2,0,1328.76,0.0,1328.76
OI0008241,O000361,P0277,3,5,60223.92,3011.2,57212.72
OI0008242,O008253,P0260,4,15,30057.8,4508.67,25549.13
OI0008243,O004103,P0225,1,15,41086.39,6162.96,34923.43
OI0008244,O001295,P0100,4,20,154677.56,30935.51,123742.05
OI0008245,O004617,P0058,2,5,58845.32,2942.27,55903.05
OI0008246,O000213,P0221,3,0,107281.59,0.0,107281.59
OI0008247,O009381,P0245,1,20,39663.34,7932.67,31730.67
OI0008248,O008423,P0077,2,20,5463.06,1092.61,4370.45
OI0008249,O006971,P0218,3,0,107934.96,0.0,107934.96
OI0008250,O008860,P0204,2,5,17589.86,879.49,16710.37
OI0008251,O008074,P0136,4,10,4486.08,448.61,4037.47
OI0008252,O003190,P0117,4,10,144680.4,14468.04,130212.36
OI0008253,O004184,P0060,2,20,7596.26,1519.25,6077.01
OI0008254,O005636,P0254,1,10,13619.6,1361.96,12257.64
OI0008255,O000751,P0009,2,10,54633.32,5463.33,49169.99
OI0008256,O002275,P0073,3,5,57391.44,2869.57,54521.87
OI0008257,O001268,P0017,2,0,53129.8,0.0,53129.8
OI0008258,O000421,P0007,3,25,43655.88,10913.97,32741.91
OI0008259,O004527,P0103,3,15,98259.57,14738.94,83520.63
OI0008260,O001384,P0281,3,0,104525.73,0.0,104525.73
OI0008261,O005591,P0278,2,5,61691.92,3084.6,58607.32
OI0008262,O005833,P0290,4,10,103862.32,10386.23,93476.09
OI0008263,O003655,P0272,4,0,84734.28,0.0,84734.28
OI0008264,O000147,P0272,2,0,42367.14,0.0,42367.14
OI0008265,O003885,P0294,3,10,86225.49,8622.55,77602.94
OI0008266,O001354,P0160,2,5,25796.36,1289.82,24506.54
OI0008267,O005174,P0088,4,20,158364.0,31672.8,126691.2
OI0008268,O003885,P0185,4,25,57672.6,14418.15,43254.45
OI0008269,O008963,P0038,4,10,118952.68,11895.27,107057.41
OI0008270,O002124,P0023,3,15,11764.05,1764.61,9999.44
OI0008271,O003462,P0089,1,25,25607.6,6401.9,19205.7
OI0008272,O001774,P0036,1,0,38767.98,0.0,38767.98
OI0008273,O001741,P0098,4,25,80177.6,20044.4,60133.2
OI0008274,O004542,P0105,4,10,162910.76,16291.08,146619.68
OI0008275,O000393,P0117,4,0,144680.4,0.0,144680.4
OI0008276,O009866,P0292,2,5,26746.82,1337.34,25409.48
OI0008277,O000041,P0212,3,15,34425.57,5163.84,29261.73
OI0008278,O002971,P0079,3,25,41571.72,10392.93,31178.79
OI0008279,O007861,P0060,3,0,11394.39,0.0,11394.39
OI0008280,O002058,P0142,2,10,13561.32,1356.13,12205.19
OI0008281,O000561,P0060,1,5,3798.13,189.91,3608.22
OI0008282,O009107,P0022,2,5,67303.78,3365.19,63938.59
OI0008283,O009367,P0065,1,0,31116.47,0.0,31116.47
OI0008284,O009828,P0193,3,20,64376.64,12875.33,51501.31
OI0008285,O006633,P0102,4,5,9541.8,477.09,9064.71
OI0008286,O007561,P0216,1,5,13737.66,686.88,13050.78
OI0008287,O006874,P0231,4,0,94351.12,0.0,94351.12
OI0008288,O002686,P0125,1,10,29847.71,2984.77,26862.94
OI0008289,O003763,P0004,2,5,46580.12,2329.01,44251.11
OI0008290,O006372,P0217,3,0,25950.96,0.0,25950.96
OI0008291,O002315,P0207,2,5,35500.3,1775.02,33725.28
OI0008292,O003331,P0104,3,5,116223.06,5811.15,110411.91
OI0008293,O003836,P0263,3,0,132752.04,0.0,132752.04
OI0008294,O002493,P0155,3,0,141772.14,0.0,141772.14
OI0008295,O002633,P0219,4,25,154197.72,38549.43,115648.29
OI0008296,O006174,P0189,2,25,96732.44,24183.11,72549.33
OI0008297,O001616,P0222,2,10,73697.16,7369.72,66327.44
OI0008298,O001032,P0167,3,0,106108.14,0.0,106108.14
OI0008299,O001193,P0254,1,0,13619.6,0.0,13619.6
OI0008300,O002200,P0261,3,5,145642.62,7282.13,138360.49
OI0008301,O000381,P0090,1,5,6565.92,328.3,6237.62
OI0008302,O007588,P0251,2,15,49386.94,7408.04,41978.9
OI0008303,O007057,P0258,4,5,115439.64,5771.98,109667.66
OI0008304,O003840,P0253,2,25,22474.08,5618.52,16855.56
OI0008305,O001351,P0089,1,5,25607.6,1280.38,24327.22
OI0008306,O009646,P0160,4,0,51592.72,0.0,51592.72
OI0008307,O004687,P0278,2,10,61691.92,6169.19,55522.73
OI0008308,O003132,P0180,2,25,2785.96,696.49,2089.47
OI0008309,O001152,P0202,1,20,40041.71,8008.34,32033.37
OI0008310,O009599,P0204,2,0,17589.86,0.0,17589.86
OI0008311,O001194,P0021,1,10,46966.61,4696.66,42269.95
OI0008312,O000552,P0190,1,10,22044.04,2204.4,19839.64
OI0008313,O009243,P0015,3,15,70730.58,10609.59,60120.99
OI0008314,O006589,P0011,2,5,7954.82,397.74,7557.08
OI0008315,O006096,P0046,4,0,7456.84,0.0,7456.84
OI0008316,O003380,P0071,3,5,9785.97,489.3,9296.67
OI0008317,O009959,P0250,1,0,5501.79,0.0,5501.79
OI0008318,O005504,P0040,2,0,34854.58,0.0,34854.58
OI0008319,O000253,P0238,2,10,63925.08,6392.51,57532.57
OI0008320,O005084,P0046,1,10,1864.21,186.42,1677.79
OI0008321,O006791,P0072,4,20,11021.8,2204.36,8817.44
OI0008322,O008371,P0292,3,15,40120.23,6018.03,34102.2
OI0008323,O008449,P0140,1,10,25151.16,2515.12,22636.04
OI0008324,O009672,P0077,2,0,5463.06,0.0,5463.06
OI0008325,O006676,P0275,1,15,26967.65,4045.15,22922.5
OI0008326,O002602,P0150,3,20,24784.2,4956.84,19827.36
OI0008327,O009360,P0012,1,5,34970.13,1748.51,33221.62
OI0008328,O007769,P0288,1,10,1195.58,119.56,1076.02
OI0008329,O002643,P0038,4,15,118952.68,17842.9,101109.78
OI0008330,O006928,P0038,2,10,59476.34,5947.63,53528.71
OI0008331,O008080,P0209,1,15,9563.45,1434.52,8128.93
OI0008332,O006832,P0012,2,0,69940.26,0.0,69940.26
OI0008333,O003040,P0046,4,10,7456.84,745.68,6711.16
OI0008334,O003383,P0069,3,0,60679.17,0.0,60679.17
OI0008335,O008940,P0071,1,0,3261.99,0.0,3261.99
OI0008336,O007836,P0249,4,25,69555.84,17388.96,52166.88
OI0008337,O002711,P0219,4,10,154197.72,15419.77,138777.95
OI0008338,O002493,P0282,4,10,187623.08,18762.31,168860.77
OI0008339,O000096,P0077,2,10,5463.06,546.31,4916.75
OI0008340,O004440,P0227,2,0,18940.04,0.0,18940.04
OI0008341,O000244,P0046,4,10,7456.84,745.68,6711.16
OI0008342,O008730,P0106,4,0,99103.04,0.0,99103.04
OI0008343,O004372,P0064,1,20,17144.69,3428.94,13715.75
OI0008344,O001836,P0119,1,5,22218.38,1110.92,21107.46
OI0008345,O003858,P0125,2,0,59695.42,0.0,59695.42
OI0008346,O007268,P0250,4,10,22007.16,2200.72,19806.44
OI0008347,O009870,P0053,2,5,64667.66,3233.38,61434.28
OI0008348,O005978,P0142,4,10,27122.64,2712.26,24410.38
OI0008349,O006541,P0037,3,15,5645.1,846.76,4798.34
OI0008350,O000602,P0013,3,10,93788.58,9378.86,84409.72
OI0008351,O006185,P0072,3,25,8266.35,2066.59,6199.76
OI0008352,O007119,P0161,1,5,13274.0,663.7,12610.3
OI0008353,O003513,P0211,4,5,52140.84,2607.04,49533.8
OI0008354,O007639,P0189,4,15,193464.88,29019.73,164445.15
OI0008355,O006794,P0182,1,15,41028.43,6154.26,34874.17
OI0008356,O008133,P0246,3,25,46432.08,11608.02,34824.06
OI0008357,O009266,P0214,1,10,25041.78,2504.18,22537.6
OI0008358,O001636,P0165,4,10,10261.52,1026.15,9235.37
OI0008359,O008464,P0195,1,10,11699.89,1169.99,10529.9
OI0008360,O006112,P0081,1,5,7395.86,369.79,7026.07
OI0008361,O008075,P0240,1,5,1841.25,92.06,1749.19
OI0008362,O003943,P0296,3,5,97011.63,4850.58,92161.05
OI0008363,O004065,P0035,1,10,31784.31,3178.43,28605.88
OI0008364,O009699,P0236,3,20,3339.36,667.87,2671.49
OI0008365,O006640,P0203,3,10,52305.42,5230.54,47074.88
OI0008366,O007108,P0141,1,10,16217.79,1621.78,14596.01
OI0008367,O005591,P0090,1,0,6565.92,0.0,6565.92
OI0008368,O000193,P0151,3,0,37841.73,0.0,37841.73
OI0008369,O000508,P0269,1,20,38347.09,7669.42,30677.67
OI0008370,O001162,P0048,4,5,190922.0,9546.1,181375.9
OI0008371,O007479,P0050,3,20,141968.91,28393.78,113575.13
OI0008372,O004000,P0109,2,0,70089.42,0.0,70089.42
OI0008373,O007725,P0078,2,10,22421.88,2242.19,20179.69
OI0008374,O006331,P0052,3,25,95839.32,23959.83,71879.49
OI0008375,O007014,P0232,2,10,78378.24,7837.82,70540.42
OI0008376,O006431,P0220,4,0,92891.84,0.0,92891.84
OI0008377,O003541,P0027,3,0,148335.03,0.0,148335.03
OI0008378,O004568,P0166,3,0,33359.73,0.0,33359.73
OI0008379,O001659,P0077,1,0,2731.53,0.0,2731.53
OI0008380,O002136,P0103,4,15,131012.76,19651.91,111360.85
OI0008381,O004532,P0197,2,15,53384.04,8007.61,45376.43
OI0008382,O005894,P0159,2,20,56198.04,11239.61,44958.43
OI0008383,O003804,P0086,1,0,20446.08,0.0,20446.08
OI0008384,O003834,P0195,3,25,35099.67,8774.92,26324.75
OI0008385,O001866,P0226,4,10,41529.12,4152.91,37376.21
OI0008386,O009039,P0271,4,0,35780.8,0.0,35780.8
OI0008387,O009151,P0155,1,0,47257.38,0.0,47257.38
OI0008388,O002904,P0077,2,10,5463.06,546.31,4916.75
OI0008389,O005183,P0146,3,0,79891.14,0.0,79891.14
OI0008390,O009290,P0010,4,0,106832.2,0.0,106832.2
OI0008391,O005594,P0160,3,0,38694.54,0.0,38694.54
OI0008392,O008065,P0128,1,10,19395.43,1939.54,17455.89
OI0008393,O003092,P0158,3,0,122695.53,0.0,122695.53
OI0008394,O009245,P0223,2,0,14170.24,0.0,14170.24
OI0008395,O002754,P0174,4,0,116325.6,0.0,116325.6
OI0008396,O001730,P0003,4,0,76087.28,0.0,76087.28
OI0008397,O001992,P0069,2,0,40452.78,0.0,40452.78
OI0008398,O004918,P0098,2,10,40088.8,4008.88,36079.92
OI0008399,O003929,P0058,3,5,88267.98,4413.4,83854.58
OI0008400,O001298,P0062,1,0,26793.58,0.0,26793.58
OI0008401,O009965,P0007,4,0,58207.84,0.0,58207.84
OI0008402,O001745,P0207,2,0,35500.3,0.0,35500.3
OI0008403,O001288,P0275,3,15,80902.95,12135.44,68767.51
OI0008404,O007219,P0275,4,10,107870.6,10787.06,97083.54
OI0008405,O001875,P0081,1,10,7395.86,739.59,6656.27
OI0008406,O007013,P0232,3,20,117567.36,23513.47,94053.89
OI0008407,O003538,P0185,2,0,28836.3,0.0,28836.3
OI0008408,O008825,P0107,4,0,41705.36,0.0,41705.36
OI0008409,O007730,P0257,3,5,30089.13,1504.46,28584.67
OI0008410,O007721,P0280,2,5,39519.46,1975.97,37543.49
OI0008411,O007484,P0158,2,10,81797.02,8179.7,73617.32
OI0008412,O004421,P0190,2,25,44088.08,11022.02,33066.06
OI0008413,O006991,P0283,4,5,108833.92,5441.7,103392.22
OI0008414,O000223,P0117,2,0,72340.2,0.0,72340.2
OI0008415,O005726,P0208,3,15,83500.53,12525.08,70975.45
OI0008416,O000839,P0004,4,5,93160.24,4658.01,88502.23
OI0008417,O004884,P0185,3,15,43254.45,6488.17,36766.28
OI0008418,O000039,P0225,1,0,41086.39,0.0,41086.39
OI0008419,O009987,P0044,1,5,5545.58,277.28,5268.3
OI0008420,O000771,P0109,1,0,35044.71,0.0,35044.71
OI0008421,O003335,P0195,1,0,11699.89,0.0,11699.89
OI0008422,O002433,P0004,2,10,46580.12,4658.01,41922.11
OI0008423,O005531,P0133,4,5,57803.24,2890.16,54913.08
OI0008424,O008897,P0221,2,0,71521.06,0.0,71521.06
OI0008425,O005588,P0011,3,0,11932.23,0.0,11932.23
OI0008426,O004204,P0131,3,10,16392.24,1639.22,14753.02
OI0008427,O001211,P0274,1,0,23348.52,0.0,23348.52
OI0008428,O006402,P0286,3,15,32144.01,4821.6,27322.41
OI0008429,O000764,P0174,3,5,87244.2,4362.21,82881.99
OI0008430,O000352,P0222,4,5,147394.32,7369.72,140024.6
OI0008431,O008468,P0094,3,10,56696.49,5669.65,51026.84
OI0008432,O003556,P0145,2,10,78324.62,7832.46,70492.16
OI0008433,O008475,P0167,1,25,35369.38,8842.34,26527.04
OI0008434,O003668,P0080,1,0,27470.08,0.0,27470.08
OI0008435,O009911,P0289,3,20,38373.54,7674.71,30698.83
OI0008436,O000319,P0066,3,10,133711.71,13371.17,120340.54
OI0008437,O008917,P0133,2,20,28901.62,5780.32,23121.3
OI0008438,O007723,P0164,2,15,74560.52,11184.08,63376.44
OI0008439,O001669,P0259,3,15,138831.54,20824.73,118006.81
OI0008440,O004471,P0160,2,15,25796.36,3869.45,21926.91
OI0008441,O001525,P0142,4,0,27122.64,0.0,27122.64
OI0008442,O001727,P0247,2,20,3987.32,797.46,3189.86
OI0008443,O004246,P0133,3,15,43352.43,6502.86,36849.57
OI0008444,O003164,P0174,3,25,87244.2,21811.05,65433.15
OI0008445,O006796,P0184,2,0,45276.02,0.0,45276.02
OI0008446,O006759,P0083,4,25,188798.76,47199.69,141599.07
OI0008447,O004810,P0075,4,20,143809.04,28761.81,115047.23
OI0008448,O000240,P0263,3,0,132752.04,0.0,132752.04
OI0008449,O000611,P0115,1,0,34456.35,0.0,34456.35
OI0008450,O000229,P0153,2,10,52135.1,5213.51,46921.59
OI0008451,O005009,P0112,2,15,10793.4,1619.01,9174.39
OI0008452,O008948,P0140,2,15,50302.32,7545.35,42756.97
OI0008453,O006875,P0031,4,20,73132.0,14626.4,58505.6
OI0008454,O008500,P0220,1,10,23222.96,2322.3,20900.66
OI0008455,O009501,P0271,2,5,17890.4,894.52,16995.88
OI0008456,O001353,P0097,3,20,36737.73,7347.55,29390.18
OI0008457,O003251,P0011,4,5,15909.64,795.48,15114.16
OI0008458,O000922,P0103,1,5,32753.19,1637.66,31115.53
OI0008459,O000736,P0265,1,10,31774.94,3177.49,28597.45
OI0008460,O003403,P0052,4,20,127785.76,25557.15,102228.61
OI0008461,O005896,P0169,1,25,22873.86,5718.46,17155.4
OI0008462,O005844,P0140,4,0,100604.64,0.0,100604.64
OI0008463,O003364,P0083,1,0,47199.69,0.0,47199.69
OI0008464,O001178,P0268,3,5,27552.33,1377.62,26174.71
OI0008465,O005081,P0073,1,25,19130.48,4782.62,14347.86
OI0008466,O000919,P0140,2,10,50302.32,5030.23,45272.09
OI0008467,O003046,P0109,1,0,35044.71,0.0,35044.71
OI0008468,O008668,P0037,4,10,7526.8,752.68,6774.12
OI0008469,O000331,P0133,4,10,57803.24,5780.32,52022.92
OI0008470,O000349,P0009,1,0,27316.66,0.0,27316.66
OI0008471,O006060,P0185,1,0,14418.15,0.0,14418.15
OI0008472,O000468,P0243,1,0,13414.41,0.0,13414.41
OI0008473,O001752,P0148,2,10,20379.4,2037.94,18341.46
OI0008474,O000687,P0070,2,10,10596.48,1059.65,9536.83
OI0008475,O004265,P0232,1,10,39189.12,3918.91,35270.21
OI0008476,O007437,P0133,1,10,14450.81,1445.08,13005.73
OI0008477,O009914,P0118,2,10,19367.52,1936.75,17430.77
OI0008478,O008130,P0171,1,15,19519.02,2927.85,16591.17
OI0008479,O009970,P0182,2,25,82056.86,20514.22,61542.64
OI0008480,O003258,P0266,3,10,114274.2,11427.42,102846.78
OI0008481,O006875,P0158,4,5,163594.04,8179.7,155414.34
OI0008482,O009574,P0263,3,25,132752.04,33188.01,99564.03
OI0008483,O005442,P0185,4,0,57672.6,0.0,57672.6
OI0008484,O008446,P0139,1,5,24281.93,1214.1,23067.83
OI0008485,O007621,P0200,3,25,32718.72,8179.68,24539.04
OI0008486,O000027,P0064,4,25,68578.76,17144.69,51434.07
OI0008487,O002619,P0229,3,10,21270.75,2127.07,19143.68
OI0008488,O000987,P0031,2,0,36566.0,0.0,36566.0
OI0008489,O001614,P0112,2,5,10793.4,539.67,10253.73
OI0008490,O009371,P0001,3,25,83789.55,20947.39,62842.16
OI0008491,O002747,P0089,1,20,25607.6,5121.52,20486.08
OI0008492,O008888,P0215,1,20,10910.24,2182.05,8728.19
OI0008493,O006613,P0202,1,5,40041.71,2002.09,38039.62
OI0008494,O003377,P0046,3,20,5592.63,1118.53,4474.1
OI0008495,O001756,P0269,3,15,115041.27,17256.19,97785.08
OI0008496,O008849,P0076,1,20,37191.51,7438.3,29753.21
OI0008497,O004474,P0240,3,10,5523.75,552.38,4971.37
OI0008498,O001273,P0113,4,5,196547.48,9827.37,186720.11
OI0008499,O006912,P0207,1,10,17750.15,1775.02,15975.13
OI0008500,O004006,P0295,4,5,185205.72,9260.29,175945.43
OI0008501,O001025,P0275,2,0,53935.3,0.0,53935.3
OI0008502,O002586,P0213,2,20,48277.12,9655.42,38621.7
OI0008503,O007365,P0096,1,20,17286.15,3457.23,13828.92
OI0008504,O009924,P0057,3,15,104742.42,15711.36,89031.06
OI0008505,O005997,P0047,2,0,47234.8,0.0,47234.8
OI0008506,O008820,P0160,1,0,12898.18,0.0,12898.18
OI0008507,O006573,P0001,1,0,27929.85,0.0,27929.85
OI0008508,O000269,P0207,3,10,53250.45,5325.04,47925.41
OI0008509,O002657,P0035,3,5,95352.93,4767.65,90585.28
OI0008510,O001433,P0212,2,20,22950.38,4590.08,18360.3
OI0008511,O007442,P0159,4,10,112396.08,11239.61,101156.47
OI0008512,O008247,P0024,1,10,23141.11,2314.11,20827.0
OI0008513,O006043,P0040,1,20,17427.29,3485.46,13941.83
OI0008514,O006712,P0249,1,0,17388.96,0.0,17388.96
OI0008515,O009585,P0192,2,20,84714.46,16942.89,67771.57
OI0008516,O009986,P0093,2,20,26585.26,5317.05,21268.21
OI0008517,O008124,P0201,2,15,71675.3,10751.3,60924.0
OI0008518,O006228,P0120,1,0,3759.85,0.0,3759.85
OI0008519,O002342,P0244,3,0,103378.65,0.0,103378.65
OI0008520,O003018,P0138,1,0,1276.02,0.0,1276.02
OI0008521,O008156,P0256,3,5,148752.96,7437.65,141315.31
OI0008522,O008659,P0117,4,10,144680.4,14468.04,130212.36
OI0008523,O008757,P0002,4,0,185856.96,0.0,185856.96
OI0008524,O002431,P0279,2,0,36776.32,0.0,36776.32
OI0008525,O004256,P0193,1,0,21458.88,0.0,21458.88
OI0008526,O006374,P0063,3,15,57243.63,8586.54,48657.09
OI0008527,O007372,P0036,1,5,38767.98,1938.4,36829.58
OI0008528,O001795,P0279,1,5,18388.16,919.41,17468.75
OI0008529,O000832,P0063,1,0,19081.21,0.0,19081.21
OI0008530,O006540,P0214,4,0,100167.12,0.0,100167.12
OI0008531,O000282,P0033,1,10,21034.49,2103.45,18931.04
OI0008532,O006949,P0175,2,10,94824.1,9482.41,85341.69
OI0008533,O007538,P0019,2,15,32502.92,4875.44,27627.48
OI0008534,O003658,P0279,4,10,73552.64,7355.26,66197.38
OI0008535,O003628,P0110,3,5,37389.84,1869.49,35520.35
OI0008536,O008331,P0086,4,5,81784.32,4089.22,77695.1
OI0008537,O006099,P0004,2,15,46580.12,6987.02,39593.1
OI0008538,O004549,P0097,2,5,24491.82,1224.59,23267.23
OI0008539,O007448,P0084,2,0,80496.6,0.0,80496.6
OI0008540,O009443,P0242,2,0,68526.88,0.0,68526.88
OI0008541,O006748,P0128,3,5,58186.29,2909.31,55276.98
OI0008542,O008723,P0096,4,15,69144.6,10371.69,58772.91
OI0008543,O009926,P0181,2,15,31575.32,4736.3,26839.02
OI0008544,O009528,P0112,4,0,21586.8,0.0,21586.8
OI0008545,O003703,P0121,2,5,39207.88,1960.39,37247.49
OI0008546,O000109,P0273,3,0,119196.09,0.0,119196.09
OI0008547,O008167,P0025,2,10,89124.08,8912.41,80211.67
OI0008548,O000723,P0014,3,0,28836.18,0.0,28836.18
OI0008549,O000499,P0110,2,15,24926.56,3738.98,21187.58
OI0008550,O009311,P0030,2,10,93365.96,9336.6,84029.36
OI0008551,O009708,P0022,4,5,134607.56,6730.38,127877.18
OI0008552,O006993,P0102,1,25,2385.45,596.36,1789.09
OI0008553,O002831,P0260,3,10,22543.35,2254.34,20289.01
OI0008554,O003518,P0072,3,5,8266.35,413.32,7853.03
OI0008555,O006283,P0116,1,5,46948.74,2347.44,44601.3
OI0008556,O000269,P0256,3,25,148752.96,37188.24,111564.72
OI0008557,O008529,P0114,3,0,129118.02,0.0,129118.02
OI0008558,O005148,P0028,3,0,142387.98,0.0,142387.98
OI0008559,O005276,P0182,1,10,41028.43,4102.84,36925.59
OI0008560,O007184,P0186,3,5,45124.56,2256.23,42868.33
OI0008561,O005924,P0251,2,5,49386.94,2469.35,46917.59
OI0008562,O003825,P0182,2,5,82056.86,4102.84,77954.02
OI0008563,O001192,P0144,3,20,101033.07,20206.61,80826.46
OI0008564,O007060,P0206,1,20,22654.0,4530.8,18123.2
OI0008565,O000353,P0252,2,15,76937.4,11540.61,65396.79
OI0008566,O002562,P0172,2,10,16325.36,1632.54,14692.82
OI0008567,O000205,P0171,2,0,39038.04,0.0,39038.04
OI0008568,O003330,P0241,1,10,42623.02,4262.3,38360.72
OI0008569,O001787,P0242,4,25,137053.76,34263.44,102790.32
OI0008570,O002432,P0080,3,20,82410.24,16482.05,65928.19
OI0008571,O003429,P0257,2,0,20059.42,0.0,20059.42
OI0008572,O002373,P0247,2,25,3987.32,996.83,2990.49
OI0008573,O002118,P0030,3,0,140048.94,0.0,140048.94
OI0008574,O000562,P0123,3,0,58331.64,0.0,58331.64
OI0008575,O001888,P0192,2,5,84714.46,4235.72,80478.74
OI0008576,O004272,P0027,2,0,98890.02,0.0,98890.02
OI0008577,O006655,P0080,2,0,54940.16,0.0,54940.16
OI0008578,O008913,P0088,1,5,39591.0,1979.55,37611.45
OI0008579,O000393,P0156,4,10,39753.68,3975.37,35778.31
OI0008580,O000245,P0088,4,10,158364.0,15836.4,142527.6
OI0008581,O005032,P0217,3,10,25950.96,2595.1,23355.86
OI0008582,O008322,P0179,1,5,25512.92,1275.65,24237.27
OI0008583,O006729,P0130,4,25,139310.56,34827.64,104482.92
OI0008584,O009875,P0253,1,5,11237.04,561.85,10675.19
OI0008585,O004705,P0071,4,5,13047.96,652.4,12395.56
OI0008586,O008057,P0087,1,5,17908.98,895.45,17013.53
OI0008587,O003091,P0035,3,0,95352.93,0.0,95352.93
OI0008588,O004845,P0094,3,5,56696.49,2834.82,53861.67
OI0008589,O001853,P0194,4,5,110758.0,5537.9,105220.1
OI0008590,O007143,P0016,2,0,72142.16,0.0,72142.16
OI0008591,O007358,P0008,4,20,32729.56,6545.91,26183.65
OI0008592,O007821,P0092,4,15,79856.08,11978.41,67877.67
OI0008593,O001938,P0040,4,5,69709.16,3485.46,66223.7
OI0008594,O004994,P0209,1,5,9563.45,478.17,9085.28
OI0008595,O006147,P0185,3,25,43254.45,10813.61,32440.84
OI0008596,O000902,P0245,1,0,39663.34,0.0,39663.34
OI0008597,O008092,P0206,1,20,22654.0,4530.8,18123.2
OI0008598,O001357,P0085,3,0,27586.83,0.0,27586.83
OI0008599,O001364,P0283,4,20,108833.92,21766.78,87067.14
OI0008600,O006304,P0160,1,10,12898.18,1289.82,11608.36
OI0008601,O009087,P0230,2,15,74914.92,11237.24,63677.68
OI0008602,O003487,P0119,2,0,44436.76,0.0,44436.76
OI0008603,O007433,P0285,4,5,18565.96,928.3,17637.66
OI0008604,O006211,P0243,1,10,13414.41,1341.44,12072.97
OI0008605,O001974,P0164,2,10,74560.52,7456.05,67104.47
OI0008606,O009311,P0119,4,10,88873.52,8887.35,79986.17
OI0008607,O009935,P0024,1,5,23141.11,1157.06,21984.05
OI0008608,O004337,P0167,2,5,70738.76,3536.94,67201.82
OI0008609,O002797,P0178,1,5,16579.2,828.96,15750.24
OI0008610,O007297,P0147,2,15,59145.5,8871.83,50273.67
OI0008611,O009736,P0166,4,25,44479.64,11119.91,33359.73
OI0008612,O000425,P0282,4,0,187623.08,0.0,187623.08
OI0008613,O003297,P0070,2,5,10596.48,529.82,10066.66
OI0008614,O009730,P0238,3,0,95887.62,0.0,95887.62
OI0008615,O001201,P0177,4,25,101868.92,25467.23,76401.69
OI0008616,O007261,P0282,1,10,46905.77,4690.58,42215.19
OI0008617,O009487,P0092,4,0,79856.08,0.0,79856.08
OI0008618,O006141,P0236,2,5,2226.24,111.31,2114.93
OI0008619,O008626,P0173,3,10,60080.52,6008.05,54072.47
OI0008620,O002796,P0293,3,10,77393.19,7739.32,69653.87
OI0008621,O001966,P0089,1,0,25607.6,0.0,25607.6
OI0008622,O007628,P0214,2,10,50083.56,5008.36,45075.2
OI0008623,O005634,P0262,4,20,189533.48,37906.7,151626.78
OI0008624,O006869,P0159,4,15,112396.08,16859.41,95536.67
OI0008625,O000669,P0065,2,0,62232.94,0.0,62232.94
OI0008626,O007069,P0104,2,25,77482.04,19370.51,58111.53
OI0008627,O004467,P0234,2,5,60617.42,3030.87,57586.55
OI0008628,O009311,P0067,3,5,74725.68,3736.28,70989.4
OI0008629,O005309,P0256,3,15,148752.96,22312.94,126440.02
OI0008630,O004961,P0174,3,10,87244.2,8724.42,78519.78
OI0008631,O002308,P0133,1,10,14450.81,1445.08,13005.73
OI0008632,O007356,P0037,1,10,1881.7,188.17,1693.53
OI0008633,O006405,P0029,3,5,12291.21,614.56,11676.65
OI0008634,O004653,P0092,2,5,39928.04,1996.4,37931.64
OI0008635,O001288,P0049,2,5,11919.26,595.96,11323.3
OI0008636,O001862,P0153,4,5,104270.2,5213.51,99056.69
OI0008637,O002985,P0138,3,0,3828.06,0.0,3828.06
OI0008638,O005130,P0098,2,0,40088.8,0.0,40088.8
OI0008639,O000804,P0015,2,15,47153.72,7073.06,40080.66
OI0008640,O004199,P0205,4,0,1320.32,0.0,1320.32
OI0008641,O002958,P0229,4,20,28361.0,5672.2,22688.8
OI0008642,O006988,P0187,1,5,19277.45,963.87,18313.58
OI0008643,O006929,P0241,3,0,127869.06,0.0,127869.06
OI0008644,O000501,P0055,1,5,5523.61,276.18,5247.43
OI0008645,O001229,P0142,1,0,6780.66,0.0,6780.66
OI0008646,O000097,P0202,4,20,160166.84,32033.37,128133.47
OI0008647,O006541,P0184,2,0,45276.02,0.0,45276.02
OI0008648,O008112,P0261,3,10,145642.62,14564.26,131078.36
OI0008649,O003885,P0262,4,0,189533.48,0.0,189533.48
OI0008650,O003639,P0246,3,0,46432.08,0.0,46432.08
OI0008651,O004658,P0269,4,15,153388.36,23008.25,130380.11
OI0008652,O002544,P0240,2,10,3682.5,368.25,3314.25
OI0008653,O007700,P0229,3,0,21270.75,0.0,21270.75
OI0008654,O009580,P0128,2,20,38790.86,7758.17,31032.69
OI0008655,O009558,P0151,1,5,12613.91,630.7,11983.21
OI0008656,O006093,P0149,3,5,43524.15,2176.21,41347.94
OI0008657,O008384,P0290,4,10,103862.32,10386.23,93476.09
OI0008658,O006382,P0031,1,0,18283.0,0.0,18283.0
OI0008659,O000225,P0227,1,10,9470.02,947.0,8523.02
OI0008660,O007357,P0194,4,0,110758.0,0.0,110758.0
OI0008661,O000773,P0142,3,20,20341.98,4068.4,16273.58
OI0008662,O009438,P0234,2,20,60617.42,12123.48,48493.94
OI0008663,O003013,P0100,1,10,38669.39,3866.94,34802.45
OI0008664,O002667,P0153,3,10,78202.65,7820.26,70382.39
OI0008665,O001625,P0192,3,25,127071.69,31767.92,95303.77
OI0008666,O008124,P0069,2,15,40452.78,6067.92,34384.86
OI0008667,O003475,P0113,1,0,49136.87,0.0,49136.87
OI0008668,O004153,P0215,2,0,21820.48,0.0,21820.48
OI0008669,O000520,P0043,3,10,50516.97,5051.7,45465.27
OI0008670,O003530,P0236,3,5,3339.36,166.97,3172.39
OI0008671,O009618,P0110,4,20,49853.12,9970.62,39882.5
OI0008672,O000873,P0246,4,10,61909.44,6190.94,55718.5
OI0008673,O000958,P0071,2,25,6523.98,1631.0,4892.98
OI0008674,O003032,P0041,1,0,17527.84,0.0,17527.84
OI0008675,O008429,P0187,2,5,38554.9,1927.74,36627.16
OI0008676,O004429,P0028,1,5,47462.66,2373.13,45089.53
OI0008677,O007992,P0213,4,5,96554.24,4827.71,91726.53
OI0008678,O004721,P0055,1,20,5523.61,1104.72,4418.89
OI0008679,O003227,P0036,3,5,116303.94,5815.2,110488.74
OI0008680,O001568,P0262,3,15,142150.11,21322.52,120827.59
OI0008681,O000910,P0211,4,10,52140.84,5214.08,46926.76
OI0008682,O001961,P0053,4,10,129335.32,12933.53,116401.79
OI0008683,O006262,P0139,4,15,97127.72,14569.16,82558.56
OI0008684,O001386,P0178,2,0,33158.4,0.0,33158.4
OI0008685,O000816,P0046,1,0,1864.21,0.0,1864.21
OI0008686,O005350,P0082,2,25,13738.54,3434.64,10303.9
OI0008687,O003785,P0174,1,5,29081.4,1454.07,27627.33
OI0008688,O009002,P0041,4,5,70111.36,3505.57,66605.79
OI0008689,O000322,P0267,2,5,98606.38,4930.32,93676.06
OI0008690,O004399,P0027,4,10,197780.04,19778.0,178002.04
OI0008691,O007643,P0049,2,25,11919.26,2979.82,8939.44
OI0008692,O000844,P0272,2,20,42367.14,8473.43,33893.71
OI0008693,O002572,P0270,3,5,51213.9,2560.7,48653.2
OI0008694,O006595,P0210,2,20,86020.68,17204.14,68816.54
OI0008695,O008603,P0204,4,10,35179.72,3517.97,31661.75
OI0008696,O007331,P0282,2,0,93811.54,0.0,93811.54
OI0008697,O007181,P0234,4,0,121234.84,0.0,121234.84
OI0008698,O006902,P0040,4,0,69709.16,0.0,69709.16
OI0008699,O009016,P0246,1,25,15477.36,3869.34,11608.02
OI0008700,O002501,P0018,3,25,59683.08,14920.77,44762.31
OI0008701,O002810,P0110,1,0,12463.28,0.0,12463.28
OI0008702,O001876,P0257,2,5,20059.42,1002.97,19056.45
OI0008703,O004155,P0016,2,25,72142.16,18035.54,54106.62
OI0008704,O006103,P0149,2,20,29016.1,5803.22,23212.88
OI0008705,O003340,P0119,3,5,66655.14,3332.76,63322.38
OI0008706,O008861,P0211,1,10,13035.21,1303.52,11731.69
OI0008707,O003072,P0264,4,20,43535.64,8707.13,34828.51
OI0008708,O006592,P0252,3,0,115406.1,0.0,115406.1
OI0008709,O002931,P0099,2,25,2307.62,576.9,1730.72
OI0008710,O005675,P0018,1,0,19894.36,0.0,19894.36
OI0008711,O009794,P0090,2,25,13131.84,3282.96,9848.88
OI0008712,O005254,P0025,2,0,89124.08,0.0,89124.08
OI0008713,O008405,P0274,4,25,93394.08,23348.52,70045.56
OI0008714,O002147,P0024,3,0,69423.33,0.0,69423.33
OI0008715,O003343,P0069,2,25,40452.78,10113.2,30339.58
OI0008716,O006802,P0011,2,0,7954.82,0.0,7954.82
OI0008717,O009265,P0260,2,0,15028.9,0.0,15028.9
OI0008718,O002223,P0010,2,25,53416.1,13354.02,40062.08
OI0008719,O005634,P0101,1,15,8712.06,1306.81,7405.25
OI0008720,O004997,P0012,2,20,69940.26,13988.05,55952.21
OI0008721,O006633,P0074,3,5,50980.32,2549.02,48431.3
OI0008722,O009222,P0133,4,0,57803.24,0.0,57803.24
OI0008723,O007923,P0235,3,0,103140.18,0.0,103140.18
OI0008724,O002602,P0091,1,25,37000.8,9250.2,27750.6
OI0008725,O003539,P0225,2,5,82172.78,4108.64,78064.14
OI0008726,O008720,P0005,4,15,18429.64,2764.45,15665.19
OI0008727,O005836,P0023,4,15,15685.4,2352.81,13332.59
OI0008728,O008920,P0184,4,10,90552.04,9055.2,81496.84
OI0008729,O008785,P0216,3,20,41212.98,8242.6,32970.38
OI0008730,O007768,P0046,3,15,5592.63,838.89,4753.74
OI0008731,O003498,P0130,3,15,104482.92,15672.44,88810.48
OI0008732,O006720,P0074,2,20,33986.88,6797.38,27189.5
OI0008733,O007559,P0001,4,0,111719.4,0.0,111719.4
OI0008734,O007497,P0141,1,5,16217.79,810.89,15406.9
OI0008735,O005776,P0292,1,15,13373.41,2006.01,11367.4
OI0008736,O000267,P0062,4,20,107174.32,21434.86,85739.46
OI0008737,O003465,P0063,1,10,19081.21,1908.12,17173.09
OI0008738,O006913,P0108,3,25,110738.82,27684.7,83054.12
OI0008739,O003884,P0236,1,20,1113.12,222.62,890.5
OI0008740,O009395,P0016,4,20,144284.32,28856.86,115427.46
OI0008741,O003848,P0246,3,0,46432.08,0.0,46432.08
OI0008742,O001607,P0237,1,5,15725.53,786.28,14939.25
OI0008743,O006693,P0111,4,5,180754.84,9037.74,171717.1
OI0008744,O006245,P0174,3,0,87244.2,0.0,87244.2
OI0008745,O006789,P0005,2,15,9214.82,1382.22,7832.6
OI0008746,O007372,P0294,3,5,86225.49,4311.27,81914.22
OI0008747,O008660,P0182,1,10,41028.43,4102.84,36925.59
OI0008748,O002071,P0082,3,15,20607.81,3091.17,17516.64
OI0008749,O004793,P0113,2,0,98273.74,0.0,98273.74
OI0008750,O006721,P0167,1,0,35369.38,0.0,35369.38
OI0008751,O007065,P0156,2,5,19876.84,993.84,18883.0
OI0008752,O000659,P0254,1,15,13619.6,2042.94,11576.66
OI0008753,O000537,P0053,4,10,129335.32,12933.53,116401.79
OI0008754,O002428,P0096,2,25,34572.3,8643.08,25929.22
OI0008755,O006123,P0276,1,5,49757.94,2487.9,47270.04
OI0008756,O009042,P0204,4,0,35179.72,0.0,35179.72
OI0008757,O004925,P0278,4,0,123383.84,0.0,123383.84
OI0008758,O002092,P0140,2,0,50302.32,0.0,50302.32
OI0008759,O009575,P0230,4,0,149829.84,0.0,149829.84
OI0008760,O001677,P0187,4,5,77109.8,3855.49,73254.31
OI0008761,O005844,P0054,1,10,41370.04,4137.0,37233.04
OI0008762,O008845,P0053,3,0,97001.49,0.0,97001.49
OI0008763,O004404,P0088,4,10,158364.0,15836.4,142527.6
OI0008764,O007964,P0294,2,10,57483.66,5748.37,51735.29
OI0008765,O007525,P0103,1,5,32753.19,1637.66,31115.53
OI0008766,O007533,P0140,1,5,25151.16,1257.56,23893.6
OI0008767,O004456,P0230,4,5,149829.84,7491.49,142338.35
OI0008768,O005111,P0086,4,25,81784.32,20446.08,61338.24
OI0008769,O003126,P0263,3,0,132752.04,0.0,132752.04
OI0008770,O004763,P0157,2,15,64308.9,9646.33,54662.57
OI0008771,O002383,P0120,1,5,3759.85,187.99,3571.86
OI0008772,O006239,P0132,1,0,33306.43,0.0,33306.43
OI0008773,O000315,P0280,3,20,59279.19,11855.84,47423.35
OI0008774,O008680,P0085,3,10,27586.83,2758.68,24828.15
OI0008775,O006973,P0082,2,10,13738.54,1373.85,12364.69
OI0008776,O003884,P0023,2,5,7842.7,392.14,7450.56
OI0008777,O008879,P0239,4,5,2657.52,132.88,2524.64
OI0008778,O001992,P0265,4,15,127099.76,19064.96,108034.8
OI0008779,O006365,P0025,3,15,133686.12,20052.92,113633.2
OI0008780,O002928,P0228,2,15,12913.86,1937.08,10976.78
OI0008781,O001445,P0288,4,10,4782.32,478.23,4304.09
OI0008782,O007497,P0135,3,15,140488.08,21073.21,119414.87
OI0008783,O003020,P0187,3,15,57832.35,8674.85,49157.5
OI0008784,O007540,P0163,1,15,15410.12,2311.52,13098.6
OI0008785,O003965,P0029,4,0,16388.28,0.0,16388.28
OI0008786,O001513,P0115,2,15,68912.7,10336.91,58575.79
OI0008787,O008091,P0210,1,10,43010.34,4301.03,38709.31
OI0008788,O009216,P0047,3,0,70852.2,0.0,70852.2
OI0008789,O001951,P0271,4,10,35780.8,3578.08,32202.72
OI0008790,O006349,P0120,4,20,15039.4,3007.88,12031.52
OI0008791,O002319,P0135,3,5,140488.08,7024.4,133463.68
OI0008792,O001733,P0102,2,0,4770.9,0.0,4770.9
OI0008793,O005930,P0206,2,10,45308.0,4530.8,40777.2
OI0008794,O000631,P0218,3,0,107934.96,0.0,107934.96
OI0008795,O003084,P0274,4,10,93394.08,9339.41,84054.67
OI0008796,O006129,P0262,4,15,189533.48,28430.02,161103.46
OI0008797,O006437,P0299,3,10,117858.51,11785.85,106072.66
OI0008798,O006281,P0185,2,5,28836.3,1441.82,27394.48
OI0008799,O009911,P0041,3,20,52583.52,10516.7,42066.82
OI0008800,O005934,P0076,2,0,74383.02,0.0,74383.02
OI0008801,O008647,P0051,1,0,36720.4,0.0,36720.4
OI0008802,O008105,P0061,1,20,34595.91,6919.18,27676.73
OI0008803,O005215,P0094,4,0,75595.32,0.0,75595.32
OI0008804,O003308,P0019,4,10,65005.84,6500.58,58505.26
OI0008805,O004103,P0021,3,10,140899.83,14089.98,126809.85
OI0008806,O006533,P0080,4,5,109880.32,5494.02,104386.3
OI0008807,O007293,P0071,3,5,9785.97,489.3,9296.67
OI0008808,O005412,P0054,2,15,82740.08,12411.01,70329.07
OI0008809,O009179,P0026,4,5,19612.92,980.65,18632.27
OI0008810,O000513,P0169,2,0,45747.72,0.0,45747.72
OI0008811,O009722,P0005,4,10,18429.64,1842.96,16586.68
OI0008812,O000718,P0026,1,15,4903.23,735.48,4167.75
OI0008813,O006588,P0166,3,5,33359.73,1667.99,31691.74
OI0008814,O003521,P0082,4,0,27477.08,0.0,27477.08
OI0008815,O009096,P0262,4,5,189533.48,9476.67,180056.81
OI0008816,O009197,P0257,1,10,10029.71,1002.97,9026.74
OI0008817,O000041,P0075,2,0,71904.52,0.0,71904.52
OI0008818,O008111,P0126,3,0,130904.37,0.0,130904.37
OI0008819,O005995,P0080,2,25,54940.16,13735.04,41205.12
OI0008820,O003930,P0049,1,0,5959.63,0.0,5959.63
OI0008821,O006052,P0082,4,0,27477.08,0.0,27477.08
OI0008822,O003176,P0037,4,5,7526.8,376.34,7150.46
OI0008823,O005361,P0225,3,0,123259.17,0.0,123259.17
OI0008824,O003332,P0257,4,0,40118.84,0.0,40118.84
OI0008825,O009182,P0219,4,0,154197.72,0.0,154197.72
OI0008826,O005935,P0293,2,5,51595.46,2579.77,49015.69
OI0008827,O004126,P0214,2,0,50083.56,0.0,50083.56
OI0008828,O009298,P0275,1,0,26967.65,0.0,26967.65
OI0008829,O006430,P0165,1,10,2565.38,256.54,2308.84
OI0008830,O005998,P0114,3,5,129118.02,6455.9,122662.12
OI0008831,O000355,P0056,1,10,25335.77,2533.58,22802.19
OI0008832,O009530,P0219,2,5,77098.86,3854.94,73243.92
OI0008833,O001859,P0291,4,20,3776.28,755.26,3021.02
OI0008834,O008727,P0084,3,15,120744.9,18111.74,102633.16
OI0008835,O006519,P0282,2,20,93811.54,18762.31,75049.23
OI0008836,O000253,P0174,3,10,87244.2,8724.42,78519.78
OI0008837,O005695,P0163,2,15,30820.24,4623.04,26197.2
OI0008838,O007212,P0022,1,10,33651.89,3365.19,30286.7
OI0008839,O007358,P0142,1,15,6780.66,1017.1,5763.56
OI0008840,O007887,P0186,3,15,45124.56,6768.68,38355.88
OI0008841,O006697,P0159,2,5,56198.04,2809.9,53388.14
OI0008842,O007632,P0273,1,0,39732.03,0.0,39732.03
OI0008843,O002658,P0151,1,20,12613.91,2522.78,10091.13
OI0008844,O004876,P0059,1,0,41671.4,0.0,41671.4
OI0008845,O009682,P0089,3,10,76822.8,7682.28,69140.52
OI0008846,O004668,P0130,1,25,34827.64,8706.91,26120.73
OI0008847,O008964,P0090,2,0,13131.84,0.0,13131.84
OI0008848,O005602,P0268,4,15,36736.44,5510.47,31225.97
OI0008849,O007571,P0240,3,25,5523.75,1380.94,4142.81
OI0008850,O007085,P0266,4,10,152365.6,15236.56,137129.04
OI0008851,O007345,P0221,4,10,143042.12,14304.21,128737.91
OI0008852,O002602,P0120,3,5,11279.55,563.98,10715.57
OI0008853,O003092,P0258,3,5,86579.73,4328.99,82250.74
OI0008854,O009328,P0016,3,10,108213.24,10821.32,97391.92
OI0008855,O000724,P0164,3,20,111840.78,22368.16,89472.62
OI0008856,O001040,P0123,3,25,58331.64,14582.91,43748.73
OI0008857,O002555,P0177,1,10,25467.23,2546.72,22920.51
OI0008858,O003347,P0292,3,15,40120.23,6018.03,34102.2
OI0008859,O006879,P0214,1,15,25041.78,3756.27,21285.51
OI0008860,O007927,P0105,2,0,81455.38,0.0,81455.38
OI0008861,O003604,P0101,1,10,8712.06,871.21,7840.85
OI0008862,O002411,P0095,4,15,99949.12,14992.37,84956.75
OI0008863,O003404,P0105,3,0,122183.07,0.0,122183.07
OI0008864,O003505,P0237,4,20,62902.12,12580.42,50321.7
OI0008865,O001263,P0130,2,5,69655.28,3482.76,66172.52
OI0008866,O005530,P0227,3,10,28410.06,2841.01,25569.05
OI0008867,O007562,P0156,3,20,29815.26,5963.05,23852.21
OI0008868,O004428,P0135,4,0,187317.44,0.0,187317.44
OI0008869,O005110,P0277,3,0,60223.92,0.0,60223.92
OI0008870,O007369,P0108,1,5,36912.94,1845.65,35067.29
OI0008871,O009208,P0217,2,0,17300.64,0.0,17300.64
OI0008872,O004933,P0237,4,25,62902.12,15725.53,47176.59
OI0008873,O007327,P0299,2,10,78572.34,7857.23,70715.11
OI0008874,O001462,P0077,4,10,10926.12,1092.61,9833.51
OI0008875,O003386,P0142,2,15,13561.32,2034.2,11527.12
OI0008876,O002146,P0077,1,5,2731.53,136.58,2594.95
OI0008877,O005948,P0011,1,10,3977.41,397.74,3579.67
OI0008878,O006358,P0010,1,0,26708.05,0.0,26708.05
OI0008879,O006184,P0002,1,0,46464.24,0.0,46464.24
OI0008880,O000445,P0001,4,5,111719.4,5585.97,106133.43
OI0008881,O001744,P0047,2,25,47234.8,11808.7,35426.1
OI0008882,O000034,P0091,4,5,148003.2,7400.16,140603.04
OI0008883,O000062,P0083,4,10,188798.76,18879.88,169918.88
OI0008884,O009295,P0274,4,20,93394.08,18678.82,74715.26
OI0008885,O005293,P0291,4,5,3776.28,188.81,3587.47
OI0008886,O006751,P0201,4,10,143350.6,14335.06,129015.54
OI0008887,O003589,P0062,4,0,107174.32,0.0,107174.32
OI0008888,O000353,P0025,4,20,178248.16,35649.63,142598.53
OI0008889,O001082,P0214,1,0,25041.78,0.0,25041.78
OI0008890,O002171,P0107,3,5,31279.02,1563.95,29715.07
OI0008891,O001629,P0157,4,5,128617.8,6430.89,122186.91
OI0008892,O004099,P0080,2,5,54940.16,2747.01,52193.15
OI0008893,O009007,P0147,1,0,29572.75,0.0,29572.75
OI0008894,O003961,P0200,1,5,10906.24,545.31,10360.93
OI0008895,O000253,P0204,3,25,26384.79,6596.2,19788.59
OI0008896,O003620,P0194,3,15,83068.5,12460.28,70608.22
OI0008897,O004406,P0206,3,20,67962.0,13592.4,54369.6
OI0008898,O000532,P0208,4,0,111334.04,0.0,111334.04
OI0008899,O009859,P0243,3,20,40243.23,8048.65,32194.58
OI0008900,O000197,P0098,2,5,40088.8,2004.44,38084.36
OI0008901,O005507,P0234,3,25,90926.13,22731.53,68194.6
OI0008902,O009128,P0010,3,10,80124.15,8012.42,72111.73
OI0008903,O003323,P0200,1,10,10906.24,1090.62,9815.62
OI0008904,O008655,P0108,4,25,147651.76,36912.94,110738.82
OI0008905,O009595,P0281,3,5,104525.73,5226.29,99299.44
OI0008906,O001734,P0115,1,15,34456.35,5168.45,29287.9
OI0008907,O008215,P0027,4,10,197780.04,19778.0,178002.04
OI0008908,O002748,P0010,3,15,80124.15,12018.62,68105.53
OI0008909,O003239,P0039,4,5,37993.2,1899.66,36093.54
OI0008910,O009776,P0271,2,5,17890.4,894.52,16995.88
OI0008911,O009429,P0141,1,5,16217.79,810.89,15406.9
OI0008912,O000813,P0033,4,20,84137.96,16827.59,67310.37
OI0008913,O008598,P0104,1,25,38741.02,9685.25,29055.77
OI0008914,O003124,P0011,4,15,15909.64,2386.45,13523.19
OI0008915,O009230,P0217,1,20,8650.32,1730.06,6920.26
OI0008916,O008722,P0151,1,5,12613.91,630.7,11983.21
OI0008917,O007282,P0044,1,0,5545.58,0.0,5545.58
OI0008918,O009394,P0070,3,15,15894.72,2384.21,13510.51
OI0008919,O006949,P0241,4,10,170492.08,17049.21,153442.87
OI0008920,O008311,P0210,3,5,129031.02,6451.55,122579.47
OI0008921,O001899,P0241,2,25,85246.04,21311.51,63934.53
OI0008922,O005450,P0170,3,5,104889.3,5244.46,99644.84
OI0008923,O004844,P0129,2,20,16158.78,3231.76,12927.02
OI0008924,O002294,P0220,4,0,92891.84,0.0,92891.84
OI0008925,O006461,P0190,2,5,44088.08,2204.4,41883.68
OI0008926,O004949,P0087,1,10,17908.98,1790.9,16118.08
OI0008927,O002116,P0234,2,0,60617.42,0.0,60617.42
OI0008928,O009056,P0135,2,25,93658.72,23414.68,70244.04
OI0008929,O004068,P0084,2,10,80496.6,8049.66,72446.94
OI0008930,O008248,P0265,2,15,63549.88,9532.48,54017.4
OI0008931,O003972,P0267,2,10,98606.38,9860.64,88745.74
OI0008932,O006801,P0006,1,5,30527.16,1526.36,29000.8
OI0008933,O006196,P0059,2,20,83342.8,16668.56,66674.24
OI0008934,O002685,P0110,1,0,12463.28,0.0,12463.28
OI0008935,O007082,P0018,3,5,59683.08,2984.15,56698.93
OI0008936,O009633,P0285,4,20,18565.96,3713.19,14852.77
OI0008937,O001810,P0044,2,0,11091.16,0.0,11091.16
OI0008938,O007119,P0161,3,0,39822.0,0.0,39822.0
OI0008939,O005565,P0038,3,25,89214.51,22303.63,66910.88
OI0008940,O000061,P0237,2,25,31451.06,7862.76,23588.3
OI0008941,O003408,P0101,3,5,26136.18,1306.81,24829.37
OI0008942,O008580,P0169,4,15,91495.44,13724.32,77771.12
OI0008943,O004767,P0272,4,10,84734.28,8473.43,76260.85
OI0008944,O004896,P0294,1,10,28741.83,2874.18,25867.65
OI0008945,O000664,P0063,1,20,19081.21,3816.24,15264.97
OI0008946,O006459,P0227,3,15,28410.06,4261.51,24148.55
OI0008947,O009820,P0228,2,0,12913.86,0.0,12913.86
OI0008948,O001227,P0265,3,20,95324.82,19064.96,76259.86
OI0008949,O002248,P0143,2,5,37886.2,1894.31,35991.89
OI0008950,O002753,P0224,3,10,144944.01,14494.4,130449.61
OI0008951,O002946,P0265,2,15,63549.88,9532.48,54017.4
OI0008952,O008177,P0300,3,20,30478.32,6095.66,24382.66
OI0008953,O002684,P0101,2,25,17424.12,4356.03,13068.09
OI0008954,O006260,P0209,4,25,38253.8,9563.45,28690.35
OI0008955,O002003,P0241,3,15,127869.06,19180.36,108688.7
OI0008956,O007134,P0039,2,10,18996.6,1899.66,17096.94
OI0008957,O001525,P0179,1,0,25512.92,0.0,25512.92
OI0008958,O003711,P0040,1,0,17427.29,0.0,17427.29
OI0008959,O002457,P0246,2,5,30954.72,1547.74,29406.98
OI0008960,O008757,P0063,2,15,38162.42,5724.36,32438.06
OI0008961,O009609,P0134,1,10,10105.06,1010.51,9094.55
OI0008962,O008436,P0038,2,0,59476.34,0.0,59476.34
OI0008963,O003868,P0262,1,0,47383.37,0.0,47383.37
OI0008964,O004005,P0115,4,10,137825.4,13782.54,124042.86
OI0008965,O006048,P0051,1,25,36720.4,9180.1,27540.3
OI0008966,O002123,P0117,3,0,108510.3,0.0,108510.3
OI0008967,O009721,P0224,4,10,193258.68,19325.87,173932.81
OI0008968,O000370,P0098,3,0,60133.2,0.0,60133.2
OI0008969,O002174,P0162,2,5,4307.6,215.38,4092.22
OI0008970,O009368,P0220,2,25,46445.92,11611.48,34834.44
OI0008971,O006744,P0061,1,0,34595.91,0.0,34595.91
OI0008972,O005600,P0214,1,0,25041.78,0.0,25041.78
OI0008973,O001622,P0178,1,0,16579.2,0.0,16579.2
OI0008974,O004289,P0032,4,15,169062.08,25359.31,143702.77
OI0008975,O000355,P0058,4,0,117690.64,0.0,117690.64
OI0008976,O008250,P0048,3,5,143191.5,7159.58,136031.92
OI0008977,O005324,P0109,1,25,35044.71,8761.18,26283.53
OI0008978,O007672,P0273,3,0,119196.09,0.0,119196.09
OI0008979,O003374,P0138,2,25,2552.04,638.01,1914.03
OI0008980,O007513,P0207,3,0,53250.45,0.0,53250.45
OI0008981,O003356,P0050,2,0,94645.94,0.0,94645.94
OI0008982,O005585,P0038,2,10,59476.34,5947.63,53528.71
OI0008983,O002256,P0112,2,0,10793.4,0.0,10793.4
OI0008984,O007904,P0168,3,0,117525.15,0.0,117525.15
OI0008985,O009019,P0131,2,15,10928.16,1639.22,9288.94
OI0008986,O007661,P0222,3,5,110545.74,5527.29,105018.45
OI0008987,O008964,P0031,3,25,54849.0,13712.25,41136.75
OI0008988,O005756,P0272,2,5,42367.14,2118.36,40248.78
OI0008989,O000681,P0028,4,15,189850.64,28477.6,161373.04
OI0008990,O000572,P0165,4,5,10261.52,513.08,9748.44
OI0008991,O001342,P0073,2,0,38260.96,0.0,38260.96
OI0008992,O002580,P0099,3,25,3461.43,865.36,2596.07
OI0008993,O004231,P0036,2,10,77535.96,7753.6,69782.36
OI0008994,O000351,P0166,1,20,11119.91,2223.98,8895.93
OI0008995,O005751,P0193,4,5,85835.52,4291.78,81543.74
OI0008996,O002692,P0034,2,5,44307.16,2215.36,42091.8
OI0008997,O004296,P0150,4,10,33045.6,3304.56,29741.04
OI0008998,O006387,P0094,2,10,37797.66,3779.77,34017.89
OI0008999,O003321,P0179,1,5,25512.92,1275.65,24237.27
OI0009000,O007831,P0200,4,0,43624.96,0.0,43624.96
OI0009001,O001881,P0258,3,0,86579.73,0.0,86579.73
OI0009002,O005924,P0094,2,10,37797.66,3779.77,34017.89
OI0009003,O009205,P0283,1,0,27208.48,0.0,27208.48
OI0009004,O005617,P0098,1,5,20044.4,1002.22,19042.18
OI0009005,O005141,P0288,4,0,4782.32,0.0,4782.32
OI0009006,O007231,P0218,3,5,107934.96,5396.75,102538.21
OI0009007,O004421,P0151,3,10,37841.73,3784.17,34057.56
OI0009008,O001754,P0041,3,15,52583.52,7887.53,44695.99
OI0009009,O007039,P0088,1,5,39591.0,1979.55,37611.45
OI0009010,O001196,P0002,3,5,139392.72,6969.64,132423.08
OI0009011,O000626,P0062,2,10,53587.16,5358.72,48228.44
OI0009012,O008637,P0233,2,0,74724.98,0.0,74724.98
OI0009013,O007359,P0224,2,5,96629.34,4831.47,91797.87
OI0009014,O008275,P0120,4,0,15039.4,0.0,15039.4
OI0009015,O000154,P0053,4,5,129335.32,6466.77,122868.55
OI0009016,O008626,P0057,1,5,34914.14,1745.71,33168.43
OI0009017,O004513,P0048,3,0,143191.5,0.0,143191.5
OI0009018,O008068,P0207,1,15,17750.15,2662.52,15087.63
OI0009019,O007407,P0134,1,5,10105.06,505.25,9599.81
OI0009020,O005950,P0109,3,0,105134.13,0.0,105134.13
OI0009021,O004258,P0073,2,5,38260.96,1913.05,36347.91
OI0009022,O008834,P0057,1,5,34914.14,1745.71,33168.43
OI0009023,O004395,P0263,3,20,132752.04,26550.41,106201.63
OI0009024,O002376,P0030,2,5,93365.96,4668.3,88697.66
OI0009025,O009649,P0055,3,10,16570.83,1657.08,14913.75
OI0009026,O008725,P0150,3,10,24784.2,2478.42,22305.78
OI0009027,O007820,P0260,2,5,15028.9,751.44,14277.46
OI0009028,O007035,P0005,2,15,9214.82,1382.22,7832.6
OI0009029,O007937,P0132,4,10,133225.72,13322.57,119903.15
OI0009030,O003580,P0171,1,15,19519.02,2927.85,16591.17
OI0009031,O003633,P0015,4,0,94307.44,0.0,94307.44
OI0009032,O008929,P0234,1,20,30308.71,6061.74,24246.97
OI0009033,O002027,P0084,2,0,80496.6,0.0,80496.6
OI0009034,O006317,P0186,3,0,45124.56,0.0,45124.56
OI0009035,O002569,P0289,2,15,25582.36,3837.35,21745.01
OI0009036,O003740,P0095,2,0,49974.56,0.0,49974.56
OI0009037,O001442,P0230,2,5,74914.92,3745.75,71169.17
OI0009038,O002208,P0236,1,15,1113.12,166.97,946.15
OI0009039,O009335,P0256,3,0,148752.96,0.0,148752.96
OI0009040,O000961,P0281,4,0,139367.64,0.0,139367.64
OI0009041,O009063,P0293,1,15,25797.73,3869.66,21928.07
OI0009042,O000089,P0018,1,5,19894.36,994.72,18899.64
OI0009043,O004788,P0281,2,0,69683.82,0.0,69683.82
OI0009044,O009808,P0035,2,10,63568.62,6356.86,57211.76
OI0009045,O002111,P0125,1,10,29847.71,2984.77,26862.94
OI0009046,O000108,P0256,4,5,198337.28,9916.86,188420.42
OI0009047,O008005,P0012,2,0,69940.26,0.0,69940.26
OI0009048,O009912,P0094,3,10,56696.49,5669.65,51026.84
OI0009049,O003735,P0150,1,0,8261.4,0.0,8261.4
OI0009050,O009812,P0059,2,15,83342.8,12501.42,70841.38
OI0009051,O005507,P0213,1,5,24138.56,1206.93,22931.63
OI0009052,O003456,P0061,3,0,103787.73,0.0,103787.73
OI0009053,O006465,P0161,1,10,13274.0,1327.4,11946.6
OI0009054,O001006,P0147,1,5,29572.75,1478.64,28094.11
OI0009055,O000307,P0148,1,0,10189.7,0.0,10189.7
OI0009056,O008400,P0133,2,10,28901.62,2890.16,26011.46
OI0009057,O008932,P0222,1,5,36848.58,1842.43,35006.15
OI0009058,O003660,P0115,4,5,137825.4,6891.27,130934.13
OI0009059,O009111,P0263,4,15,177002.72,26550.41,150452.31
OI0009060,O002949,P0175,2,0,94824.1,0.0,94824.1
OI0009061,O002690,P0209,2,5,19126.9,956.34,18170.56
OI0009062,O002051,P0245,1,0,39663.34,0.0,39663.34
OI0009063,O000647,P0098,1,5,20044.4,1002.22,19042.18
OI0009064,O006490,P0135,4,5,187317.44,9365.87,177951.57
OI0009065,O001484,P0210,1,25,43010.34,10752.58,32257.76
OI0009066,O002482,P0064,4,15,68578.76,10286.81,58291.95
OI0009067,O000956,P0263,1,0,44250.68,0.0,44250.68
OI0009068,O005057,P0091,1,10,37000.8,3700.08,33300.72
OI0009069,O000705,P0271,4,0,35780.8,0.0,35780.8
OI0009070,O008700,P0034,1,20,22153.58,4430.72,17722.86
OI0009071,O002101,P0194,4,5,110758.0,5537.9,105220.1
OI0009072,O005641,P0267,1,25,49303.19,12325.8,36977.39
OI0009073,O004495,P0198,2,15,80977.84,12146.68,68831.16
OI0009074,O005228,P0010,3,20,80124.15,16024.83,64099.32
OI0009075,O005682,P0211,3,0,39105.63,0.0,39105.63
OI0009076,O006868,P0203,3,20,52305.42,10461.08,41844.34
OI0009077,O008261,P0092,3,0,59892.06,0.0,59892.06
OI0009078,O002524,P0109,2,25,70089.42,17522.36,52567.06
OI0009079,O001639,P0012,4,5,139880.52,6994.03,132886.49
OI0009080,O003942,P0121,3,15,58811.82,8821.77,49990.05
OI0009081,O008208,P0220,1,10,23222.96,2322.3,20900.66
OI0009082,O005199,P0005,2,10,9214.82,921.48,8293.34
OI0009083,O007913,P0275,3,5,80902.95,4045.15,76857.8
OI0009084,O009959,P0236,3,5,3339.36,166.97,3172.39
OI0009085,O003370,P0037,3,5,5645.1,282.26,5362.84
OI0009086,O006554,P0028,3,10,142387.98,14238.8,128149.18
OI0009087,O003742,P0300,3,25,30478.32,7619.58,22858.74
OI0009088,O001235,P0171,3,15,58557.06,8783.56,49773.5
OI0009089,O000184,P0197,2,15,53384.04,8007.61,45376.43
OI0009090,O001944,P0240,1,15,1841.25,276.19,1565.06
OI0009091,O000040,P0216,3,10,41212.98,4121.3,37091.68
OI0009092,O008895,P0120,4,20,15039.4,3007.88,12031.52
OI0009093,O006597,P0276,3,5,149273.82,7463.69,141810.13
OI0009094,O009531,P0134,3,5,30315.18,1515.76,28799.42
OI0009095,O003040,P0220,2,5,46445.92,2322.3,44123.62
OI0009096,O006205,P0128,3,10,58186.29,5818.63,52367.66
OI0009097,O009908,P0268,2,0,18368.22,0.0,18368.22
OI0009098,O008012,P0117,2,20,72340.2,14468.04,57872.16
OI0009099,O002084,P0087,1,5,17908.98,895.45,17013.53
OI0009100,O009444,P0063,2,10,38162.42,3816.24,34346.18
OI0009101,O008735,P0007,1,0,14551.96,0.0,14551.96
OI0009102,O007905,P0257,4,5,40118.84,2005.94,38112.9
OI0009103,O005243,P0219,3,0,115648.29,0.0,115648.29
OI0009104,O002311,P0150,3,0,24784.2,0.0,24784.2
OI0009105,O002266,P0043,4,15,67355.96,10103.39,57252.57
OI0009106,O005466,P0295,3,5,138904.29,6945.21,131959.08
OI0009107,O008468,P0203,3,20,52305.42,10461.08,41844.34
OI0009108,O005025,P0171,2,5,39038.04,1951.9,37086.14
OI0009109,O005605,P0149,1,10,14508.05,1450.8,13057.25
OI0009110,O006267,P0117,2,0,72340.2,0.0,72340.2
OI0009111,O009302,P0015,3,0,70730.58,0.0,70730.58
OI0009112,O009958,P0166,2,10,22239.82,2223.98,20015.84
OI0009113,O007060,P0279,4,5,73552.64,3677.63,69875.01
OI0009114,O000362,P0091,3,0,111002.4,0.0,111002.4
OI0009115,O007594,P0211,4,20,52140.84,10428.17,41712.67
OI0009116,O007935,P0237,1,5,15725.53,786.28,14939.25
OI0009117,O005850,P0204,2,5,17589.86,879.49,16710.37
OI0009118,O005468,P0279,1,5,18388.16,919.41,17468.75
OI0009119,O004210,P0179,2,25,51025.84,12756.46,38269.38
OI0009120,O005997,P0248,1,5,46651.4,2332.57,44318.83
OI0009121,O006344,P0046,4,5,7456.84,372.84,7084.0
OI0009122,O008349,P0249,4,25,69555.84,17388.96,52166.88
OI0009123,O005443,P0238,2,0,63925.08,0.0,63925.08
OI0009124,O006032,P0246,2,25,30954.72,7738.68,23216.04
OI0009125,O001535,P0094,3,10,56696.49,5669.65,51026.84
OI0009126,O000850,P0060,2,0,7596.26,0.0,7596.26
OI0009127,O006467,P0169,4,5,91495.44,4574.77,86920.67
OI0009128,O008414,P0254,1,15,13619.6,2042.94,11576.66
OI0009129,O008794,P0007,1,0,14551.96,0.0,14551.96
OI0009130,O009186,P0235,4,15,137520.24,20628.04,116892.2
OI0009131,O009479,P0276,1,5,49757.94,2487.9,47270.04
OI0009132,O004075,P0172,3,20,24488.04,4897.61,19590.43
OI0009133,O004123,P0300,1,0,10159.44,0.0,10159.44
OI0009134,O009223,P0140,3,0,75453.48,0.0,75453.48
OI0009135,O002404,P0059,1,5,41671.4,2083.57,39587.83
OI0009136,O006698,P0234,3,20,90926.13,18185.23,72740.9
OI0009137,O003925,P0162,1,5,2153.8,107.69,2046.11
OI0009138,O005274,P0244,3,20,103378.65,20675.73,82702.92
OI0009139,O008468,P0300,2,0,20318.88,0.0,20318.88
OI0009140,O008413,P0081,1,0,7395.86,0.0,7395.86
OI0009141,O007255,P0296,3,0,97011.63,0.0,97011.63
OI0009142,O007759,P0130,3,10,104482.92,10448.29,94034.63
OI0009143,O008243,P0189,3,5,145098.66,7254.93,137843.73
OI0009144,O009034,P0021,4,20,187866.44,37573.29,150293.15
OI0009145,O008066,P0140,3,10,75453.48,7545.35,67908.13
OI0009146,O008320,P0252,1,20,38468.7,7693.74,30774.96
OI0009147,O002277,P0078,3,0,33632.82,0.0,33632.82
OI0009148,O001371,P0223,1,25,7085.12,1771.28,5313.84
OI0009149,O003985,P0088,2,10,79182.0,7918.2,71263.8
OI0009150,O006339,P0140,2,10,50302.32,5030.23,45272.09
OI0009151,O008293,P0217,2,10,17300.64,1730.06,15570.58
OI0009152,O007473,P0228,4,25,25827.72,6456.93,19370.79
OI0009153,O004808,P0014,1,5,9612.06,480.6,9131.46
OI0009154,O004258,P0152,2,0,22796.72,0.0,22796.72
OI0009155,O007408,P0154,1,0,28220.9,0.0,28220.9
OI0009156,O004489,P0196,2,25,74450.86,18612.72,55838.14
OI0009157,O005306,P0064,2,5,34289.38,1714.47,32574.91
OI0009158,O001105,P0168,1,20,39175.05,7835.01,31340.04
OI0009159,O005816,P0157,4,0,128617.8,0.0,128617.8
OI0009160,O009942,P0146,4,5,106521.52,5326.08,101195.44
OI0009161,O000201,P0196,2,10,74450.86,7445.09,67005.77
OI0009162,O008895,P0123,1,25,19443.88,4860.97,14582.91
OI0009163,O000883,P0097,4,15,48983.64,7347.55,41636.09
OI0009164,O006161,P0066,1,0,44570.57,0.0,44570.57
OI0009165,O004334,P0268,2,15,18368.22,2755.23,15612.99
OI0009166,O006893,P0278,1,10,30845.96,3084.6,27761.36
OI0009167,O006490,P0142,3,0,20341.98,0.0,20341.98
OI0009168,O009461,P0265,4,10,127099.76,12709.98,114389.78
OI0009169,O009520,P0202,3,25,120125.13,30031.28,90093.85
OI0009170,O007622,P0263,4,0,177002.72,0.0,177002.72
OI0009171,O002465,P0186,2,25,30083.04,7520.76,22562.28
OI0009172,O005926,P0276,3,5,149273.82,7463.69,141810.13
OI0009173,O002103,P0079,2,10,27714.48,2771.45,24943.03
OI0009174,O009354,P0180,1,5,1392.98,69.65,1323.33
OI0009175,O005492,P0115,1,15,34456.35,5168.45,29287.9
OI0009176,O009823,P0216,3,10,41212.98,4121.3,37091.68
OI0009177,O003197,P0194,3,5,83068.5,4153.42,78915.08
OI0009178,O008216,P0020,3,10,91789.83,9178.98,82610.85
OI0009179,O000092,P0281,1,5,34841.91,1742.1,33099.81
OI0009180,O008688,P0121,3,0,58811.82,0.0,58811.82
OI0009181,O003436,P0036,4,10,155071.92,15507.19,139564.73
OI0009182,O002611,P0003,4,10,76087.28,7608.73,68478.55
OI0009183,O007038,P0047,2,0,47234.8,0.0,47234.8
OI0009184,O003731,P0140,1,25,25151.16,6287.79,18863.37
OI0009185,O006623,P0188,4,0,167241.68,0.0,167241.68
OI0009186,O004529,P0225,3,5,123259.17,6162.96,117096.21
OI0009187,O009308,P0284,1,5,38465.32,1923.27,36542.05
OI0009188,O000311,P0075,1,0,35952.26,0.0,35952.26
OI0009189,O002094,P0081,4,0,29583.44,0.0,29583.44
OI0009190,O007311,P0232,2,20,78378.24,15675.65,62702.59
OI0009191,O004068,P0031,2,5,36566.0,1828.3,34737.7
OI0009192,O002272,P0249,4,5,69555.84,3477.79,66078.05
OI0009193,O006311,P0197,3,15,80076.06,12011.41,68064.65
OI0009194,O005095,P0111,4,15,180754.84,27113.23,153641.61
OI0009195,O009413,P0194,1,15,27689.5,4153.42,23536.08
OI0009196,O004084,P0077,4,10,10926.12,1092.61,9833.51
OI0009197,O008855,P0020,4,15,122386.44,18357.97,104028.47
OI0009198,O005848,P0011,4,25,15909.64,3977.41,11932.23
OI0009199,O001062,P0132,2,0,66612.86,0.0,66612.86
OI0009200,O007823,P0180,2,10,2785.96,278.6,2507.36
OI0009201,O009626,P0047,4,20,94469.6,18893.92,75575.68
OI0009202,O005622,P0122,3,25,111392.49,27848.12,83544.37
OI0009203,O006049,P0139,1,0,24281.93,0.0,24281.93
OI0009204,O004208,P0050,3,25,141968.91,35492.23,106476.68
OI0009205,O006642,P0217,3,15,25950.96,3892.64,22058.32
OI0009206,O009524,P0209,3,15,28690.35,4303.55,24386.8
OI0009207,O002594,P0053,1,0,32333.83,0.0,32333.83
OI0009208,O001325,P0142,1,10,6780.66,678.07,6102.59
OI0009209,O004877,P0018,4,5,79577.44,3978.87,75598.57
OI0009210,O008251,P0109,3,10,105134.13,10513.41,94620.72
OI0009211,O006467,P0227,3,15,28410.06,4261.51,24148.55
OI0009212,O005557,P0253,3,0,33711.12,0.0,33711.12
OI0009213,O002553,P0103,1,0,32753.19,0.0,32753.19
OI0009214,O004551,P0095,3,5,74961.84,3748.09,71213.75
OI0009215,O000378,P0187,2,10,38554.9,3855.49,34699.41
OI0009216,O004653,P0050,3,15,141968.91,21295.34,120673.57
OI0009217,O006447,P0189,3,10,145098.66,14509.87,130588.79
OI0009218,O009422,P0145,1,20,39162.31,7832.46,31329.85
OI0009219,O005984,P0124,1,15,16647.65,2497.15,14150.5
OI0009220,O000753,P0054,2,10,82740.08,8274.01,74466.07
OI0009221,O001434,P0265,4,10,127099.76,12709.98,114389.78
OI0009222,O007071,P0160,3,15,38694.54,5804.18,32890.36
OI0009223,O003196,P0278,1,20,30845.96,6169.19,24676.77
OI0009224,O007839,P0296,4,20,129348.84,25869.77,103479.07
OI0009225,O004412,P0248,1,10,46651.4,4665.14,41986.26
OI0009226,O001537,P0156,1,10,9938.42,993.84,8944.58
OI0009227,O007342,P0225,1,15,41086.39,6162.96,34923.43
OI0009228,O005338,P0022,1,10,33651.89,3365.19,30286.7
OI0009229,O006838,P0229,1,0,7090.25,0.0,7090.25
OI0009230,O001723,P0163,4,20,61640.48,12328.1,49312.38
OI0009231,O008798,P0284,3,10,115395.96,11539.6,103856.36
OI0009232,O004137,P0067,4,25,99634.24,24908.56,74725.68
OI0009233,O007219,P0086,1,10,20446.08,2044.61,18401.47
OI0009234,O004440,P0038,3,5,89214.51,4460.73,84753.78
OI0009235,O007133,P0181,4,0,63150.64,0.0,63150.64
OI0009236,O000659,P0103,4,5,131012.76,6550.64,124462.12
OI0009237,O009653,P0087,3,0,53726.94,0.0,53726.94
OI0009238,O006706,P0006,2,25,61054.32,15263.58,45790.74
OI0009239,O009550,P0142,4,10,27122.64,2712.26,24410.38
OI0009240,O000860,P0036,2,20,77535.96,15507.19,62028.77
OI0009241,O002722,P0077,2,0,5463.06,0.0,5463.06
OI0009242,O004996,P0044,3,0,16636.74,0.0,16636.74
OI0009243,O005879,P0238,3,5,95887.62,4794.38,91093.24
OI0009244,O003014,P0045,3,25,22353.93,5588.48,16765.45
OI0009245,O000732,P0112,4,0,21586.8,0.0,21586.8
OI0009246,O002406,P0262,1,15,47383.37,7107.51,40275.86
OI0009247,O008585,P0110,2,0,24926.56,0.0,24926.56
OI0009248,O000692,P0211,1,0,13035.21,0.0,13035.21
OI0009249,O002386,P0227,4,15,37880.08,5682.01,32198.07
OI0009250,O007071,P0047,2,0,47234.8,0.0,47234.8
OI0009251,O002902,P0022,2,0,67303.78,0.0,67303.78
OI0009252,O005188,P0067,1,0,24908.56,0.0,24908.56
OI0009253,O003233,P0241,3,15,127869.06,19180.36,108688.7
OI0009254,O008804,P0205,2,10,660.16,66.02,594.14
OI0009255,O006971,P0104,4,10,154964.08,15496.41,139467.67
OI0009256,O001443,P0013,3,5,93788.58,4689.43,89099.15
OI0009257,O006333,P0077,1,0,2731.53,0.0,2731.53
OI0009258,O002914,P0012,2,0,69940.26,0.0,69940.26
OI0009259,O001590,P0005,3,0,13822.23,0.0,13822.23
OI0009260,O008351,P0205,2,15,660.16,99.02,561.14
OI0009261,O001073,P0127,4,20,10274.56,2054.91,8219.65
OI0009262,O007633,P0253,3,0,33711.12,0.0,33711.12
OI0009263,O002710,P0015,3,0,70730.58,0.0,70730.58
OI0009264,O004320,P0066,3,5,133711.71,6685.59,127026.12
OI0009265,O002241,P0294,1,25,28741.83,7185.46,21556.37
OI0009266,O005168,P0208,2,0,55667.02,0.0,55667.02
OI0009267,O000105,P0225,3,15,123259.17,18488.88,104770.29
OI0009268,O000962,P0098,1,0,20044.4,0.0,20044.4
OI0009269,O000281,P0055,4,15,22094.44,3314.17,18780.27
OI0009270,O004117,P0217,3,0,25950.96,0.0,25950.96
OI0009271,O003557,P0218,3,20,107934.96,21586.99,86347.97
OI0009272,O002689,P0240,4,0,7365.0,0.0,7365.0
OI0009273,O001440,P0104,4,10,154964.08,15496.41,139467.67
OI0009274,O000174,P0270,4,15,68285.2,10242.78,58042.42
OI0009275,O008360,P0143,1,15,18943.1,2841.46,16101.64
OI0009276,O003217,P0163,1,25,15410.12,3852.53,11557.59
OI0009277,O000565,P0159,4,10,112396.08,11239.61,101156.47
OI0009278,O002668,P0201,2,0,71675.3,0.0,71675.3
OI0009279,O009555,P0263,1,15,44250.68,6637.6,37613.08
OI0009280,O009064,P0294,3,10,86225.49,8622.55,77602.94
OI0009281,O003660,P0215,4,0,43640.96,0.0,43640.96
OI0009282,O006792,P0014,1,0,9612.06,0.0,9612.06
OI0009283,O009323,P0281,1,20,34841.91,6968.38,27873.53
OI0009284,O003807,P0117,4,10,144680.4,14468.04,130212.36
OI0009285,O007330,P0262,3,0,142150.11,0.0,142150.11
OI0009286,O005722,P0020,3,15,91789.83,13768.47,78021.36
OI0009287,O007133,P0081,4,10,29583.44,2958.34,26625.1
OI0009288,O008097,P0096,2,0,34572.3,0.0,34572.3
OI0009289,O007445,P0187,3,5,57832.35,2891.62,54940.73
OI0009290,O008158,P0134,4,25,40420.24,10105.06,30315.18
OI0009291,O009312,P0167,1,15,35369.38,5305.41,30063.97
OI0009292,O000498,P0138,4,5,5104.08,255.2,4848.88
OI0009293,O001025,P0137,4,0,88001.24,0.0,88001.24
OI0009294,O002227,P0229,4,0,28361.0,0.0,28361.0
OI0009295,O002209,P0162,1,0,2153.8,0.0,2153.8
OI0009296,O000310,P0205,3,5,990.24,49.51,940.73
OI0009297,O001691,P0075,2,20,71904.52,14380.9,57523.62
OI0009298,O006963,P0215,2,0,21820.48,0.0,21820.48
OI0009299,O003100,P0189,4,0,193464.88,0.0,193464.88
OI0009300,O008404,P0207,3,0,53250.45,0.0,53250.45
OI0009301,O005640,P0117,1,5,36170.1,1808.5,34361.6
OI0009302,O001882,P0267,3,0,147909.57,0.0,147909.57
OI0009303,O003077,P0013,1,10,31262.86,3126.29,28136.57
OI0009304,O009739,P0071,1,5,3261.99,163.1,3098.89
OI0009305,O002389,P0095,1,5,24987.28,1249.36,23737.92
OI0009306,O008392,P0241,4,0,170492.08,0.0,170492.08
OI0009307,O005754,P0022,3,15,100955.67,15143.35,85812.32
OI0009308,O003260,P0038,1,5,29738.17,1486.91,28251.26
OI0009309,O004398,P0142,3,0,20341.98,0.0,20341.98
OI0009310,O004236,P0262,3,5,142150.11,7107.51,135042.6
OI0009311,O000372,P0238,2,25,63925.08,15981.27,47943.81
OI0009312,O003421,P0031,2,15,36566.0,5484.9,31081.1
OI0009313,O005546,P0051,2,20,73440.8,14688.16,58752.64
OI0009314,O009205,P0020,4,20,122386.44,24477.29,97909.15
OI0009315,O002150,P0135,3,10,140488.08,14048.81,126439.27
OI0009316,O009609,P0242,3,10,102790.32,10279.03,92511.29
OI0009317,O001668,P0117,3,25,108510.3,27127.58,81382.72
OI0009318,O007381,P0155,4,20,189029.52,37805.9,151223.62
OI0009319,O009271,P0013,2,15,62525.72,9378.86,53146.86
OI0009320,O001337,P0005,1,20,4607.41,921.48,3685.93
OI0009321,O002471,P0065,4,15,124465.88,18669.88,105796.0
OI0009322,O004764,P0145,1,5,39162.31,1958.12,37204.19
OI0009323,O008697,P0165,2,0,5130.76,0.0,5130.76
OI0009324,O009829,P0146,2,15,53260.76,7989.11,45271.65
OI0009325,O006166,P0259,1,25,46277.18,11569.3,34707.88
OI0009326,O007369,P0245,2,25,79326.68,19831.67,59495.01
OI0009327,O004269,P0128,4,0,77581.72,0.0,77581.72
OI0009328,O006593,P0222,3,10,110545.74,11054.57,99491.17
OI0009329,O001376,P0224,3,10,144944.01,14494.4,130449.61
OI0009330,O005615,P0078,2,5,22421.88,1121.09,21300.79
OI0009331,O009362,P0017,3,10,79694.7,7969.47,71725.23
OI0009332,O009187,P0083,4,10,188798.76,18879.88,169918.88
OI0009333,O008033,P0175,3,25,142236.15,35559.04,106677.11
OI0009334,O000388,P0068,3,5,123810.63,6190.53,117620.1
OI0009335,O008496,P0142,4,0,27122.64,0.0,27122.64
OI0009336,O008275,P0067,4,15,99634.24,14945.14,84689.1
OI0009337,O005680,P0224,1,5,48314.67,2415.73,45898.94
OI0009338,O008012,P0139,2,0,48563.86,0.0,48563.86
OI0009339,O007867,P0258,4,20,115439.64,23087.93,92351.71
OI0009340,O008676,P0273,3,5,119196.09,5959.8,113236.29
OI0009341,O003369,P0170,4,25,139852.4,34963.1,104889.3
OI0009342,O009622,P0125,4,5,119390.84,5969.54,113421.3
OI0009343,O000367,P0279,2,10,36776.32,3677.63,33098.69
OI0009344,O002097,P0033,4,0,84137.96,0.0,84137.96
OI0009345,O006774,P0214,3,10,75125.34,7512.53,67612.81
OI0009346,O005815,P0078,4,5,44843.76,2242.19,42601.57
OI0009347,O005724,P0106,1,15,24775.76,3716.36,21059.4
OI0009348,O003720,P0020,4,0,122386.44,0.0,122386.44
OI0009349,O000479,P0111,3,15,135566.13,20334.92,115231.21
OI0009350,O008063,P0181,4,10,63150.64,6315.06,56835.58
OI0009351,O007996,P0145,1,5,39162.31,1958.12,37204.19
OI0009352,O006490,P0136,3,0,3364.56,0.0,3364.56
OI0009353,O001923,P0263,1,0,44250.68,0.0,44250.68
OI0009354,O001927,P0241,3,15,127869.06,19180.36,108688.7
OI0009355,O006991,P0165,4,15,10261.52,1539.23,8722.29
OI0009356,O008404,P0030,3,10,140048.94,14004.89,126044.05
OI0009357,O005009,P0052,4,0,127785.76,0.0,127785.76
OI0009358,O003594,P0085,1,20,9195.61,1839.12,7356.49
OI0009359,O008304,P0170,3,15,104889.3,15733.4,89155.9
OI0009360,O003866,P0155,4,0,189029.52,0.0,189029.52
OI0009361,O000278,P0259,3,5,138831.54,6941.58,131889.96
OI0009362,O006543,P0016,4,0,144284.32,0.0,144284.32
OI0009363,O001594,P0205,3,20,990.24,198.05,792.19
OI0009364,O006908,P0071,4,10,13047.96,1304.8,11743.16
OI0009365,O001852,P0243,4,5,53657.64,2682.88,50974.76
OI0009366,O006476,P0117,1,10,36170.1,3617.01,32553.09
OI0009367,O008359,P0098,4,15,80177.6,12026.64,68150.96
OI0009368,O004995,P0042,2,15,47116.4,7067.46,40048.94
OI0009369,O007861,P0122,3,20,111392.49,22278.5,89113.99
OI0009370,O009624,P0224,3,10,144944.01,14494.4,130449.61
OI0009371,O009655,P0109,1,0,35044.71,0.0,35044.71
OI0009372,O008706,P0289,2,0,25582.36,0.0,25582.36
OI0009373,O008599,P0029,4,20,16388.28,3277.66,13110.62
OI0009374,O002617,P0114,3,0,129118.02,0.0,129118.02
OI0009375,O009175,P0231,3,10,70763.34,7076.33,63687.01
OI0009376,O008904,P0194,4,0,110758.0,0.0,110758.0
OI0009377,O005260,P0008,2,25,16364.78,4091.2,12273.58
OI0009378,O001537,P0043,3,0,50516.97,0.0,50516.97
OI0009379,O001891,P0113,2,5,98273.74,4913.69,93360.05
OI0009380,O000958,P0268,1,15,9184.11,1377.62,7806.49
OI0009381,O002460,P0040,1,15,17427.29,2614.09,14813.2
OI0009382,O000752,P0005,2,5,9214.82,460.74,8754.08
OI0009383,O005894,P0110,1,15,12463.28,1869.49,10593.79
OI0009384,O007082,P0257,2,25,20059.42,5014.85,15044.57
OI0009385,O003622,P0161,4,0,53096.0,0.0,53096.0
OI0009386,O006988,P0188,3,0,125431.26,0.0,125431.26
OI0009387,O007324,P0073,1,5,19130.48,956.52,18173.96
OI0009388,O000012,P0231,2,5,47175.56,2358.78,44816.78
OI0009389,O004268,P0034,2,5,44307.16,2215.36,42091.8
OI0009390,O003599,P0072,2,5,5510.9,275.54,5235.36
OI0009391,O003446,P0289,3,15,38373.54,5756.03,32617.51
OI0009392,O004407,P0056,3,5,76007.31,3800.37,72206.94
OI0009393,O001119,P0076,3,5,111574.53,5578.73,105995.8
OI0009394,O002005,P0083,1,10,47199.69,4719.97,42479.72
OI0009395,O008530,P0231,3,20,70763.34,14152.67,56610.67
OI0009396,O009990,P0149,2,15,29016.1,4352.42,24663.68
OI0009397,O000064,P0196,3,5,111676.29,5583.81,106092.48
OI0009398,O008913,P0236,1,25,1113.12,278.28,834.84
OI0009399,O005667,P0177,3,15,76401.69,11460.25,64941.44
OI0009400,O006610,P0011,2,0,7954.82,0.0,7954.82
OI0009401,O009529,P0123,4,15,77775.52,11666.33,66109.19
OI0009402,O007128,P0218,1,25,35978.32,8994.58,26983.74
OI0009403,O002418,P0133,2,10,28901.62,2890.16,26011.46
OI0009404,O000080,P0060,3,15,11394.39,1709.16,9685.23
OI0009405,O004061,P0158,1,0,40898.51,0.0,40898.51
OI0009406,O001053,P0066,1,0,44570.57,0.0,44570.57
OI0009407,O003068,P0144,2,10,67355.38,6735.54,60619.84
OI0009408,O001692,P0210,1,5,43010.34,2150.52,40859.82
OI0009409,O007619,P0090,1,10,6565.92,656.59,5909.33
OI0009410,O005738,P0012,4,5,139880.52,6994.03,132886.49
OI0009411,O005080,P0026,1,10,4903.23,490.32,4412.91
OI0009412,O002322,P0251,4,0,98773.88,0.0,98773.88
OI0009413,O002992,P0242,2,0,68526.88,0.0,68526.88
OI0009414,O007569,P0027,3,5,148335.03,7416.75,140918.28
OI0009415,O002289,P0053,2,10,64667.66,6466.77,58200.89
OI0009416,O003402,P0085,4,20,36782.44,7356.49,29425.95
OI0009417,O008857,P0176,3,5,10868.4,543.42,10324.98
OI0009418,O001519,P0293,3,15,77393.19,11608.98,65784.21
OI0009419,O002226,P0045,1,5,7451.31,372.57,7078.74
OI0009420,O001994,P0203,1,5,17435.14,871.76,16563.38
OI0009421,O005161,P0131,3,15,16392.24,2458.84,13933.4
OI0009422,O000261,P0077,3,10,8194.59,819.46,7375.13
OI0009423,O001286,P0157,1,5,32154.45,1607.72,30546.73
OI0009424,O000387,P0161,4,10,53096.0,5309.6,47786.4
OI0009425,O008493,P0017,3,20,79694.7,15938.94,63755.76
OI0009426,O001254,P0267,3,15,147909.57,22186.44,125723.13
OI0009427,O005821,P0123,3,25,58331.64,14582.91,43748.73
OI0009428,O009328,P0290,3,20,77896.74,15579.35,62317.39
OI0009429,O002794,P0223,3,15,21255.36,3188.3,18067.06
OI0009430,O006320,P0236,1,0,1113.12,0.0,1113.12
OI0009431,O008600,P0124,4,5,66590.6,3329.53,63261.07
OI0009432,O000410,P0293,1,10,25797.73,2579.77,23217.96
OI0009433,O008369,P0150,2,0,16522.8,0.0,16522.8
OI0009434,O001752,P0035,3,15,95352.93,14302.94,81049.99
OI0009435,O006888,P0015,2,25,47153.72,11788.43,35365.29
OI0009436,O004996,P0269,2,20,76694.18,15338.84,61355.34
OI0009437,O008241,P0029,1,15,4097.07,614.56,3482.51
OI0009438,O006956,P0016,4,15,144284.32,21642.65,122641.67
OI0009439,O003869,P0001,3,20,83789.55,16757.91,67031.64
OI0009440,O000282,P0034,2,5,44307.16,2215.36,42091.8
OI0009441,O008661,P0104,2,5,77482.04,3874.1,73607.94
OI0009442,O001235,P0289,2,15,25582.36,3837.35,21745.01
OI0009443,O007295,P0143,1,10,18943.1,1894.31,17048.79
OI0009444,O003389,P0186,4,20,60166.08,12033.22,48132.86
OI0009445,O004392,P0291,3,5,2832.21,141.61,2690.6
OI0009446,O006758,P0181,3,5,47362.98,2368.15,44994.83
OI0009447,O002770,P0204,1,0,8794.93,0.0,8794.93
OI0009448,O002898,P0058,4,10,117690.64,11769.06,105921.58
OI0009449,O003932,P0077,3,5,8194.59,409.73,7784.86
OI0009450,O005209,P0149,1,10,14508.05,1450.8,13057.25
OI0009451,O009039,P0039,3,0,28494.9,0.0,28494.9
OI0009452,O008432,P0001,2,15,55859.7,8378.96,47480.74
OI0009453,O009965,P0049,3,10,17878.89,1787.89,16091.0
OI0009454,O009312,P0299,2,15,78572.34,11785.85,66786.49
OI0009455,O003059,P0088,4,5,158364.0,7918.2,150445.8
OI0009456,O008374,P0070,4,20,21192.96,4238.59,16954.37
OI0009457,O002908,P0247,3,20,5980.98,1196.2,4784.78
OI0009458,O006882,P0063,2,5,38162.42,1908.12,36254.3
OI0009459,O003210,P0080,4,0,109880.32,0.0,109880.32
OI0009460,O006514,P0240,3,10,5523.75,552.38,4971.37
OI0009461,O007963,P0085,2,10,18391.22,1839.12,16552.1
OI0009462,O009804,P0081,4,10,29583.44,2958.34,26625.1
OI0009463,O000493,P0067,4,20,99634.24,19926.85,79707.39
OI0009464,O002913,P0088,3,25,118773.0,29693.25,89079.75
OI0009465,O006801,P0098,1,10,20044.4,2004.44,18039.96
OI0009466,O006260,P0259,4,10,185108.72,18510.87,166597.85
OI0009467,O009518,P0167,3,0,106108.14,0.0,106108.14
OI0009468,O000846,P0267,2,5,98606.38,4930.32,93676.06
OI0009469,O000121,P0224,4,5,193258.68,9662.93,183595.75
OI0009470,O005054,P0286,4,5,42858.68,2142.93,40715.75
OI0009471,O004007,P0067,1,15,24908.56,3736.28,21172.28
OI0009472,O008923,P0176,4,10,14491.2,1449.12,13042.08
OI0009473,O001854,P0104,4,10,154964.08,15496.41,139467.67
OI0009474,O004175,P0296,1,0,32337.21,0.0,32337.21
OI0009475,O009171,P0228,2,0,12913.86,0.0,12913.86
OI0009476,O007514,P0272,1,5,21183.57,1059.18,20124.39
OI0009477,O005656,P0160,4,0,51592.72,0.0,51592.72
OI0009478,O004917,P0190,2,0,44088.08,0.0,44088.08
OI0009479,O000740,P0230,1,20,37457.46,7491.49,29965.97
OI0009480,O004385,P0214,3,5,75125.34,3756.27,71369.07
OI0009481,O005957,P0102,2,25,4770.9,1192.72,3578.18
OI0009482,O006473,P0040,1,0,17427.29,0.0,17427.29
OI0009483,O000872,P0206,1,25,22654.0,5663.5,16990.5
OI0009484,O007175,P0199,2,15,78158.98,11723.85,66435.13
OI0009485,O008034,P0137,2,10,44000.62,4400.06,39600.56
OI0009486,O003243,P0153,2,20,52135.1,10427.02,41708.08
OI0009487,O008031,P0133,4,10,57803.24,5780.32,52022.92
OI0009488,O008564,P0005,4,0,18429.64,0.0,18429.64
OI0009489,O001853,P0268,1,25,9184.11,2296.03,6888.08
OI0009490,O008736,P0218,1,20,35978.32,7195.66,28782.66
OI0009491,O000497,P0245,3,10,118990.02,11899.0,107091.02
OI0009492,O006479,P0202,2,0,80083.42,0.0,80083.42
OI0009493,O009353,P0087,3,20,53726.94,10745.39,42981.55
OI0009494,O002364,P0113,2,10,98273.74,9827.37,88446.37
OI0009495,O008652,P0294,1,5,28741.83,1437.09,27304.74
OI0009496,O006878,P0165,4,25,10261.52,2565.38,7696.14
OI0009497,O001432,P0234,2,0,60617.42,0.0,60617.42
OI0009498,O007351,P0153,4,0,104270.2,0.0,104270.2
OI0009499,O006391,P0060,3,10,11394.39,1139.44,10254.95
OI0009500,O009526,P0067,3,5,74725.68,3736.28,70989.4
OI0009501,O008371,P0116,4,5,187794.96,9389.75,178405.21
OI0009502,O007673,P0068,1,0,41270.21,0.0,41270.21
OI0009503,O007545,P0164,3,15,111840.78,16776.12,95064.66
OI0009504,O004374,P0281,4,5,139367.64,6968.38,132399.26
OI0009505,O007651,P0008,3,20,24547.17,4909.43,19637.74
OI0009506,O007444,P0281,1,15,34841.91,5226.29,29615.62
OI0009507,O001317,P0030,3,5,140048.94,7002.45,133046.49
OI0009508,O007296,P0115,1,15,34456.35,5168.45,29287.9
OI0009509,O004403,P0188,1,5,41810.42,2090.52,39719.9
OI0009510,O008565,P0229,3,5,21270.75,1063.54,20207.21
OI0009511,O008918,P0047,4,0,94469.6,0.0,94469.6
OI0009512,O000434,P0178,1,10,16579.2,1657.92,14921.28
OI0009513,O009936,P0042,2,20,47116.4,9423.28,37693.12
OI0009514,O005954,P0178,1,10,16579.2,1657.92,14921.28
OI0009515,O007230,P0263,3,10,132752.04,13275.2,119476.84
OI0009516,O001394,P0004,2,20,46580.12,9316.02,37264.1
OI0009517,O007005,P0105,4,5,162910.76,8145.54,154765.22
OI0009518,O004091,P0173,2,25,40053.68,10013.42,30040.26
OI0009519,O002742,P0287,2,10,50410.32,5041.03,45369.29
OI0009520,O006627,P0080,2,10,54940.16,5494.02,49446.14
OI0009521,O003252,P0061,4,0,138383.64,0.0,138383.64
OI0009522,O005755,P0173,4,15,80107.36,12016.1,68091.26
OI0009523,O000022,P0003,4,5,76087.28,3804.36,72282.92
OI0009524,O000515,P0003,1,0,19021.82,0.0,19021.82
OI0009525,O004779,P0083,4,0,188798.76,0.0,188798.76
OI0009526,O000994,P0260,1,10,7514.45,751.44,6763.01
OI0009527,O009565,P0059,1,10,41671.4,4167.14,37504.26
OI0009528,O001589,P0035,4,15,127137.24,19070.59,108066.65
OI0009529,O008416,P0179,3,5,76538.76,3826.94,72711.82
OI0009530,O004633,P0154,4,20,112883.6,22576.72,90306.88
OI0009531,O004399,P0166,4,0,44479.64,0.0,44479.64
OI0009532,O002682,P0068,3,0,123810.63,0.0,123810.63
OI0009533,O001380,P0243,2,0,26828.82,0.0,26828.82
OI0009534,O004674,P0277,3,0,60223.92,0.0,60223.92
OI0009535,O005389,P0169,1,15,22873.86,3431.08,19442.78
OI0009536,O002566,P0089,1,5,25607.6,1280.38,24327.22
OI0009537,O002301,P0259,1,10,46277.18,4627.72,41649.46
OI0009538,O009301,P0237,4,15,62902.12,9435.32,53466.8
OI0009539,O002211,P0190,4,10,88176.16,8817.62,79358.54
OI0009540,O005357,P0217,1,10,8650.32,865.03,7785.29
OI0009541,O009298,P0224,1,10,48314.67,4831.47,43483.2
OI0009542,O006955,P0084,2,15,80496.6,12074.49,68422.11
OI0009543,O000148,P0015,1,10,23576.86,2357.69,21219.17
OI0009544,O003509,P0194,1,5,27689.5,1384.48,26305.02
OI0009545,O003693,P0254,1,10,13619.6,1361.96,12257.64
OI0009546,O005680,P0245,2,25,79326.68,19831.67,59495.01
OI0009547,O003227,P0030,1,20,46682.98,9336.6,37346.38
OI0009548,O006104,P0167,4,5,141477.52,7073.88,134403.64
OI0009549,O001294,P0235,3,10,103140.18,10314.02,92826.16
OI0009550,O008182,P0246,2,5,30954.72,1547.74,29406.98
OI0009551,O000416,P0185,4,10,57672.6,5767.26,51905.34
OI0009552,O006979,P0007,2,15,29103.92,4365.59,24738.33
OI0009553,O003082,P0086,1,20,20446.08,4089.22,16356.86
OI0009554,O007578,P0215,1,0,10910.24,0.0,10910.24
OI0009555,O007391,P0023,1,0,3921.35,0.0,3921.35
OI0009556,O002890,P0262,2,10,94766.74,9476.67,85290.07
OI0009557,O009793,P0186,2,15,30083.04,4512.46,25570.58
OI0009558,O009393,P0014,3,15,28836.18,4325.43,24510.75
OI0009559,O006688,P0284,1,0,38465.32,0.0,38465.32
OI0009560,O004673,P0261,1,15,48547.54,7282.13,41265.41
OI0009561,O003098,P0056,4,10,101343.08,10134.31,91208.77
OI0009562,O003269,P0121,1,0,19603.94,0.0,19603.94
OI0009563,O009626,P0153,2,20,52135.1,10427.02,41708.08
OI0009564,O004838,P0132,2,10,66612.86,6661.29,59951.57
OI0009565,O001777,P0029,2,20,8194.14,1638.83,6555.31
OI0009566,O006540,P0233,2,5,74724.98,3736.25,70988.73
OI0009567,O007652,P0111,2,10,90377.42,9037.74,81339.68
OI0009568,O007832,P0114,3,20,129118.02,25823.6,103294.42
OI0009569,O006327,P0263,2,5,88501.36,4425.07,84076.29
OI0009570,O008140,P0043,2,20,33677.98,6735.6,26942.38
OI0009571,O009917,P0156,3,5,29815.26,1490.76,28324.5
OI0009572,O009467,P0040,2,0,34854.58,0.0,34854.58
OI0009573,O000508,P0293,3,15,77393.19,11608.98,65784.21
OI0009574,O000703,P0276,1,5,49757.94,2487.9,47270.04
OI0009575,O006272,P0201,4,25,143350.6,35837.65,107512.95
OI0009576,O009020,P0163,3,20,46230.36,9246.07,36984.29
OI0009577,O006563,P0138,4,0,5104.08,0.0,5104.08
OI0009578,O003492,P0241,1,25,42623.02,10655.76,31967.26
OI0009579,O000824,P0059,4,5,166685.6,8334.28,158351.32
OI0009580,O009886,P0149,3,10,43524.15,4352.42,39171.73
OI0009581,O009085,P0299,1,0,39286.17,0.0,39286.17
OI0009582,O006688,P0233,4,0,149449.96,0.0,149449.96
OI0009583,O003151,P0299,3,5,117858.51,5892.93,111965.58
OI0009584,O003128,P0216,1,0,13737.66,0.0,13737.66
OI0009585,O002909,P0129,2,5,16158.78,807.94,15350.84
OI0009586,O007582,P0174,3,10,87244.2,8724.42,78519.78
OI0009587,O007641,P0127,4,15,10274.56,1541.18,8733.38
OI0009588,O004298,P0063,4,5,76324.84,3816.24,72508.6
OI0009589,O004319,P0151,2,5,25227.82,1261.39,23966.43
OI0009590,O009345,P0274,3,5,70045.56,3502.28,66543.28
OI0009591,O006474,P0283,2,5,54416.96,2720.85,51696.11
OI0009592,O007025,P0044,1,5,5545.58,277.28,5268.3
OI0009593,O005860,P0174,1,10,29081.4,2908.14,26173.26
OI0009594,O009657,P0061,1,0,34595.91,0.0,34595.91
OI0009595,O006134,P0140,4,10,100604.64,10060.46,90544.18
OI0009596,O006272,P0227,2,5,18940.04,947.0,17993.04
OI0009597,O007309,P0272,4,0,84734.28,0.0,84734.28
OI0009598,O006142,P0100,3,0,116008.17,0.0,116008.17
OI0009599,O009665,P0117,2,25,72340.2,18085.05,54255.15
OI0009600,O000882,P0192,4,10,169428.92,16942.89,152486.03
OI0009601,O006107,P0123,3,25,58331.64,14582.91,43748.73
OI0009602,O002572,P0269,1,0,38347.09,0.0,38347.09
OI0009603,O001051,P0128,3,5,58186.29,2909.31,55276.98
OI0009604,O000369,P0008,1,10,8182.39,818.24,7364.15
OI0009605,O001917,P0184,4,5,90552.04,4527.6,86024.44
OI0009606,O007534,P0136,1,5,1121.52,56.08,1065.44
OI0009607,O004772,P0215,4,20,43640.96,8728.19,34912.77
OI0009608,O005306,P0173,2,0,40053.68,0.0,40053.68
OI0009609,O009650,P0152,2,15,22796.72,3419.51,19377.21
OI0009610,O003763,P0021,1,20,46966.61,9393.32,37573.29
OI0009611,O005420,P0141,1,0,16217.79,0.0,16217.79
OI0009612,O001211,P0004,4,5,93160.24,4658.01,88502.23
OI0009613,O001727,P0221,4,20,143042.12,28608.42,114433.7
OI0009614,O003322,P0196,3,10,111676.29,11167.63,100508.66
OI0009615,O001221,P0149,4,5,58032.2,2901.61,55130.59
OI0009616,O007152,P0073,1,10,19130.48,1913.05,17217.43
OI0009617,O005323,P0105,4,5,162910.76,8145.54,154765.22
OI0009618,O004037,P0132,3,10,99919.29,9991.93,89927.36
OI0009619,O006921,P0025,2,0,89124.08,0.0,89124.08
OI0009620,O003991,P0007,1,0,14551.96,0.0,14551.96
OI0009621,O005899,P0173,4,0,80107.36,0.0,80107.36
OI0009622,O008381,P0005,2,0,9214.82,0.0,9214.82
OI0009623,O000847,P0296,4,0,129348.84,0.0,129348.84
OI0009624,O000273,P0277,3,10,60223.92,6022.39,54201.53
OI0009625,O000949,P0162,3,25,6461.4,1615.35,4846.05
OI0009626,O005210,P0091,1,0,37000.8,0.0,37000.8
OI0009627,O000270,P0252,1,0,38468.7,0.0,38468.7
OI0009628,O004663,P0061,4,10,138383.64,13838.36,124545.28
OI0009629,O007433,P0202,1,0,40041.71,0.0,40041.71
OI0009630,O005311,P0119,3,10,66655.14,6665.51,59989.63
OI0009631,O009499,P0111,4,10,180754.84,18075.48,162679.36
OI0009632,O009051,P0205,2,0,660.16,0.0,660.16
OI0009633,O001781,P0056,1,25,25335.77,6333.94,19001.83
OI0009634,O004894,P0193,4,0,85835.52,0.0,85835.52
OI0009635,O003162,P0073,2,20,38260.96,7652.19,30608.77
OI0009636,O004455,P0167,4,5,141477.52,7073.88,134403.64
OI0009637,O000380,P0026,1,0,4903.23,0.0,4903.23
OI0009638,O002215,P0274,2,0,46697.04,0.0,46697.04
OI0009639,O008161,P0015,3,10,70730.58,7073.06,63657.52
OI0009640,O004712,P0278,1,5,30845.96,1542.3,29303.66
OI0009641,O000570,P0004,3,25,69870.18,17467.54,52402.64
OI0009642,O005324,P0021,4,0,187866.44,0.0,187866.44
OI0009643,O008318,P0046,3,15,5592.63,838.89,4753.74
OI0009644,O000345,P0089,2,0,51215.2,0.0,51215.2
OI0009645,O004026,P0279,2,20,36776.32,7355.26,29421.06
OI0009646,O008959,P0273,3,10,119196.09,11919.61,107276.48
OI0009647,O003049,P0096,1,20,17286.15,3457.23,13828.92
OI0009648,O002314,P0240,2,5,3682.5,184.12,3498.38
OI0009649,O000030,P0066,3,0,133711.71,0.0,133711.71
OI0009650,O003377,P0239,3,10,1993.14,199.31,1793.83
OI0009651,O003525,P0218,3,5,107934.96,5396.75,102538.21
OI0009652,O001820,P0291,4,0,3776.28,0.0,3776.28
OI0009653,O002747,P0060,1,25,3798.13,949.53,2848.6
OI0009654,O001932,P0262,4,10,189533.48,18953.35,170580.13
OI0009655,O009639,P0201,2,20,71675.3,14335.06,57340.24
OI0009656,O006491,P0084,2,15,80496.6,12074.49,68422.11
OI0009657,O007746,P0026,3,0,14709.69,0.0,14709.69
OI0009658,O005342,P0233,1,20,37362.49,7472.5,29889.99
OI0009659,O001212,P0162,4,15,8615.2,1292.28,7322.92
OI0009660,O007593,P0239,3,5,1993.14,99.66,1893.48
OI0009661,O003621,P0074,2,0,33986.88,0.0,33986.88
OI0009662,O009727,P0222,1,0,36848.58,0.0,36848.58
OI0009663,O003278,P0260,4,0,30057.8,0.0,30057.8
OI0009664,O002522,P0226,3,0,31146.84,0.0,31146.84
OI0009665,O001906,P0265,2,0,63549.88,0.0,63549.88
OI0009666,O007560,P0069,2,5,40452.78,2022.64,38430.14
OI0009667,O009283,P0009,2,25,54633.32,13658.33,40974.99
OI0009668,O008220,P0281,1,10,34841.91,3484.19,31357.72
OI0009669,O006798,P0040,1,10,17427.29,1742.73,15684.56
OI0009670,O006045,P0195,2,0,23399.78,0.0,23399.78
OI0009671,O006376,P0281,2,0,69683.82,0.0,69683.82
OI0009672,O008118,P0146,1,5,26630.38,1331.52,25298.86
OI0009673,O003179,P0187,3,5,57832.35,2891.62,54940.73
OI0009674,O005498,P0162,3,20,6461.4,1292.28,5169.12
OI0009675,O003748,P0061,3,0,103787.73,0.0,103787.73
OI0009676,O007559,P0242,2,15,68526.88,10279.03,58247.85
OI0009677,O007953,P0240,4,10,7365.0,736.5,6628.5
OI0009678,O002943,P0057,2,15,69828.28,10474.24,59354.04
OI0009679,O007984,P0194,4,20,110758.0,22151.6,88606.4
OI0009680,O008883,P0071,4,5,13047.96,652.4,12395.56
OI0009681,O006220,P0162,1,10,2153.8,215.38,1938.42
OI0009682,O004686,P0054,2,10,82740.08,8274.01,74466.07
OI0009683,O001759,P0065,4,5,124465.88,6223.29,118242.59
OI0009684,O006603,P0245,3,20,118990.02,23798.0,95192.02
OI0009685,O001387,P0200,2,0,21812.48,0.0,21812.48
OI0009686,O006723,P0297,3,5,62558.52,3127.93,59430.59
OI0009687,O001662,P0153,1,20,26067.55,5213.51,20854.04
OI0009688,O004917,P0241,1,20,42623.02,8524.6,34098.42
OI0009689,O005033,P0221,4,15,143042.12,21456.32,121585.8
OI0009690,O007313,P0052,1,5,31946.44,1597.32,30349.12
OI0009691,O006513,P0248,1,20,46651.4,9330.28,37321.12
OI0009692,O007111,P0071,1,0,3261.99,0.0,3261.99
OI0009693,O005247,P0144,2,5,67355.38,3367.77,63987.61
OI0009694,O004993,P0277,3,0,60223.92,0.0,60223.92
OI0009695,O008544,P0218,3,0,107934.96,0.0,107934.96
OI0009696,O006265,P0005,3,10,13822.23,1382.22,12440.01
OI0009697,O000374,P0073,2,0,38260.96,0.0,38260.96
OI0009698,O006485,P0240,3,15,5523.75,828.56,4695.19
OI0009699,O006175,P0275,4,5,107870.6,5393.53,102477.07
OI0009700,O007721,P0191,3,0,59363.91,0.0,59363.91
OI0009701,O002017,P0006,2,5,61054.32,3052.72,58001.6
OI0009702,O000204,P0014,3,5,28836.18,1441.81,27394.37
OI0009703,O005492,P0208,2,5,55667.02,2783.35,52883.67
OI0009704,O006705,P0002,4,10,185856.96,18585.7,167271.26
OI0009705,O002650,P0018,3,10,59683.08,5968.31,53714.77
OI0009706,O009096,P0035,1,5,31784.31,1589.22,30195.09
OI0009707,O009248,P0250,1,20,5501.79,1100.36,4401.43
OI0009708,O002739,P0082,2,0,13738.54,0.0,13738.54
OI0009709,O008538,P0281,2,5,69683.82,3484.19,66199.63
OI0009710,O008939,P0057,2,10,69828.28,6982.83,62845.45
OI0009711,O003859,P0016,2,0,72142.16,0.0,72142.16
OI0009712,O006918,P0133,1,0,14450.81,0.0,14450.81
OI0009713,O002170,P0280,1,0,19759.73,0.0,19759.73
OI0009714,O009852,P0235,4,25,137520.24,34380.06,103140.18
OI0009715,O007725,P0128,4,15,77581.72,11637.26,65944.46
OI0009716,O005062,P0063,4,20,76324.84,15264.97,61059.87
OI0009717,O004112,P0173,1,0,20026.84,0.0,20026.84
OI0009718,O008630,P0125,4,0,119390.84,0.0,119390.84
OI0009719,O006493,P0080,2,10,54940.16,5494.02,49446.14
OI0009720,O002208,P0111,4,0,180754.84,0.0,180754.84
OI0009721,O005201,P0167,1,5,35369.38,1768.47,33600.91
OI0009722,O002429,P0284,1,25,38465.32,9616.33,28848.99
OI0009723,O004957,P0123,4,5,77775.52,3888.78,73886.74
OI0009724,O004483,P0261,2,25,97095.08,24273.77,72821.31
OI0009725,O001459,P0205,2,0,660.16,0.0,660.16
OI0009726,O009796,P0015,3,5,70730.58,3536.53,67194.05
OI0009727,O001068,P0105,1,0,40727.69,0.0,40727.69
OI0009728,O002841,P0049,2,10,11919.26,1191.93,10727.33
OI0009729,O003579,P0260,4,5,30057.8,1502.89,28554.91
OI0009730,O000662,P0014,1,10,9612.06,961.21,8650.85
OI0009731,O009386,P0219,1,15,38549.43,5782.41,32767.02
OI0009732,O000075,P0087,1,10,17908.98,1790.9,16118.08
OI0009733,O009388,P0220,1,15,23222.96,3483.44,19739.52
OI0009734,O009198,P0300,2,10,20318.88,2031.89,18286.99
OI0009735,O001461,P0164,4,15,149121.04,22368.16,126752.88
OI0009736,O002843,P0160,4,10,51592.72,5159.27,46433.45
OI0009737,O003723,P0065,3,20,93349.41,18669.88,74679.53
OI0009738,O005787,P0192,1,15,42357.23,6353.58,36003.65
OI0009739,O000647,P0004,3,0,69870.18,0.0,69870.18
OI0009740,O007003,P0126,1,10,43634.79,4363.48,39271.31
OI0009741,O004591,P0257,4,20,40118.84,8023.77,32095.07
OI0009742,O005579,P0124,4,20,66590.6,13318.12,53272.48
OI0009743,O008921,P0210,4,10,172041.36,17204.14,154837.22
OI0009744,O003239,P0077,3,5,8194.59,409.73,7784.86
OI0009745,O003379,P0217,4,0,34601.28,0.0,34601.28
OI0009746,O006421,P0021,2,0,93933.22,0.0,93933.22
OI0009747,O003162,P0169,1,0,22873.86,0.0,22873.86
OI0009748,O005561,P0297,4,25,83411.36,20852.84,62558.52
OI0009749,O004787,P0010,1,15,26708.05,4006.21,22701.84
OI0009750,O003701,P0117,4,5,144680.4,7234.02,137446.38
OI0009751,O003857,P0197,3,5,80076.06,4003.8,76072.26
OI0009752,O006047,P0172,2,5,16325.36,816.27,15509.09
OI0009753,O002446,P0187,1,20,19277.45,3855.49,15421.96
OI0009754,O001922,P0166,3,10,33359.73,3335.97,30023.76
OI0009755,O004058,P0230,4,5,149829.84,7491.49,142338.35
OI0009756,O002966,P0280,2,15,39519.46,5927.92,33591.54
OI0009757,O002332,P0152,2,15,22796.72,3419.51,19377.21
OI0009758,O006022,P0232,3,10,117567.36,11756.74,105810.62
OI0009759,O005779,P0275,2,15,53935.3,8090.3,45845.0
OI0009760,O007189,P0116,1,15,46948.74,7042.31,39906.43
OI0009761,O002986,P0075,4,0,143809.04,0.0,143809.04
OI0009762,O004575,P0087,2,20,35817.96,7163.59,28654.37
OI0009763,O008539,P0079,4,5,55428.96,2771.45,52657.51
OI0009764,O008364,P0085,2,25,18391.22,4597.8,13793.42
OI0009765,O006962,P0100,1,25,38669.39,9667.35,29002.04
OI0009766,O000979,P0127,4,0,10274.56,0.0,10274.56
OI0009767,O000544,P0032,1,10,42265.52,4226.55,38038.97
OI0009768,O008394,P0266,2,25,76182.8,19045.7,57137.1
OI0009769,O006861,P0101,3,10,26136.18,2613.62,23522.56
OI0009770,O003957,P0288,4,10,4782.32,478.23,4304.09
OI0009771,O003841,P0084,4,25,160993.2,40248.3,120744.9
OI0009772,O005514,P0295,1,10,46301.43,4630.14,41671.29
OI0009773,O001605,P0179,1,0,25512.92,0.0,25512.92
OI0009774,O004978,P0144,3,10,101033.07,10103.31,90929.76
OI0009775,O003778,P0295,1,5,46301.43,2315.07,43986.36
OI0009776,O006390,P0228,3,0,19370.79,0.0,19370.79
OI0009777,O007593,P0192,1,0,42357.23,0.0,42357.23
OI0009778,O007472,P0176,2,0,7245.6,0.0,7245.6
OI0009779,O002164,P0026,2,0,9806.46,0.0,9806.46
OI0009780,O001141,P0051,3,5,110161.2,5508.06,104653.14
OI0009781,O009041,P0102,2,15,4770.9,715.64,4055.26
OI0009782,O005552,P0110,3,5,37389.84,1869.49,35520.35
OI0009783,O006269,P0154,2,15,56441.8,8466.27,47975.53
OI0009784,O008225,P0020,3,25,91789.83,22947.46,68842.37
OI0009785,O004569,P0205,4,10,1320.32,132.03,1188.29
OI0009786,O001989,P0071,3,10,9785.97,978.6,8807.37
OI0009787,O006748,P0152,2,10,22796.72,2279.67,20517.05
OI0009788,O008955,P0067,1,5,24908.56,1245.43,23663.13
OI0009789,O001459,P0195,4,0,46799.56,0.0,46799.56
OI0009790,O001728,P0016,1,25,36071.08,9017.77,27053.31
OI0009791,O006994,P0223,4,10,28340.48,2834.05,25506.43
OI0009792,O008215,P0161,4,25,53096.0,13274.0,39822.0
OI0009793,O001106,P0206,3,5,67962.0,3398.1,64563.9
OI0009794,O006347,P0178,3,0,49737.6,0.0,49737.6
OI0009795,O007275,P0089,4,10,102430.4,10243.04,92187.36
OI0009796,O003146,P0115,2,20,68912.7,13782.54,55130.16
OI0009797,O006026,P0059,4,15,166685.6,25002.84,141682.76
OI0009798,O005476,P0297,2,15,41705.68,6255.85,35449.83
OI0009799,O002249,P0191,4,10,79151.88,7915.19,71236.69
OI0009800,O009578,P0084,2,15,80496.6,12074.49,68422.11
OI0009801,O007757,P0130,3,5,104482.92,5224.15,99258.77
OI0009802,O003543,P0263,4,5,177002.72,8850.14,168152.58
OI0009803,O004481,P0126,4,15,174539.16,26180.87,148358.29
OI0009804,O005008,P0205,2,20,660.16,132.03,528.13
OI0009805,O009235,P0136,2,0,2243.04,0.0,2243.04
OI0009806,O009036,P0259,4,0,185108.72,0.0,185108.72
OI0009807,O001159,P0033,2,15,42068.98,6310.35,35758.63
OI0009808,O001358,P0248,3,0,139954.2,0.0,139954.2
OI0009809,O006689,P0155,3,0,141772.14,0.0,141772.14
OI0009810,O003206,P0267,4,0,197212.76,0.0,197212.76
OI0009811,O006366,P0267,4,10,197212.76,19721.28,177491.48
OI0009812,O003204,P0274,2,0,46697.04,0.0,46697.04
OI0009813,O006093,P0092,3,0,59892.06,0.0,59892.06
OI0009814,O003841,P0074,1,0,16993.44,0.0,16993.44
OI0009815,O005375,P0170,3,15,104889.3,15733.4,89155.9
OI0009816,O008934,P0259,2,0,92554.36,0.0,92554.36
OI0009817,O002397,P0288,2,10,2391.16,239.12,2152.04
OI0009818,O006414,P0036,4,5,155071.92,7753.6,147318.32
OI0009819,O003231,P0213,3,0,72415.68,0.0,72415.68
OI0009820,O001597,P0055,4,5,22094.44,1104.72,20989.72
OI0009821,O003343,P0117,2,5,72340.2,3617.01,68723.19
OI0009822,O004714,P0025,4,5,178248.16,8912.41,169335.75
OI0009823,O003849,P0153,4,15,104270.2,15640.53,88629.67
OI0009824,O007645,P0008,4,0,32729.56,0.0,32729.56
OI0009825,O007128,P0053,4,0,129335.32,0.0,129335.32
OI0009826,O000399,P0236,1,0,1113.12,0.0,1113.12
OI0009827,O002389,P0010,2,25,53416.1,13354.02,40062.08
OI0009828,O002665,P0078,3,10,33632.82,3363.28,30269.54
OI0009829,O005720,P0129,4,20,32317.56,6463.51,25854.05
OI0009830,O004103,P0186,3,5,45124.56,2256.23,42868.33
OI0009831,O004665,P0276,3,20,149273.82,29854.76,119419.06
OI0009832,O000727,P0233,3,10,112087.47,11208.75,100878.72
OI0009833,O002368,P0072,2,5,5510.9,275.54,5235.36
OI0009834,O000537,P0254,4,10,54478.4,5447.84,49030.56
OI0009835,O005576,P0294,3,0,86225.49,0.0,86225.49
OI0009836,O005538,P0170,4,5,139852.4,6992.62,132859.78
OI0009837,O004579,P0252,4,10,153874.8,15387.48,138487.32
OI0009838,O009302,P0007,3,10,43655.88,4365.59,39290.29
OI0009839,O008994,P0206,1,0,22654.0,0.0,22654.0
OI0009840,O006044,P0020,2,25,61193.22,15298.3,45894.92
OI0009841,O009985,P0026,4,20,19612.92,3922.58,15690.34
OI0009842,O006907,P0089,4,10,102430.4,10243.04,92187.36
OI0009843,O009580,P0056,1,25,25335.77,6333.94,19001.83
OI0009844,O005157,P0198,2,10,80977.84,8097.78,72880.06
OI0009845,O008478,P0255,3,25,36858.63,9214.66,27643.97
OI0009846,O000507,P0228,2,15,12913.86,1937.08,10976.78
OI0009847,O000626,P0062,3,0,80380.74,0.0,80380.74
OI0009848,O008089,P0241,3,5,127869.06,6393.45,121475.61
OI0009849,O002803,P0292,1,5,13373.41,668.67,12704.74
OI0009850,O001212,P0276,4,15,199031.76,29854.76,169177.0
OI0009851,O008322,P0027,2,15,98890.02,14833.5,84056.52
OI0009852,O006044,P0297,2,15,41705.68,6255.85,35449.83
OI0009853,O006871,P0085,3,10,27586.83,2758.68,24828.15
OI0009854,O003942,P0052,1,5,31946.44,1597.32,30349.12
OI0009855,O000536,P0251,1,25,24693.47,6173.37,18520.1
OI0009856,O007417,P0215,3,0,32730.72,0.0,32730.72
OI0009857,O008419,P0196,1,0,37225.43,0.0,37225.43
OI0009858,O009928,P0120,4,10,15039.4,1503.94,13535.46
OI0009859,O008850,P0203,1,15,17435.14,2615.27,14819.87
OI0009860,O002372,P0297,1,25,20852.84,5213.21,15639.63
OI0009861,O007002,P0230,4,10,149829.84,14982.98,134846.86
OI0009862,O008248,P0289,3,5,38373.54,1918.68,36454.86
OI0009863,O005693,P0228,1,20,6456.93,1291.39,5165.54
OI0009864,O007124,P0038,3,5,89214.51,4460.73,84753.78
OI0009865,O008466,P0146,3,0,79891.14,0.0,79891.14
OI0009866,O001121,P0049,3,10,17878.89,1787.89,16091.0
OI0009867,O006802,P0016,4,10,144284.32,14428.43,129855.89
OI0009868,O005218,P0214,2,0,50083.56,0.0,50083.56
OI0009869,O006911,P0085,3,0,27586.83,0.0,27586.83
OI0009870,O001578,P0242,2,0,68526.88,0.0,68526.88
OI0009871,O009249,P0300,2,20,20318.88,4063.78,16255.1
OI0009872,O007111,P0031,2,10,36566.0,3656.6,32909.4
OI0009873,O005774,P0095,3,15,74961.84,11244.28,63717.56
OI0009874,O006945,P0155,4,25,189029.52,47257.38,141772.14
OI0009875,O003202,P0169,1,15,22873.86,3431.08,19442.78
OI0009876,O004392,P0114,2,0,86078.68,0.0,86078.68
OI0009877,O008302,P0259,2,5,92554.36,4627.72,87926.64
OI0009878,O007346,P0095,1,10,24987.28,2498.73,22488.55
OI0009879,O007562,P0162,4,15,8615.2,1292.28,7322.92
OI0009880,O009879,P0216,4,25,54950.64,13737.66,41212.98
OI0009881,O000549,P0138,2,5,2552.04,127.6,2424.44
OI0009882,O009800,P0057,2,20,69828.28,13965.66,55862.62
OI0009883,O003361,P0166,2,0,22239.82,0.0,22239.82
OI0009884,O009075,P0205,4,20,1320.32,264.06,1056.26
OI0009885,O004376,P0101,3,15,26136.18,3920.43,22215.75
OI0009886,O008938,P0262,2,0,94766.74,0.0,94766.74
OI0009887,O006686,P0142,1,10,6780.66,678.07,6102.59
OI0009888,O001601,P0222,1,25,36848.58,9212.14,27636.44
OI0009889,O003454,P0231,2,5,47175.56,2358.78,44816.78
OI0009890,O004109,P0241,3,0,127869.06,0.0,127869.06
OI0009891,O000444,P0295,2,25,92602.86,23150.72,69452.14
OI0009892,O008330,P0202,1,5,40041.71,2002.09,38039.62
OI0009893,O005313,P0054,1,10,41370.04,4137.0,37233.04
OI0009894,O002439,P0154,1,25,28220.9,7055.22,21165.68
OI0009895,O004028,P0226,3,10,31146.84,3114.68,28032.16
OI0009896,O009023,P0285,2,15,9282.98,1392.45,7890.53
OI0009897,O009696,P0062,4,15,107174.32,16076.15,91098.17
OI0009898,O004551,P0167,2,15,70738.76,10610.81,60127.95
OI0009899,O000488,P0201,3,20,107512.95,21502.59,86010.36
OI0009900,O000368,P0278,2,0,61691.92,0.0,61691.92
OI0009901,O001193,P0146,2,25,53260.76,13315.19,39945.57
OI0009902,O004269,P0165,4,10,10261.52,1026.15,9235.37
OI0009903,O001243,P0161,4,10,53096.0,5309.6,47786.4
OI0009904,O007586,P0237,4,20,62902.12,12580.42,50321.7
OI0009905,O008780,P0048,1,5,47730.5,2386.52,45343.98
OI0009906,O007482,P0249,2,15,34777.92,5216.69,29561.23
OI0009907,O001615,P0026,2,5,9806.46,490.32,9316.14
OI0009908,O005332,P0145,1,15,39162.31,5874.35,33287.96
OI0009909,O000238,P0260,4,5,30057.8,1502.89,28554.91
OI0009910,O003674,P0009,2,0,54633.32,0.0,54633.32
OI0009911,O002961,P0266,2,25,76182.8,19045.7,57137.1
OI0009912,O001341,P0241,2,15,85246.04,12786.91,72459.13
OI0009913,O006776,P0040,3,0,52281.87,0.0,52281.87
OI0009914,O006155,P0177,4,0,101868.92,0.0,101868.92
OI0009915,O004612,P0019,4,5,65005.84,3250.29,61755.55
OI0009916,O009049,P0037,3,15,5645.1,846.76,4798.34
OI0009917,O003812,P0225,3,5,123259.17,6162.96,117096.21
OI0009918,O006325,P0242,1,25,34263.44,8565.86,25697.58
OI0009919,O006575,P0031,4,25,73132.0,18283.0,54849.0
OI0009920,O000735,P0053,1,20,32333.83,6466.77,25867.06
OI0009921,O004509,P0033,4,0,84137.96,0.0,84137.96
OI0009922,O006687,P0017,2,25,53129.8,13282.45,39847.35
OI0009923,O001796,P0065,3,10,93349.41,9334.94,84014.47
OI0009924,O001961,P0255,4,10,49144.84,4914.48,44230.36
OI0009925,O000662,P0067,1,0,24908.56,0.0,24908.56
OI0009926,O000456,P0173,4,10,80107.36,8010.74,72096.62
OI0009927,O000025,P0228,4,10,25827.72,2582.77,23244.95
OI0009928,O001018,P0088,4,10,158364.0,15836.4,142527.6
OI0009929,O009604,P0233,2,0,74724.98,0.0,74724.98
OI0009930,O008501,P0240,2,10,3682.5,368.25,3314.25
OI0009931,O002254,P0206,1,0,22654.0,0.0,22654.0
OI0009932,O000005,P0037,4,0,7526.8,0.0,7526.8
OI0009933,O003378,P0283,2,0,54416.96,0.0,54416.96
OI0009934,O008507,P0148,4,20,40758.8,8151.76,32607.04
OI0009935,O000917,P0108,3,10,110738.82,11073.88,99664.94
OI0009936,O002895,P0070,2,20,10596.48,2119.3,8477.18
OI0009937,O001687,P0179,4,5,102051.68,5102.58,96949.1
OI0009938,O001617,P0110,1,5,12463.28,623.16,11840.12
OI0009939,O004088,P0167,3,15,106108.14,15916.22,90191.92
OI0009940,O002354,P0030,3,5,140048.94,7002.45,133046.49
OI0009941,O008502,P0047,3,5,70852.2,3542.61,67309.59
OI0009942,O007259,P0175,1,10,47412.05,4741.2,42670.85
OI0009943,O006953,P0050,1,0,47322.97,0.0,47322.97
OI0009944,O004618,P0284,2,0,76930.64,0.0,76930.64
OI0009945,O003190,P0287,4,10,100820.64,10082.06,90738.58
OI0009946,O007761,P0201,2,10,71675.3,7167.53,64507.77
OI0009947,O007630,P0252,4,10,153874.8,15387.48,138487.32
OI0009948,O009612,P0194,2,0,55379.0,0.0,55379.0
OI0009949,O008422,P0047,2,5,47234.8,2361.74,44873.06
OI0009950,O006301,P0173,1,25,20026.84,5006.71,15020.13
OI0009951,O000334,P0129,2,20,16158.78,3231.76,12927.02
OI0009952,O009521,P0194,1,10,27689.5,2768.95,24920.55
OI0009953,O007848,P0119,2,25,44436.76,11109.19,33327.57
OI0009954,O007121,P0023,3,15,11764.05,1764.61,9999.44
OI0009955,O008491,P0230,4,5,149829.84,7491.49,142338.35
OI0009956,O007687,P0089,2,15,51215.2,7682.28,43532.92
OI0009957,O006864,P0048,2,5,95461.0,4773.05,90687.95
OI0009958,O002061,P0102,1,20,2385.45,477.09,1908.36
OI0009959,O000383,P0135,2,5,93658.72,4682.94,88975.78
OI0009960,O007019,P0172,1,15,8162.68,1224.4,6938.28
OI0009961,O001656,P0226,1,5,10382.28,519.11,9863.17
OI0009962,O008460,P0104,2,25,77482.04,19370.51,58111.53
OI0009963,O008064,P0004,1,0,23290.06,0.0,23290.06
OI0009964,O000675,P0269,4,15,153388.36,23008.25,130380.11
OI0009965,O004060,P0282,2,5,93811.54,4690.58,89120.96
OI0009966,O005954,P0085,1,0,9195.61,0.0,9195.61
OI0009967,O001051,P0289,4,5,51164.72,2558.24,48606.48
OI0009968,O003331,P0263,1,0,44250.68,0.0,44250.68
OI0009969,O006037,P0207,3,10,53250.45,5325.04,47925.41
OI0009970,O009697,P0007,3,5,43655.88,2182.79,41473.09
OI0009971,O006957,P0299,1,0,39286.17,0.0,39286.17
OI0009972,O002849,P0176,1,25,3622.8,905.7,2717.1
OI0009973,O001041,P0218,1,20,35978.32,7195.66,28782.66
OI0009974,O006562,P0154,1,0,28220.9,0.0,28220.9
OI0009975,O009277,P0076,2,5,74383.02,3719.15,70663.87
OI0009976,O003056,P0116,4,10,187794.96,18779.5,169015.46
OI0009977,O009996,P0184,2,5,45276.02,2263.8,43012.22
OI0009978,O002194,P0168,4,5,156700.2,7835.01,148865.19
OI0009979,O002750,P0066,2,10,89141.14,8914.11,80227.03
OI0009980,O001030,P0104,3,0,116223.06,0.0,116223.06
OI0009981,O009055,P0143,2,10,37886.2,3788.62,34097.58
OI0009982,O009466,P0044,4,0,22182.32,0.0,22182.32
OI0009983,O007513,P0223,1,5,7085.12,354.26,6730.86
OI0009984,O004528,P0140,4,0,100604.64,0.0,100604.64
OI0009985,O006488,P0134,4,5,40420.24,2021.01,38399.23
OI0009986,O004714,P0123,3,15,58331.64,8749.75,49581.89
OI0009987,O001441,P0224,4,15,193258.68,28988.8,164269.88
OI0009988,O008679,P0100,1,0,38669.39,0.0,38669.39
OI0009989,O008088,P0138,2,15,2552.04,382.81,2169.23
OI0009990,O004151,P0080,4,0,109880.32,0.0,109880.32
OI0009991,O001772,P0040,3,0,52281.87,0.0,52281.87
OI0009992,O007028,P0221,4,10,143042.12,14304.21,128737.91
OI0009993,O006612,P0108,4,25,147651.76,36912.94,110738.82
OI0009994,O009180,P0113,1,25,49136.87,12284.22,36852.65
OI0009995,O005238,P0175,1,10,47412.05,4741.2,42670.85
OI0009996,O005926,P0014,1,20,9612.06,1922.41,7689.65
OI0009997,O003461,P0130,2,10,69655.28,6965.53,62689.75
OI0009998,O007781,P0191,4,15,79151.88,11872.78,67279.1
OI0009999,O005538,P0293,2,15,51595.46,7739.32,43856.14
OI0010000,O004960,P0102,1,15,2385.45,357.82,2027.63
OI0010001,O009361,P0238,4,5,127850.16,6392.51,121457.65
OI0010002,O004277,P0278,2,20,61691.92,12338.38,49353.54
OI0010003,O009252,P0263,1,5,44250.68,2212.53,42038.15
OI0010004,O005517,P0261,1,15,48547.54,7282.13,41265.41
OI0010005,O008724,P0154,4,20,112883.6,22576.72,90306.88
OI0010006,O005350,P0092,2,15,39928.04,5989.21,33938.83
OI0010007,O001235,P0047,1,10,23617.4,2361.74,21255.66
OI0010008,O010000,P0066,1,10,44570.57,4457.06,40113.51
OI0010009,O008651,P0242,1,15,34263.44,5139.52,29123.92
OI0010010,O006496,P0149,1,0,14508.05,0.0,14508.05
OI0010011,O005801,P0253,1,10,11237.04,1123.7,10113.34
OI0010012,O000874,P0258,1,5,28859.91,1443.0,27416.91
OI0010013,O003119,P0274,4,0,93394.08,0.0,93394.08
OI0010014,O001560,P0231,3,25,70763.34,17690.84,53072.5
OI0010015,O008302,P0219,3,10,115648.29,11564.83,104083.46
OI0010016,O003024,P0192,1,10,42357.23,4235.72,38121.51
OI0010017,O004583,P0197,1,10,26692.02,2669.2,24022.82
OI0010018,O005849,P0265,4,10,127099.76,12709.98,114389.78
OI0010019,O005677,P0142,4,0,27122.64,0.0,27122.64
OI0010020,O009930,P0068,1,10,41270.21,4127.02,37143.19
OI0010021,O005403,P0193,2,5,42917.76,2145.89,40771.87
OI0010022,O007196,P0296,2,15,64674.42,9701.16,54973.26
OI0010023,O005040,P0150,3,15,24784.2,3717.63,21066.57
OI0010024,O003587,P0015,4,0,94307.44,0.0,94307.44
OI0010025,O002860,P0179,3,15,76538.76,11480.81,65057.95
OI0010026,O006649,P0160,3,5,38694.54,1934.73,36759.81
OI0010027,O001278,P0223,2,5,14170.24,708.51,13461.73
OI0010028,O004997,P0215,3,5,32730.72,1636.54,31094.18
OI0010029,O004337,P0145,1,10,39162.31,3916.23,35246.08
OI0010030,O009694,P0162,3,0,6461.4,0.0,6461.4
OI0010031,O003545,P0047,3,15,70852.2,10627.83,60224.37
OI0010032,O008618,P0170,1,5,34963.1,1748.16,33214.94
OI0010033,O007737,P0050,1,0,47322.97,0.0,47322.97
OI0010034,O002133,P0109,3,10,105134.13,10513.41,94620.72
OI0010035,O005028,P0181,2,10,31575.32,3157.53,28417.79
OI0010036,O007080,P0014,3,5,28836.18,1441.81,27394.37
OI0010037,O002069,P0067,2,20,49817.12,9963.42,39853.7
OI0010038,O003765,P0230,2,15,74914.92,11237.24,63677.68
OI0010039,O001710,P0020,1,15,30596.61,4589.49,26007.12
OI0010040,O001161,P0151,2,0,25227.82,0.0,25227.82
OI0010041,O000023,P0023,4,10,15685.4,1568.54,14116.86
OI0010042,O003234,P0052,3,20,95839.32,19167.86,76671.46
OI0010043,O004318,P0201,2,15,71675.3,10751.3,60924.0
OI0010044,O006887,P0022,2,0,67303.78,0.0,67303.78
OI0010045,O007578,P0211,3,20,39105.63,7821.13,31284.5
OI0010046,O001952,P0069,1,5,20226.39,1011.32,19215.07
OI0010047,O007726,P0196,4,25,148901.72,37225.43,111676.29
OI0010048,O007270,P0149,2,10,29016.1,2901.61,26114.49
OI0010049,O007049,P0133,4,15,57803.24,8670.49,49132.75
OI0010050,O007655,P0231,3,10,70763.34,7076.33,63687.01
OI0010051,O005427,P0077,2,5,5463.06,273.15,5189.91
OI0010052,O003129,P0254,2,15,27239.2,4085.88,23153.32
OI0010053,O002726,P0218,2,0,71956.64,0.0,71956.64
OI0010054,O008004,P0208,4,20,111334.04,22266.81,89067.23
OI0010055,O005260,P0124,4,25,66590.6,16647.65,49942.95
OI0010056,O005258,P0011,2,0,7954.82,0.0,7954.82
OI0010057,O004417,P0067,3,20,74725.68,14945.14,59780.54
OI0010058,O002316,P0051,2,0,73440.8,0.0,73440.8
OI0010059,O008628,P0058,3,10,88267.98,8826.8,79441.18
OI0010060,O006910,P0076,1,5,37191.51,1859.58,35331.93
OI0010061,O001075,P0182,1,0,41028.43,0.0,41028.43
OI0010062,O000982,P0255,1,15,12286.21,1842.93,10443.28
OI0010063,O005725,P0049,3,20,17878.89,3575.78,14303.11
OI0010064,O008924,P0149,4,20,58032.2,11606.44,46425.76
OI0010065,O001362,P0235,3,0,103140.18,0.0,103140.18
OI0010066,O000745,P0234,3,20,90926.13,18185.23,72740.9
OI0010067,O006168,P0277,1,0,20074.64,0.0,20074.64
OI0010068,O003354,P0081,2,5,14791.72,739.59,14052.13
OI0010069,O004971,P0085,3,0,27586.83,0.0,27586.83
OI0010070,O004816,P0016,1,25,36071.08,9017.77,27053.31
OI0010071,O006402,P0148,3,10,30569.1,3056.91,27512.19
OI0010072,O009646,P0102,4,10,9541.8,954.18,8587.62
OI0010073,O005613,P0222,3,5,110545.74,5527.29,105018.45
OI0010074,O009958,P0066,1,5,44570.57,2228.53,42342.04
OI0010075,O004364,P0062,3,10,80380.74,8038.07,72342.67
OI0010076,O004813,P0121,3,10,58811.82,5881.18,52930.64
OI0010077,O000447,P0191,3,20,59363.91,11872.78,47491.13
OI0010078,O002723,P0160,1,0,12898.18,0.0,12898.18
OI0010079,O008432,P0269,1,20,38347.09,7669.42,30677.67
OI0010080,O000117,P0170,3,20,104889.3,20977.86,83911.44
OI0010081,O002314,P0266,1,20,38091.4,7618.28,30473.12
OI0010082,O007474,P0175,3,25,142236.15,35559.04,106677.11
OI0010083,O007587,P0197,3,25,80076.06,20019.02,60057.04
OI0010084,O002029,P0219,3,0,115648.29,0.0,115648.29
OI0010085,O004752,P0058,3,20,88267.98,17653.6,70614.38
OI0010086,O002040,P0244,2,20,68919.1,13783.82,55135.28
OI0010087,O003645,P0250,2,5,11003.58,550.18,10453.4
OI0010088,O000587,P0025,4,15,178248.16,26737.22,151510.94
OI0010089,O007185,P0071,3,25,9785.97,2446.49,7339.48
OI0010090,O006156,P0061,3,0,103787.73,0.0,103787.73
OI0010091,O007027,P0173,1,5,20026.84,1001.34,19025.5
OI0010092,O002633,P0027,3,25,148335.03,37083.76,111251.27
OI0010093,O002131,P0187,1,10,19277.45,1927.74,17349.71
OI0010094,O007827,P0299,4,0,157144.68,0.0,157144.68
OI0010095,O004479,P0028,2,25,94925.32,23731.33,71193.99
OI0010096,O007755,P0277,2,25,40149.28,10037.32,30111.96
OI0010097,O000984,P0162,1,20,2153.8,430.76,1723.04
OI0010098,O000513,P0085,3,15,27586.83,4138.02,23448.81
OI0010099,O009781,P0047,1,10,23617.4,2361.74,21255.66
OI0010100,O004587,P0283,4,20,108833.92,21766.78,87067.14
OI0010101,O007627,P0271,2,5,17890.4,894.52,16995.88
OI0010102,O003080,P0005,3,5,13822.23,691.11,13131.12
OI0010103,O002193,P0273,3,0,119196.09,0.0,119196.09
OI0010104,O001734,P0057,3,5,104742.42,5237.12,99505.3
OI0010105,O005883,P0048,2,0,95461.0,0.0,95461.0
OI0010106,O007303,P0239,3,5,1993.14,99.66,1893.48
OI0010107,O006975,P0298,4,15,186121.96,27918.29,158203.67
OI0010108,O001445,P0144,4,5,134710.76,6735.54,127975.22
OI0010109,O002116,P0085,2,15,18391.22,2758.68,15632.54
OI0010110,O009470,P0204,2,10,17589.86,1758.99,15830.87
OI0010111,O002823,P0289,2,0,25582.36,0.0,25582.36
OI0010112,O001380,P0168,1,15,39175.05,5876.26,33298.79
OI0010113,O001763,P0165,2,0,5130.76,0.0,5130.76
OI0010114,O004878,P0075,2,25,71904.52,17976.13,53928.39
OI0010115,O008442,P0028,1,20,47462.66,9492.53,37970.13
OI0010116,O009077,P0107,3,25,31279.02,7819.76,23459.26
OI0010117,O003913,P0158,1,0,40898.51,0.0,40898.51
OI0010118,O005387,P0115,4,10,137825.4,13782.54,124042.86
OI0010119,O004480,P0224,4,0,193258.68,0.0,193258.68
OI0010120,O009481,P0091,3,5,111002.4,5550.12,105452.28
OI0010121,O000537,P0253,1,0,11237.04,0.0,11237.04
OI0010122,O001640,P0264,3,20,32651.73,6530.35,26121.38
OI0010123,O002072,P0043,4,0,67355.96,0.0,67355.96
OI0010124,O003656,P0289,1,0,12791.18,0.0,12791.18
OI0010125,O003199,P0055,1,5,5523.61,276.18,5247.43
OI0010126,O005294,P0021,4,15,187866.44,28179.97,159686.47
OI0010127,O002066,P0016,2,10,72142.16,7214.22,64927.94
OI0010128,O005571,P0069,3,0,60679.17,0.0,60679.17
OI0010129,O005743,P0147,4,10,118291.0,11829.1,106461.9
OI0010130,O000474,P0107,4,20,41705.36,8341.07,33364.29
OI0010131,O005627,P0167,1,10,35369.38,3536.94,31832.44
OI0010132,O004006,P0030,1,10,46682.98,4668.3,42014.68
OI0010133,O002044,P0028,3,10,142387.98,14238.8,128149.18
OI0010134,O007919,P0269,4,5,153388.36,7669.42,145718.94
OI0010135,O006894,P0239,4,0,2657.52,0.0,2657.52
OI0010136,O005931,P0067,1,0,24908.56,0.0,24908.56
OI0010137,O004320,P0064,4,25,68578.76,17144.69,51434.07
OI0010138,O006344,P0058,1,5,29422.66,1471.13,27951.53
OI0010139,O000133,P0266,2,5,76182.8,3809.14,72373.66
OI0010140,O002896,P0257,2,10,20059.42,2005.94,18053.48
OI0010141,O000231,P0001,3,25,83789.55,20947.39,62842.16
OI0010142,O000705,P0080,3,5,82410.24,4120.51,78289.73
OI0010143,O009093,P0216,4,0,54950.64,0.0,54950.64
OI0010144,O009539,P0004,4,25,93160.24,23290.06,69870.18
OI0010145,O009185,P0272,4,15,84734.28,12710.14,72024.14
OI0010146,O009651,P0199,4,15,156317.96,23447.69,132870.27
OI0010147,O009970,P0025,2,10,89124.08,8912.41,80211.67
OI0010148,O008875,P0267,1,5,49303.19,2465.16,46838.03
OI0010149,O009723,P0199,1,10,39079.49,3907.95,35171.54
OI0010150,O002851,P0053,4,0,129335.32,0.0,129335.32
OI0010151,O000825,P0039,2,20,18996.6,3799.32,15197.28
OI0010152,O001845,P0131,4,5,21856.32,1092.82,20763.5
OI0010153,O002846,P0199,1,15,39079.49,5861.92,33217.57
OI0010154,O004475,P0003,3,20,57065.46,11413.09,45652.37
OI0010155,O000764,P0003,2,0,38043.64,0.0,38043.64
OI0010156,O002769,P0023,1,15,3921.35,588.2,3333.15
OI0010157,O006349,P0215,1,5,10910.24,545.51,10364.73
OI0010158,O004454,P0042,3,5,70674.6,3533.73,67140.87
OI0010159,O002297,P0133,3,15,43352.43,6502.86,36849.57
OI0010160,O005001,P0041,3,25,52583.52,13145.88,39437.64
OI0010161,O001173,P0062,3,20,80380.74,16076.15,64304.59
OI0010162,O006757,P0028,2,5,94925.32,4746.27,90179.05
OI0010163,O002991,P0009,4,15,109266.64,16390.0,92876.64
OI0010164,O006655,P0145,2,5,78324.62,3916.23,74408.39
OI0010165,O008970,P0065,2,5,62232.94,3111.65,59121.29
OI0010166,O007966,P0232,1,0,39189.12,0.0,39189.12
OI0010167,O008926,P0271,1,20,8945.2,1789.04,7156.16
OI0010168,O005979,P0111,1,10,45188.71,4518.87,40669.84
OI0010169,O005891,P0262,1,20,47383.37,9476.67,37906.7
OI0010170,O003683,P0247,1,0,1993.66,0.0,1993.66
OI0010171,O006708,P0114,2,0,86078.68,0.0,86078.68
OI0010172,O009596,P0114,3,20,129118.02,25823.6,103294.42
OI0010173,O007378,P0222,4,20,147394.32,29478.86,117915.46
OI0010174,O008024,P0211,2,0,26070.42,0.0,26070.42
OI0010175,O008657,P0058,4,10,117690.64,11769.06,105921.58
OI0010176,O008954,P0023,4,0,15685.4,0.0,15685.4
OI0010177,O004753,P0027,3,0,148335.03,0.0,148335.03
OI0010178,O007476,P0075,4,10,143809.04,14380.9,129428.14
OI0010179,O001713,P0015,3,25,70730.58,17682.64,53047.94
OI0010180,O006995,P0281,2,10,69683.82,6968.38,62715.44
OI0010181,O002119,P0031,3,5,54849.0,2742.45,52106.55
OI0010182,O001916,P0267,3,5,147909.57,7395.48,140514.09
OI0010183,O001314,P0280,1,5,19759.73,987.99,18771.74
OI0010184,O009886,P0270,1,5,17071.3,853.56,16217.74
OI0010185,O002666,P0024,3,0,69423.33,0.0,69423.33
OI0010186,O009727,P0069,3,0,60679.17,0.0,60679.17
OI0010187,O000541,P0111,4,15,180754.84,27113.23,153641.61
OI0010188,O003248,P0154,4,5,112883.6,5644.18,107239.42
OI0010189,O000392,P0094,3,0,56696.49,0.0,56696.49
OI0010190,O000338,P0298,4,10,186121.96,18612.2,167509.76
OI0010191,O006202,P0102,2,25,4770.9,1192.72,3578.18
OI0010192,O007776,P0112,4,15,21586.8,3238.02,18348.78
OI0010193,O008465,P0048,4,0,190922.0,0.0,190922.0
OI0010194,O007505,P0250,3,5,16505.37,825.27,15680.1
OI0010195,O003599,P0116,4,20,187794.96,37558.99,150235.97
OI0010196,O006868,P0086,3,0,61338.24,0.0,61338.24
OI0010197,O009575,P0028,1,5,47462.66,2373.13,45089.53
OI0010198,O007051,P0030,4,5,186731.92,9336.6,177395.32
OI0010199,O009555,P0002,3,10,139392.72,13939.27,125453.45
OI0010200,O004960,P0292,3,10,40120.23,4012.02,36108.21
OI0010201,O002886,P0277,4,10,80298.56,8029.86,72268.7
OI0010202,O003561,P0062,1,0,26793.58,0.0,26793.58
OI0010203,O006521,P0028,3,5,142387.98,7119.4,135268.58
OI0010204,O005808,P0288,3,5,3586.74,179.34,3407.4
OI0010205,O007437,P0186,4,25,60166.08,15041.52,45124.56
OI0010206,O006298,P0070,2,15,10596.48,1589.47,9007.01
OI0010207,O004378,P0125,3,20,89543.13,17908.63,71634.5
OI0010208,O009614,P0151,4,15,50455.64,7568.35,42887.29
OI0010209,O003206,P0159,4,0,112396.08,0.0,112396.08
OI0010210,O001251,P0019,1,10,16251.46,1625.15,14626.31
OI0010211,O007464,P0200,3,15,32718.72,4907.81,27810.91
OI0010212,O001164,P0008,3,10,24547.17,2454.72,22092.45
OI0010213,O008191,P0255,3,15,36858.63,5528.79,31329.84
OI0010214,O002040,P0216,4,25,54950.64,13737.66,41212.98
OI0010215,O007377,P0205,3,0,990.24,0.0,990.24
OI0010216,O007250,P0126,1,25,43634.79,10908.7,32726.09
OI0010217,O001784,P0041,1,0,17527.84,0.0,17527.84
OI0010218,O009571,P0179,3,25,76538.76,19134.69,57404.07
OI0010219,O004745,P0007,3,0,43655.88,0.0,43655.88
OI0010220,O009147,P0180,4,15,5571.92,835.79,4736.13
OI0010221,O003494,P0072,1,15,2755.45,413.32,2342.13
OI0010222,O006123,P0219,2,20,77098.86,15419.77,61679.09
OI0010223,O005978,P0235,3,5,103140.18,5157.01,97983.17
OI0010224,O006737,P0259,3,0,138831.54,0.0,138831.54
OI0010225,O004952,P0145,4,15,156649.24,23497.39,133151.85
OI0010226,O007648,P0261,1,10,48547.54,4854.75,43692.79
OI0010227,O003899,P0073,3,5,57391.44,2869.57,54521.87
OI0010228,O006035,P0070,4,5,21192.96,1059.65,20133.31
OI0010229,O006811,P0136,3,5,3364.56,168.23,3196.33
OI0010230,O005401,P0176,4,25,14491.2,3622.8,10868.4
OI0010231,O003797,P0084,4,20,160993.2,32198.64,128794.56
OI0010232,O001364,P0282,4,20,187623.08,37524.62,150098.46
OI0010233,O007575,P0058,3,0,88267.98,0.0,88267.98
OI0010234,O007743,P0281,3,15,104525.73,15678.86,88846.87
OI0010235,O000392,P0271,1,5,8945.2,447.26,8497.94
OI0010236,O004197,P0267,3,15,147909.57,22186.44,125723.13
OI0010237,O007134,P0096,2,20,34572.3,6914.46,27657.84
OI0010238,O001855,P0224,1,15,48314.67,7247.2,41067.47
OI0010239,O003487,P0006,4,25,122108.64,30527.16,91581.48
OI0010240,O006249,P0002,1,5,46464.24,2323.21,44141.03
OI0010241,O008402,P0023,2,10,7842.7,784.27,7058.43
OI0010242,O008794,P0093,2,10,26585.26,2658.53,23926.73
OI0010243,O005464,P0007,4,20,58207.84,11641.57,46566.27
OI0010244,O002949,P0030,3,10,140048.94,14004.89,126044.05
OI0010245,O004597,P0080,2,15,54940.16,8241.02,46699.14
OI0010246,O006859,P0001,3,10,83789.55,8378.96,75410.59
OI0010247,O006708,P0205,4,20,1320.32,264.06,1056.26
OI0010248,O009921,P0257,3,10,30089.13,3008.91,27080.22
OI0010249,O003212,P0062,3,0,80380.74,0.0,80380.74
OI0010250,O005015,P0080,1,25,27470.08,6867.52,20602.56
OI0010251,O000308,P0243,3,10,40243.23,4024.32,36218.91
OI0010252,O002924,P0044,3,15,16636.74,2495.51,14141.23
OI0010253,O008665,P0009,1,15,27316.66,4097.5,23219.16
OI0010254,O001471,P0089,3,5,76822.8,3841.14,72981.66
OI0010255,O000076,P0038,1,25,29738.17,7434.54,22303.63
OI0010256,O000643,P0022,1,15,33651.89,5047.78,28604.11
OI0010257,O005850,P0169,3,0,68621.58,0.0,68621.58
OI0010258,O002639,P0258,3,25,86579.73,21644.93,64934.8
OI0010259,O007007,P0129,3,25,24238.17,6059.54,18178.63
OI0010260,O002539,P0010,1,5,26708.05,1335.4,25372.65
OI0010261,O008444,P0099,2,25,2307.62,576.9,1730.72
OI0010262,O009941,P0088,1,10,39591.0,3959.1,35631.9
OI0010263,O008567,P0178,2,0,33158.4,0.0,33158.4
OI0010264,O003413,P0236,4,25,4452.48,1113.12,3339.36
OI0010265,O005239,P0174,2,0,58162.8,0.0,58162.8
OI0010266,O009200,P0202,4,10,160166.84,16016.68,144150.16
OI0010267,O000153,P0102,3,20,7156.35,1431.27,5725.08
OI0010268,O009740,P0116,1,20,46948.74,9389.75,37558.99
OI0010269,O007890,P0204,1,0,8794.93,0.0,8794.93
OI0010270,O003146,P0188,4,5,167241.68,8362.08,158879.6
OI0010271,O008902,P0023,1,0,3921.35,0.0,3921.35
OI0010272,O007865,P0279,1,5,18388.16,919.41,17468.75
OI0010273,O001181,P0073,4,25,76521.92,19130.48,57391.44
OI0010274,O001245,P0132,2,20,66612.86,13322.57,53290.29
OI0010275,O000174,P0221,3,15,107281.59,16092.24,91189.35
OI0010276,O007689,P0155,2,20,94514.76,18902.95,75611.81
OI0010277,O004860,P0199,2,5,78158.98,3907.95,74251.03
OI0010278,O006688,P0043,4,20,67355.96,13471.19,53884.77
OI0010279,O002544,P0226,4,15,41529.12,6229.37,35299.75
OI0010280,O003213,P0012,4,15,139880.52,20982.08,118898.44
OI0010281,O005998,P0091,4,0,148003.2,0.0,148003.2
OI0010282,O000181,P0086,2,5,40892.16,2044.61,38847.55
OI0010283,O006987,P0074,4,0,67973.76,0.0,67973.76
OI0010284,O002428,P0291,1,0,944.07,0.0,944.07
OI0010285,O006132,P0288,2,5,2391.16,119.56,2271.6
OI0010286,O005492,P0212,4,10,45900.76,4590.08,41310.68
OI0010287,O003485,P0157,1,15,32154.45,4823.17,27331.28
OI0010288,O006835,P0219,1,0,38549.43,0.0,38549.43
OI0010289,O006604,P0011,4,0,15909.64,0.0,15909.64
OI0010290,O005297,P0029,4,20,16388.28,3277.66,13110.62
OI0010291,O009055,P0124,1,0,16647.65,0.0,16647.65
OI0010292,O008662,P0108,1,5,36912.94,1845.65,35067.29
OI0010293,O007147,P0148,2,0,20379.4,0.0,20379.4
OI0010294,O001804,P0043,2,10,33677.98,3367.8,30310.18
OI0010295,O001827,P0070,1,0,5298.24,0.0,5298.24
OI0010296,O006513,P0136,4,15,4486.08,672.91,3813.17
OI0010297,O006630,P0173,4,0,80107.36,0.0,80107.36
OI0010298,O004653,P0190,3,5,66132.12,3306.61,62825.51
OI0010299,O000970,P0183,1,5,27785.3,1389.26,26396.04
OI0010300,O009460,P0091,4,25,148003.2,37000.8,111002.4
OI0010301,O004223,P0194,2,5,55379.0,2768.95,52610.05
OI0010302,O005232,P0015,1,0,23576.86,0.0,23576.86
OI0010303,O001466,P0289,2,10,25582.36,2558.24,23024.12
OI0010304,O006415,P0267,4,15,197212.76,29581.91,167630.85
OI0010305,O000663,P0169,2,5,45747.72,2287.39,43460.33
OI0010306,O005527,P0079,4,10,55428.96,5542.9,49886.06
OI0010307,O005973,P0219,3,0,115648.29,0.0,115648.29
OI0010308,O003994,P0234,2,5,60617.42,3030.87,57586.55
OI0010309,O001261,P0115,4,0,137825.4,0.0,137825.4
OI0010310,O004258,P0013,1,5,31262.86,1563.14,29699.72
OI0010311,O001405,P0149,2,10,29016.1,2901.61,26114.49
OI0010312,O009001,P0267,4,15,197212.76,29581.91,167630.85
OI0010313,O003533,P0014,1,5,9612.06,480.6,9131.46
OI0010314,O009497,P0250,3,25,16505.37,4126.34,12379.03
OI0010315,O007094,P0187,3,5,57832.35,2891.62,54940.73
OI0010316,O008161,P0069,4,0,80905.56,0.0,80905.56
OI0010317,O005261,P0277,2,20,40149.28,8029.86,32119.42
OI0010318,O001078,P0108,3,10,110738.82,11073.88,99664.94
OI0010319,O009755,P0192,2,15,84714.46,12707.17,72007.29
OI0010320,O008676,P0081,3,15,22187.58,3328.14,18859.44
OI0010321,O000171,P0197,2,25,53384.04,13346.01,40038.03
OI0010322,O006520,P0025,2,5,89124.08,4456.2,84667.88
OI0010323,O005357,P0281,1,10,34841.91,3484.19,31357.72
OI0010324,O001691,P0140,2,15,50302.32,7545.35,42756.97
OI0010325,O009715,P0011,1,0,3977.41,0.0,3977.41
OI0010326,O003091,P0094,4,5,75595.32,3779.77,71815.55
OI0010327,O004161,P0177,4,5,101868.92,5093.45,96775.47
OI0010328,O002284,P0047,2,5,47234.8,2361.74,44873.06
OI0010329,O000666,P0146,2,15,53260.76,7989.11,45271.65
OI0010330,O000289,P0001,2,10,55859.7,5585.97,50273.73
OI0010331,O000422,P0070,3,15,15894.72,2384.21,13510.51
OI0010332,O001029,P0226,3,10,31146.84,3114.68,28032.16
OI0010333,O005257,P0133,2,25,28901.62,7225.4,21676.22
OI0010334,O003469,P0003,3,10,57065.46,5706.55,51358.91
OI0010335,O008942,P0090,2,10,13131.84,1313.18,11818.66
OI0010336,O002984,P0232,1,5,39189.12,1959.46,37229.66
OI0010337,O005184,P0267,4,0,197212.76,0.0,197212.76
OI0010338,O004800,P0296,1,20,32337.21,6467.44,25869.77
OI0010339,O002589,P0102,2,20,4770.9,954.18,3816.72
OI0010340,O001801,P0064,1,20,17144.69,3428.94,13715.75
OI0010341,O009941,P0080,1,20,27470.08,5494.02,21976.06
OI0010342,O008952,P0212,4,5,45900.76,2295.04,43605.72
OI0010343,O000218,P0084,3,10,120744.9,12074.49,108670.41
OI0010344,O001998,P0227,4,20,37880.08,7576.02,30304.06
OI0010345,O009767,P0232,1,10,39189.12,3918.91,35270.21
OI0010346,O001757,P0256,2,25,99168.64,24792.16,74376.48
OI0010347,O005687,P0237,3,15,47176.59,7076.49,40100.1
OI0010348,O001784,P0153,2,10,52135.1,5213.51,46921.59
OI0010349,O008500,P0286,2,25,21429.34,5357.34,16072.0
OI0010350,O003096,P0168,2,10,78350.1,7835.01,70515.09
OI0010351,O003443,P0025,1,25,44562.04,11140.51,33421.53
OI0010352,O005698,P0010,4,0,106832.2,0.0,106832.2
OI0010353,O009922,P0163,1,10,15410.12,1541.01,13869.11
OI0010354,O009335,P0283,3,5,81625.44,4081.27,77544.17
OI0010355,O000062,P0252,4,5,153874.8,7693.74,146181.06
OI0010356,O009213,P0062,2,0,53587.16,0.0,53587.16
OI0010357,O009616,P0208,1,5,27833.51,1391.68,26441.83
OI0010358,O008744,P0149,4,10,58032.2,5803.22,52228.98
OI0010359,O007386,P0169,4,15,91495.44,13724.32,77771.12
OI0010360,O003008,P0147,4,25,118291.0,29572.75,88718.25
OI0010361,O008759,P0294,2,0,57483.66,0.0,57483.66
OI0010362,O004943,P0004,1,15,23290.06,3493.51,19796.55
OI0010363,O001008,P0078,2,0,22421.88,0.0,22421.88
OI0010364,O007257,P0065,2,20,62232.94,12446.59,49786.35
OI0010365,O007421,P0104,2,10,77482.04,7748.2,69733.84
OI0010366,O005503,P0083,1,20,47199.69,9439.94,37759.75
OI0010367,O001637,P0048,1,5,47730.5,2386.52,45343.98
OI0010368,O008753,P0264,1,5,10883.91,544.2,10339.71
OI0010369,O000362,P0133,1,0,14450.81,0.0,14450.81
OI0010370,O002820,P0200,3,0,32718.72,0.0,32718.72
OI0010371,O007555,P0177,2,20,50934.46,10186.89,40747.57
OI0010372,O003312,P0198,1,5,40488.92,2024.45,38464.47
OI0010373,O001849,P0099,1,5,1153.81,57.69,1096.12
OI0010374,O005435,P0116,2,10,93897.48,9389.75,84507.73
OI0010375,O002672,P0060,4,15,15192.52,2278.88,12913.64
OI0010376,O009451,P0020,2,0,61193.22,0.0,61193.22
OI0010377,O008054,P0291,2,10,1888.14,188.81,1699.33
OI0010378,O006418,P0090,4,10,26263.68,2626.37,23637.31
OI0010379,O009365,P0084,1,20,40248.3,8049.66,32198.64
OI0010380,O002616,P0231,3,0,70763.34,0.0,70763.34
OI0010381,O008884,P0041,4,10,70111.36,7011.14,63100.22
OI0010382,O001918,P0239,3,10,1993.14,199.31,1793.83
OI0010383,O001928,P0172,4,20,32650.72,6530.14,26120.58
OI0010384,O003142,P0300,3,5,30478.32,1523.92,28954.4
OI0010385,O008178,P0134,3,0,30315.18,0.0,30315.18
OI0010386,O001832,P0191,4,10,79151.88,7915.19,71236.69
OI0010387,O007508,P0145,2,15,78324.62,11748.69,66575.93
OI0010388,O007409,P0114,3,10,129118.02,12911.8,116206.22
OI0010389,O007069,P0091,3,10,111002.4,11100.24,99902.16
OI0010390,O002757,P0297,3,0,62558.52,0.0,62558.52
OI0010391,O004259,P0224,3,10,144944.01,14494.4,130449.61
OI0010392,O003155,P0151,4,0,50455.64,0.0,50455.64
OI0010393,O005735,P0038,2,10,59476.34,5947.63,53528.71
OI0010394,O003233,P0169,4,10,91495.44,9149.54,82345.9
OI0010395,O005987,P0031,4,25,73132.0,18283.0,54849.0
OI0010396,O005994,P0123,4,5,77775.52,3888.78,73886.74
OI0010397,O004336,P0080,2,0,54940.16,0.0,54940.16
OI0010398,O001966,P0144,1,15,33677.69,5051.65,28626.04
OI0010399,O009928,P0068,2,0,82540.42,0.0,82540.42
OI0010400,O000671,P0069,3,10,60679.17,6067.92,54611.25
OI0010401,O003275,P0182,4,0,164113.72,0.0,164113.72
OI0010402,O001221,P0220,4,10,92891.84,9289.18,83602.66
OI0010403,O009258,P0298,4,10,186121.96,18612.2,167509.76
OI0010404,O006358,P0192,4,15,169428.92,25414.34,144014.58
OI0010405,O008445,P0126,1,5,43634.79,2181.74,41453.05
OI0010406,O004113,P0019,1,0,16251.46,0.0,16251.46
OI0010407,O003732,P0089,4,10,102430.4,10243.04,92187.36
OI0010408,O004075,P0083,2,20,94399.38,18879.88,75519.5
OI0010409,O008308,P0259,1,10,46277.18,4627.72,41649.46
OI0010410,O006012,P0264,2,5,21767.82,1088.39,20679.43
OI0010411,O001228,P0218,1,5,35978.32,1798.92,34179.4
OI0010412,O000693,P0275,3,10,80902.95,8090.3,72812.65
OI0010413,O000812,P0119,3,0,66655.14,0.0,66655.14
OI0010414,O002036,P0209,3,10,28690.35,2869.04,25821.31
OI0010415,O000151,P0269,1,0,38347.09,0.0,38347.09
OI0010416,O002294,P0059,2,0,83342.8,0.0,83342.8
OI0010417,O009274,P0185,1,5,14418.15,720.91,13697.24
OI0010418,O008699,P0012,3,15,104910.39,15736.56,89173.83
OI0010419,O003768,P0224,1,20,48314.67,9662.93,38651.74
OI0010420,O009308,P0088,3,5,118773.0,5938.65,112834.35
OI0010421,O007781,P0098,3,10,60133.2,6013.32,54119.88
OI0010422,O009822,P0176,2,0,7245.6,0.0,7245.6
OI0010423,O001965,P0068,4,25,165080.84,41270.21,123810.63
OI0010424,O006045,P0153,3,15,78202.65,11730.4,66472.25
OI0010425,O007566,P0152,2,0,22796.72,0.0,22796.72
OI0010426,O004142,P0279,4,20,73552.64,14710.53,58842.11
OI0010427,O008347,P0079,1,5,13857.24,692.86,13164.38
OI0010428,O004607,P0189,4,5,193464.88,9673.24,183791.64
OI0010429,O005546,P0120,4,5,15039.4,751.97,14287.43
OI0010430,O000030,P0266,2,10,76182.8,7618.28,68564.52
OI0010431,O000721,P0010,2,0,53416.1,0.0,53416.1
OI0010432,O009539,P0070,3,15,15894.72,2384.21,13510.51
OI0010433,O003288,P0244,4,25,137838.2,34459.55,103378.65
OI0010434,O003804,P0111,3,20,135566.13,27113.23,108452.9
OI0010435,O006179,P0215,2,20,21820.48,4364.1,17456.38
OI0010436,O002053,P0014,3,15,28836.18,4325.43,24510.75
OI0010437,O005126,P0292,4,5,53493.64,2674.68,50818.96
OI0010438,O001271,P0255,1,0,12286.21,0.0,12286.21
OI0010439,O001117,P0256,1,5,49584.32,2479.22,47105.1
OI0010440,O001815,P0015,3,0,70730.58,0.0,70730.58
OI0010441,O006125,P0172,2,20,16325.36,3265.07,13060.29
OI0010442,O004411,P0130,1,5,34827.64,1741.38,33086.26
OI0010443,O003262,P0063,4,20,76324.84,15264.97,61059.87
OI0010444,O008037,P0280,2,5,39519.46,1975.97,37543.49
OI0010445,O004640,P0256,1,0,49584.32,0.0,49584.32
OI0010446,O006913,P0002,4,20,185856.96,37171.39,148685.57
OI0010447,O002481,P0082,1,15,6869.27,1030.39,5838.88
OI0010448,O005356,P0092,3,10,59892.06,5989.21,53902.85
OI0010449,O009756,P0217,4,0,34601.28,0.0,34601.28
OI0010450,O003271,P0007,3,5,43655.88,2182.79,41473.09
OI0010451,O003493,P0061,4,0,138383.64,0.0,138383.64
OI0010452,O009757,P0109,2,20,70089.42,14017.88,56071.54
OI0010453,O006256,P0130,3,0,104482.92,0.0,104482.92
OI0010454,O005228,P0045,3,10,22353.93,2235.39,20118.54
OI0010455,O004531,P0251,4,25,98773.88,24693.47,74080.41
OI0010456,O007636,P0201,3,10,107512.95,10751.3,96761.65
OI0010457,O001897,P0123,4,10,77775.52,7777.55,69997.97
OI0010458,O002237,P0007,1,20,14551.96,2910.39,11641.57
OI0010459,O005685,P0029,4,15,16388.28,2458.24,13930.04
OI0010460,O007867,P0152,2,10,22796.72,2279.67,20517.05
OI0010461,O002055,P0257,2,0,20059.42,0.0,20059.42
OI0010462,O003539,P0097,4,10,48983.64,4898.36,44085.28
OI0010463,O001100,P0226,4,0,41529.12,0.0,41529.12
OI0010464,O002628,P0299,2,10,78572.34,7857.23,70715.11
OI0010465,O007687,P0079,3,0,41571.72,0.0,41571.72
OI0010466,O008923,P0075,2,5,71904.52,3595.23,68309.29
OI0010467,O006284,P0038,2,0,59476.34,0.0,59476.34
OI0010468,O004563,P0148,1,0,10189.7,0.0,10189.7
OI0010469,O001844,P0243,4,15,53657.64,8048.65,45608.99
OI0010470,O001233,P0055,2,25,11047.22,2761.8,8285.42
OI0010471,O000082,P0017,3,10,79694.7,7969.47,71725.23
OI0010472,O006915,P0100,1,0,38669.39,0.0,38669.39
OI0010473,O004192,P0098,1,5,20044.4,1002.22,19042.18
OI0010474,O009288,P0139,1,0,24281.93,0.0,24281.93
OI0010475,O005172,P0078,4,0,44843.76,0.0,44843.76
OI0010476,O004560,P0266,2,25,76182.8,19045.7,57137.1
OI0010477,O005381,P0279,4,10,73552.64,7355.26,66197.38
OI0010478,O009019,P0044,1,0,5545.58,0.0,5545.58
OI0010479,O001817,P0203,1,15,17435.14,2615.27,14819.87
OI0010480,O002062,P0247,1,0,1993.66,0.0,1993.66
OI0010481,O000717,P0283,2,0,54416.96,0.0,54416.96
OI0010482,O000564,P0176,1,10,3622.8,362.28,3260.52
OI0010483,O002329,P0037,2,5,3763.4,188.17,3575.23
OI0010484,O009426,P0064,4,20,68578.76,13715.75,54863.01
OI0010485,O001317,P0045,3,10,22353.93,2235.39,20118.54
OI0010486,O002758,P0058,4,0,117690.64,0.0,117690.64
OI0010487,O009625,P0065,4,10,124465.88,12446.59,112019.29
OI0010488,O001428,P0240,2,15,3682.5,552.38,3130.12
OI0010489,O005689,P0112,4,10,21586.8,2158.68,19428.12
OI0010490,O007349,P0259,3,5,138831.54,6941.58,131889.96
OI0010491,O002385,P0090,3,5,19697.76,984.89,18712.87
OI0010492,O008416,P0242,3,15,102790.32,15418.55,87371.77
OI0010493,O008509,P0266,4,10,152365.6,15236.56,137129.04
OI0010494,O008001,P0266,1,0,38091.4,0.0,38091.4
OI0010495,O000293,P0295,2,10,92602.86,9260.29,83342.57
OI0010496,O001535,P0065,2,10,62232.94,6223.29,56009.65
OI0010497,O009744,P0244,1,20,34459.55,6891.91,27567.64
OI0010498,O001392,P0293,2,0,51595.46,0.0,51595.46
OI0010499,O001021,P0290,4,0,103862.32,0.0,103862.32
OI0010500,O006148,P0078,1,20,11210.94,2242.19,8968.75
OI0010501,O000620,P0294,1,0,28741.83,0.0,28741.83
OI0010502,O009489,P0103,4,0,131012.76,0.0,131012.76
OI0010503,O005098,P0074,4,0,67973.76,0.0,67973.76
OI0010504,O003754,P0029,2,20,8194.14,1638.83,6555.31
OI0010505,O002658,P0178,4,0,66316.8,0.0,66316.8
OI0010506,O009873,P0249,3,5,52166.88,2608.34,49558.54
OI0010507,O008869,P0254,3,10,40858.8,4085.88,36772.92
OI0010508,O005378,P0260,4,0,30057.8,0.0,30057.8
OI0010509,O007800,P0097,3,10,36737.73,3673.77,33063.96
OI0010510,O005514,P0238,1,15,31962.54,4794.38,27168.16
OI0010511,O000783,P0152,3,0,34195.08,0.0,34195.08
OI0010512,O008506,P0169,1,0,22873.86,0.0,22873.86
OI0010513,O006574,P0022,1,5,33651.89,1682.59,31969.3
OI0010514,O001717,P0010,3,15,80124.15,12018.62,68105.53
OI0010515,O008446,P0044,4,20,22182.32,4436.46,17745.86
OI0010516,O002872,P0188,3,0,125431.26,0.0,125431.26
OI0010517,O001699,P0154,1,10,28220.9,2822.09,25398.81
OI0010518,O008356,P0140,4,5,100604.64,5030.23,95574.41
OI0010519,O008165,P0020,1,5,30596.61,1529.83,29066.78
OI0010520,O003402,P0291,3,10,2832.21,283.22,2548.99
OI0010521,O006649,P0214,2,15,50083.56,7512.53,42571.03
OI0010522,O008541,P0063,4,0,76324.84,0.0,76324.84
OI0010523,O000930,P0145,1,0,39162.31,0.0,39162.31
OI0010524,O004632,P0215,4,10,43640.96,4364.1,39276.86
OI0010525,O002229,P0087,1,5,17908.98,895.45,17013.53
OI0010526,O006683,P0242,3,0,102790.32,0.0,102790.32
OI0010527,O005577,P0279,3,0,55164.48,0.0,55164.48
OI0010528,O007242,P0223,3,25,21255.36,5313.84,15941.52
OI0010529,O009871,P0143,1,5,18943.1,947.16,17995.94
OI0010530,O001027,P0136,3,5,3364.56,168.23,3196.33
OI0010531,O006940,P0117,2,0,72340.2,0.0,72340.2
OI0010532,O007591,P0071,2,15,6523.98,978.6,5545.38
OI0010533,O004638,P0023,3,25,11764.05,2941.01,8823.04
OI0010534,O009785,P0081,1,25,7395.86,1848.96,5546.9
OI0010535,O000791,P0297,3,5,62558.52,3127.93,59430.59
OI0010536,O009630,P0089,3,25,76822.8,19205.7,57617.1
OI0010537,O008592,P0288,1,5,1195.58,59.78,1135.8
OI0010538,O002468,P0193,2,5,42917.76,2145.89,40771.87
OI0010539,O009502,P0027,2,20,98890.02,19778.0,79112.02
OI0010540,O005477,P0218,1,15,35978.32,5396.75,30581.57
OI0010541,O001104,P0073,3,10,57391.44,5739.14,51652.3
OI0010542,O004864,P0181,3,5,47362.98,2368.15,44994.83
OI0010543,O000860,P0010,1,25,26708.05,6677.01,20031.04
OI0010544,O006548,P0051,2,5,73440.8,3672.04,69768.76
OI0010545,O001486,P0160,1,20,12898.18,2579.64,10318.54
OI0010546,O005229,P0193,4,15,85835.52,12875.33,72960.19
OI0010547,O005925,P0046,1,0,1864.21,0.0,1864.21
OI0010548,O008659,P0200,2,0,21812.48,0.0,21812.48
OI0010549,O003281,P0103,1,0,32753.19,0.0,32753.19
OI0010550,O004286,P0138,4,0,5104.08,0.0,5104.08
OI0010551,O007105,P0236,3,10,3339.36,333.94,3005.42
OI0010552,O005725,P0190,3,0,66132.12,0.0,66132.12
OI0010553,O009688,P0117,4,0,144680.4,0.0,144680.4
OI0010554,O002131,P0071,4,0,13047.96,0.0,13047.96
OI0010555,O006858,P0211,1,10,13035.21,1303.52,11731.69
OI0010556,O009508,P0285,1,0,4641.49,0.0,4641.49
OI0010557,O001184,P0272,2,5,42367.14,2118.36,40248.78
OI0010558,O005427,P0231,1,5,23587.78,1179.39,22408.39
OI0010559,O005492,P0197,4,5,106768.08,5338.4,101429.68
OI0010560,O006587,P0273,3,25,119196.09,29799.02,89397.07
OI0010561,O000767,P0209,2,25,19126.9,4781.73,14345.17
OI0010562,O006935,P0042,4,0,94232.8,0.0,94232.8
OI0010563,O005776,P0096,1,0,17286.15,0.0,17286.15
OI0010564,O003650,P0247,4,0,7974.64,0.0,7974.64
OI0010565,O007016,P0296,3,5,97011.63,4850.58,92161.05
OI0010566,O003910,P0270,1,20,17071.3,3414.26,13657.04
OI0010567,O006858,P0160,1,15,12898.18,1934.73,10963.45
OI0010568,O005090,P0151,2,5,25227.82,1261.39,23966.43
OI0010569,O007870,P0060,1,15,3798.13,569.72,3228.41
OI0010570,O006558,P0012,2,25,69940.26,17485.06,52455.2
OI0010571,O000420,P0086,4,0,81784.32,0.0,81784.32
OI0010572,O000262,P0117,2,25,72340.2,18085.05,54255.15
OI0010573,O000903,P0058,4,15,117690.64,17653.6,100037.04
OI0010574,O007227,P0278,1,0,30845.96,0.0,30845.96
OI0010575,O000915,P0192,2,15,84714.46,12707.17,72007.29
OI0010576,O000050,P0280,4,0,79038.92,0.0,79038.92
OI0010577,O007922,P0020,2,0,61193.22,0.0,61193.22
OI0010578,O002010,P0131,2,15,10928.16,1639.22,9288.94
OI0010579,O000632,P0199,4,20,156317.96,31263.59,125054.37
OI0010580,O001574,P0023,2,5,7842.7,392.14,7450.56
OI0010581,O007911,P0033,4,0,84137.96,0.0,84137.96
OI0010582,O007569,P0046,1,10,1864.21,186.42,1677.79
OI0010583,O008915,P0035,4,0,127137.24,0.0,127137.24
OI0010584,O002311,P0022,2,10,67303.78,6730.38,60573.4
OI0010585,O008401,P0034,1,5,22153.58,1107.68,21045.9
OI0010586,O000889,P0036,3,10,116303.94,11630.39,104673.55
OI0010587,O006451,P0101,4,5,34848.24,1742.41,33105.83
OI0010588,O008295,P0154,1,0,28220.9,0.0,28220.9
OI0010589,O007660,P0041,2,15,35055.68,5258.35,29797.33
OI0010590,O006753,P0010,4,10,106832.2,10683.22,96148.98
OI0010591,O006923,P0114,2,5,86078.68,4303.93,81774.75
OI0010592,O004448,P0042,3,10,70674.6,7067.46,63607.14
OI0010593,O002140,P0139,3,5,72845.79,3642.29,69203.5
OI0010594,O008063,P0072,1,5,2755.45,137.77,2617.68
OI0010595,O005136,P0071,3,5,9785.97,489.3,9296.67
OI0010596,O008030,P0110,2,0,24926.56,0.0,24926.56
OI0010597,O001977,P0107,1,5,10426.34,521.32,9905.02
OI0010598,O001869,P0253,4,20,44948.16,8989.63,35958.53
OI0010599,O002066,P0072,2,25,5510.9,1377.72,4133.18
OI0010600,O008007,P0225,2,0,82172.78,0.0,82172.78
OI0010601,O001916,P0134,2,25,20210.12,5052.53,15157.59
OI0010602,O008369,P0046,4,5,7456.84,372.84,7084.0
OI0010603,O003723,P0080,4,10,109880.32,10988.03,98892.29
OI0010604,O008633,P0112,2,0,10793.4,0.0,10793.4
OI0010605,O006865,P0270,3,10,51213.9,5121.39,46092.51
OI0010606,O002579,P0034,1,10,22153.58,2215.36,19938.22
OI0010607,O005190,P0058,2,15,58845.32,8826.8,50018.52
OI0010608,O007122,P0217,2,10,17300.64,1730.06,15570.58
OI0010609,O002869,P0195,1,25,11699.89,2924.97,8774.92
OI0010610,O008714,P0105,2,15,81455.38,12218.31,69237.07
OI0010611,O001281,P0269,1,25,38347.09,9586.77,28760.32
OI0010612,O005377,P0126,1,10,43634.79,4363.48,39271.31
OI0010613,O006703,P0234,3,5,90926.13,4546.31,86379.82
OI0010614,O003302,P0085,1,10,9195.61,919.56,8276.05
OI0010615,O002715,P0201,1,10,35837.65,3583.76,32253.89
OI0010616,O007386,P0104,4,5,154964.08,7748.2,147215.88
OI0010617,O005002,P0223,1,5,7085.12,354.26,6730.86
OI0010618,O006062,P0045,2,20,14902.62,2980.52,11922.1
OI0010619,O006536,P0159,1,15,28099.02,4214.85,23884.17
OI0010620,O009185,P0169,1,10,22873.86,2287.39,20586.47
OI0010621,O009150,P0046,4,10,7456.84,745.68,6711.16
OI0010622,O009117,P0258,3,5,86579.73,4328.99,82250.74
OI0010623,O008245,P0124,3,5,49942.95,2497.15,47445.8
OI0010624,O003042,P0140,3,0,75453.48,0.0,75453.48
OI0010625,O007643,P0043,4,10,67355.96,6735.6,60620.36
OI0010626,O006131,P0051,3,0,110161.2,0.0,110161.2
OI0010627,O001585,P0276,1,25,49757.94,12439.48,37318.46
OI0010628,O007792,P0229,2,5,14180.5,709.02,13471.48
OI0010629,O003269,P0225,2,0,82172.78,0.0,82172.78
OI0010630,O008874,P0203,2,0,34870.28,0.0,34870.28
OI0010631,O008822,P0173,3,15,60080.52,9012.08,51068.44
OI0010632,O003147,P0082,4,10,27477.08,2747.71,24729.37
OI0010633,O001857,P0031,4,15,73132.0,10969.8,62162.2
OI0010634,O004301,P0041,3,15,52583.52,7887.53,44695.99
OI0010635,O005716,P0209,4,0,38253.8,0.0,38253.8
OI0010636,O002594,P0274,1,0,23348.52,0.0,23348.52
OI0010637,O005473,P0096,4,5,69144.6,3457.23,65687.37
OI0010638,O002574,P0010,3,0,80124.15,0.0,80124.15
OI0010639,O009548,P0265,4,0,127099.76,0.0,127099.76
OI0010640,O002817,P0155,4,10,189029.52,18902.95,170126.57
OI0010641,O000776,P0282,1,10,46905.77,4690.58,42215.19
OI0010642,O004498,P0249,1,20,17388.96,3477.79,13911.17
OI0010643,O004736,P0085,2,0,18391.22,0.0,18391.22
OI0010644,O000735,P0029,4,10,16388.28,1638.83,14749.45
OI0010645,O002115,P0020,3,20,91789.83,18357.97,73431.86
OI0010646,O001174,P0143,3,0,56829.3,0.0,56829.3
OI0010647,O009429,P0180,1,20,1392.98,278.6,1114.38
OI0010648,O009765,P0215,2,5,21820.48,1091.02,20729.46
OI0010649,O009717,P0106,1,20,24775.76,4955.15,19820.61
OI0010650,O006947,P0129,1,15,8079.39,1211.91,6867.48
OI0010651,O009599,P0004,1,15,23290.06,3493.51,19796.55
OI0010652,O005668,P0220,3,0,69668.88,0.0,69668.88
OI0010653,O001242,P0185,4,25,57672.6,14418.15,43254.45
OI0010654,O003841,P0188,4,5,167241.68,8362.08,158879.6
OI0010655,O005296,P0291,3,0,2832.21,0.0,2832.21
OI0010656,O005850,P0163,3,15,46230.36,6934.55,39295.81
OI0010657,O002536,P0101,2,20,17424.12,3484.82,13939.3
OI0010658,O009186,P0155,3,25,141772.14,35443.04,106329.1
OI0010659,O008539,P0175,2,10,94824.1,9482.41,85341.69
OI0010660,O004590,P0269,4,5,153388.36,7669.42,145718.94
OI0010661,O009703,P0262,4,10,189533.48,18953.35,170580.13
OI0010662,O006221,P0087,2,5,35817.96,1790.9,34027.06
OI0010663,O001959,P0161,3,5,39822.0,1991.1,37830.9
OI0010664,O009168,P0137,3,10,66000.93,6600.09,59400.84
OI0010665,O002051,P0186,2,20,30083.04,6016.61,24066.43
OI0010666,O002586,P0038,3,20,89214.51,17842.9,71371.61
OI0010667,O007621,P0240,1,0,1841.25,0.0,1841.25
OI0010668,O000003,P0300,2,0,20318.88,0.0,20318.88
OI0010669,O005944,P0032,3,0,126796.56,0.0,126796.56
OI0010670,O002844,P0226,2,10,20764.56,2076.46,18688.1
OI0010671,O002287,P0106,2,0,49551.52,0.0,49551.52
OI0010672,O001268,P0059,3,10,125014.2,12501.42,112512.78
OI0010673,O002475,P0100,3,15,116008.17,17401.23,98606.94
OI0010674,O008734,P0174,2,20,58162.8,11632.56,46530.24
OI0010675,O001426,P0141,3,20,48653.37,9730.67,38922.7
OI0010676,O005637,P0247,3,0,5980.98,0.0,5980.98
OI0010677,O000731,P0069,2,5,40452.78,2022.64,38430.14
OI0010678,O008334,P0064,1,0,17144.69,0.0,17144.69
OI0010679,O002814,P0154,4,15,112883.6,16932.54,95951.06
OI0010680,O005193,P0049,3,15,17878.89,2681.83,15197.06
OI0010681,O000964,P0211,4,0,52140.84,0.0,52140.84
OI0010682,O008885,P0236,1,0,1113.12,0.0,1113.12
OI0010683,O007897,P0220,1,5,23222.96,1161.15,22061.81
OI0010684,O002463,P0194,1,0,27689.5,0.0,27689.5
OI0010685,O003387,P0259,1,10,46277.18,4627.72,41649.46
OI0010686,O006880,P0149,4,0,58032.2,0.0,58032.2
OI0010687,O002498,P0167,3,20,106108.14,21221.63,84886.51
OI0010688,O002804,P0038,4,10,118952.68,11895.27,107057.41
OI0010689,O001218,P0028,1,10,47462.66,4746.27,42716.39
OI0010690,O000526,P0102,2,10,4770.9,477.09,4293.81
OI0010691,O007567,P0062,3,10,80380.74,8038.07,72342.67
OI0010692,O000281,P0273,4,10,158928.12,15892.81,143035.31
OI0010693,O005578,P0168,4,0,156700.2,0.0,156700.2
OI0010694,O003420,P0231,3,5,70763.34,3538.17,67225.17
OI0010695,O003824,P0110,4,15,49853.12,7477.97,42375.15
OI0010696,O001722,P0035,4,5,127137.24,6356.86,120780.38
OI0010697,O006522,P0210,4,5,172041.36,8602.07,163439.29
OI0010698,O001784,P0185,1,10,14418.15,1441.82,12976.33
OI0010699,O008693,P0213,3,10,72415.68,7241.57,65174.11
OI0010700,O000084,P0281,4,10,139367.64,13936.76,125430.88
OI0010701,O005162,P0271,1,25,8945.2,2236.3,6708.9
OI0010702,O008226,P0249,1,0,17388.96,0.0,17388.96
OI0010703,O009390,P0147,3,10,88718.25,8871.83,79846.42
OI0010704,O003800,P0179,2,0,51025.84,0.0,51025.84
OI0010705,O003445,P0141,3,10,48653.37,4865.34,43788.03
OI0010706,O006967,P0096,3,0,51858.45,0.0,51858.45
OI0010707,O004053,P0206,3,20,67962.0,13592.4,54369.6
OI0010708,O004056,P0025,2,5,89124.08,4456.2,84667.88
OI0010709,O005253,P0256,3,5,148752.96,7437.65,141315.31
OI0010710,O003033,P0211,3,10,39105.63,3910.56,35195.07
OI0010711,O005163,P0151,4,10,50455.64,5045.56,45410.08
OI0010712,O004200,P0211,3,5,39105.63,1955.28,37150.35
OI0010713,O003758,P0081,3,0,22187.58,0.0,22187.58
OI0010714,O006305,P0109,3,10,105134.13,10513.41,94620.72
OI0010715,O009029,P0138,4,5,5104.08,255.2,4848.88
OI0010716,O003855,P0281,2,0,69683.82,0.0,69683.82
OI0010717,O009770,P0186,3,10,45124.56,4512.46,40612.1
OI0010718,O007055,P0091,4,10,148003.2,14800.32,133202.88
OI0010719,O006081,P0064,3,10,51434.07,5143.41,46290.66
OI0010720,O006847,P0172,1,0,8162.68,0.0,8162.68
OI0010721,O003128,P0152,4,10,45593.44,4559.34,41034.1
OI0010722,O006946,P0242,3,15,102790.32,15418.55,87371.77
OI0010723,O005314,P0152,1,0,11398.36,0.0,11398.36
OI0010724,O007633,P0020,3,10,91789.83,9178.98,82610.85
OI0010725,O001910,P0032,3,0,126796.56,0.0,126796.56
OI0010726,O008261,P0162,3,5,6461.4,323.07,6138.33
OI0010727,O009870,P0052,4,5,127785.76,6389.29,121396.47
OI0010728,O001228,P0255,4,15,49144.84,7371.73,41773.11
OI0010729,O008004,P0038,4,0,118952.68,0.0,118952.68
OI0010730,O003259,P0270,1,5,17071.3,853.56,16217.74
OI0010731,O004298,P0152,2,20,22796.72,4559.34,18237.38
OI0010732,O000423,P0200,2,15,21812.48,3271.87,18540.61
OI0010733,O007326,P0264,4,10,43535.64,4353.56,39182.08
OI0010734,O009519,P0134,2,5,20210.12,1010.51,19199.61
OI0010735,O001150,P0234,3,15,90926.13,13638.92,77287.21
OI0010736,O004013,P0171,2,10,39038.04,3903.8,35134.24
OI0010737,O007150,P0280,2,5,39519.46,1975.97,37543.49
OI0010738,O008505,P0067,1,5,24908.56,1245.43,23663.13
OI0010739,O007044,P0006,2,10,61054.32,6105.43,54948.89
OI0010740,O007055,P0066,4,25,178282.28,44570.57,133711.71
OI0010741,O000621,P0144,3,10,101033.07,10103.31,90929.76
OI0010742,O000594,P0062,3,15,80380.74,12057.11,68323.63
OI0010743,O004540,P0233,4,5,149449.96,7472.5,141977.46
OI0010744,O000612,P0213,4,25,96554.24,24138.56,72415.68
OI0010745,O008819,P0146,3,5,79891.14,3994.56,75896.58
OI0010746,O009619,P0251,1,0,24693.47,0.0,24693.47
OI0010747,O007887,P0113,4,20,196547.48,39309.5,157237.98
OI0010748,O007724,P0080,3,10,82410.24,8241.02,74169.22
OI0010749,O000502,P0146,1,0,26630.38,0.0,26630.38
OI0010750,O009366,P0270,3,0,51213.9,0.0,51213.9
OI0010751,O001928,P0154,3,25,84662.7,21165.68,63497.02
OI0010752,O009541,P0070,1,10,5298.24,529.82,4768.42
OI0010753,O003708,P0267,4,10,197212.76,19721.28,177491.48
OI0010754,O003361,P0002,4,5,185856.96,9292.85,176564.11
OI0010755,O008076,P0281,2,0,69683.82,0.0,69683.82
OI0010756,O007887,P0250,4,10,22007.16,2200.72,19806.44
OI0010757,O002876,P0250,4,5,22007.16,1100.36,20906.8
OI0010758,O001578,P0168,1,25,39175.05,9793.76,29381.29
OI0010759,O004298,P0009,1,0,27316.66,0.0,27316.66
OI0010760,O006716,P0140,3,0,75453.48,0.0,75453.48
OI0010761,O003434,P0042,1,5,23558.2,1177.91,22380.29
OI0010762,O002425,P0124,1,15,16647.65,2497.15,14150.5
OI0010763,O006209,P0181,3,15,47362.98,7104.45,40258.53
OI0010764,O000534,P0158,3,0,122695.53,0.0,122695.53
OI0010765,O007616,P0070,2,5,10596.48,529.82,10066.66
OI0010766,O003455,P0226,1,0,10382.28,0.0,10382.28
OI0010767,O005144,P0060,2,5,7596.26,379.81,7216.45
OI0010768,O003873,P0121,2,0,39207.88,0.0,39207.88
OI0010769,O006917,P0055,2,25,11047.22,2761.8,8285.42
OI0010770,O001506,P0255,4,20,49144.84,9828.97,39315.87
OI0010771,O009534,P0059,3,0,125014.2,0.0,125014.2
OI0010772,O001759,P0036,1,10,38767.98,3876.8,34891.18
OI0010773,O001945,P0058,2,25,58845.32,14711.33,44133.99
OI0010774,O005570,P0107,3,5,31279.02,1563.95,29715.07
OI0010775,O001556,P0093,3,5,39877.89,1993.89,37884.0
OI0010776,O006776,P0093,4,5,53170.52,2658.53,50511.99
OI0010777,O001603,P0014,1,10,9612.06,961.21,8650.85
OI0010778,O009914,P0202,2,10,80083.42,8008.34,72075.08
OI0010779,O002554,P0258,4,0,115439.64,0.0,115439.64
OI0010780,O004521,P0199,3,0,117238.47,0.0,117238.47
OI0010781,O008768,P0120,2,15,7519.7,1127.96,6391.74
OI0010782,O000870,P0291,1,25,944.07,236.02,708.05
OI0010783,O001326,P0220,4,10,92891.84,9289.18,83602.66
OI0010784,O006588,P0168,2,20,78350.1,15670.02,62680.08
OI0010785,O002792,P0178,3,20,49737.6,9947.52,39790.08
OI0010786,O009402,P0154,2,5,56441.8,2822.09,53619.71
OI0010787,O004248,P0143,4,5,75772.4,3788.62,71983.78
OI0010788,O006051,P0215,3,15,32730.72,4909.61,27821.11
OI0010789,O003607,P0138,2,25,2552.04,638.01,1914.03
OI0010790,O003964,P0245,1,20,39663.34,7932.67,31730.67
OI0010791,O005334,P0283,4,5,108833.92,5441.7,103392.22
OI0010792,O003728,P0241,4,5,170492.08,8524.6,161967.48
OI0010793,O008134,P0146,4,15,106521.52,15978.23,90543.29
OI0010794,O005607,P0288,4,5,4782.32,239.12,4543.2
OI0010795,O007866,P0229,1,20,7090.25,1418.05,5672.2
OI0010796,O003839,P0106,3,10,74327.28,7432.73,66894.55
OI0010797,O009535,P0077,1,5,2731.53,136.58,2594.95
OI0010798,O009882,P0240,1,5,1841.25,92.06,1749.19
OI0010799,O009097,P0059,2,15,83342.8,12501.42,70841.38
OI0010800,O004720,P0187,2,0,38554.9,0.0,38554.9
OI0010801,O000536,P0253,2,25,22474.08,5618.52,16855.56
OI0010802,O000687,P0266,2,5,76182.8,3809.14,72373.66
OI0010803,O003773,P0014,2,20,19224.12,3844.82,15379.3
OI0010804,O006757,P0245,1,15,39663.34,5949.5,33713.84
OI0010805,O008930,P0179,4,15,102051.68,15307.75,86743.93
OI0010806,O001181,P0101,1,15,8712.06,1306.81,7405.25
OI0010807,O002914,P0083,3,10,141599.07,14159.91,127439.16
OI0010808,O000788,P0113,2,5,98273.74,4913.69,93360.05
OI0010809,O000773,P0094,3,10,56696.49,5669.65,51026.84
OI0010810,O008428,P0231,4,10,94351.12,9435.11,84916.01
OI0010811,O004574,P0100,2,5,77338.78,3866.94,73471.84
OI0010812,O007547,P0240,4,10,7365.0,736.5,6628.5
OI0010813,O000690,P0160,2,5,25796.36,1289.82,24506.54
OI0010814,O007956,P0091,1,15,37000.8,5550.12,31450.68
OI0010815,O005589,P0279,4,20,73552.64,14710.53,58842.11
OI0010816,O005268,P0034,2,15,44307.16,6646.07,37661.09
OI0010817,O008966,P0203,2,5,34870.28,1743.51,33126.77
OI0010818,O008343,P0279,1,10,18388.16,1838.82,16549.34
OI0010819,O009693,P0300,2,0,20318.88,0.0,20318.88
OI0010820,O003234,P0106,4,20,99103.04,19820.61,79282.43
OI0010821,O009819,P0168,1,0,39175.05,0.0,39175.05
OI0010822,O009658,P0184,2,5,45276.02,2263.8,43012.22
OI0010823,O008318,P0200,4,0,43624.96,0.0,43624.96
OI0010824,O004020,P0014,4,15,38448.24,5767.24,32681.0
OI0010825,O004212,P0239,1,10,664.38,66.44,597.94
OI0010826,O005987,P0240,4,5,7365.0,368.25,6996.75
OI0010827,O002588,P0246,3,10,46432.08,4643.21,41788.87
OI0010828,O003209,P0063,2,0,38162.42,0.0,38162.42
OI0010829,O007646,P0232,3,15,117567.36,17635.1,99932.26
OI0010830,O003473,P0290,4,5,103862.32,5193.12,98669.2
OI0010831,O005500,P0160,2,10,25796.36,2579.64,23216.72
OI0010832,O004129,P0136,2,20,2243.04,448.61,1794.43
OI0010833,O006973,P0023,3,0,11764.05,0.0,11764.05
OI0010834,O005085,P0294,3,5,86225.49,4311.27,81914.22
OI0010835,O006949,P0235,1,0,34380.06,0.0,34380.06
OI0010836,O002061,P0227,2,25,18940.04,4735.01,14205.03
OI0010837,O007464,P0022,3,5,100955.67,5047.78,95907.89
OI0010838,O003326,P0213,2,0,48277.12,0.0,48277.12
OI0010839,O004455,P0180,1,15,1392.98,208.95,1184.03
OI0010840,O000823,P0157,3,10,96463.35,9646.33,86817.02
OI0010841,O002062,P0141,4,20,64871.16,12974.23,51896.93
OI0010842,O008352,P0229,1,15,7090.25,1063.54,6026.71
OI0010843,O000907,P0170,2,25,69926.2,17481.55,52444.65
OI0010844,O002787,P0126,4,0,174539.16,0.0,174539.16
OI0010845,O009893,P0042,4,0,94232.8,0.0,94232.8
OI0010846,O006942,P0104,1,25,38741.02,9685.25,29055.77
OI0010847,O004429,P0162,1,25,2153.8,538.45,1615.35
OI0010848,O001574,P0243,1,5,13414.41,670.72,12743.69
OI0010849,O003251,P0074,1,10,16993.44,1699.34,15294.1
OI0010850,O001342,P0155,2,5,94514.76,4725.74,89789.02
OI0010851,O004705,P0080,1,15,27470.08,4120.51,23349.57
OI0010852,O002078,P0170,4,15,139852.4,20977.86,118874.54
OI0010853,O004530,P0282,4,0,187623.08,0.0,187623.08
OI0010854,O001031,P0155,1,5,47257.38,2362.87,44894.51
OI0010855,O001831,P0196,1,0,37225.43,0.0,37225.43
OI0010856,O005565,P0105,1,0,40727.69,0.0,40727.69
OI0010857,O000784,P0003,1,0,19021.82,0.0,19021.82
OI0010858,O008907,P0153,4,0,104270.2,0.0,104270.2
OI0010859,O005029,P0153,1,0,26067.55,0.0,26067.55
OI0010860,O007477,P0193,2,5,42917.76,2145.89,40771.87
OI0010861,O008782,P0256,1,0,49584.32,0.0,49584.32
OI0010862,O002711,P0233,2,20,74724.98,14945.0,59779.98
OI0010863,O005498,P0293,1,15,25797.73,3869.66,21928.07
OI0010864,O008379,P0269,2,15,76694.18,11504.13,65190.05
OI0010865,O007519,P0082,3,10,20607.81,2060.78,18547.03
OI0010866,O009244,P0143,2,15,37886.2,5682.93,32203.27
OI0010867,O000490,P0134,4,0,40420.24,0.0,40420.24
OI0010868,O007166,P0295,3,0,138904.29,0.0,138904.29
OI0010869,O009560,P0141,3,25,48653.37,12163.34,36490.03
OI0010870,O004787,P0076,2,5,74383.02,3719.15,70663.87
OI0010871,O001746,P0074,3,0,50980.32,0.0,50980.32
OI0010872,O007881,P0123,3,0,58331.64,0.0,58331.64
OI0010873,O006259,P0154,4,20,112883.6,22576.72,90306.88
OI0010874,O004899,P0022,4,0,134607.56,0.0,134607.56
OI0010875,O009355,P0097,4,10,48983.64,4898.36,44085.28
OI0010876,O005175,P0107,3,15,31279.02,4691.85,26587.17
OI0010877,O008786,P0080,1,25,27470.08,6867.52,20602.56
OI0010878,O002586,P0193,4,0,85835.52,0.0,85835.52
OI0010879,O000559,P0043,1,10,16838.99,1683.9,15155.09
OI0010880,O008702,P0233,4,25,149449.96,37362.49,112087.47
OI0010881,O003569,P0238,2,0,63925.08,0.0,63925.08
OI0010882,O003610,P0171,2,0,39038.04,0.0,39038.04
OI0010883,O000313,P0065,1,0,31116.47,0.0,31116.47
OI0010884,O007377,P0267,4,10,197212.76,19721.28,177491.48
OI0010885,O003192,P0126,2,5,87269.58,4363.48,82906.1
OI0010886,O003663,P0233,4,15,149449.96,22417.49,127032.47
OI0010887,O001968,P0093,2,10,26585.26,2658.53,23926.73
OI0010888,O007209,P0034,4,10,88614.32,8861.43,79752.89
OI0010889,O006133,P0067,4,10,99634.24,9963.42,89670.82
OI0010890,O001792,P0223,1,25,7085.12,1771.28,5313.84
OI0010891,O008024,P0249,1,10,17388.96,1738.9,15650.06
OI0010892,O004050,P0267,4,0,197212.76,0.0,197212.76
OI0010893,O001610,P0050,1,5,47322.97,2366.15,44956.82
OI0010894,O004612,P0110,1,15,12463.28,1869.49,10593.79
OI0010895,O005055,P0200,3,10,32718.72,3271.87,29446.85
OI0010896,O006095,P0266,1,15,38091.4,5713.71,32377.69
OI0010897,O009738,P0008,1,25,8182.39,2045.6,6136.79
OI0010898,O009827,P0158,1,5,40898.51,2044.93,38853.58
OI0010899,O008224,P0164,1,0,37280.26,0.0,37280.26
OI0010900,O002633,P0030,1,25,46682.98,11670.74,35012.24
OI0010901,O002463,P0095,3,10,74961.84,7496.18,67465.66
OI0010902,O006377,P0049,4,0,23838.52,0.0,23838.52
OI0010903,O004495,P0226,1,10,10382.28,1038.23,9344.05
OI0010904,O007346,P0077,3,10,8194.59,819.46,7375.13
OI0010905,O006659,P0113,3,10,147410.61,14741.06,132669.55
OI0010906,O000104,P0250,4,25,22007.16,5501.79,16505.37
OI0010907,O006179,P0030,3,5,140048.94,7002.45,133046.49
OI0010908,O000627,P0071,4,0,13047.96,0.0,13047.96
OI0010909,O006454,P0250,4,25,22007.16,5501.79,16505.37
OI0010910,O006906,P0194,2,0,55379.0,0.0,55379.0
OI0010911,O009626,P0291,4,15,3776.28,566.44,3209.84
OI0010912,O003294,P0046,4,0,7456.84,0.0,7456.84
OI0010913,O007522,P0190,4,20,88176.16,17635.23,70540.93
OI0010914,O005923,P0252,4,25,153874.8,38468.7,115406.1
OI0010915,O007906,P0032,3,0,126796.56,0.0,126796.56
OI0010916,O006384,P0156,1,0,9938.42,0.0,9938.42
OI0010917,O003697,P0085,1,25,9195.61,2298.9,6896.71
OI0010918,O000379,P0256,2,15,99168.64,14875.3,84293.34
OI0010919,O003216,P0019,1,0,16251.46,0.0,16251.46
OI0010920,O004339,P0185,3,0,43254.45,0.0,43254.45
OI0010921,O003921,P0225,3,5,123259.17,6162.96,117096.21
OI0010922,O000069,P0135,3,20,140488.08,28097.62,112390.46
OI0010923,O000716,P0158,4,0,163594.04,0.0,163594.04
OI0010924,O002966,P0263,3,15,132752.04,19912.81,112839.23
OI0010925,O003642,P0239,2,0,1328.76,0.0,1328.76
OI0010926,O006951,P0058,3,10,88267.98,8826.8,79441.18
OI0010927,O001444,P0240,4,15,7365.0,1104.75,6260.25
OI0010928,O004870,P0086,1,0,20446.08,0.0,20446.08
OI0010929,O004784,P0027,4,0,197780.04,0.0,197780.04
OI0010930,O008262,P0040,4,15,69709.16,10456.37,59252.79
OI0010931,O005687,P0234,1,0,30308.71,0.0,30308.71
OI0010932,O009566,P0109,3,15,105134.13,15770.12,89364.01
OI0010933,O006205,P0019,2,10,32502.92,3250.29,29252.63
OI0010934,O003326,P0125,2,10,59695.42,5969.54,53725.88
OI0010935,O002387,P0091,3,0,111002.4,0.0,111002.4
OI0010936,O007006,P0070,3,5,15894.72,794.74,15099.98
OI0010937,O006105,P0024,3,10,69423.33,6942.33,62481.0
OI0010938,O003978,P0254,1,20,13619.6,2723.92,10895.68
OI0010939,O002352,P0152,1,15,11398.36,1709.75,9688.61
OI0010940,O002667,P0158,2,10,81797.02,8179.7,73617.32
OI0010941,O007320,P0167,4,0,141477.52,0.0,141477.52
OI0010942,O005496,P0173,1,0,20026.84,0.0,20026.84
OI0010943,O006428,P0099,2,20,2307.62,461.52,1846.1
OI0010944,O000282,P0245,2,15,79326.68,11899.0,67427.68
OI0010945,O008854,P0242,2,5,68526.88,3426.34,65100.54
OI0010946,O008672,P0177,1,25,25467.23,6366.81,19100.42
OI0010947,O006763,P0163,1,20,15410.12,3082.02,12328.1
OI0010948,O007076,P0148,2,15,20379.4,3056.91,17322.49
OI0010949,O005326,P0292,4,5,53493.64,2674.68,50818.96
OI0010950,O008741,P0147,2,5,59145.5,2957.28,56188.22
OI0010951,O008835,P0168,4,25,156700.2,39175.05,117525.15
OI0010952,O009180,P0109,3,5,105134.13,5256.71,99877.42
OI0010953,O007232,P0022,2,20,67303.78,13460.76,53843.02
OI0010954,O000364,P0193,2,25,42917.76,10729.44,32188.32
OI0010955,O007386,P0255,3,10,36858.63,3685.86,33172.77
OI0010956,O003688,P0227,2,15,18940.04,2841.01,16099.03
OI0010957,O006551,P0151,1,0,12613.91,0.0,12613.91
OI0010958,O004066,P0152,1,15,11398.36,1709.75,9688.61
OI0010959,O005178,P0295,2,0,92602.86,0.0,92602.86
OI0010960,O003980,P0087,3,15,53726.94,8059.04,45667.9
OI0010961,O002313,P0038,3,0,89214.51,0.0,89214.51
OI0010962,O009542,P0127,1,10,2568.64,256.86,2311.78
OI0010963,O009362,P0175,1,10,47412.05,4741.2,42670.85
OI0010964,O006512,P0103,3,10,98259.57,9825.96,88433.61
OI0010965,O000591,P0201,4,15,143350.6,21502.59,121848.01
OI0010966,O005959,P0221,4,15,143042.12,21456.32,121585.8
OI0010967,O007148,P0169,2,15,45747.72,6862.16,38885.56
OI0010968,O007305,P0107,2,10,20852.68,2085.27,18767.41
OI0010969,O008876,P0074,4,25,67973.76,16993.44,50980.32
OI0010970,O000131,P0048,4,10,190922.0,19092.2,171829.8
OI0010971,O003744,P0072,2,5,5510.9,275.54,5235.36
OI0010972,O006966,P0191,2,0,39575.94,0.0,39575.94
OI0010973,O001973,P0184,4,10,90552.04,9055.2,81496.84
OI0010974,O006578,P0023,3,0,11764.05,0.0,11764.05
OI0010975,O002155,P0028,3,5,142387.98,7119.4,135268.58
OI0010976,O002074,P0169,3,0,68621.58,0.0,68621.58
OI0010977,O004009,P0010,2,10,53416.1,5341.61,48074.49
OI0010978,O002687,P0107,2,20,20852.68,4170.54,16682.14
OI0010979,O006522,P0138,4,5,5104.08,255.2,4848.88
OI0010980,O007816,P0243,4,20,53657.64,10731.53,42926.11
OI0010981,O007192,P0029,1,0,4097.07,0.0,4097.07
OI0010982,O008461,P0041,3,15,52583.52,7887.53,44695.99
OI0010983,O002379,P0197,3,0,80076.06,0.0,80076.06
OI0010984,O007398,P0300,2,5,20318.88,1015.94,19302.94
OI0010985,O003260,P0029,2,5,8194.14,409.71,7784.43
OI0010986,O004843,P0116,2,0,93897.48,0.0,93897.48
OI0010987,O005262,P0050,2,0,94645.94,0.0,94645.94
OI0010988,O003118,P0020,3,15,91789.83,13768.47,78021.36
OI0010989,O008435,P0191,4,0,79151.88,0.0,79151.88
OI0010990,O004869,P0008,2,25,16364.78,4091.2,12273.58
OI0010991,O005871,P0217,1,15,8650.32,1297.55,7352.77
OI0010992,O005272,P0193,2,5,42917.76,2145.89,40771.87
OI0010993,O004637,P0100,1,10,38669.39,3866.94,34802.45
OI0010994,O002067,P0300,4,15,40637.76,6095.66,34542.1
OI0010995,O006078,P0272,1,10,21183.57,2118.36,19065.21
OI0010996,O003551,P0069,4,10,80905.56,8090.56,72815.0
OI0010997,O003248,P0115,2,25,68912.7,17228.18,51684.52
OI0010998,O008413,P0141,2,20,32435.58,6487.12,25948.46
OI0010999,O007726,P0193,1,25,21458.88,5364.72,16094.16
OI0011000,O007761,P0020,4,20,122386.44,24477.29,97909.15
OI0011001,O000583,P0103,2,15,65506.38,9825.96,55680.42
OI0011002,O007910,P0153,1,10,26067.55,2606.76,23460.79
OI0011003,O004421,P0285,1,10,4641.49,464.15,4177.34
OI0011004,O006779,P0195,4,15,46799.56,7019.93,39779.63
OI0011005,O001441,P0253,2,25,22474.08,5618.52,16855.56
OI0011006,O004119,P0274,4,0,93394.08,0.0,93394.08
OI0011007,O002427,P0070,1,20,5298.24,1059.65,4238.59
OI0011008,O009826,P0092,1,20,19964.02,3992.8,15971.22
OI0011009,O008381,P0062,1,0,26793.58,0.0,26793.58
OI0011010,O007812,P0052,4,15,127785.76,19167.86,108617.9
OI0011011,O000642,P0078,4,25,44843.76,11210.94,33632.82
OI0011012,O004794,P0154,3,20,84662.7,16932.54,67730.16
OI0011013,O004937,P0199,2,0,78158.98,0.0,78158.98
OI0011014,O004124,P0250,2,25,11003.58,2750.9,8252.68
OI0011015,O006817,P0267,3,0,147909.57,0.0,147909.57
OI0011016,O007447,P0021,1,0,46966.61,0.0,46966.61
OI0011017,O003668,P0197,3,0,80076.06,0.0,80076.06
OI0011018,O006007,P0159,4,10,112396.08,11239.61,101156.47
OI0011019,O002847,P0045,1,20,7451.31,1490.26,5961.05
OI0011020,O003630,P0109,2,5,70089.42,3504.47,66584.95
OI0011021,O003455,P0192,2,5,84714.46,4235.72,80478.74
OI0011022,O001019,P0283,2,0,54416.96,0.0,54416.96
OI0011023,O008749,P0225,4,5,164345.56,8217.28,156128.28
OI0011024,O007775,P0162,1,25,2153.8,538.45,1615.35
OI0011025,O009007,P0050,3,15,141968.91,21295.34,120673.57
OI0011026,O009021,P0100,4,15,154677.56,23201.63,131475.93
OI0011027,O005298,P0238,4,0,127850.16,0.0,127850.16
OI0011028,O008739,P0197,3,0,80076.06,0.0,80076.06
OI0011029,O003493,P0048,3,20,143191.5,28638.3,114553.2
OI0011030,O009272,P0078,1,25,11210.94,2802.74,8408.2
OI0011031,O001595,P0133,2,0,28901.62,0.0,28901.62
OI0011032,O001945,P0013,2,10,62525.72,6252.57,56273.15
OI0011033,O001556,P0240,4,5,7365.0,368.25,6996.75
OI0011034,O008880,P0016,2,15,72142.16,10821.32,61320.84
OI0011035,O002959,P0237,2,5,31451.06,1572.55,29878.51
OI0011036,O008766,P0076,3,10,111574.53,11157.45,100417.08
OI0011037,O005225,P0147,2,0,59145.5,0.0,59145.5
OI0011038,O000911,P0081,2,20,14791.72,2958.34,11833.38
OI0011039,O009208,P0298,2,0,93060.98,0.0,93060.98
OI0011040,O005291,P0199,2,5,78158.98,3907.95,74251.03
OI0011041,O008987,P0238,1,5,31962.54,1598.13,30364.41
OI0011042,O001334,P0181,4,0,63150.64,0.0,63150.64
OI0011043,O002796,P0001,1,20,27929.85,5585.97,22343.88
OI0011044,O004263,P0142,3,0,20341.98,0.0,20341.98
OI0011045,O006137,P0131,2,25,10928.16,2732.04,8196.12
OI0011046,O007892,P0009,1,25,27316.66,6829.16,20487.5
OI0011047,O009216,P0267,3,20,147909.57,29581.91,118327.66
OI0011048,O000163,P0158,1,25,40898.51,10224.63,30673.88
OI0011049,O002683,P0119,4,15,88873.52,13331.03,75542.49
OI0011050,O005182,P0261,3,10,145642.62,14564.26,131078.36
OI0011051,O003839,P0030,4,15,186731.92,28009.79,158722.13
OI0011052,O003178,P0243,3,0,40243.23,0.0,40243.23
OI0011053,O009360,P0218,2,15,71956.64,10793.5,61163.14
OI0011054,O004496,P0091,3,0,111002.4,0.0,111002.4
OI0011055,O003820,P0173,2,20,40053.68,8010.74,32042.94
OI0011056,O008550,P0246,2,20,30954.72,6190.94,24763.78
OI0011057,O009448,P0135,2,0,93658.72,0.0,93658.72
OI0011058,O000679,P0144,3,15,101033.07,15154.96,85878.11
OI0011059,O000446,P0089,4,15,102430.4,15364.56,87065.84
OI0011060,O001641,P0169,3,10,68621.58,6862.16,61759.42
OI0011061,O006160,P0179,3,0,76538.76,0.0,76538.76
OI0011062,O008246,P0055,2,0,11047.22,0.0,11047.22
OI0011063,O007934,P0192,3,15,127071.69,19060.75,108010.94
OI0011064,O004845,P0179,1,10,25512.92,2551.29,22961.63
OI0011065,O003983,P0021,2,0,93933.22,0.0,93933.22
OI0011066,O008210,P0107,4,10,41705.36,4170.54,37534.82
OI0011067,O000772,P0080,1,20,27470.08,5494.02,21976.06
OI0011068,O006693,P0233,3,20,112087.47,22417.49,89669.98
OI0011069,O009512,P0139,4,15,97127.72,14569.16,82558.56
OI0011070,O001599,P0200,1,15,10906.24,1635.94,9270.3
OI0011071,O007236,P0099,4,15,4615.24,692.29,3922.95
OI0011072,O007569,P0134,1,0,10105.06,0.0,10105.06
OI0011073,O003554,P0229,1,0,7090.25,0.0,7090.25
OI0011074,O006832,P0203,4,10,69740.56,6974.06,62766.5
OI0011075,O000019,P0156,4,10,39753.68,3975.37,35778.31
OI0011076,O000309,P0170,2,0,69926.2,0.0,69926.2
OI0011077,O002855,P0267,3,15,147909.57,22186.44,125723.13
OI0011078,O006076,P0198,2,15,80977.84,12146.68,68831.16
OI0011079,O007260,P0184,4,5,90552.04,4527.6,86024.44
OI0011080,O005581,P0206,4,5,90616.0,4530.8,86085.2
OI0011081,O003491,P0099,3,5,3461.43,173.07,3288.36
OI0011082,O004425,P0256,4,5,198337.28,9916.86,188420.42
OI0011083,O001361,P0049,2,5,11919.26,595.96,11323.3
OI0011084,O009634,P0161,1,5,13274.0,663.7,12610.3
OI0011085,O000783,P0139,1,10,24281.93,2428.19,21853.74
OI0011086,O007015,P0174,2,10,58162.8,5816.28,52346.52
OI0011087,O001099,P0282,1,10,46905.77,4690.58,42215.19
OI0011088,O000984,P0156,1,5,9938.42,496.92,9441.5
OI0011089,O008986,P0160,3,10,38694.54,3869.45,34825.09
OI0011090,O002225,P0202,4,10,160166.84,16016.68,144150.16
OI0011091,O009974,P0012,3,0,104910.39,0.0,104910.39
OI0011092,O000772,P0245,2,10,79326.68,7932.67,71394.01
OI0011093,O007313,P0252,3,5,115406.1,5770.3,109635.8
OI0011094,O008781,P0086,2,0,40892.16,0.0,40892.16
OI0011095,O000714,P0144,2,10,67355.38,6735.54,60619.84
OI0011096,O009297,P0255,3,0,36858.63,0.0,36858.63
OI0011097,O003179,P0071,2,5,6523.98,326.2,6197.78
OI0011098,O002697,P0180,1,10,1392.98,139.3,1253.68
OI0011099,O007263,P0100,1,25,38669.39,9667.35,29002.04
OI0011100,O003171,P0201,1,10,35837.65,3583.76,32253.89
OI0011101,O005002,P0236,2,5,2226.24,111.31,2114.93
OI0011102,O000048,P0156,3,10,29815.26,2981.53,26833.73
OI0011103,O008591,P0190,2,0,44088.08,0.0,44088.08
OI0011104,O001282,P0157,1,5,32154.45,1607.72,30546.73
OI0011105,O006458,P0255,4,20,49144.84,9828.97,39315.87
OI0011106,O004262,P0211,1,0,13035.21,0.0,13035.21
OI0011107,O003587,P0025,1,10,44562.04,4456.2,40105.84
OI0011108,O005112,P0202,3,10,120125.13,12012.51,108112.62
OI0011109,O008673,P0041,1,5,17527.84,876.39,16651.45
OI0011110,O004977,P0133,2,15,28901.62,4335.24,24566.38
OI0011111,O005592,P0247,1,15,1993.66,299.05,1694.61
OI0011112,O004795,P0117,4,10,144680.4,14468.04,130212.36
OI0011113,O000237,P0240,3,10,5523.75,552.38,4971.37
OI0011114,O003773,P0119,2,20,44436.76,8887.35,35549.41
OI0011115,O000817,P0124,1,10,16647.65,1664.76,14982.89
OI0011116,O001984,P0133,3,10,43352.43,4335.24,39017.19
OI0011117,O008724,P0068,3,10,123810.63,12381.06,111429.57
OI0011118,O003925,P0126,4,15,174539.16,26180.87,148358.29
OI0011119,O008877,P0217,1,5,8650.32,432.52,8217.8
OI0011120,O002705,P0032,3,20,126796.56,25359.31,101437.25
OI0011121,O008770,P0270,1,25,17071.3,4267.82,12803.48
OI0011122,O003990,P0191,2,10,39575.94,3957.59,35618.35
OI0011123,O002482,P0124,2,20,33295.3,6659.06,26636.24
OI0011124,O003199,P0286,3,15,32144.01,4821.6,27322.41
OI0011125,O006135,P0205,2,5,660.16,33.01,627.15
OI0011126,O004523,P0245,4,10,158653.36,15865.34,142788.02
OI0011127,O005521,P0171,1,10,19519.02,1951.9,17567.12
OI0011128,O005268,P0181,2,25,31575.32,7893.83,23681.49
OI0011129,O006565,P0285,2,10,9282.98,928.3,8354.68
OI0011130,O003663,P0156,1,10,9938.42,993.84,8944.58
OI0011131,O002330,P0078,4,0,44843.76,0.0,44843.76
OI0011132,O008512,P0202,1,15,40041.71,6006.26,34035.45
OI0011133,O007583,P0177,3,10,76401.69,7640.17,68761.52
OI0011134,O002974,P0254,1,25,13619.6,3404.9,10214.7
OI0011135,O007590,P0123,4,5,77775.52,3888.78,73886.74
OI0011136,O003708,P0090,1,15,6565.92,984.89,5581.03
OI0011137,O001520,P0244,4,5,137838.2,6891.91,130946.29
OI0011138,O003170,P0127,4,0,10274.56,0.0,10274.56
OI0011139,O007540,P0283,2,0,54416.96,0.0,54416.96
OI0011140,O009368,P0156,1,20,9938.42,1987.68,7950.74
OI0011141,O003997,P0110,4,5,49853.12,2492.66,47360.46
OI0011142,O005991,P0300,1,5,10159.44,507.97,9651.47
OI0011143,O008152,P0055,2,5,11047.22,552.36,10494.86
OI0011144,O005733,P0088,3,15,118773.0,17815.95,100957.05
OI0011145,O009286,P0105,1,5,40727.69,2036.38,38691.31
OI0011146,O004608,P0129,4,0,32317.56,0.0,32317.56
OI0011147,O007018,P0010,4,0,106832.2,0.0,106832.2
OI0011148,O000415,P0043,2,10,33677.98,3367.8,30310.18
OI0011149,O003476,P0069,3,25,60679.17,15169.79,45509.38
OI0011150,O005550,P0285,4,10,18565.96,1856.6,16709.36
OI0011151,O008809,P0002,3,25,139392.72,34848.18,104544.54
OI0011152,O008124,P0014,4,20,38448.24,7689.65,30758.59
OI0011153,O000470,P0062,4,0,107174.32,0.0,107174.32
OI0011154,O000809,P0055,3,20,16570.83,3314.17,13256.66
OI0011155,O006629,P0029,4,0,16388.28,0.0,16388.28
OI0011156,O003570,P0261,3,10,145642.62,14564.26,131078.36
OI0011157,O006476,P0238,2,10,63925.08,6392.51,57532.57
OI0011158,O004241,P0197,3,15,80076.06,12011.41,68064.65
OI0011159,O000206,P0039,2,15,18996.6,2849.49,16147.11
OI0011160,O005002,P0151,3,0,37841.73,0.0,37841.73
OI0011161,O006234,P0223,2,20,14170.24,2834.05,11336.19
OI0011162,O000170,P0252,3,0,115406.1,0.0,115406.1
OI0011163,O005358,P0272,2,25,42367.14,10591.78,31775.36
OI0011164,O001424,P0219,1,25,38549.43,9637.36,28912.07
OI0011165,O000420,P0244,4,15,137838.2,20675.73,117162.47
OI0011166,O000397,P0140,1,10,25151.16,2515.12,22636.04
OI0011167,O007432,P0013,2,25,62525.72,15631.43,46894.29
OI0011168,O005353,P0122,3,0,111392.49,0.0,111392.49
OI0011169,O002357,P0126,1,10,43634.79,4363.48,39271.31
OI0011170,O005765,P0110,1,5,12463.28,623.16,11840.12
OI0011171,O008496,P0152,2,0,22796.72,0.0,22796.72
OI0011172,O003834,P0220,2,0,46445.92,0.0,46445.92
OI0011173,O008472,P0293,2,15,51595.46,7739.32,43856.14
OI0011174,O004297,P0164,2,0,74560.52,0.0,74560.52
OI0011175,O004587,P0073,2,10,38260.96,3826.1,34434.86
OI0011176,O001995,P0015,1,0,23576.86,0.0,23576.86
OI0011177,O001742,P0238,2,10,63925.08,6392.51,57532.57
OI0011178,O004394,P0261,3,15,145642.62,21846.39,123796.23
OI0011179,O008640,P0015,2,10,47153.72,4715.37,42438.35
OI0011180,O006341,P0100,4,20,154677.56,30935.51,123742.05
OI0011181,O001914,P0214,4,10,100167.12,10016.71,90150.41
OI0011182,O002780,P0133,4,0,57803.24,0.0,57803.24
OI0011183,O008013,P0145,3,20,117486.93,23497.39,93989.54
OI0011184,O006205,P0085,1,5,9195.61,459.78,8735.83
OI0011185,O009043,P0110,4,20,49853.12,9970.62,39882.5
OI0011186,O000072,P0215,1,0,10910.24,0.0,10910.24
OI0011187,O000452,P0192,4,10,169428.92,16942.89,152486.03
OI0011188,O003865,P0156,2,0,19876.84,0.0,19876.84
OI0011189,O009855,P0220,1,0,23222.96,0.0,23222.96
OI0011190,O008391,P0081,1,25,7395.86,1848.96,5546.9
OI0011191,O006968,P0013,3,0,93788.58,0.0,93788.58
OI0011192,O004379,P0045,1,10,7451.31,745.13,6706.18
OI0011193,O006120,P0290,2,0,51931.16,0.0,51931.16
OI0011194,O009367,P0239,1,10,664.38,66.44,597.94
OI0011195,O003112,P0182,4,0,164113.72,0.0,164113.72
OI0011196,O004154,P0033,1,15,21034.49,3155.17,17879.32
OI0011197,O002596,P0111,3,5,135566.13,6778.31,128787.82
OI0011198,O008906,P0043,3,5,50516.97,2525.85,47991.12
OI0011199,O006528,P0094,4,5,75595.32,3779.77,71815.55
OI0011200,O002159,P0128,2,0,38790.86,0.0,38790.86
OI0011201,O009648,P0118,1,10,9683.76,968.38,8715.38
OI0011202,O008088,P0255,1,5,12286.21,614.31,11671.9
OI0011203,O001749,P0160,3,10,38694.54,3869.45,34825.09
OI0011204,O007464,P0046,1,10,1864.21,186.42,1677.79
OI0011205,O006429,P0255,4,0,49144.84,0.0,49144.84
OI0011206,O002349,P0122,4,5,148523.32,7426.17,141097.15
OI0011207,O003949,P0199,3,10,117238.47,11723.85,105514.62
OI0011208,O002594,P0202,4,5,160166.84,8008.34,152158.5
OI0011209,O003162,P0001,4,0,111719.4,0.0,111719.4
OI0011210,O007695,P0080,4,10,109880.32,10988.03,98892.29
OI0011211,O000582,P0105,2,15,81455.38,12218.31,69237.07
OI0011212,O006994,P0156,3,15,29815.26,4472.29,25342.97
OI0011213,O009287,P0189,4,5,193464.88,9673.24,183791.64
OI0011214,O002402,P0079,4,0,55428.96,0.0,55428.96
OI0011215,O000641,P0127,4,25,10274.56,2568.64,7705.92
OI0011216,O006326,P0094,4,15,75595.32,11339.3,64256.02
OI0011217,O000110,P0268,2,25,18368.22,4592.06,13776.16
OI0011218,O003458,P0127,1,0,2568.64,0.0,2568.64
OI0011219,O006308,P0130,1,15,34827.64,5224.15,29603.49
OI0011220,O009756,P0202,3,0,120125.13,0.0,120125.13
OI0011221,O007383,P0091,2,20,74001.6,14800.32,59201.28
OI0011222,O009787,P0021,3,10,140899.83,14089.98,126809.85
OI0011223,O007212,P0055,1,10,5523.61,552.36,4971.25
OI0011224,O005260,P0037,3,25,5645.1,1411.28,4233.82
OI0011225,O002461,P0086,1,5,20446.08,1022.3,19423.78
OI0011226,O009183,P0295,3,10,138904.29,13890.43,125013.86
OI0011227,O009023,P0169,2,0,45747.72,0.0,45747.72
OI0011228,O007024,P0278,2,5,61691.92,3084.6,58607.32
OI0011229,O001783,P0049,4,0,23838.52,0.0,23838.52
OI0011230,O008162,P0145,2,0,78324.62,0.0,78324.62
OI0011231,O006993,P0101,3,15,26136.18,3920.43,22215.75
OI0011232,O008724,P0294,1,5,28741.83,1437.09,27304.74
OI0011233,O009887,P0297,3,5,62558.52,3127.93,59430.59
OI0011234,O005973,P0125,1,20,29847.71,5969.54,23878.17
OI0011235,O002272,P0106,4,10,99103.04,9910.3,89192.74
OI0011236,O001527,P0241,4,5,170492.08,8524.6,161967.48
OI0011237,O009175,P0116,2,20,93897.48,18779.5,75117.98
OI0011238,O003627,P0073,4,10,76521.92,7652.19,68869.73
OI0011239,O005483,P0014,4,20,38448.24,7689.65,30758.59
OI0011240,O000808,P0114,2,5,86078.68,4303.93,81774.75
OI0011241,O000710,P0252,3,25,115406.1,28851.52,86554.58
OI0011242,O003087,P0230,1,25,37457.46,9364.36,28093.1
OI0011243,O008538,P0066,1,20,44570.57,8914.11,35656.46
OI0011244,O005588,P0166,1,0,11119.91,0.0,11119.91
OI0011245,O006637,P0043,3,15,50516.97,7577.55,42939.42
OI0011246,O000926,P0247,4,20,7974.64,1594.93,6379.71
OI0011247,O002909,P0254,1,5,13619.6,680.98,12938.62
OI0011248,O006221,P0220,4,0,92891.84,0.0,92891.84
OI0011249,O001470,P0125,4,5,119390.84,5969.54,113421.3
OI0011250,O009193,P0022,4,10,134607.56,13460.76,121146.8
OI0011251,O004369,P0075,4,5,143809.04,7190.45,136618.59
OI0011252,O006039,P0064,3,15,51434.07,7715.11,43718.96
OI0011253,O001049,P0104,2,5,77482.04,3874.1,73607.94
OI0011254,O004853,P0045,2,0,14902.62,0.0,14902.62
OI0011255,O007481,P0202,2,10,80083.42,8008.34,72075.08
OI0011256,O003541,P0274,4,0,93394.08,0.0,93394.08
OI0011257,O005475,P0069,4,10,80905.56,8090.56,72815.0
OI0011258,O007958,P0011,2,25,7954.82,1988.7,5966.12
OI0011259,O005841,P0283,4,15,108833.92,16325.09,92508.83
OI0011260,O002564,P0269,4,5,153388.36,7669.42,145718.94
OI0011261,O002106,P0111,3,25,135566.13,33891.53,101674.6
OI0011262,O002220,P0007,3,10,43655.88,4365.59,39290.29
OI0011263,O003302,P0096,3,10,51858.45,5185.84,46672.61
OI0011264,O002194,P0015,2,5,47153.72,2357.69,44796.03
OI0011265,O005557,P0088,2,0,79182.0,0.0,79182.0
OI0011266,O004950,P0112,1,5,5396.7,269.83,5126.87
OI0011267,O009021,P0024,3,20,69423.33,13884.67,55538.66
OI0011268,O005689,P0054,1,5,41370.04,2068.5,39301.54
OI0011269,O003407,P0181,2,5,31575.32,1578.77,29996.55
OI0011270,O007065,P0056,1,10,25335.77,2533.58,22802.19
OI0011271,O005178,P0278,4,5,123383.84,6169.19,117214.65
OI0011272,O009484,P0234,4,20,121234.84,24246.97,96987.87
OI0011273,O000032,P0248,2,20,93302.8,18660.56,74642.24
OI0011274,O006554,P0198,4,0,161955.68,0.0,161955.68
OI0011275,O002479,P0260,4,10,30057.8,3005.78,27052.02
OI0011276,O001962,P0162,1,5,2153.8,107.69,2046.11
OI0011277,O005721,P0179,4,10,102051.68,10205.17,91846.51
OI0011278,O004318,P0231,3,10,70763.34,7076.33,63687.01
OI0011279,O006195,P0283,2,0,54416.96,0.0,54416.96
OI0011280,O004905,P0239,3,10,1993.14,199.31,1793.83
OI0011281,O008897,P0182,3,0,123085.29,0.0,123085.29
OI0011282,O005985,P0096,1,10,17286.15,1728.62,15557.53
OI0011283,O004991,P0057,4,20,139656.56,27931.31,111725.25
OI0011284,O002507,P0059,2,0,83342.8,0.0,83342.8
OI0011285,O006741,P0297,1,5,20852.84,1042.64,19810.2
OI0011286,O003112,P0161,4,0,53096.0,0.0,53096.0
OI0011287,O003026,P0173,3,10,60080.52,6008.05,54072.47
OI0011288,O005285,P0069,2,20,40452.78,8090.56,32362.22
OI0011289,O006482,P0174,1,10,29081.4,2908.14,26173.26
OI0011290,O001429,P0288,3,5,3586.74,179.34,3407.4
OI0011291,O004136,P0052,3,25,95839.32,23959.83,71879.49
OI0011292,O009246,P0206,1,10,22654.0,2265.4,20388.6
OI0011293,O004393,P0033,3,25,63103.47,15775.87,47327.6
OI0011294,O006991,P0163,4,15,61640.48,9246.07,52394.41
OI0011295,O007907,P0234,3,25,90926.13,22731.53,68194.6
OI0011296,O006876,P0233,1,10,37362.49,3736.25,33626.24
OI0011297,O009476,P0111,4,25,180754.84,45188.71,135566.13
OI0011298,O001948,P0214,1,10,25041.78,2504.18,22537.6
OI0011299,O000606,P0070,4,10,21192.96,2119.3,19073.66
OI0011300,O006576,P0118,3,0,29051.28,0.0,29051.28
OI0011301,O009529,P0098,1,25,20044.4,5011.1,15033.3
OI0011302,O002937,P0056,3,5,76007.31,3800.37,72206.94
OI0011303,O002779,P0260,4,15,30057.8,4508.67,25549.13
OI0011304,O005648,P0147,2,5,59145.5,2957.28,56188.22
OI0011305,O004960,P0063,4,20,76324.84,15264.97,61059.87
OI0011306,O007076,P0188,3,0,125431.26,0.0,125431.26
OI0011307,O001935,P0133,1,25,14450.81,3612.7,10838.11
OI0011308,O002707,P0002,4,10,185856.96,18585.7,167271.26
OI0011309,O000730,P0159,1,25,28099.02,7024.76,21074.26
OI0011310,O009182,P0040,3,10,52281.87,5228.19,47053.68
OI0011311,O006295,P0127,3,10,7705.92,770.59,6935.33
OI0011312,O000463,P0187,3,5,57832.35,2891.62,54940.73
OI0011313,O000011,P0223,4,5,28340.48,1417.02,26923.46
OI0011314,O006571,P0296,2,0,64674.42,0.0,64674.42
OI0011315,O006997,P0255,1,5,12286.21,614.31,11671.9
OI0011316,O007040,P0171,2,10,39038.04,3903.8,35134.24
OI0011317,O004135,P0012,1,0,34970.13,0.0,34970.13
OI0011318,O008783,P0260,2,0,15028.9,0.0,15028.9
OI0011319,O009681,P0115,4,20,137825.4,27565.08,110260.32
OI0011320,O005081,P0049,4,0,23838.52,0.0,23838.52
OI0011321,O003224,P0261,3,0,145642.62,0.0,145642.62
OI0011322,O000941,P0133,2,0,28901.62,0.0,28901.62
OI0011323,O003364,P0261,4,15,194190.16,29128.52,165061.64
OI0011324,O006660,P0200,3,20,32718.72,6543.74,26174.98
OI0011325,O004801,P0246,1,20,15477.36,3095.47,12381.89
OI0011326,O000614,P0055,3,25,16570.83,4142.71,12428.12
OI0011327,O005003,P0193,1,5,21458.88,1072.94,20385.94
OI0011328,O005785,P0194,1,10,27689.5,2768.95,24920.55
OI0011329,O003954,P0007,3,15,43655.88,6548.38,37107.5
OI0011330,O002612,P0015,4,25,94307.44,23576.86,70730.58
OI0011331,O008902,P0078,1,15,11210.94,1681.64,9529.3
OI0011332,O007894,P0157,1,10,32154.45,3215.44,28939.01
OI0011333,O001807,P0114,1,10,43039.34,4303.93,38735.41
OI0011334,O001654,P0002,2,5,92928.48,4646.42,88282.06
OI0011335,O001469,P0186,2,0,30083.04,0.0,30083.04
OI0011336,O000289,P0266,1,0,38091.4,0.0,38091.4
OI0011337,O006993,P0090,2,5,13131.84,656.59,12475.25
OI0011338,O001405,P0013,2,10,62525.72,6252.57,56273.15
OI0011339,O002444,P0165,4,15,10261.52,1539.23,8722.29
OI0011340,O002046,P0136,3,20,3364.56,672.91,2691.65
OI0011341,O004383,P0252,3,10,115406.1,11540.61,103865.49
OI0011342,O002594,P0040,4,5,69709.16,3485.46,66223.7
OI0011343,O005734,P0091,1,15,37000.8,5550.12,31450.68
OI0011344,O004034,P0137,3,5,66000.93,3300.05,62700.88
OI0011345,O007547,P0125,1,0,29847.71,0.0,29847.71
OI0011346,O007199,P0203,1,0,17435.14,0.0,17435.14
OI0011347,O004394,P0217,4,15,34601.28,5190.19,29411.09
OI0011348,O009486,P0087,3,20,53726.94,10745.39,42981.55
OI0011349,O002748,P0233,4,15,149449.96,22417.49,127032.47
OI0011350,O005599,P0184,3,0,67914.03,0.0,67914.03
OI0011351,O005345,P0174,4,0,116325.6,0.0,116325.6
OI0011352,O003511,P0073,3,25,57391.44,14347.86,43043.58
OI0011353,O001059,P0117,1,15,36170.1,5425.52,30744.58
OI0011354,O004741,P0119,1,15,22218.38,3332.76,18885.62
OI0011355,O000947,P0265,4,20,127099.76,25419.95,101679.81
OI0011356,O008935,P0234,2,25,60617.42,15154.36,45463.06
OI0011357,O001396,P0014,1,5,9612.06,480.6,9131.46
OI0011358,O004442,P0232,3,5,117567.36,5878.37,111688.99
OI0011359,O009560,P0273,1,0,39732.03,0.0,39732.03
OI0011360,O002244,P0017,3,25,79694.7,19923.68,59771.02
OI0011361,O001655,P0242,3,0,102790.32,0.0,102790.32
OI0011362,O003921,P0113,4,10,196547.48,19654.75,176892.73
OI0011363,O002576,P0036,1,10,38767.98,3876.8,34891.18
OI0011364,O002677,P0018,4,25,79577.44,19894.36,59683.08
OI0011365,O002452,P0222,3,5,110545.74,5527.29,105018.45
OI0011366,O005492,P0055,4,15,22094.44,3314.17,18780.27
OI0011367,O000107,P0124,1,25,16647.65,4161.91,12485.74
OI0011368,O006588,P0270,4,10,68285.2,6828.52,61456.68
OI0011369,O001321,P0266,3,10,114274.2,11427.42,102846.78
OI0011370,O001409,P0261,1,10,48547.54,4854.75,43692.79
OI0011371,O003460,P0233,4,20,149449.96,29889.99,119559.97
OI0011372,O005430,P0243,2,0,26828.82,0.0,26828.82
OI0011373,O008160,P0165,1,15,2565.38,384.81,2180.57
OI0011374,O006856,P0161,3,0,39822.0,0.0,39822.0
OI0011375,O001218,P0222,4,15,147394.32,22109.15,125285.17
OI0011376,O005870,P0103,3,20,98259.57,19651.91,78607.66
OI0011377,O006808,P0097,4,10,48983.64,4898.36,44085.28
OI0011378,O008255,P0010,4,5,106832.2,5341.61,101490.59
OI0011379,O002318,P0186,1,15,15041.52,2256.23,12785.29
OI0011380,O004021,P0191,4,0,79151.88,0.0,79151.88
OI0011381,O009388,P0163,3,10,46230.36,4623.04,41607.32
OI0011382,O001707,P0049,2,0,11919.26,0.0,11919.26
OI0011383,O001153,P0156,4,15,39753.68,5963.05,33790.63
OI0011384,O004982,P0055,1,0,5523.61,0.0,5523.61
OI0011385,O002401,P0137,2,0,44000.62,0.0,44000.62
OI0011386,O008832,P0173,2,10,40053.68,4005.37,36048.31
OI0011387,O006795,P0122,1,10,37130.83,3713.08,33417.75
OI0011388,O008953,P0149,2,5,29016.1,1450.8,27565.3
OI0011389,O007247,P0007,4,10,58207.84,5820.78,52387.06
OI0011390,O001244,P0278,3,0,92537.88,0.0,92537.88
OI0011391,O003159,P0096,4,0,69144.6,0.0,69144.6
OI0011392,O006985,P0067,4,0,99634.24,0.0,99634.24
OI0011393,O002452,P0076,2,10,74383.02,7438.3,66944.72
OI0011394,O004213,P0186,3,15,45124.56,6768.68,38355.88
OI0011395,O002550,P0170,2,10,69926.2,6992.62,62933.58
OI0011396,O007825,P0230,1,10,37457.46,3745.75,33711.71
OI0011397,O008127,P0028,4,5,189850.64,9492.53,180358.11
OI0011398,O009807,P0058,3,5,88267.98,4413.4,83854.58
OI0011399,O006318,P0261,2,10,97095.08,9709.51,87385.57
OI0011400,O007274,P0094,3,0,56696.49,0.0,56696.49
OI0011401,O009313,P0183,1,10,27785.3,2778.53,25006.77
OI0011402,O006622,P0045,4,10,29805.24,2980.52,26824.72
OI0011403,O003920,P0137,3,10,66000.93,6600.09,59400.84
OI0011404,O008740,P0263,3,20,132752.04,26550.41,106201.63
OI0011405,O009829,P0135,3,20,140488.08,28097.62,112390.46
OI0011406,O002609,P0218,2,20,71956.64,14391.33,57565.31
OI0011407,O001446,P0050,2,5,94645.94,4732.3,89913.64
OI0011408,O003800,P0223,3,5,21255.36,1062.77,20192.59
OI0011409,O009541,P0108,1,0,36912.94,0.0,36912.94
OI0011410,O004977,P0014,3,0,28836.18,0.0,28836.18
OI0011411,O009685,P0239,4,10,2657.52,265.75,2391.77
OI0011412,O007523,P0222,4,25,147394.32,36848.58,110545.74
OI0011413,O002057,P0291,4,15,3776.28,566.44,3209.84
OI0011414,O003053,P0191,3,10,59363.91,5936.39,53427.52
OI0011415,O008897,P0019,2,5,32502.92,1625.15,30877.77
OI0011416,O002334,P0193,3,0,64376.64,0.0,64376.64
OI0011417,O009143,P0017,3,5,79694.7,3984.74,75709.96
OI0011418,O001826,P0214,4,10,100167.12,10016.71,90150.41
OI0011419,O002388,P0268,1,10,9184.11,918.41,8265.7
OI0011420,O004975,P0231,1,5,23587.78,1179.39,22408.39
OI0011421,O006963,P0132,4,0,133225.72,0.0,133225.72
OI0011422,O000186,P0087,3,5,53726.94,2686.35,51040.59
OI0011423,O001255,P0004,3,5,69870.18,3493.51,66376.67
OI0011424,O003609,P0277,4,10,80298.56,8029.86,72268.7
OI0011425,O005259,P0027,1,0,49445.01,0.0,49445.01
OI0011426,O000882,P0011,1,5,3977.41,198.87,3778.54
OI0011427,O000776,P0190,4,5,88176.16,4408.81,83767.35
OI0011428,O007963,P0088,3,10,118773.0,11877.3,106895.7
OI0011429,O004286,P0155,3,5,141772.14,7088.61,134683.53
OI0011430,O001608,P0123,3,0,58331.64,0.0,58331.64
OI0011431,O008545,P0036,2,0,77535.96,0.0,77535.96
OI0011432,O001097,P0091,1,0,37000.8,0.0,37000.8
OI0011433,O007030,P0247,1,20,1993.66,398.73,1594.93
OI0011434,O004118,P0062,2,5,53587.16,2679.36,50907.8
OI0011435,O000713,P0226,1,10,10382.28,1038.23,9344.05
OI0011436,O008223,P0297,4,10,83411.36,8341.14,75070.22
OI0011437,O003362,P0218,2,5,71956.64,3597.83,68358.81
OI0011438,O002884,P0079,1,20,13857.24,2771.45,11085.79
OI0011439,O001461,P0253,3,25,33711.12,8427.78,25283.34
OI0011440,O004150,P0024,4,0,92564.44,0.0,92564.44
OI0011441,O004467,P0199,2,20,78158.98,15631.8,62527.18
OI0011442,O003654,P0068,2,15,82540.42,12381.06,70159.36
OI0011443,O000097,P0296,3,20,97011.63,19402.33,77609.3
OI0011444,O009077,P0094,2,5,37797.66,1889.88,35907.78
OI0011445,O008722,P0192,1,15,42357.23,6353.58,36003.65
OI0011446,O003720,P0180,2,0,2785.96,0.0,2785.96
OI0011447,O008032,P0171,3,25,58557.06,14639.26,43917.8
OI0011448,O006462,P0190,2,15,44088.08,6613.21,37474.87
OI0011449,O007219,P0048,4,0,190922.0,0.0,190922.0
OI0011450,O006431,P0053,4,20,129335.32,25867.06,103468.26
OI0011451,O004746,P0120,1,25,3759.85,939.96,2819.89
OI0011452,O003668,P0276,3,5,149273.82,7463.69,141810.13
OI0011453,O005411,P0126,2,10,87269.58,8726.96,78542.62
OI0011454,O000413,P0123,2,25,38887.76,9721.94,29165.82
OI0011455,O008113,P0054,4,10,165480.16,16548.02,148932.14
OI0011456,O009247,P0218,3,15,107934.96,16190.24,91744.72
OI0011457,O009064,P0136,3,10,3364.56,336.46,3028.1
OI0011458,O007138,P0020,4,0,122386.44,0.0,122386.44
OI0011459,O001506,P0065,1,10,31116.47,3111.65,28004.82
OI0011460,O000096,P0136,2,20,2243.04,448.61,1794.43
OI0011461,O000225,P0136,4,0,4486.08,0.0,4486.08
OI0011462,O009765,P0028,3,5,142387.98,7119.4,135268.58
OI0011463,O004831,P0095,1,20,24987.28,4997.46,19989.82
OI0011464,O007452,P0016,4,5,144284.32,7214.22,137070.1
OI0011465,O001702,P0124,3,25,49942.95,12485.74,37457.21
OI0011466,O003820,P0033,2,5,42068.98,2103.45,39965.53
OI0011467,O008330,P0008,2,15,16364.78,2454.72,13910.06
OI0011468,O002376,P0233,1,0,37362.49,0.0,37362.49
OI0011469,O004691,P0290,1,5,25965.58,1298.28,24667.3
OI0011470,O004636,P0141,3,15,48653.37,7298.01,41355.36
OI0011471,O003781,P0272,2,0,42367.14,0.0,42367.14
OI0011472,O002682,P0292,2,0,26746.82,0.0,26746.82
OI0011473,O009730,P0182,2,5,82056.86,4102.84,77954.02
OI0011474,O006226,P0213,1,5,24138.56,1206.93,22931.63
OI0011475,O009058,P0039,1,0,9498.3,0.0,9498.3
OI0011476,O008590,P0119,2,25,44436.76,11109.19,33327.57
OI0011477,O008184,P0034,2,5,44307.16,2215.36,42091.8
OI0011478,O004810,P0274,3,15,70045.56,10506.83,59538.73
OI0011479,O002406,P0041,1,5,17527.84,876.39,16651.45
OI0011480,O000181,P0107,3,25,31279.02,7819.76,23459.26
OI0011481,O005635,P0228,1,0,6456.93,0.0,6456.93
OI0011482,O009352,P0036,3,5,116303.94,5815.2,110488.74
OI0011483,O005385,P0261,3,5,145642.62,7282.13,138360.49
OI0011484,O000203,P0028,3,15,142387.98,21358.2,121029.78
OI0011485,O004880,P0197,2,10,53384.04,5338.4,48045.64
OI0011486,O005602,P0131,4,15,21856.32,3278.45,18577.87
OI0011487,O006431,P0057,4,20,139656.56,27931.31,111725.25
OI0011488,O001121,P0180,4,5,5571.92,278.6,5293.32
OI0011489,O003959,P0023,4,20,15685.4,3137.08,12548.32
OI0011490,O000094,P0070,4,10,21192.96,2119.3,19073.66
OI0011491,O005415,P0283,3,0,81625.44,0.0,81625.44
OI0011492,O009232,P0249,1,5,17388.96,869.45,16519.51
OI0011493,O000474,P0193,3,20,64376.64,12875.33,51501.31
OI0011494,O007104,P0292,2,5,26746.82,1337.34,25409.48
OI0011495,O005580,P0009,4,0,109266.64,0.0,109266.64
OI0011496,O000211,P0243,2,10,26828.82,2682.88,24145.94
OI0011497,O006703,P0025,2,20,89124.08,17824.82,71299.26
OI0011498,O002491,P0078,2,0,22421.88,0.0,22421.88
OI0011499,O008291,P0241,3,10,127869.06,12786.91,115082.15
OI0011500,O008213,P0283,4,0,108833.92,0.0,108833.92
OI0011501,O007349,P0009,3,5,81949.98,4097.5,77852.48
OI0011502,O005967,P0204,1,5,8794.93,439.75,8355.18
OI0011503,O006838,P0184,1,0,22638.01,0.0,22638.01
OI0011504,O000561,P0115,4,5,137825.4,6891.27,130934.13
OI0011505,O007568,P0047,3,5,70852.2,3542.61,67309.59
OI0011506,O003344,P0177,1,15,25467.23,3820.08,21647.15
OI0011507,O000108,P0142,1,20,6780.66,1356.13,5424.53
OI0011508,O004932,P0074,4,0,67973.76,0.0,67973.76
OI0011509,O005797,P0084,1,10,40248.3,4024.83,36223.47
OI0011510,O002072,P0278,4,5,123383.84,6169.19,117214.65
OI0011511,O002824,P0187,1,25,19277.45,4819.36,14458.09
OI0011512,O001772,P0162,2,15,4307.6,646.14,3661.46
OI0011513,O002501,P0030,1,0,46682.98,0.0,46682.98
OI0011514,O009835,P0001,3,5,83789.55,4189.48,79600.07
OI0011515,O002163,P0026,3,0,14709.69,0.0,14709.69
OI0011516,O006538,P0199,4,15,156317.96,23447.69,132870.27
OI0011517,O000952,P0263,1,10,44250.68,4425.07,39825.61
OI0011518,O002668,P0005,4,10,18429.64,1842.96,16586.68
OI0011519,O009801,P0084,2,10,80496.6,8049.66,72446.94
OI0011520,O002644,P0023,2,0,7842.7,0.0,7842.7
OI0011521,O003174,P0136,2,0,2243.04,0.0,2243.04
OI0011522,O005840,P0208,1,20,27833.51,5566.7,22266.81
OI0011523,O004342,P0169,3,0,68621.58,0.0,68621.58
OI0011524,O000811,P0194,1,15,27689.5,4153.42,23536.08
OI0011525,O001011,P0211,4,0,52140.84,0.0,52140.84
OI0011526,O005827,P0229,3,20,21270.75,4254.15,17016.6
OI0011527,O007514,P0281,3,10,104525.73,10452.57,94073.16
OI0011528,O008190,P0238,2,5,63925.08,3196.25,60728.83
OI0011529,O001851,P0104,4,15,154964.08,23244.61,131719.47
OI0011530,O001142,P0029,1,5,4097.07,204.85,3892.22
OI0011531,O008899,P0037,3,5,5645.1,282.26,5362.84
OI0011532,O004031,P0237,3,20,47176.59,9435.32,37741.27
OI0011533,O007542,P0169,3,0,68621.58,0.0,68621.58
OI0011534,O004077,P0237,3,0,47176.59,0.0,47176.59
OI0011535,O004295,P0087,3,15,53726.94,8059.04,45667.9
OI0011536,O000767,P0035,2,15,63568.62,9535.29,54033.33
OI0011537,O007073,P0003,2,0,38043.64,0.0,38043.64
OI0011538,O001101,P0175,3,25,142236.15,35559.04,106677.11
OI0011539,O009663,P0190,1,15,22044.04,3306.61,18737.43
OI0011540,O003498,P0274,3,5,70045.56,3502.28,66543.28
OI0011541,O009887,P0073,1,5,19130.48,956.52,18173.96
OI0011542,O006652,P0048,4,10,190922.0,19092.2,171829.8
OI0011543,O001473,P0020,3,0,91789.83,0.0,91789.83
OI0011544,O007281,P0209,2,15,19126.9,2869.04,16257.86
OI0011545,O005356,P0109,4,0,140178.84,0.0,140178.84
OI0011546,O006007,P0127,2,15,5137.28,770.59,4366.69
OI0011547,O009382,P0094,1,20,18898.83,3779.77,15119.06
OI0011548,O004394,P0070,3,25,15894.72,3973.68,11921.04
OI0011549,O000167,P0279,3,0,55164.48,0.0,55164.48
OI0011550,O004937,P0046,2,15,3728.42,559.26,3169.16
OI0011551,O003526,P0135,4,25,187317.44,46829.36,140488.08
OI0011552,O004600,P0026,4,0,19612.92,0.0,19612.92
OI0011553,O005737,P0195,4,0,46799.56,0.0,46799.56
OI0011554,O002807,P0281,1,0,34841.91,0.0,34841.91
OI0011555,O004553,P0195,3,0,35099.67,0.0,35099.67
OI0011556,O000859,P0207,1,5,17750.15,887.51,16862.64
OI0011557,O009117,P0124,2,25,33295.3,8323.83,24971.47
OI0011558,O004804,P0167,3,15,106108.14,15916.22,90191.92
OI0011559,O009881,P0068,3,0,123810.63,0.0,123810.63
OI0011560,O010000,P0166,4,10,44479.64,4447.96,40031.68
OI0011561,O002233,P0118,1,20,9683.76,1936.75,7747.01
OI0011562,O008610,P0213,2,10,48277.12,4827.71,43449.41
OI0011563,O008907,P0222,2,0,73697.16,0.0,73697.16
OI0011564,O002825,P0199,1,25,39079.49,9769.87,29309.62
OI0011565,O008315,P0178,4,5,66316.8,3315.84,63000.96
OI0011566,O003309,P0043,2,5,33677.98,1683.9,31994.08
OI0011567,O006131,P0135,2,5,93658.72,4682.94,88975.78
OI0011568,O006748,P0172,1,5,8162.68,408.13,7754.55
OI0011569,O009643,P0007,1,15,14551.96,2182.79,12369.17
OI0011570,O008253,P0010,3,5,80124.15,4006.21,76117.94
OI0011571,O005829,P0078,2,10,22421.88,2242.19,20179.69
OI0011572,O002960,P0197,2,5,53384.04,2669.2,50714.84
OI0011573,O004188,P0190,3,10,66132.12,6613.21,59518.91
OI0011574,O009090,P0229,4,25,28361.0,7090.25,21270.75
OI0011575,O000970,P0033,4,5,84137.96,4206.9,79931.06
OI0011576,O002579,P0117,1,20,36170.1,7234.02,28936.08
OI0011577,O005952,P0078,2,0,22421.88,0.0,22421.88
OI0011578,O005114,P0030,4,0,186731.92,0.0,186731.92
OI0011579,O000788,P0124,1,0,16647.65,0.0,16647.65
OI0011580,O006970,P0036,4,25,155071.92,38767.98,116303.94
OI0011581,O009212,P0203,4,10,69740.56,6974.06,62766.5
OI0011582,O006971,P0107,2,10,20852.68,2085.27,18767.41
OI0011583,O001654,P0100,4,0,154677.56,0.0,154677.56
OI0011584,O001261,P0144,1,10,33677.69,3367.77,30309.92
OI0011585,O003363,P0081,3,15,22187.58,3328.14,18859.44
OI0011586,O005481,P0019,2,5,32502.92,1625.15,30877.77
OI0011587,O004388,P0163,3,0,46230.36,0.0,46230.36
OI0011588,O008952,P0294,1,5,28741.83,1437.09,27304.74
OI0011589,O003126,P0186,4,15,60166.08,9024.91,51141.17
OI0011590,O006672,P0184,2,10,45276.02,4527.6,40748.42
OI0011591,O004146,P0063,4,10,76324.84,7632.48,68692.36
OI0011592,O006333,P0176,4,0,14491.2,0.0,14491.2
OI0011593,O006826,P0237,3,10,47176.59,4717.66,42458.93
OI0011594,O003249,P0191,1,5,19787.97,989.4,18798.57
OI0011595,O006864,P0187,3,20,57832.35,11566.47,46265.88
OI0011596,O005376,P0051,4,5,146881.6,7344.08,139537.52
OI0011597,O002238,P0117,4,10,144680.4,14468.04,130212.36
OI0011598,O005968,P0158,1,25,40898.51,10224.63,30673.88
OI0011599,O001484,P0120,4,10,15039.4,1503.94,13535.46
OI0011600,O005129,P0064,3,0,51434.07,0.0,51434.07
OI0011601,O007024,P0081,1,0,7395.86,0.0,7395.86
OI0011602,O009204,P0296,1,25,32337.21,8084.3,24252.91
OI0011603,O007191,P0088,2,10,79182.0,7918.2,71263.8
OI0011604,O000297,P0059,3,0,125014.2,0.0,125014.2
OI0011605,O005076,P0115,4,10,137825.4,13782.54,124042.86
OI0011606,O001776,P0271,2,25,17890.4,4472.6,13417.8
OI0011607,O000011,P0248,3,0,139954.2,0.0,139954.2
OI0011608,O007169,P0277,2,10,40149.28,4014.93,36134.35
OI0011609,O003214,P0091,3,0,111002.4,0.0,111002.4
OI0011610,O005243,P0272,1,5,21183.57,1059.18,20124.39
OI0011611,O004540,P0249,2,15,34777.92,5216.69,29561.23
OI0011612,O009092,P0047,4,10,94469.6,9446.96,85022.64
OI0011613,O005359,P0206,3,25,67962.0,16990.5,50971.5
OI0011614,O006299,P0077,3,10,8194.59,819.46,7375.13
OI0011615,O009223,P0261,2,25,97095.08,24273.77,72821.31
OI0011616,O007640,P0104,1,5,38741.02,1937.05,36803.97
OI0011617,O009673,P0122,3,0,111392.49,0.0,111392.49
OI0011618,O007617,P0200,3,0,32718.72,0.0,32718.72
OI0011619,O009954,P0295,1,0,46301.43,0.0,46301.43
OI0011620,O006760,P0266,1,15,38091.4,5713.71,32377.69
OI0011621,O008807,P0167,4,0,141477.52,0.0,141477.52
OI0011622,O007107,P0159,2,15,56198.04,8429.71,47768.33
OI0011623,O009402,P0246,1,10,15477.36,1547.74,13929.62
OI0011624,O004784,P0078,2,0,22421.88,0.0,22421.88
OI0011625,O003994,P0008,1,10,8182.39,818.24,7364.15
OI0011626,O008488,P0239,4,0,2657.52,0.0,2657.52
OI0011627,O006661,P0133,4,5,57803.24,2890.16,54913.08
OI0011628,O000522,P0262,3,15,142150.11,21322.52,120827.59
OI0011629,O005342,P0222,1,15,36848.58,5527.29,31321.29
OI0011630,O007753,P0101,1,15,8712.06,1306.81,7405.25
OI0011631,O008878,P0105,1,10,40727.69,4072.77,36654.92
OI0011632,O003616,P0122,4,10,148523.32,14852.33,133670.99
OI0011633,O001621,P0210,4,5,172041.36,8602.07,163439.29
OI0011634,O006002,P0255,1,25,12286.21,3071.55,9214.66
OI0011635,O000505,P0277,1,25,20074.64,5018.66,15055.98
OI0011636,O007450,P0188,2,0,83620.84,0.0,83620.84
OI0011637,O008087,P0299,2,25,78572.34,19643.08,58929.26
OI0011638,O003465,P0159,4,20,112396.08,22479.22,89916.86
OI0011639,O006199,P0213,2,10,48277.12,4827.71,43449.41
OI0011640,O004744,P0075,3,5,107856.78,5392.84,102463.94
OI0011641,O007148,P0080,2,5,54940.16,2747.01,52193.15
OI0011642,O008820,P0073,3,20,57391.44,11478.29,45913.15
OI0011643,O007224,P0115,3,0,103369.05,0.0,103369.05
OI0011644,O009143,P0279,4,10,73552.64,7355.26,66197.38
OI0011645,O002803,P0103,3,0,98259.57,0.0,98259.57
OI0011646,O009966,P0023,2,5,7842.7,392.14,7450.56
OI0011647,O009003,P0259,1,0,46277.18,0.0,46277.18
OI0011648,O008248,P0177,2,25,50934.46,12733.62,38200.84
OI0011649,O008082,P0070,2,0,10596.48,0.0,10596.48
OI0011650,O003871,P0148,2,15,20379.4,3056.91,17322.49
OI0011651,O002537,P0207,4,10,71000.6,7100.06,63900.54
OI0011652,O006756,P0110,2,20,24926.56,4985.31,19941.25
OI0011653,O008179,P0030,2,10,93365.96,9336.6,84029.36
OI0011654,O000147,P0248,4,25,186605.6,46651.4,139954.2
OI0011655,O004291,P0070,2,10,10596.48,1059.65,9536.83
OI0011656,O002337,P0029,4,10,16388.28,1638.83,14749.45
OI0011657,O000458,P0278,1,25,30845.96,7711.49,23134.47
OI0011658,O008387,P0168,2,5,78350.1,3917.5,74432.6
OI0011659,O008487,P0085,1,5,9195.61,459.78,8735.83
OI0011660,O006754,P0065,3,15,93349.41,14002.41,79347.0
OI0011661,O002098,P0158,3,0,122695.53,0.0,122695.53
OI0011662,O007438,P0258,1,20,28859.91,5771.98,23087.93
OI0011663,O005724,P0024,4,10,92564.44,9256.44,83308.0
OI0011664,O000158,P0268,1,15,9184.11,1377.62,7806.49
OI0011665,O006811,P0261,3,25,145642.62,36410.66,109231.96
OI0011666,O002626,P0226,2,25,20764.56,5191.14,15573.42
OI0011667,O000101,P0014,2,5,19224.12,961.21,18262.91
OI0011668,O009511,P0204,1,5,8794.93,439.75,8355.18
OI0011669,O005546,P0255,3,10,36858.63,3685.86,33172.77
OI0011670,O006975,P0283,2,15,54416.96,8162.54,46254.42
OI0011671,O000871,P0066,1,5,44570.57,2228.53,42342.04
OI0011672,O006199,P0177,3,5,76401.69,3820.08,72581.61
OI0011673,O001698,P0045,4,0,29805.24,0.0,29805.24
OI0011674,O000697,P0038,4,25,118952.68,29738.17,89214.51
OI0011675,O002416,P0066,4,0,178282.28,0.0,178282.28
OI0011676,O005293,P0105,3,0,122183.07,0.0,122183.07
OI0011677,O001617,P0106,1,10,24775.76,2477.58,22298.18
OI0011678,O007063,P0157,1,10,32154.45,3215.44,28939.01
OI0011679,O003103,P0241,3,0,127869.06,0.0,127869.06
OI0011680,O009609,P0004,2,5,46580.12,2329.01,44251.11
OI0011681,O005529,P0138,3,5,3828.06,191.4,3636.66
OI0011682,O004357,P0044,2,25,11091.16,2772.79,8318.37
OI0011683,O000668,P0209,3,5,28690.35,1434.52,27255.83
OI0011684,O007797,P0062,4,0,107174.32,0.0,107174.32
OI0011685,O007687,P0005,2,25,9214.82,2303.7,6911.12
OI0011686,O005994,P0044,3,5,16636.74,831.84,15804.9
OI0011687,O009080,P0073,1,0,19130.48,0.0,19130.48
OI0011688,O005546,P0175,3,10,142236.15,14223.62,128012.53
OI0011689,O002873,P0014,1,20,9612.06,1922.41,7689.65
OI0011690,O003814,P0019,2,15,32502.92,4875.44,27627.48
OI0011691,O003708,P0013,2,5,62525.72,3126.29,59399.43
OI0011692,O008409,P0021,4,0,187866.44,0.0,187866.44
OI0011693,O004626,P0295,3,20,138904.29,27780.86,111123.43
OI0011694,O002165,P0235,1,0,34380.06,0.0,34380.06
OI0011695,O002989,P0066,1,15,44570.57,6685.59,37884.98
OI0011696,O008000,P0286,4,0,42858.68,0.0,42858.68
OI0011697,O000290,P0151,2,5,25227.82,1261.39,23966.43
OI0011698,O005245,P0192,3,25,127071.69,31767.92,95303.77
OI0011699,O000163,P0155,1,10,47257.38,4725.74,42531.64
OI0011700,O004990,P0129,1,5,8079.39,403.97,7675.42
OI0011701,O007631,P0151,3,15,37841.73,5676.26,32165.47
OI0011702,O001564,P0095,1,5,24987.28,1249.36,23737.92
OI0011703,O000012,P0157,4,25,128617.8,32154.45,96463.35
OI0011704,O004291,P0005,2,0,9214.82,0.0,9214.82
OI0011705,O001290,P0033,2,5,42068.98,2103.45,39965.53
OI0011706,O000868,P0093,4,15,53170.52,7975.58,45194.94
OI0011707,O001799,P0007,3,15,43655.88,6548.38,37107.5
OI0011708,O005803,P0266,1,10,38091.4,3809.14,34282.26
OI0011709,O006420,P0249,4,5,69555.84,3477.79,66078.05
OI0011710,O000753,P0073,2,10,38260.96,3826.1,34434.86
OI0011711,O005614,P0145,4,0,156649.24,0.0,156649.24
OI0011712,O003317,P0228,4,0,25827.72,0.0,25827.72
OI0011713,O002413,P0134,1,25,10105.06,2526.26,7578.8
OI0011714,O005043,P0055,2,10,11047.22,1104.72,9942.5
OI0011715,O005068,P0267,2,10,98606.38,9860.64,88745.74
OI0011716,O003838,P0252,2,15,76937.4,11540.61,65396.79
OI0011717,O009064,P0167,1,10,35369.38,3536.94,31832.44
OI0011718,O006761,P0201,2,10,71675.3,7167.53,64507.77
OI0011719,O003068,P0144,3,15,101033.07,15154.96,85878.11
OI0011720,O007411,P0053,3,10,97001.49,9700.15,87301.34
OI0011721,O002148,P0091,1,25,37000.8,9250.2,27750.6
OI0011722,O009158,P0261,2,5,97095.08,4854.75,92240.33
OI0011723,O009975,P0264,3,0,32651.73,0.0,32651.73
OI0011724,O002012,P0003,3,0,57065.46,0.0,57065.46
OI0011725,O006209,P0027,2,20,98890.02,19778.0,79112.02
OI0011726,O008753,P0050,1,25,47322.97,11830.74,35492.23
OI0011727,O009283,P0056,4,0,101343.08,0.0,101343.08
OI0011728,O000996,P0148,1,25,10189.7,2547.43,7642.27
OI0011729,O005467,P0097,4,25,48983.64,12245.91,36737.73
OI0011730,O005190,P0116,1,15,46948.74,7042.31,39906.43
OI0011731,O003486,P0122,4,15,148523.32,22278.5,126244.82
OI0011732,O008101,P0050,1,0,47322.97,0.0,47322.97
OI0011733,O001478,P0106,2,0,49551.52,0.0,49551.52
OI0011734,O008401,P0283,4,0,108833.92,0.0,108833.92
OI0011735,O003887,P0018,1,10,19894.36,1989.44,17904.92
OI0011736,O009182,P0127,2,15,5137.28,770.59,4366.69
OI0011737,O004477,P0032,2,25,84531.04,21132.76,63398.28
OI0011738,O007251,P0007,2,10,29103.92,2910.39,26193.53
OI0011739,O007625,P0180,1,10,1392.98,139.3,1253.68
OI0011740,O001659,P0243,1,0,13414.41,0.0,13414.41
OI0011741,O009454,P0040,4,25,69709.16,17427.29,52281.87
OI0011742,O008538,P0223,4,25,28340.48,7085.12,21255.36
OI0011743,O004462,P0050,2,0,94645.94,0.0,94645.94
OI0011744,O004453,P0090,4,10,26263.68,2626.37,23637.31
OI0011745,O007331,P0238,2,5,63925.08,3196.25,60728.83
OI0011746,O001770,P0198,2,5,80977.84,4048.89,76928.95
OI0011747,O004674,P0243,2,15,26828.82,4024.32,22804.5
OI0011748,O003179,P0268,2,5,18368.22,918.41,17449.81
OI0011749,O008555,P0188,3,10,125431.26,12543.13,112888.13
OI0011750,O001289,P0111,2,5,90377.42,4518.87,85858.55
OI0011751,O002516,P0286,2,0,21429.34,0.0,21429.34
OI0011752,O002737,P0088,3,15,118773.0,17815.95,100957.05
OI0011753,O000268,P0214,3,5,75125.34,3756.27,71369.07
OI0011754,O006379,P0260,4,20,30057.8,6011.56,24046.24
OI0011755,O005949,P0005,4,25,18429.64,4607.41,13822.23
OI0011756,O009840,P0137,2,0,44000.62,0.0,44000.62
OI0011757,O005927,P0119,2,15,44436.76,6665.51,37771.25
OI0011758,O006359,P0051,1,20,36720.4,7344.08,29376.32
OI0011759,O004552,P0053,3,10,97001.49,9700.15,87301.34
OI0011760,O005398,P0098,2,5,40088.8,2004.44,38084.36
OI0011761,O002650,P0200,3,5,32718.72,1635.94,31082.78
OI0011762,O002387,P0238,2,10,63925.08,6392.51,57532.57
OI0011763,O000719,P0177,4,5,101868.92,5093.45,96775.47
OI0011764,O001189,P0261,1,20,48547.54,9709.51,38838.03
OI0011765,O005161,P0032,3,0,126796.56,0.0,126796.56
OI0011766,O005333,P0133,1,0,14450.81,0.0,14450.81
OI0011767,O002163,P0198,2,10,80977.84,8097.78,72880.06
OI0011768,O005581,P0153,3,15,78202.65,11730.4,66472.25
OI0011769,O003207,P0078,4,15,44843.76,6726.56,38117.2
OI0011770,O001369,P0112,1,5,5396.7,269.83,5126.87
OI0011771,O006177,P0073,2,5,38260.96,1913.05,36347.91
OI0011772,O000515,P0028,4,5,189850.64,9492.53,180358.11
OI0011773,O002793,P0088,1,0,39591.0,0.0,39591.0
OI0011774,O005028,P0191,4,5,79151.88,3957.59,75194.29
OI0011775,O005109,P0036,4,15,155071.92,23260.79,131811.13
OI0011776,O008872,P0231,1,10,23587.78,2358.78,21229.0
OI0011777,O004596,P0241,4,25,170492.08,42623.02,127869.06
OI0011778,O009714,P0067,2,10,49817.12,4981.71,44835.41
OI0011779,O005399,P0021,2,5,93933.22,4696.66,89236.56
OI0011780,O003522,P0295,4,0,185205.72,0.0,185205.72
OI0011781,O008494,P0042,3,0,70674.6,0.0,70674.6
OI0011782,O002887,P0164,1,0,37280.26,0.0,37280.26
OI0011783,O001301,P0017,3,5,79694.7,3984.74,75709.96
OI0011784,O002657,P0054,2,25,82740.08,20685.02,62055.06
OI0011785,O001475,P0105,2,15,81455.38,12218.31,69237.07
OI0011786,O006399,P0153,1,5,26067.55,1303.38,24764.17
OI0011787,O009881,P0019,2,15,32502.92,4875.44,27627.48
OI0011788,O005967,P0055,1,25,5523.61,1380.9,4142.71
OI0011789,O002155,P0236,3,15,3339.36,500.9,2838.46
OI0011790,O003173,P0179,1,10,25512.92,2551.29,22961.63
OI0011791,O004721,P0295,2,0,92602.86,0.0,92602.86
OI0011792,O009584,P0159,3,0,84297.06,0.0,84297.06
OI0011793,O009920,P0200,3,0,32718.72,0.0,32718.72
OI0011794,O004052,P0163,1,15,15410.12,2311.52,13098.6
OI0011795,O008754,P0124,3,0,49942.95,0.0,49942.95
OI0011796,O007197,P0283,4,10,108833.92,10883.39,97950.53
OI0011797,O000357,P0155,1,5,47257.38,2362.87,44894.51
OI0011798,O005215,P0253,3,10,33711.12,3371.11,30340.01
OI0011799,O009786,P0269,2,0,76694.18,0.0,76694.18
OI0011800,O007310,P0279,4,25,73552.64,18388.16,55164.48
OI0011801,O007147,P0065,4,15,124465.88,18669.88,105796.0
OI0011802,O009279,P0114,4,15,172157.36,25823.6,146333.76
OI0011803,O004865,P0220,2,0,46445.92,0.0,46445.92
OI0011804,O006283,P0246,4,0,61909.44,0.0,61909.44
OI0011805,O009391,P0079,4,15,55428.96,8314.34,47114.62
OI0011806,O001516,P0069,4,0,80905.56,0.0,80905.56
OI0011807,O005302,P0231,2,20,47175.56,9435.11,37740.45
OI0011808,O002678,P0199,3,10,117238.47,11723.85,105514.62
OI0011809,O002786,P0227,2,0,18940.04,0.0,18940.04
OI0011810,O000497,P0150,2,10,16522.8,1652.28,14870.52
OI0011811,O007297,P0245,2,20,79326.68,15865.34,63461.34
OI0011812,O005642,P0001,3,20,83789.55,16757.91,67031.64
OI0011813,O001677,P0143,3,5,56829.3,2841.46,53987.84
OI0011814,O000669,P0094,2,10,37797.66,3779.77,34017.89
OI0011815,O001647,P0067,2,15,49817.12,7472.57,42344.55
OI0011816,O005381,P0005,2,20,9214.82,1842.96,7371.86
OI0011817,O003163,P0196,3,15,111676.29,16751.44,94924.85
OI0011818,O005799,P0184,2,10,45276.02,4527.6,40748.42
OI0011819,O004532,P0281,1,15,34841.91,5226.29,29615.62
OI0011820,O002779,P0062,4,15,107174.32,16076.15,91098.17
OI0011821,O009305,P0142,2,10,13561.32,1356.13,12205.19
OI0011822,O006439,P0089,1,25,25607.6,6401.9,19205.7
OI0011823,O003114,P0027,3,10,148335.03,14833.5,133501.53
OI0011824,O003615,P0221,3,5,107281.59,5364.08,101917.51
OI0011825,O009686,P0052,1,25,31946.44,7986.61,23959.83
OI0011826,O000075,P0256,3,25,148752.96,37188.24,111564.72
OI0011827,O000388,P0233,1,15,37362.49,5604.37,31758.12
OI0011828,O005849,P0001,4,0,111719.4,0.0,111719.4
OI0011829,O001506,P0192,1,15,42357.23,6353.58,36003.65
OI0011830,O000976,P0277,2,0,40149.28,0.0,40149.28
OI0011831,O003610,P0104,2,0,77482.04,0.0,77482.04
OI0011832,O000840,P0101,4,5,34848.24,1742.41,33105.83
OI0011833,O009387,P0226,3,5,31146.84,1557.34,29589.5
OI0011834,O006566,P0018,2,10,39788.72,3978.87,35809.85
OI0011835,O005653,P0015,3,0,70730.58,0.0,70730.58
OI0011836,O006430,P0174,4,0,116325.6,0.0,116325.6
OI0011837,O006899,P0033,3,15,63103.47,9465.52,53637.95
OI0011838,O007206,P0244,4,5,137838.2,6891.91,130946.29
OI0011839,O004221,P0267,3,0,147909.57,0.0,147909.57
OI0011840,O004140,P0221,3,5,107281.59,5364.08,101917.51
OI0011841,O009964,P0029,1,15,4097.07,614.56,3482.51
OI0011842,O003887,P0008,1,0,8182.39,0.0,8182.39
OI0011843,O004003,P0030,2,25,93365.96,23341.49,70024.47
OI0011844,O000666,P0074,4,10,67973.76,6797.38,61176.38
OI0011845,O006328,P0262,4,10,189533.48,18953.35,170580.13
OI0011846,O004072,P0063,4,5,76324.84,3816.24,72508.6
OI0011847,O009599,P0129,3,10,24238.17,2423.82,21814.35
OI0011848,O009515,P0009,1,0,27316.66,0.0,27316.66
OI0011849,O000403,P0180,1,15,1392.98,208.95,1184.03
OI0011850,O006806,P0272,4,0,84734.28,0.0,84734.28
OI0011851,O004537,P0003,1,5,19021.82,951.09,18070.73
OI0011852,O006818,P0002,3,0,139392.72,0.0,139392.72
OI0011853,O004658,P0094,1,0,18898.83,0.0,18898.83
OI0011854,O002357,P0249,2,10,34777.92,3477.79,31300.13
OI0011855,O009052,P0146,4,0,106521.52,0.0,106521.52
OI0011856,O003629,P0059,4,0,166685.6,0.0,166685.6
OI0011857,O007602,P0003,3,10,57065.46,5706.55,51358.91
OI0011858,O009596,P0006,2,15,61054.32,9158.15,51896.17
OI0011859,O000136,P0115,1,5,34456.35,1722.82,32733.53
OI0011860,O000362,P0110,3,20,37389.84,7477.97,29911.87
OI0011861,O003343,P0269,1,0,38347.09,0.0,38347.09
OI0011862,O002954,P0015,1,10,23576.86,2357.69,21219.17
OI0011863,O008411,P0086,1,0,20446.08,0.0,20446.08
OI0011864,O006610,P0083,4,0,188798.76,0.0,188798.76
OI0011865,O009620,P0242,4,25,137053.76,34263.44,102790.32
OI0011866,O000062,P0206,2,25,45308.0,11327.0,33981.0
OI0011867,O002022,P0087,3,25,53726.94,13431.74,40295.2
OI0011868,O005217,P0025,4,20,178248.16,35649.63,142598.53
OI0011869,O001006,P0161,3,0,39822.0,0.0,39822.0
OI0011870,O003508,P0193,3,5,64376.64,3218.83,61157.81
OI0011871,O001438,P0117,3,0,108510.3,0.0,108510.3
OI0011872,O007297,P0052,2,0,63892.88,0.0,63892.88
OI0011873,O000817,P0015,3,15,70730.58,10609.59,60120.99
OI0011874,O000577,P0051,2,10,73440.8,7344.08,66096.72
OI0011875,O006903,P0127,3,15,7705.92,1155.89,6550.03
OI0011876,O003963,P0060,4,10,15192.52,1519.25,13673.27
OI0011877,O008541,P0286,2,0,21429.34,0.0,21429.34
OI0011878,O006309,P0201,4,5,143350.6,7167.53,136183.07
OI0011879,O009395,P0089,4,15,102430.4,15364.56,87065.84
OI0011880,O004150,P0034,1,20,22153.58,4430.72,17722.86
OI0011881,O000319,P0104,1,0,38741.02,0.0,38741.02
OI0011882,O004526,P0296,4,0,129348.84,0.0,129348.84
OI0011883,O007346,P0011,2,25,7954.82,1988.7,5966.12
OI0011884,O007764,P0207,2,25,35500.3,8875.08,26625.22
OI0011885,O000957,P0285,2,15,9282.98,1392.45,7890.53
OI0011886,O006635,P0222,2,0,73697.16,0.0,73697.16
OI0011887,O001750,P0011,4,10,15909.64,1590.96,14318.68
OI0011888,O002060,P0191,3,0,59363.91,0.0,59363.91
OI0011889,O005608,P0204,3,20,26384.79,5276.96,21107.83
OI0011890,O008103,P0222,4,5,147394.32,7369.72,140024.6
OI0011891,O007829,P0059,1,10,41671.4,4167.14,37504.26
OI0011892,O003756,P0091,1,0,37000.8,0.0,37000.8
OI0011893,O005086,P0292,3,15,40120.23,6018.03,34102.2
OI0011894,O006358,P0143,2,10,37886.2,3788.62,34097.58
OI0011895,O009237,P0201,2,15,71675.3,10751.3,60924.0
OI0011896,O004969,P0095,2,5,49974.56,2498.73,47475.83
OI0011897,O008660,P0217,4,5,34601.28,1730.06,32871.22
OI0011898,O000743,P0060,3,20,11394.39,2278.88,9115.51
OI0011899,O000445,P0271,4,5,35780.8,1789.04,33991.76
OI0011900,O004816,P0034,3,25,66460.74,16615.19,49845.55
OI0011901,O002259,P0190,4,0,88176.16,0.0,88176.16
OI0011902,O009465,P0016,1,0,36071.08,0.0,36071.08
OI0011903,O008299,P0289,4,15,51164.72,7674.71,43490.01
OI0011904,O008863,P0126,1,25,43634.79,10908.7,32726.09
OI0011905,O006661,P0093,4,25,53170.52,13292.63,39877.89
OI0011906,O003537,P0032,1,10,42265.52,4226.55,38038.97
OI0011907,O002753,P0079,4,10,55428.96,5542.9,49886.06
OI0011908,O009893,P0213,3,10,72415.68,7241.57,65174.11
OI0011909,O003678,P0028,3,15,142387.98,21358.2,121029.78
OI0011910,O002016,P0142,3,10,20341.98,2034.2,18307.78
OI0011911,O005868,P0277,2,0,40149.28,0.0,40149.28
OI0011912,O005149,P0216,4,20,54950.64,10990.13,43960.51
OI0011913,O003190,P0099,1,20,1153.81,230.76,923.05
OI0011914,O004229,P0159,1,25,28099.02,7024.76,21074.26
OI0011915,O000158,P0022,1,5,33651.89,1682.59,31969.3
OI0011916,O005739,P0025,2,0,89124.08,0.0,89124.08
OI0011917,O007826,P0046,3,0,5592.63,0.0,5592.63
OI0011918,O007589,P0042,1,10,23558.2,2355.82,21202.38
OI0011919,O001803,P0033,4,5,84137.96,4206.9,79931.06
OI0011920,O005380,P0100,4,5,154677.56,7733.88,146943.68
OI0011921,O002929,P0070,1,0,5298.24,0.0,5298.24
OI0011922,O007832,P0153,2,0,52135.1,0.0,52135.1
OI0011923,O007010,P0202,1,5,40041.71,2002.09,38039.62
OI0011924,O000136,P0048,2,0,95461.0,0.0,95461.0
OI0011925,O004312,P0107,4,0,41705.36,0.0,41705.36
OI0011926,O006608,P0202,1,0,40041.71,0.0,40041.71
OI0011927,O005766,P0226,2,0,20764.56,0.0,20764.56
OI0011928,O001877,P0104,3,0,116223.06,0.0,116223.06
OI0011929,O007663,P0065,2,15,62232.94,9334.94,52898.0
OI0011930,O001042,P0147,3,0,88718.25,0.0,88718.25
OI0011931,O005324,P0006,1,20,30527.16,6105.43,24421.73
OI0011932,O001903,P0138,3,15,3828.06,574.21,3253.85
OI0011933,O001537,P0120,1,20,3759.85,751.97,3007.88
OI0011934,O001529,P0171,1,5,19519.02,975.95,18543.07
OI0011935,O003661,P0055,3,0,16570.83,0.0,16570.83
OI0011936,O006648,P0119,1,0,22218.38,0.0,22218.38
OI0011937,O004270,P0246,1,15,15477.36,2321.6,13155.76
OI0011938,O008309,P0232,3,25,117567.36,29391.84,88175.52
OI0011939,O005126,P0137,1,0,22000.31,0.0,22000.31
OI0011940,O004372,P0179,3,20,76538.76,15307.75,61231.01
OI0011941,O003140,P0184,3,15,67914.03,10187.1,57726.93
OI0011942,O005928,P0209,1,15,9563.45,1434.52,8128.93
OI0011943,O008083,P0233,2,15,74724.98,11208.75,63516.23
OI0011944,O009707,P0140,4,0,100604.64,0.0,100604.64
OI0011945,O009341,P0046,4,10,7456.84,745.68,6711.16
OI0011946,O000812,P0272,4,10,84734.28,8473.43,76260.85
OI0011947,O008501,P0078,3,20,33632.82,6726.56,26906.26
OI0011948,O004820,P0047,1,5,23617.4,1180.87,22436.53
OI0011949,O005638,P0057,1,10,34914.14,3491.41,31422.73
OI0011950,O003837,P0063,2,10,38162.42,3816.24,34346.18
OI0011951,O001427,P0286,3,10,32144.01,3214.4,28929.61
OI0011952,O007454,P0237,2,5,31451.06,1572.55,29878.51
OI0011953,O000199,P0084,3,0,120744.9,0.0,120744.9
OI0011954,O002229,P0005,1,5,4607.41,230.37,4377.04
OI0011955,O008132,P0143,3,5,56829.3,2841.46,53987.84
OI0011956,O008384,P0287,1,10,25205.16,2520.52,22684.64
OI0011957,O004227,P0077,4,10,10926.12,1092.61,9833.51
OI0011958,O000767,P0011,1,15,3977.41,596.61,3380.8
OI0011959,O001433,P0256,2,10,99168.64,9916.86,89251.78
OI0011960,O007582,P0051,4,5,146881.6,7344.08,139537.52
OI0011961,O000164,P0142,4,10,27122.64,2712.26,24410.38
OI0011962,O007081,P0066,1,5,44570.57,2228.53,42342.04
OI0011963,O002809,P0103,4,0,131012.76,0.0,131012.76
OI0011964,O009906,P0180,4,5,5571.92,278.6,5293.32
OI0011965,O002162,P0094,2,10,37797.66,3779.77,34017.89
OI0011966,O009744,P0065,4,5,124465.88,6223.29,118242.59
OI0011967,O003676,P0006,3,15,91581.48,13737.22,77844.26
OI0011968,O009164,P0207,3,20,53250.45,10650.09,42600.36
OI0011969,O001992,P0218,4,5,143913.28,7195.66,136717.62
OI0011970,O009886,P0187,1,0,19277.45,0.0,19277.45
OI0011971,O000828,P0181,2,20,31575.32,6315.06,25260.26
OI0011972,O006505,P0267,2,10,98606.38,9860.64,88745.74
OI0011973,O000230,P0107,4,0,41705.36,0.0,41705.36
OI0011974,O000774,P0112,1,10,5396.7,539.67,4857.03
OI0011975,O008709,P0138,2,0,2552.04,0.0,2552.04
OI0011976,O004170,P0004,3,15,69870.18,10480.53,59389.65
OI0011977,O003102,P0218,4,10,143913.28,14391.33,129521.95
OI0011978,O003339,P0086,4,25,81784.32,20446.08,61338.24
OI0011979,O006787,P0062,4,5,107174.32,5358.72,101815.6
OI0011980,O003500,P0029,2,25,8194.14,2048.54,6145.6
OI0011981,O009782,P0207,4,20,71000.6,14200.12,56800.48
OI0011982,O003713,P0289,3,15,38373.54,5756.03,32617.51
OI0011983,O009229,P0212,2,5,22950.38,1147.52,21802.86
OI0011984,O006719,P0246,3,5,46432.08,2321.6,44110.48
OI0011985,O003952,P0143,1,5,18943.1,947.16,17995.94
OI0011986,O009528,P0249,3,0,52166.88,0.0,52166.88
OI0011987,O003942,P0131,4,10,21856.32,2185.63,19670.69
OI0011988,O003998,P0028,4,15,189850.64,28477.6,161373.04
OI0011989,O005740,P0116,3,15,140846.22,21126.93,119719.29
OI0011990,O006569,P0240,3,10,5523.75,552.38,4971.37
OI0011991,O001478,P0170,1,5,34963.1,1748.16,33214.94
OI0011992,O001612,P0015,4,15,94307.44,14146.12,80161.32
OI0011993,O008144,P0040,1,10,17427.29,1742.73,15684.56
OI0011994,O006774,P0034,2,20,44307.16,8861.43,35445.73
OI0011995,O005718,P0036,1,5,38767.98,1938.4,36829.58
OI0011996,O004620,P0283,3,0,81625.44,0.0,81625.44
OI0011997,O002866,P0242,4,0,137053.76,0.0,137053.76
OI0011998,O009489,P0131,4,15,21856.32,3278.45,18577.87
OI0011999,O005352,P0131,3,10,16392.24,1639.22,14753.02
OI0012000,O001696,P0087,4,0,71635.92,0.0,71635.92
OI0012001,O004269,P0197,1,20,26692.02,5338.4,21353.62
OI0012002,O006053,P0188,4,10,167241.68,16724.17,150517.51
OI0012003,O008899,P0125,2,10,59695.42,5969.54,53725.88
OI0012004,O001817,P0130,3,15,104482.92,15672.44,88810.48
OI0012005,O007251,P0115,3,10,103369.05,10336.91,93032.14
OI0012006,O009259,P0100,3,0,116008.17,0.0,116008.17
OI0012007,O003381,P0206,2,10,45308.0,4530.8,40777.2
OI0012008,O008421,P0268,4,20,36736.44,7347.29,29389.15
OI0012009,O001669,P0030,1,5,46682.98,2334.15,44348.83
OI0012010,O008624,P0096,3,5,51858.45,2592.92,49265.53
OI0012011,O000936,P0254,3,0,40858.8,0.0,40858.8
OI0012012,O002046,P0276,4,10,199031.76,19903.18,179128.58
OI0012013,O001816,P0243,1,15,13414.41,2012.16,11402.25
OI0012014,O000838,P0079,2,25,27714.48,6928.62,20785.86
OI0012015,O000908,P0191,1,10,19787.97,1978.8,17809.17
OI0012016,O004736,P0154,1,5,28220.9,1411.04,26809.86
OI0012017,O005892,P0211,2,25,26070.42,6517.6,19552.82
OI0012018,O008816,P0020,1,0,30596.61,0.0,30596.61
OI0012019,O006827,P0115,2,15,68912.7,10336.91,58575.79
OI0012020,O007860,P0282,1,5,46905.77,2345.29,44560.48
OI0012021,O009925,P0279,4,20,73552.64,14710.53,58842.11
OI0012022,O001421,P0014,2,15,19224.12,2883.62,16340.5
OI0012023,O008450,P0086,4,5,81784.32,4089.22,77695.1
OI0012024,O008556,P0222,1,15,36848.58,5527.29,31321.29
OI0012025,O007261,P0092,1,20,19964.02,3992.8,15971.22
OI0012026,O005588,P0038,1,5,29738.17,1486.91,28251.26
OI0012027,O000345,P0296,4,10,129348.84,12934.88,116413.96
OI0012028,O000676,P0185,4,5,57672.6,2883.63,54788.97
OI0012029,O007690,P0030,1,25,46682.98,11670.74,35012.24
OI0012030,O003463,P0243,1,25,13414.41,3353.6,10060.81
OI0012031,O006706,P0248,2,0,93302.8,0.0,93302.8
OI0012032,O004182,P0227,3,10,28410.06,2841.01,25569.05
OI0012033,O006190,P0055,2,10,11047.22,1104.72,9942.5
OI0012034,O004344,P0109,3,20,105134.13,21026.83,84107.3
OI0012035,O007573,P0203,3,15,52305.42,7845.81,44459.61
OI0012036,O005233,P0066,1,5,44570.57,2228.53,42342.04
OI0012037,O009182,P0164,4,10,149121.04,14912.1,134208.94
OI0012038,O001440,P0158,1,5,40898.51,2044.93,38853.58
OI0012039,O003043,P0207,1,5,17750.15,887.51,16862.64
OI0012040,O008206,P0210,2,15,86020.68,12903.1,73117.58
OI0012041,O001322,P0160,3,10,38694.54,3869.45,34825.09
OI0012042,O007581,P0016,2,0,72142.16,0.0,72142.16
OI0012043,O004861,P0142,1,10,6780.66,678.07,6102.59
OI0012044,O005408,P0066,3,10,133711.71,13371.17,120340.54
OI0012045,O000011,P0198,2,5,80977.84,4048.89,76928.95
OI0012046,O004252,P0044,2,0,11091.16,0.0,11091.16
OI0012047,O004549,P0136,2,25,2243.04,560.76,1682.28
OI0012048,O001792,P0088,1,20,39591.0,7918.2,31672.8
OI0012049,O008931,P0186,4,5,60166.08,3008.3,57157.78
OI0012050,O004148,P0039,4,10,37993.2,3799.32,34193.88
OI0012051,O007849,P0031,1,20,18283.0,3656.6,14626.4
OI0012052,O005299,P0064,3,10,51434.07,5143.41,46290.66
OI0012053,O009863,P0085,3,0,27586.83,0.0,27586.83
OI0012054,O009179,P0148,3,10,30569.1,3056.91,27512.19
OI0012055,O007791,P0258,2,5,57719.82,2885.99,54833.83
OI0012056,O006201,P0299,3,10,117858.51,11785.85,106072.66
OI0012057,O008155,P0256,1,20,49584.32,9916.86,39667.46
OI0012058,O007126,P0040,4,5,69709.16,3485.46,66223.7
OI0012059,O008203,P0058,1,15,29422.66,4413.4,25009.26
OI0012060,O001500,P0113,4,0,196547.48,0.0,196547.48
OI0012061,O004817,P0086,1,10,20446.08,2044.61,18401.47
OI0012062,O002867,P0269,2,5,76694.18,3834.71,72859.47
OI0012063,O002389,P0123,4,25,77775.52,19443.88,58331.64
OI0012064,O004914,P0108,4,0,147651.76,0.0,147651.76
OI0012065,O008448,P0247,2,5,3987.32,199.37,3787.95
OI0012066,O003244,P0223,2,20,14170.24,2834.05,11336.19
OI0012067,O008719,P0235,1,5,34380.06,1719.0,32661.06
OI0012068,O007790,P0245,1,0,39663.34,0.0,39663.34
OI0012069,O007682,P0222,1,20,36848.58,7369.72,29478.86
OI0012070,O007064,P0124,3,10,49942.95,4994.3,44948.65
OI0012071,O003766,P0237,4,10,62902.12,6290.21,56611.91
OI0012072,O005923,P0170,3,5,104889.3,5244.46,99644.84
OI0012073,O000341,P0245,1,0,39663.34,0.0,39663.34
OI0012074,O009981,P0032,2,10,84531.04,8453.1,76077.94
OI0012075,O007802,P0296,4,10,129348.84,12934.88,116413.96
OI0012076,O007011,P0076,3,5,111574.53,5578.73,105995.8
OI0012077,O001011,P0204,3,0,26384.79,0.0,26384.79
OI0012078,O009754,P0091,1,15,37000.8,5550.12,31450.68
OI0012079,O008484,P0026,2,10,9806.46,980.65,8825.81
OI0012080,O002880,P0107,1,10,10426.34,1042.63,9383.71
OI0012081,O000555,P0270,1,0,17071.3,0.0,17071.3
OI0012082,O002728,P0206,2,5,45308.0,2265.4,43042.6
OI0012083,O009110,P0098,1,10,20044.4,2004.44,18039.96
OI0012084,O008397,P0182,3,15,123085.29,18462.79,104622.5
OI0012085,O008271,P0008,2,0,16364.78,0.0,16364.78
OI0012086,O000528,P0167,3,20,106108.14,21221.63,84886.51
OI0012087,O006617,P0015,1,5,23576.86,1178.84,22398.02
OI0012088,O003843,P0260,2,15,15028.9,2254.34,12774.56
OI0012089,O009115,P0193,3,25,64376.64,16094.16,48282.48
OI0012090,O006241,P0163,3,15,46230.36,6934.55,39295.81
OI0012091,O001960,P0006,3,0,91581.48,0.0,91581.48
OI0012092,O007782,P0115,2,5,68912.7,3445.64,65467.06
OI0012093,O007684,P0066,3,10,133711.71,13371.17,120340.54
OI0012094,O000614,P0239,4,15,2657.52,398.63,2258.89
OI0012095,O000248,P0095,2,5,49974.56,2498.73,47475.83
OI0012096,O006773,P0181,3,5,47362.98,2368.15,44994.83
OI0012097,O007614,P0211,4,5,52140.84,2607.04,49533.8
OI0012098,O003667,P0019,2,15,32502.92,4875.44,27627.48
OI0012099,O001216,P0013,3,25,93788.58,23447.14,70341.44
OI0012100,O005131,P0124,2,15,33295.3,4994.3,28301.0
OI0012101,O001187,P0264,4,5,43535.64,2176.78,41358.86
OI0012102,O004513,P0092,4,10,79856.08,7985.61,71870.47
OI0012103,O001016,P0056,1,10,25335.77,2533.58,22802.19
OI0012104,O005505,P0117,2,0,72340.2,0.0,72340.2
OI0012105,O000033,P0294,2,25,57483.66,14370.92,43112.74
OI0012106,O004173,P0271,3,10,26835.6,2683.56,24152.04
OI0012107,O005569,P0062,4,25,107174.32,26793.58,80380.74
OI0012108,O000874,P0189,3,15,145098.66,21764.8,123333.86
OI0012109,O002269,P0025,1,15,44562.04,6684.31,37877.73
OI0012110,O005293,P0001,1,5,27929.85,1396.49,26533.36
OI0012111,O006230,P0271,3,20,26835.6,5367.12,21468.48
OI0012112,O000300,P0047,1,0,23617.4,0.0,23617.4
OI0012113,O005928,P0166,1,25,11119.91,2779.98,8339.93
OI0012114,O005762,P0161,1,10,13274.0,1327.4,11946.6
OI0012115,O008628,P0212,4,5,45900.76,2295.04,43605.72
OI0012116,O007185,P0268,2,15,18368.22,2755.23,15612.99
OI0012117,O008191,P0250,2,15,11003.58,1650.54,9353.04
OI0012118,O002098,P0006,1,15,30527.16,4579.07,25948.09
OI0012119,O009072,P0215,1,5,10910.24,545.51,10364.73
OI0012120,O008069,P0290,3,0,77896.74,0.0,77896.74
OI0012121,O009140,P0006,4,20,122108.64,24421.73,97686.91
OI0012122,O006576,P0188,1,15,41810.42,6271.56,35538.86
OI0012123,O008973,P0154,1,5,28220.9,1411.04,26809.86
OI0012124,O004023,P0177,1,0,25467.23,0.0,25467.23
OI0012125,O009378,P0274,2,10,46697.04,4669.7,42027.34
OI0012126,O004919,P0127,3,5,7705.92,385.3,7320.62
OI0012127,O004098,P0142,1,0,6780.66,0.0,6780.66
OI0012128,O009046,P0237,3,10,47176.59,4717.66,42458.93
OI0012129,O009062,P0087,4,20,71635.92,14327.18,57308.74
OI0012130,O009049,P0058,4,10,117690.64,11769.06,105921.58
OI0012131,O004008,P0232,2,10,78378.24,7837.82,70540.42
OI0012132,O001639,P0253,3,25,33711.12,8427.78,25283.34
OI0012133,O005564,P0152,3,15,34195.08,5129.26,29065.82
OI0012134,O004370,P0236,3,0,3339.36,0.0,3339.36
OI0012135,O008147,P0248,2,5,93302.8,4665.14,88637.66
OI0012136,O005965,P0016,3,10,108213.24,10821.32,97391.92
OI0012137,O008793,P0114,1,10,43039.34,4303.93,38735.41
OI0012138,O009424,P0141,1,15,16217.79,2432.67,13785.12
OI0012139,O001133,P0213,4,5,96554.24,4827.71,91726.53
OI0012140,O002810,P0155,1,5,47257.38,2362.87,44894.51
OI0012141,O008767,P0038,2,0,59476.34,0.0,59476.34
OI0012142,O006877,P0179,4,0,102051.68,0.0,102051.68
OI0012143,O003772,P0151,3,15,37841.73,5676.26,32165.47
OI0012144,O000686,P0144,3,25,101033.07,25258.27,75774.8
OI0012145,O005136,P0046,2,0,3728.42,0.0,3728.42
OI0012146,O002262,P0216,4,25,54950.64,13737.66,41212.98
OI0012147,O000684,P0114,3,5,129118.02,6455.9,122662.12
OI0012148,O004748,P0208,4,20,111334.04,22266.81,89067.23
OI0012149,O005440,P0267,1,0,49303.19,0.0,49303.19
OI0012150,O007836,P0233,4,0,149449.96,0.0,149449.96
OI0012151,O002844,P0015,3,5,70730.58,3536.53,67194.05
OI0012152,O006759,P0186,3,20,45124.56,9024.91,36099.65
OI0012153,O004964,P0018,4,5,79577.44,3978.87,75598.57
OI0012154,O004006,P0250,3,20,16505.37,3301.07,13204.3
OI0012155,O009978,P0227,3,5,28410.06,1420.5,26989.56
OI0012156,O006815,P0197,3,0,80076.06,0.0,80076.06
OI0012157,O004172,P0286,4,25,42858.68,10714.67,32144.01
OI0012158,O009675,P0159,3,0,84297.06,0.0,84297.06
OI0012159,O004484,P0153,2,15,52135.1,7820.26,44314.84
OI0012160,O008043,P0210,1,20,43010.34,8602.07,34408.27
OI0012161,O008537,P0131,2,0,10928.16,0.0,10928.16
OI0012162,O005484,P0018,2,10,39788.72,3978.87,35809.85
OI0012163,O005396,P0288,1,0,1195.58,0.0,1195.58
OI0012164,O005576,P0049,2,10,11919.26,1191.93,10727.33
OI0012165,O007462,P0165,1,15,2565.38,384.81,2180.57
OI0012166,O006473,P0071,4,5,13047.96,652.4,12395.56
OI0012167,O009624,P0284,1,0,38465.32,0.0,38465.32
OI0012168,O007153,P0032,1,5,42265.52,2113.28,40152.24
OI0012169,O003117,P0169,4,15,91495.44,13724.32,77771.12
OI0012170,O008009,P0086,1,25,20446.08,5111.52,15334.56
OI0012171,O001730,P0273,3,0,119196.09,0.0,119196.09
OI0012172,O003509,P0010,1,0,26708.05,0.0,26708.05
OI0012173,O001904,P0017,2,0,53129.8,0.0,53129.8
OI0012174,O003521,P0056,2,10,50671.54,5067.15,45604.39
OI0012175,O005384,P0234,3,15,90926.13,13638.92,77287.21
OI0012176,O009688,P0139,3,5,72845.79,3642.29,69203.5
OI0012177,O003106,P0127,3,0,7705.92,0.0,7705.92
OI0012178,O005258,P0017,2,25,53129.8,13282.45,39847.35
OI0012179,O009069,P0192,3,25,127071.69,31767.92,95303.77
OI0012180,O000385,P0122,4,5,148523.32,7426.17,141097.15
OI0012181,O007671,P0055,2,20,11047.22,2209.44,8837.78
OI0012182,O005687,P0207,3,20,53250.45,10650.09,42600.36
OI0012183,O003423,P0261,3,10,145642.62,14564.26,131078.36
OI0012184,O008271,P0107,4,10,41705.36,4170.54,37534.82
OI0012185,O004547,P0120,4,15,15039.4,2255.91,12783.49
OI0012186,O000787,P0251,1,20,24693.47,4938.69,19754.78
OI0012187,O003371,P0042,4,0,94232.8,0.0,94232.8
OI0012188,O003623,P0212,1,0,11475.19,0.0,11475.19
OI0012189,O000231,P0131,4,15,21856.32,3278.45,18577.87
OI0012190,O004507,P0097,4,0,48983.64,0.0,48983.64
OI0012191,O004502,P0285,2,0,9282.98,0.0,9282.98
OI0012192,O004913,P0108,1,5,36912.94,1845.65,35067.29
OI0012193,O005434,P0132,1,0,33306.43,0.0,33306.43
OI0012194,O005327,P0178,1,20,16579.2,3315.84,13263.36
OI0012195,O003624,P0277,4,5,80298.56,4014.93,76283.63
OI0012196,O007786,P0217,1,10,8650.32,865.03,7785.29
OI0012197,O005903,P0188,1,0,41810.42,0.0,41810.42
OI0012198,O007456,P0012,1,10,34970.13,3497.01,31473.12
OI0012199,O003423,P0005,4,20,18429.64,3685.93,14743.71
OI0012200,O000056,P0283,1,25,27208.48,6802.12,20406.36
OI0012201,O006097,P0103,2,15,65506.38,9825.96,55680.42
OI0012202,O005172,P0177,1,0,25467.23,0.0,25467.23
OI0012203,O003021,P0276,1,5,49757.94,2487.9,47270.04
OI0012204,O000998,P0128,3,0,58186.29,0.0,58186.29
OI0012205,O003301,P0285,4,5,18565.96,928.3,17637.66
OI0012206,O002768,P0247,2,10,3987.32,398.73,3588.59
OI0012207,O008476,P0211,2,10,26070.42,2607.04,23463.38
OI0012208,O005880,P0292,3,20,40120.23,8024.05,32096.18
OI0012209,O001432,P0097,2,0,24491.82,0.0,24491.82
OI0012210,O008574,P0136,2,5,2243.04,112.15,2130.89
OI0012211,O003756,P0158,2,10,81797.02,8179.7,73617.32
OI0012212,O006103,P0189,1,25,48366.22,12091.56,36274.66
OI0012213,O008498,P0252,1,0,38468.7,0.0,38468.7
OI0012214,O007125,P0174,1,20,29081.4,5816.28,23265.12
OI0012215,O000641,P0274,3,10,70045.56,7004.56,63041.0
OI0012216,O005868,P0110,3,0,37389.84,0.0,37389.84
OI0012217,O007624,P0081,1,15,7395.86,1109.38,6286.48
OI0012218,O009473,P0106,4,0,99103.04,0.0,99103.04
OI0012219,O000143,P0031,1,15,18283.0,2742.45,15540.55
OI0012220,O004298,P0064,4,0,68578.76,0.0,68578.76
OI0012221,O007169,P0276,2,10,99515.88,9951.59,89564.29
OI0012222,O003022,P0285,4,15,18565.96,2784.89,15781.07
OI0012223,O005613,P0231,3,10,70763.34,7076.33,63687.01
OI0012224,O001844,P0183,3,15,83355.9,12503.38,70852.52
OI0012225,O008938,P0073,2,20,38260.96,7652.19,30608.77
OI0012226,O000553,P0033,3,0,63103.47,0.0,63103.47
OI0012227,O005951,P0146,4,10,106521.52,10652.15,95869.37
OI0012228,O000942,P0181,1,25,15787.66,3946.92,11840.74
OI0012229,O000277,P0266,1,15,38091.4,5713.71,32377.69
OI0012230,O006895,P0028,3,5,142387.98,7119.4,135268.58
OI0012231,O008563,P0061,3,5,103787.73,5189.39,98598.34
OI0012232,O008095,P0220,4,15,92891.84,13933.78,78958.06
OI0012233,O004562,P0188,1,0,41810.42,0.0,41810.42
OI0012234,O008803,P0087,4,20,71635.92,14327.18,57308.74
OI0012235,O000068,P0154,3,0,84662.7,0.0,84662.7
OI0012236,O003321,P0043,3,10,50516.97,5051.7,45465.27
OI0012237,O001794,P0033,2,20,42068.98,8413.8,33655.18
OI0012238,O002915,P0276,3,15,149273.82,22391.07,126882.75
OI0012239,O000338,P0016,1,10,36071.08,3607.11,32463.97
OI0012240,O009666,P0160,3,0,38694.54,0.0,38694.54
OI0012241,O007259,P0118,4,10,38735.04,3873.5,34861.54
OI0012242,O006969,P0011,3,25,11932.23,2983.06,8949.17
OI0012243,O005736,P0108,1,0,36912.94,0.0,36912.94
OI0012244,O004935,P0104,1,0,38741.02,0.0,38741.02
OI0012245,O000766,P0111,3,5,135566.13,6778.31,128787.82
OI0012246,O008809,P0154,4,10,112883.6,11288.36,101595.24
OI0012247,O007394,P0119,4,5,88873.52,4443.68,84429.84
OI0012248,O008761,P0001,3,15,83789.55,12568.43,71221.12
OI0012249,O002174,P0230,3,10,112372.38,11237.24,101135.14
OI0012250,O002152,P0268,4,5,36736.44,1836.82,34899.62
OI0012251,O002720,P0073,4,15,76521.92,11478.29,65043.63
OI0012252,O001747,P0095,4,0,99949.12,0.0,99949.12
OI0012253,O006468,P0212,3,0,34425.57,0.0,34425.57
OI0012254,O002387,P0147,3,0,88718.25,0.0,88718.25
OI0012255,O001205,P0096,3,20,51858.45,10371.69,41486.76
OI0012256,O000588,P0119,2,15,44436.76,6665.51,37771.25
OI0012257,O000907,P0287,4,20,100820.64,20164.13,80656.51
OI0012258,O004614,P0022,1,5,33651.89,1682.59,31969.3
OI0012259,O001702,P0121,3,10,58811.82,5881.18,52930.64
OI0012260,O003895,P0076,4,5,148766.04,7438.3,141327.74
OI0012261,O000794,P0083,4,10,188798.76,18879.88,169918.88
OI0012262,O009442,P0066,1,20,44570.57,8914.11,35656.46
OI0012263,O009325,P0260,2,0,15028.9,0.0,15028.9
OI0012264,O009331,P0158,1,10,40898.51,4089.85,36808.66
OI0012265,O009814,P0151,1,0,12613.91,0.0,12613.91
OI0012266,O003590,P0277,4,20,80298.56,16059.71,64238.85
OI0012267,O006623,P0007,1,25,14551.96,3637.99,10913.97
OI0012268,O002827,P0076,2,20,74383.02,14876.6,59506.42
OI0012269,O006008,P0105,4,0,162910.76,0.0,162910.76
OI0012270,O008451,P0203,3,5,52305.42,2615.27,49690.15
OI0012271,O004849,P0046,4,0,7456.84,0.0,7456.84
OI0012272,O007785,P0206,2,20,45308.0,9061.6,36246.4
OI0012273,O003699,P0295,2,0,92602.86,0.0,92602.86
OI0012274,O009650,P0195,2,25,23399.78,5849.94,17549.84
OI0012275,O004454,P0100,1,10,38669.39,3866.94,34802.45
OI0012276,O009464,P0246,2,15,30954.72,4643.21,26311.51
OI0012277,O009937,P0103,2,10,65506.38,6550.64,58955.74
OI0012278,O004638,P0216,4,15,54950.64,8242.6,46708.04
OI0012279,O009778,P0169,4,5,91495.44,4574.77,86920.67
OI0012280,O008415,P0032,4,15,169062.08,25359.31,143702.77
OI0012281,O002208,P0222,4,5,147394.32,7369.72,140024.6
OI0012282,O005240,P0164,1,25,37280.26,9320.06,27960.2
OI0012283,O007168,P0070,1,25,5298.24,1324.56,3973.68
OI0012284,O001363,P0184,1,10,22638.01,2263.8,20374.21
OI0012285,O003849,P0107,2,15,20852.68,3127.9,17724.78
OI0012286,O008049,P0068,4,15,165080.84,24762.13,140318.71
OI0012287,O003494,P0068,1,15,41270.21,6190.53,35079.68
OI0012288,O003475,P0141,3,25,48653.37,12163.34,36490.03
OI0012289,O008996,P0251,3,20,74080.41,14816.08,59264.33
OI0012290,O004875,P0235,1,15,34380.06,5157.01,29223.05
OI0012291,O004596,P0080,2,0,54940.16,0.0,54940.16
OI0012292,O006735,P0024,2,5,46282.22,2314.11,43968.11
OI0012293,O004056,P0040,3,5,52281.87,2614.09,49667.78
OI0012294,O008383,P0152,4,10,45593.44,4559.34,41034.1
OI0012295,O003669,P0152,2,20,22796.72,4559.34,18237.38
OI0012296,O007804,P0230,3,15,112372.38,16855.86,95516.52
OI0012297,O003658,P0147,4,15,118291.0,17743.65,100547.35
OI0012298,O000499,P0286,4,0,42858.68,0.0,42858.68
OI0012299,O009568,P0089,1,0,25607.6,0.0,25607.6
OI0012300,O009265,P0200,3,25,32718.72,8179.68,24539.04
OI0012301,O004275,P0248,2,0,93302.8,0.0,93302.8
OI0012302,O008882,P0224,3,15,144944.01,21741.6,123202.41
OI0012303,O003608,P0238,2,10,63925.08,6392.51,57532.57
OI0012304,O003349,P0108,3,5,110738.82,5536.94,105201.88
OI0012305,O006554,P0192,1,15,42357.23,6353.58,36003.65
OI0012306,O005827,P0241,3,25,127869.06,31967.26,95901.8
OI0012307,O007629,P0097,1,5,12245.91,612.3,11633.61
OI0012308,O000578,P0229,1,5,7090.25,354.51,6735.74
OI0012309,O000064,P0266,1,5,38091.4,1904.57,36186.83
OI0012310,O008557,P0246,2,10,30954.72,3095.47,27859.25
OI0012311,O009696,P0152,1,15,11398.36,1709.75,9688.61
OI0012312,O006561,P0228,2,10,12913.86,1291.39,11622.47
OI0012313,O003616,P0131,4,0,21856.32,0.0,21856.32
OI0012314,O003516,P0047,1,5,23617.4,1180.87,22436.53
OI0012315,O007555,P0229,3,15,21270.75,3190.61,18080.14
OI0012316,O008042,P0088,3,20,118773.0,23754.6,95018.4
OI0012317,O003697,P0208,4,10,111334.04,11133.4,100200.64
OI0012318,O001213,P0053,1,0,32333.83,0.0,32333.83
OI0012319,O006398,P0208,4,15,111334.04,16700.11,94633.93
OI0012320,O001544,P0272,3,10,63550.71,6355.07,57195.64
OI0012321,O007922,P0260,3,25,22543.35,5635.84,16907.51
OI0012322,O005631,P0024,2,5,46282.22,2314.11,43968.11
OI0012323,O002787,P0239,2,20,1328.76,265.75,1063.01
OI0012324,O003070,P0159,4,15,112396.08,16859.41,95536.67
OI0012325,O002841,P0088,3,20,118773.0,23754.6,95018.4
OI0012326,O006366,P0251,1,0,24693.47,0.0,24693.47
OI0012327,O004512,P0088,1,20,39591.0,7918.2,31672.8
OI0012328,O006048,P0160,2,10,25796.36,2579.64,23216.72
OI0012329,O009497,P0079,3,15,41571.72,6235.76,35335.96
OI0012330,O005658,P0231,2,0,47175.56,0.0,47175.56
OI0012331,O007176,P0012,1,5,34970.13,1748.51,33221.62
OI0012332,O008389,P0273,2,5,79464.06,3973.2,75490.86
OI0012333,O004075,P0233,3,10,112087.47,11208.75,100878.72
OI0012334,O006083,P0106,1,10,24775.76,2477.58,22298.18
OI0012335,O009703,P0241,3,0,127869.06,0.0,127869.06
OI0012336,O007904,P0153,1,25,26067.55,6516.89,19550.66
OI0012337,O007366,P0247,3,25,5980.98,1495.24,4485.74
OI0012338,O001271,P0282,3,0,140717.31,0.0,140717.31
OI0012339,O004872,P0196,2,5,74450.86,3722.54,70728.32
OI0012340,O003259,P0029,1,20,4097.07,819.41,3277.66
OI0012341,O008325,P0079,4,15,55428.96,8314.34,47114.62
OI0012342,O004941,P0183,3,25,83355.9,20838.97,62516.93
OI0012343,O007565,P0226,1,25,10382.28,2595.57,7786.71
OI0012344,O003190,P0080,4,20,109880.32,21976.06,87904.26
OI0012345,O003630,P0040,2,10,34854.58,3485.46,31369.12
OI0012346,O003204,P0005,4,5,18429.64,921.48,17508.16
OI0012347,O009248,P0037,4,10,7526.8,752.68,6774.12
OI0012348,O005710,P0074,3,15,50980.32,7647.05,43333.27
OI0012349,O000883,P0121,1,0,19603.94,0.0,19603.94
OI0012350,O004916,P0031,2,15,36566.0,5484.9,31081.1
OI0012351,O002233,P0250,4,20,22007.16,4401.43,17605.73
OI0012352,O003006,P0014,3,0,28836.18,0.0,28836.18
OI0012353,O001208,P0290,1,20,25965.58,5193.12,20772.46
OI0012354,O001918,P0053,2,20,64667.66,12933.53,51734.13
OI0012355,O002780,P0101,4,0,34848.24,0.0,34848.24
OI0012356,O003043,P0021,4,25,187866.44,46966.61,140899.83
OI0012357,O003551,P0293,4,10,103190.92,10319.09,92871.83
OI0012358,O001486,P0096,2,10,34572.3,3457.23,31115.07
OI0012359,O004495,P0229,3,10,21270.75,2127.07,19143.68
OI0012360,O001063,P0273,3,0,119196.09,0.0,119196.09
OI0012361,O004642,P0228,3,15,19370.79,2905.62,16465.17
OI0012362,O008934,P0159,1,20,28099.02,5619.8,22479.22
OI0012363,O007851,P0050,2,5,94645.94,4732.3,89913.64
OI0012364,O006395,P0178,2,5,33158.4,1657.92,31500.48
OI0012365,O001453,P0299,4,25,157144.68,39286.17,117858.51
OI0012366,O001377,P0017,3,10,79694.7,7969.47,71725.23
OI0012367,O000383,P0198,4,10,161955.68,16195.57,145760.11
OI0012368,O000067,P0222,4,20,147394.32,29478.86,117915.46
OI0012369,O006846,P0147,2,15,59145.5,8871.83,50273.67
OI0012370,O003904,P0190,3,5,66132.12,3306.61,62825.51
OI0012371,O004851,P0040,3,0,52281.87,0.0,52281.87
OI0012372,O001436,P0037,2,10,3763.4,376.34,3387.06
OI0012373,O001654,P0095,2,0,49974.56,0.0,49974.56
OI0012374,O006825,P0144,1,5,33677.69,1683.88,31993.81
OI0012375,O005490,P0077,4,10,10926.12,1092.61,9833.51
OI0012376,O008791,P0026,4,20,19612.92,3922.58,15690.34
OI0012377,O009825,P0193,3,15,64376.64,9656.5,54720.14
OI0012378,O009652,P0290,2,0,51931.16,0.0,51931.16
OI0012379,O009998,P0124,3,5,49942.95,2497.15,47445.8
OI0012380,O008253,P0135,2,10,93658.72,9365.87,84292.85
OI0012381,O006194,P0193,3,10,64376.64,6437.66,57938.98
OI0012382,O003597,P0192,3,10,127071.69,12707.17,114364.52
OI0012383,O005316,P0146,3,25,79891.14,19972.78,59918.36
OI0012384,O007538,P0189,3,15,145098.66,21764.8,123333.86
OI0012385,O009491,P0128,3,0,58186.29,0.0,58186.29
OI0012386,O002264,P0253,1,25,11237.04,2809.26,8427.78
OI0012387,O005412,P0210,4,10,172041.36,17204.14,154837.22
OI0012388,O006680,P0016,4,10,144284.32,14428.43,129855.89
OI0012389,O000174,P0192,4,20,169428.92,33885.78,135543.14
OI0012390,O003855,P0286,2,0,21429.34,0.0,21429.34
OI0012391,O001454,P0233,2,10,74724.98,7472.5,67252.48
OI0012392,O000608,P0126,1,20,43634.79,8726.96,34907.83
OI0012393,O008162,P0092,1,15,19964.02,2994.6,16969.42
OI0012394,O007058,P0138,1,5,1276.02,63.8,1212.22
OI0012395,O008147,P0075,1,10,35952.26,3595.23,32357.03
OI0012396,O009970,P0119,3,0,66655.14,0.0,66655.14
OI0012397,O007887,P0070,1,0,5298.24,0.0,5298.24
OI0012398,O005782,P0285,1,0,4641.49,0.0,4641.49
OI0012399,O002841,P0022,1,15,33651.89,5047.78,28604.11
OI0012400,O002840,P0300,1,10,10159.44,1015.94,9143.5
OI0012401,O007046,P0063,4,25,76324.84,19081.21,57243.63
OI0012402,O001418,P0178,3,15,49737.6,7460.64,42276.96
OI0012403,O003109,P0125,1,5,29847.71,1492.39,28355.32
OI0012404,O008722,P0020,2,20,61193.22,12238.64,48954.58
OI0012405,O008680,P0108,4,0,147651.76,0.0,147651.76
OI0012406,O001321,P0143,4,0,75772.4,0.0,75772.4
OI0012407,O004425,P0133,2,5,28901.62,1445.08,27456.54
OI0012408,O000097,P0271,3,0,26835.6,0.0,26835.6
OI0012409,O009710,P0011,3,5,11932.23,596.61,11335.62
OI0012410,O005137,P0033,4,5,84137.96,4206.9,79931.06
OI0012411,O005667,P0101,2,10,17424.12,1742.41,15681.71
OI0012412,O006480,P0164,3,10,111840.78,11184.08,100656.7
OI0012413,O008616,P0163,4,5,61640.48,3082.02,58558.46
OI0012414,O001852,P0201,2,25,71675.3,17918.82,53756.48
OI0012415,O008623,P0075,3,10,107856.78,10785.68,97071.1
OI0012416,O001918,P0237,3,20,47176.59,9435.32,37741.27
OI0012417,O002758,P0033,4,20,84137.96,16827.59,67310.37
OI0012418,O003565,P0091,1,0,37000.8,0.0,37000.8
OI0012419,O001468,P0094,4,10,75595.32,7559.53,68035.79
OI0012420,O005871,P0024,4,20,92564.44,18512.89,74051.55
OI0012421,O004107,P0193,4,25,85835.52,21458.88,64376.64
OI0012422,O009033,P0262,2,10,94766.74,9476.67,85290.07
OI0012423,O004635,P0076,3,25,111574.53,27893.63,83680.9
OI0012424,O001635,P0282,2,15,93811.54,14071.73,79739.81
OI0012425,O000126,P0245,3,0,118990.02,0.0,118990.02
OI0012426,O006266,P0182,2,10,82056.86,8205.69,73851.17
OI0012427,O000352,P0190,1,15,22044.04,3306.61,18737.43
OI0012428,O008560,P0268,1,15,9184.11,1377.62,7806.49
OI0012429,O008584,P0152,1,0,11398.36,0.0,11398.36
OI0012430,O000450,P0295,4,0,185205.72,0.0,185205.72
OI0012431,O007173,P0150,2,15,16522.8,2478.42,14044.38
OI0012432,O003069,P0252,2,10,76937.4,7693.74,69243.66
OI0012433,O000236,P0233,3,0,112087.47,0.0,112087.47
OI0012434,O007657,P0206,1,15,22654.0,3398.1,19255.9
OI0012435,O006347,P0004,2,0,46580.12,0.0,46580.12
OI0012436,O006864,P0029,2,0,8194.14,0.0,8194.14
OI0012437,O007961,P0134,1,25,10105.06,2526.26,7578.8
OI0012438,O004458,P0047,4,5,94469.6,4723.48,89746.12
OI0012439,O000793,P0055,2,0,11047.22,0.0,11047.22
OI0012440,O002379,P0234,3,0,90926.13,0.0,90926.13
OI0012441,O006718,P0103,1,25,32753.19,8188.3,24564.89
OI0012442,O005857,P0246,4,5,61909.44,3095.47,58813.97
OI0012443,O004353,P0173,1,10,20026.84,2002.68,18024.16
OI0012444,O002424,P0136,1,5,1121.52,56.08,1065.44
OI0012445,O006772,P0267,1,0,49303.19,0.0,49303.19
OI0012446,O002377,P0156,2,20,19876.84,3975.37,15901.47
OI0012447,O005403,P0224,1,25,48314.67,12078.67,36236.0
OI0012448,O004817,P0098,3,25,60133.2,15033.3,45099.9
OI0012449,O000578,P0049,4,0,23838.52,0.0,23838.52
OI0012450,O005320,P0150,4,0,33045.6,0.0,33045.6
OI0012451,O009724,P0061,1,20,34595.91,6919.18,27676.73
OI0012452,O003213,P0243,2,0,26828.82,0.0,26828.82
OI0012453,O004139,P0173,3,10,60080.52,6008.05,54072.47
OI0012454,O003733,P0041,3,10,52583.52,5258.35,47325.17
OI0012455,O002771,P0094,3,15,56696.49,8504.47,48192.02
OI0012456,O006562,P0147,4,0,118291.0,0.0,118291.0
OI0012457,O004894,P0300,3,5,30478.32,1523.92,28954.4
OI0012458,O003154,P0026,1,10,4903.23,490.32,4412.91
OI0012459,O005752,P0144,4,0,134710.76,0.0,134710.76
OI0012460,O009124,P0134,1,25,10105.06,2526.26,7578.8
OI0012461,O004871,P0037,3,20,5645.1,1129.02,4516.08
OI0012462,O002093,P0206,2,0,45308.0,0.0,45308.0
OI0012463,O008818,P0152,2,15,22796.72,3419.51,19377.21
OI0012464,O001870,P0168,3,5,117525.15,5876.26,111648.89
OI0012465,O001991,P0203,4,5,69740.56,3487.03,66253.53
OI0012466,O004282,P0159,4,5,112396.08,5619.8,106776.28
OI0012467,O002680,P0179,2,15,51025.84,7653.88,43371.96
OI0012468,O008492,P0217,3,25,25950.96,6487.74,19463.22
OI0012469,O000235,P0148,3,20,30569.1,6113.82,24455.28
OI0012470,O008079,P0159,1,5,28099.02,1404.95,26694.07
OI0012471,O001105,P0144,1,15,33677.69,5051.65,28626.04
OI0012472,O006440,P0070,3,10,15894.72,1589.47,14305.25
OI0012473,O000758,P0299,4,5,157144.68,7857.23,149287.45
OI0012474,O004973,P0123,1,5,19443.88,972.19,18471.69
OI0012475,O003244,P0267,4,0,197212.76,0.0,197212.76
OI0012476,O008965,P0119,4,0,88873.52,0.0,88873.52
OI0012477,O005985,P0065,2,10,62232.94,6223.29,56009.65
OI0012478,O000380,P0186,1,15,15041.52,2256.23,12785.29
OI0012479,O007877,P0155,4,0,189029.52,0.0,189029.52
OI0012480,O003906,P0169,4,5,91495.44,4574.77,86920.67
OI0012481,O009079,P0249,3,0,52166.88,0.0,52166.88
OI0012482,O002421,P0223,3,10,21255.36,2125.54,19129.82
OI0012483,O007276,P0002,3,20,139392.72,27878.54,111514.18
OI0012484,O001017,P0213,4,25,96554.24,24138.56,72415.68
OI0012485,O001340,P0089,4,20,102430.4,20486.08,81944.32
OI0012486,O003502,P0013,4,20,125051.44,25010.29,100041.15
OI0012487,O009877,P0036,2,10,77535.96,7753.6,69782.36
OI0012488,O008411,P0081,1,0,7395.86,0.0,7395.86
OI0012489,O009714,P0238,1,15,31962.54,4794.38,27168.16
OI0012490,O006393,P0204,1,15,8794.93,1319.24,7475.69
OI0012491,O000829,P0214,3,0,75125.34,0.0,75125.34
OI0012492,O008018,P0015,2,0,47153.72,0.0,47153.72
OI0012493,O003578,P0135,3,0,140488.08,0.0,140488.08
OI0012494,O002659,P0131,4,10,21856.32,2185.63,19670.69
OI0012495,O000669,P0148,1,5,10189.7,509.48,9680.22
OI0012496,O008028,P0026,2,25,9806.46,2451.61,7354.85
OI0012497,O004806,P0045,1,0,7451.31,0.0,7451.31
OI0012498,O006817,P0028,3,5,142387.98,7119.4,135268.58
OI0012499,O009151,P0045,4,20,29805.24,5961.05,23844.19
OI0012500,O003058,P0188,3,25,125431.26,31357.82,94073.44
OI0012501,O009946,P0296,2,15,64674.42,9701.16,54973.26
OI0012502,O006434,P0009,2,25,54633.32,13658.33,40974.99
OI0012503,O001143,P0071,2,0,6523.98,0.0,6523.98
OI0012504,O008241,P0296,4,15,129348.84,19402.33,109946.51
OI0012505,O006294,P0266,1,10,38091.4,3809.14,34282.26
OI0012506,O003736,P0253,1,15,11237.04,1685.56,9551.48
OI0012507,O000312,P0173,2,5,40053.68,2002.68,38051.0
OI0012508,O008187,P0196,3,10,111676.29,11167.63,100508.66
OI0012509,O009857,P0240,3,5,5523.75,276.19,5247.56
OI0012510,O004298,P0186,2,10,30083.04,3008.3,27074.74
OI0012511,O007542,P0147,3,5,88718.25,4435.91,84282.34
OI0012512,O008977,P0120,3,5,11279.55,563.98,10715.57
OI0012513,O000462,P0176,4,5,14491.2,724.56,13766.64
OI0012514,O002453,P0028,3,0,142387.98,0.0,142387.98
OI0012515,O001030,P0022,2,0,67303.78,0.0,67303.78
OI0012516,O006987,P0086,1,25,20446.08,5111.52,15334.56
OI0012517,O006183,P0168,4,10,156700.2,15670.02,141030.18
OI0012518,O000660,P0300,1,10,10159.44,1015.94,9143.5
OI0012519,O006996,P0102,4,10,9541.8,954.18,8587.62
OI0012520,O003797,P0031,4,5,73132.0,3656.6,69475.4
OI0012521,O007798,P0091,4,0,148003.2,0.0,148003.2
OI0012522,O005161,P0261,1,0,48547.54,0.0,48547.54
OI0012523,O001626,P0197,2,20,53384.04,10676.81,42707.23
OI0012524,O003305,P0127,3,0,7705.92,0.0,7705.92
OI0012525,O003110,P0093,1,0,13292.63,0.0,13292.63
OI0012526,O005404,P0194,3,25,83068.5,20767.12,62301.38
OI0012527,O001275,P0270,4,20,68285.2,13657.04,54628.16
OI0012528,O006922,P0053,4,0,129335.32,0.0,129335.32
OI0012529,O005812,P0157,4,10,128617.8,12861.78,115756.02
OI0012530,O007239,P0229,3,10,21270.75,2127.07,19143.68
OI0012531,O000215,P0166,4,5,44479.64,2223.98,42255.66
OI0012532,O004978,P0093,2,10,26585.26,2658.53,23926.73
OI0012533,O006396,P0157,2,0,64308.9,0.0,64308.9
OI0012534,O003122,P0298,4,25,186121.96,46530.49,139591.47
OI0012535,O005871,P0109,2,0,70089.42,0.0,70089.42
OI0012536,O003803,P0206,2,0,45308.0,0.0,45308.0
OI0012537,O008102,P0279,1,5,18388.16,919.41,17468.75
OI0012538,O008082,P0154,3,0,84662.7,0.0,84662.7
OI0012539,O004451,P0228,4,5,25827.72,1291.39,24536.33
OI0012540,O006128,P0166,1,0,11119.91,0.0,11119.91
OI0012541,O000689,P0278,3,10,92537.88,9253.79,83284.09
OI0012542,O007185,P0210,4,0,172041.36,0.0,172041.36
OI0012543,O001399,P0268,1,25,9184.11,2296.03,6888.08
OI0012544,O009814,P0063,3,0,57243.63,0.0,57243.63
OI0012545,O001910,P0112,4,0,21586.8,0.0,21586.8
OI0012546,O001845,P0186,2,0,30083.04,0.0,30083.04
OI0012547,O002044,P0113,2,10,98273.74,9827.37,88446.37
OI0012548,O004958,P0074,3,15,50980.32,7647.05,43333.27
OI0012549,O003778,P0133,1,10,14450.81,1445.08,13005.73
OI0012550,O004741,P0117,3,20,108510.3,21702.06,86808.24
OI0012551,O004994,P0099,4,10,4615.24,461.52,4153.72
OI0012552,O004798,P0297,2,0,41705.68,0.0,41705.68
OI0012553,O009093,P0150,2,0,16522.8,0.0,16522.8
OI0012554,O001727,P0031,2,5,36566.0,1828.3,34737.7
OI0012555,O002011,P0157,4,25,128617.8,32154.45,96463.35
OI0012556,O002271,P0189,1,10,48366.22,4836.62,43529.6
OI0012557,O003402,P0016,4,20,144284.32,28856.86,115427.46
OI0012558,O002163,P0055,3,0,16570.83,0.0,16570.83
OI0012559,O006349,P0145,1,15,39162.31,5874.35,33287.96
OI0012560,O002489,P0018,2,10,39788.72,3978.87,35809.85
OI0012561,O005987,P0060,2,0,7596.26,0.0,7596.26
OI0012562,O002028,P0285,1,0,4641.49,0.0,4641.49
OI0012563,O004863,P0233,3,5,112087.47,5604.37,106483.1
OI0012564,O006532,P0219,1,20,38549.43,7709.89,30839.54
OI0012565,O000958,P0095,4,10,99949.12,9994.91,89954.21
OI0012566,O004935,P0215,4,10,43640.96,4364.1,39276.86
OI0012567,O009109,P0106,2,20,49551.52,9910.3,39641.22
OI0012568,O004781,P0251,3,0,74080.41,0.0,74080.41
OI0012569,O003948,P0119,4,5,88873.52,4443.68,84429.84
OI0012570,O008674,P0054,3,10,124110.12,12411.01,111699.11
OI0012571,O006806,P0045,3,10,22353.93,2235.39,20118.54
OI0012572,O000262,P0103,2,5,65506.38,3275.32,62231.06
OI0012573,O006739,P0131,2,10,10928.16,1092.82,9835.34
OI0012574,O003968,P0129,4,0,32317.56,0.0,32317.56
OI0012575,O005019,P0183,2,0,55570.6,0.0,55570.6
OI0012576,O001930,P0234,4,25,121234.84,30308.71,90926.13
OI0012577,O009399,P0273,2,5,79464.06,3973.2,75490.86
OI0012578,O008866,P0285,1,0,4641.49,0.0,4641.49
OI0012579,O002499,P0018,4,5,79577.44,3978.87,75598.57
OI0012580,O005683,P0234,3,10,90926.13,9092.61,81833.52
OI0012581,O001134,P0116,4,25,187794.96,46948.74,140846.22
OI0012582,O000080,P0090,1,15,6565.92,984.89,5581.03
OI0012583,O005543,P0088,2,25,79182.0,19795.5,59386.5
OI0012584,O007685,P0097,2,0,24491.82,0.0,24491.82
OI0012585,O004922,P0076,3,0,111574.53,0.0,111574.53
OI0012586,O006033,P0235,4,5,137520.24,6876.01,130644.23
OI0012587,O004503,P0107,4,0,41705.36,0.0,41705.36
OI0012588,O007273,P0143,4,25,75772.4,18943.1,56829.3
OI0012589,O002110,P0009,4,0,109266.64,0.0,109266.64
OI0012590,O006151,P0159,3,0,84297.06,0.0,84297.06
OI0012591,O006269,P0098,2,10,40088.8,4008.88,36079.92
OI0012592,O005652,P0048,2,15,95461.0,14319.15,81141.85
OI0012593,O005488,P0102,3,5,7156.35,357.82,6798.53
OI0012594,O005881,P0109,2,0,70089.42,0.0,70089.42
OI0012595,O006962,P0102,4,15,9541.8,1431.27,8110.53
OI0012596,O000259,P0129,1,25,8079.39,2019.85,6059.54
OI0012597,O003958,P0121,1,20,19603.94,3920.79,15683.15
OI0012598,O005739,P0063,3,20,57243.63,11448.73,45794.9
OI0012599,O004343,P0252,1,20,38468.7,7693.74,30774.96
OI0012600,O004654,P0034,2,15,44307.16,6646.07,37661.09
OI0012601,O005969,P0193,4,20,85835.52,17167.1,68668.42
OI0012602,O007027,P0225,3,0,123259.17,0.0,123259.17
OI0012603,O003508,P0267,4,0,197212.76,0.0,197212.76
OI0012604,O007805,P0009,2,0,54633.32,0.0,54633.32
OI0012605,O001084,P0263,2,10,88501.36,8850.14,79651.22
OI0012606,O008131,P0046,3,0,5592.63,0.0,5592.63
OI0012607,O008624,P0122,2,0,74261.66,0.0,74261.66
OI0012608,O009432,P0177,1,0,25467.23,0.0,25467.23
OI0012609,O009825,P0264,4,0,43535.64,0.0,43535.64
OI0012610,O000811,P0164,4,10,149121.04,14912.1,134208.94
OI0012611,O006282,P0045,2,0,14902.62,0.0,14902.62
OI0012612,O008032,P0116,1,20,46948.74,9389.75,37558.99
OI0012613,O001026,P0242,4,25,137053.76,34263.44,102790.32
OI0012614,O008143,P0019,2,5,32502.92,1625.15,30877.77
OI0012615,O009712,P0221,3,10,107281.59,10728.16,96553.43
OI0012616,O003298,P0211,2,5,26070.42,1303.52,24766.9
OI0012617,O007407,P0287,3,15,75615.48,11342.32,64273.16
OI0012618,O008366,P0047,3,25,70852.2,17713.05,53139.15
OI0012619,O005493,P0253,2,0,22474.08,0.0,22474.08
OI0012620,O004695,P0221,1,25,35760.53,8940.13,26820.4
OI0012621,O009738,P0277,2,0,40149.28,0.0,40149.28
OI0012622,O007270,P0010,4,5,106832.2,5341.61,101490.59
OI0012623,O002565,P0132,1,25,33306.43,8326.61,24979.82
OI0012624,O008794,P0140,2,10,50302.32,5030.23,45272.09
OI0012625,O001104,P0123,1,0,19443.88,0.0,19443.88
OI0012626,O001657,P0138,3,20,3828.06,765.61,3062.45
OI0012627,O000407,P0067,1,10,24908.56,2490.86,22417.7
OI0012628,O009105,P0136,3,15,3364.56,504.68,2859.88
OI0012629,O003356,P0246,3,0,46432.08,0.0,46432.08
OI0012630,O002868,P0100,4,20,154677.56,30935.51,123742.05
OI0012631,O008762,P0240,2,15,3682.5,552.38,3130.12
OI0012632,O006638,P0150,4,25,33045.6,8261.4,24784.2
OI0012633,O008783,P0035,4,5,127137.24,6356.86,120780.38
OI0012634,O002817,P0132,3,10,99919.29,9991.93,89927.36
OI0012635,O002705,P0278,4,15,123383.84,18507.58,104876.26
OI0012636,O004559,P0062,3,0,80380.74,0.0,80380.74
OI0012637,O006446,P0124,2,0,33295.3,0.0,33295.3
OI0012638,O003590,P0050,1,5,47322.97,2366.15,44956.82
OI0012639,O002455,P0188,2,25,83620.84,20905.21,62715.63
OI0012640,O001630,P0027,1,0,49445.01,0.0,49445.01
OI0012641,O002168,P0180,4,25,5571.92,1392.98,4178.94
OI0012642,O007677,P0040,4,5,69709.16,3485.46,66223.7
OI0012643,O002749,P0226,1,10,10382.28,1038.23,9344.05
OI0012644,O001217,P0030,4,5,186731.92,9336.6,177395.32
OI0012645,O003097,P0217,2,15,17300.64,2595.1,14705.54
OI0012646,O009744,P0294,3,25,86225.49,21556.37,64669.12
OI0012647,O000922,P0015,1,5,23576.86,1178.84,22398.02
OI0012648,O000517,P0296,3,0,97011.63,0.0,97011.63
OI0012649,O003952,P0073,1,0,19130.48,0.0,19130.48
OI0012650,O002830,P0133,2,5,28901.62,1445.08,27456.54
OI0012651,O002505,P0214,4,0,100167.12,0.0,100167.12
OI0012652,O001486,P0035,4,0,127137.24,0.0,127137.24
OI0012653,O006783,P0017,1,20,26564.9,5312.98,21251.92
OI0012654,O000990,P0147,4,15,118291.0,17743.65,100547.35
OI0012655,O005377,P0274,3,10,70045.56,7004.56,63041.0
OI0012656,O008338,P0066,3,0,133711.71,0.0,133711.71
OI0012657,O003659,P0177,3,0,76401.69,0.0,76401.69
OI0012658,O003083,P0219,4,5,154197.72,7709.89,146487.83
OI0012659,O002652,P0080,2,0,54940.16,0.0,54940.16
OI0012660,O006924,P0288,2,0,2391.16,0.0,2391.16
OI0012661,O002210,P0282,3,0,140717.31,0.0,140717.31
OI0012662,O007158,P0096,2,20,34572.3,6914.46,27657.84
OI0012663,O002810,P0239,4,15,2657.52,398.63,2258.89
OI0012664,O002805,P0053,2,5,64667.66,3233.38,61434.28
OI0012665,O001278,P0200,4,5,43624.96,2181.25,41443.71
OI0012666,O008807,P0222,2,5,73697.16,3684.86,70012.3
OI0012667,O009096,P0069,4,10,80905.56,8090.56,72815.0
OI0012668,O005338,P0160,4,20,51592.72,10318.54,41274.18
OI0012669,O009194,P0072,2,10,5510.9,551.09,4959.81
OI0012670,O004489,P0150,4,0,33045.6,0.0,33045.6
OI0012671,O002131,P0047,2,0,47234.8,0.0,47234.8
OI0012672,O003426,P0257,4,0,40118.84,0.0,40118.84
OI0012673,O002176,P0075,2,15,71904.52,10785.68,61118.84
OI0012674,O009968,P0294,2,5,57483.66,2874.18,54609.48
OI0012675,O007512,P0183,2,25,55570.6,13892.65,41677.95
OI0012676,O004202,P0134,2,5,20210.12,1010.51,19199.61
OI0012677,O009964,P0084,1,15,40248.3,6037.24,34211.06
OI0012678,O009338,P0256,3,10,148752.96,14875.3,133877.66
OI0012679,O007244,P0274,2,20,46697.04,9339.41,37357.63
OI0012680,O008962,P0071,1,10,3261.99,326.2,2935.79
OI0012681,O006709,P0218,4,0,143913.28,0.0,143913.28
OI0012682,O004352,P0024,1,20,23141.11,4628.22,18512.89
OI0012683,O009074,P0182,1,0,41028.43,0.0,41028.43
OI0012684,O002407,P0247,1,10,1993.66,199.37,1794.29
OI0012685,O003359,P0034,1,0,22153.58,0.0,22153.58
OI0012686,O002085,P0215,3,5,32730.72,1636.54,31094.18
OI0012687,O004792,P0221,1,5,35760.53,1788.03,33972.5
OI0012688,O006824,P0295,3,10,138904.29,13890.43,125013.86
OI0012689,O009868,P0293,4,5,103190.92,5159.55,98031.37
OI0012690,O004663,P0272,4,10,84734.28,8473.43,76260.85
OI0012691,O009953,P0129,1,0,8079.39,0.0,8079.39
OI0012692,O000367,P0193,4,15,85835.52,12875.33,72960.19
OI0012693,O004121,P0019,3,10,48754.38,4875.44,43878.94
OI0012694,O005266,P0126,3,5,130904.37,6545.22,124359.15
OI0012695,O000670,P0229,1,10,7090.25,709.02,6381.23
OI0012696,O002834,P0125,2,5,59695.42,2984.77,56710.65
OI0012697,O001671,P0233,3,20,112087.47,22417.49,89669.98
OI0012698,O009807,P0300,4,10,40637.76,4063.78,36573.98
OI0012699,O005406,P0205,2,15,660.16,99.02,561.14
OI0012700,O005509,P0260,2,15,15028.9,2254.34,12774.56
OI0012701,O004293,P0173,1,15,20026.84,3004.03,17022.81
OI0012702,O002465,P0161,4,15,53096.0,7964.4,45131.6
OI0012703,O008198,P0273,2,0,79464.06,0.0,79464.06
OI0012704,O003376,P0185,3,20,43254.45,8650.89,34603.56
OI0012705,O004484,P0260,1,15,7514.45,1127.17,6387.28
OI0012706,O007821,P0264,2,0,21767.82,0.0,21767.82
OI0012707,O000794,P0222,2,10,73697.16,7369.72,66327.44
OI0012708,O003296,P0116,1,10,46948.74,4694.87,42253.87
OI0012709,O006770,P0165,4,0,10261.52,0.0,10261.52
OI0012710,O003557,P0112,1,10,5396.7,539.67,4857.03
OI0012711,O002298,P0297,1,25,20852.84,5213.21,15639.63
OI0012712,O006081,P0211,2,20,26070.42,5214.08,20856.34
OI0012713,O000985,P0152,4,0,45593.44,0.0,45593.44
OI0012714,O002741,P0201,4,5,143350.6,7167.53,136183.07
OI0012715,O002113,P0099,1,10,1153.81,115.38,1038.43
OI0012716,O003715,P0096,4,15,69144.6,10371.69,58772.91
OI0012717,O008039,P0065,1,15,31116.47,4667.47,26449.0
OI0012718,O009621,P0146,1,20,26630.38,5326.08,21304.3
OI0012719,O008985,P0024,3,10,69423.33,6942.33,62481.0
OI0012720,O005973,P0065,3,20,93349.41,18669.88,74679.53
OI0012721,O005487,P0143,1,10,18943.1,1894.31,17048.79
OI0012722,O000963,P0215,3,0,32730.72,0.0,32730.72
OI0012723,O009704,P0020,2,10,61193.22,6119.32,55073.9
OI0012724,O008925,P0052,1,0,31946.44,0.0,31946.44
OI0012725,O005183,P0205,2,10,660.16,66.02,594.14
OI0012726,O007763,P0253,1,15,11237.04,1685.56,9551.48
OI0012727,O007962,P0121,2,15,39207.88,5881.18,33326.7
OI0012728,O005991,P0062,3,10,80380.74,8038.07,72342.67
OI0012729,O009667,P0011,1,15,3977.41,596.61,3380.8
OI0012730,O000505,P0042,1,0,23558.2,0.0,23558.2
OI0012731,O008798,P0249,3,25,52166.88,13041.72,39125.16
OI0012732,O005693,P0134,2,20,20210.12,4042.02,16168.1
OI0012733,O001692,P0230,1,20,37457.46,7491.49,29965.97
OI0012734,O008482,P0089,3,0,76822.8,0.0,76822.8
OI0012735,O009872,P0173,3,0,60080.52,0.0,60080.52
OI0012736,O004329,P0167,4,0,141477.52,0.0,141477.52
OI0012737,O003543,P0106,3,20,74327.28,14865.46,59461.82
OI0012738,O009625,P0037,3,15,5645.1,846.76,4798.34
OI0012739,O006373,P0040,2,0,34854.58,0.0,34854.58
OI0012740,O003987,P0225,1,5,41086.39,2054.32,39032.07
OI0012741,O008189,P0168,1,10,39175.05,3917.5,35257.55
OI0012742,O007755,P0202,3,15,120125.13,18018.77,102106.36
OI0012743,O002370,P0215,3,5,32730.72,1636.54,31094.18
OI0012744,O008038,P0014,4,5,38448.24,1922.41,36525.83
OI0012745,O006838,P0211,3,10,39105.63,3910.56,35195.07
OI0012746,O003040,P0222,1,10,36848.58,3684.86,33163.72
OI0012747,O004684,P0137,1,0,22000.31,0.0,22000.31
OI0012748,O002790,P0069,4,15,80905.56,12135.83,68769.73
OI0012749,O002384,P0295,1,0,46301.43,0.0,46301.43
OI0012750,O008371,P0045,4,20,29805.24,5961.05,23844.19
OI0012751,O003736,P0189,3,15,145098.66,21764.8,123333.86
OI0012752,O009065,P0050,2,25,94645.94,23661.48,70984.46
OI0012753,O002516,P0109,4,0,140178.84,0.0,140178.84
OI0012754,O009713,P0224,1,25,48314.67,12078.67,36236.0
OI0012755,O002467,P0168,4,15,156700.2,23505.03,133195.17
OI0012756,O008367,P0156,2,20,19876.84,3975.37,15901.47
OI0012757,O003370,P0292,4,0,53493.64,0.0,53493.64
OI0012758,O000051,P0266,4,5,152365.6,7618.28,144747.32
OI0012759,O009893,P0196,4,0,148901.72,0.0,148901.72
OI0012760,O009176,P0165,1,0,2565.38,0.0,2565.38
OI0012761,O004732,P0251,3,20,74080.41,14816.08,59264.33
OI0012762,O000159,P0229,3,5,21270.75,1063.54,20207.21
OI0012763,O007310,P0219,1,15,38549.43,5782.41,32767.02
OI0012764,O000117,P0001,3,10,83789.55,8378.96,75410.59
OI0012765,O009684,P0021,3,10,140899.83,14089.98,126809.85
OI0012766,O000985,P0172,1,10,8162.68,816.27,7346.41
OI0012767,O003238,P0108,2,5,73825.88,3691.29,70134.59
OI0012768,O008978,P0257,2,0,20059.42,0.0,20059.42
OI0012769,O007719,P0067,3,20,74725.68,14945.14,59780.54
OI0012770,O009811,P0011,3,5,11932.23,596.61,11335.62
OI0012771,O001528,P0232,4,15,156756.48,23513.47,133243.01
OI0012772,O005443,P0188,2,15,83620.84,12543.13,71077.71
OI0012773,O001833,P0016,1,0,36071.08,0.0,36071.08
OI0012774,O008113,P0212,1,0,11475.19,0.0,11475.19
OI0012775,O001146,P0290,2,5,51931.16,2596.56,49334.6
OI0012776,O001254,P0024,3,5,69423.33,3471.17,65952.16
OI0012777,O002189,P0008,1,5,8182.39,409.12,7773.27
OI0012778,O009598,P0119,4,5,88873.52,4443.68,84429.84
OI0012779,O001187,P0053,2,5,64667.66,3233.38,61434.28
OI0012780,O009641,P0155,2,0,94514.76,0.0,94514.76
OI0012781,O009195,P0269,3,0,115041.27,0.0,115041.27
OI0012782,O002612,P0214,4,20,100167.12,20033.42,80133.7
OI0012783,O007656,P0135,2,20,93658.72,18731.74,74926.98
OI0012784,O009679,P0067,2,10,49817.12,4981.71,44835.41
OI0012785,O002952,P0082,3,5,20607.81,1030.39,19577.42
OI0012786,O008173,P0270,1,15,17071.3,2560.7,14510.6
OI0012787,O002112,P0295,2,0,92602.86,0.0,92602.86
OI0012788,O007714,P0019,3,0,48754.38,0.0,48754.38
OI0012789,O005539,P0175,3,0,142236.15,0.0,142236.15
OI0012790,O006960,P0179,4,15,102051.68,15307.75,86743.93
OI0012791,O008906,P0193,4,20,85835.52,17167.1,68668.42
OI0012792,O002241,P0263,1,10,44250.68,4425.07,39825.61
OI0012793,O006597,P0112,2,0,10793.4,0.0,10793.4
OI0012794,O001475,P0224,4,5,193258.68,9662.93,183595.75
OI0012795,O001024,P0058,2,20,58845.32,11769.06,47076.26
OI0012796,O005106,P0242,2,10,68526.88,6852.69,61674.19
OI0012797,O000398,P0080,2,10,54940.16,5494.02,49446.14
OI0012798,O006318,P0176,2,15,7245.6,1086.84,6158.76
OI0012799,O004014,P0166,1,5,11119.91,556.0,10563.91
OI0012800,O003329,P0097,2,0,24491.82,0.0,24491.82
OI0012801,O001874,P0120,3,25,11279.55,2819.89,8459.66
OI0012802,O004634,P0165,2,15,5130.76,769.61,4361.15
OI0012803,O005750,P0243,1,25,13414.41,3353.6,10060.81
OI0012804,O007960,P0135,1,20,46829.36,9365.87,37463.49
OI0012805,O004397,P0234,2,5,60617.42,3030.87,57586.55
OI0012806,O008820,P0080,4,5,109880.32,5494.02,104386.3
OI0012807,O002799,P0039,4,0,37993.2,0.0,37993.2
OI0012808,O006868,P0252,2,20,76937.4,15387.48,61549.92
OI0012809,O009859,P0146,4,10,106521.52,10652.15,95869.37
OI0012810,O000947,P0184,3,5,67914.03,3395.7,64518.33
OI0012811,O000623,P0279,3,25,55164.48,13791.12,41373.36
OI0012812,O002162,P0087,2,15,35817.96,5372.69,30445.27
OI0012813,O001761,P0228,4,20,25827.72,5165.54,20662.18
OI0012814,O006290,P0106,1,0,24775.76,0.0,24775.76
OI0012815,O002981,P0076,3,10,111574.53,11157.45,100417.08
OI0012816,O001215,P0212,2,25,22950.38,5737.6,17212.78
OI0012817,O000620,P0120,1,5,3759.85,187.99,3571.86
OI0012818,O003603,P0202,1,5,40041.71,2002.09,38039.62
OI0012819,O007319,P0166,3,10,33359.73,3335.97,30023.76
OI0012820,O005815,P0092,4,0,79856.08,0.0,79856.08
OI0012821,O004888,P0255,1,0,12286.21,0.0,12286.21
OI0012822,O004250,P0265,2,5,63549.88,3177.49,60372.39
OI0012823,O006112,P0196,2,0,74450.86,0.0,74450.86
OI0012824,O002614,P0102,4,5,9541.8,477.09,9064.71
OI0012825,O009827,P0251,4,10,98773.88,9877.39,88896.49
OI0012826,O007769,P0033,4,0,84137.96,0.0,84137.96
OI0012827,O004769,P0140,4,10,100604.64,10060.46,90544.18
OI0012828,O004056,P0119,2,15,44436.76,6665.51,37771.25
OI0012829,O008049,P0192,2,0,84714.46,0.0,84714.46
OI0012830,O000101,P0076,1,25,37191.51,9297.88,27893.63
OI0012831,O005861,P0163,1,5,15410.12,770.51,14639.61
OI0012832,O007377,P0102,2,5,4770.9,238.54,4532.36
OI0012833,O003630,P0062,4,10,107174.32,10717.43,96456.89
OI0012834,O000766,P0145,1,5,39162.31,1958.12,37204.19
OI0012835,O007050,P0290,2,15,51931.16,7789.67,44141.49
OI0012836,O003405,P0083,2,0,94399.38,0.0,94399.38
OI0012837,O003567,P0084,3,25,120744.9,30186.22,90558.68
OI0012838,O004666,P0062,2,20,53587.16,10717.43,42869.73
OI0012839,O006726,P0102,1,10,2385.45,238.54,2146.91
OI0012840,O005440,P0234,4,15,121234.84,18185.23,103049.61
OI0012841,O003280,P0095,4,15,99949.12,14992.37,84956.75
OI0012842,O008925,P0266,1,10,38091.4,3809.14,34282.26
OI0012843,O001407,P0119,4,0,88873.52,0.0,88873.52
OI0012844,O007740,P0161,1,5,13274.0,663.7,12610.3
OI0012845,O003927,P0239,4,20,2657.52,531.5,2126.02
OI0012846,O000779,P0234,2,15,60617.42,9092.61,51524.81
OI0012847,O001373,P0227,3,20,28410.06,5682.01,22728.05
OI0012848,O008511,P0265,3,20,95324.82,19064.96,76259.86
OI0012849,O009088,P0173,2,10,40053.68,4005.37,36048.31
OI0012850,O009189,P0294,3,5,86225.49,4311.27,81914.22
OI0012851,O006859,P0147,2,5,59145.5,2957.28,56188.22
OI0012852,O005862,P0300,2,5,20318.88,1015.94,19302.94
OI0012853,O003529,P0235,1,25,34380.06,8595.02,25785.04
OI0012854,O006600,P0214,4,0,100167.12,0.0,100167.12
OI0012855,O002142,P0291,1,0,944.07,0.0,944.07
OI0012856,O003463,P0049,3,5,17878.89,893.94,16984.95
OI0012857,O001253,P0297,2,20,41705.68,8341.14,33364.54
OI0012858,O001521,P0055,2,20,11047.22,2209.44,8837.78
OI0012859,O000585,P0207,3,20,53250.45,10650.09,42600.36
OI0012860,O006336,P0096,4,10,69144.6,6914.46,62230.14
OI0012861,O000880,P0142,2,20,13561.32,2712.26,10849.06
OI0012862,O000462,P0174,4,0,116325.6,0.0,116325.6
OI0012863,O003635,P0078,2,10,22421.88,2242.19,20179.69
OI0012864,O008803,P0028,2,5,94925.32,4746.27,90179.05
OI0012865,O007111,P0187,1,5,19277.45,963.87,18313.58
OI0012866,O006942,P0099,4,0,4615.24,0.0,4615.24
OI0012867,O001337,P0040,2,5,34854.58,1742.73,33111.85
OI0012868,O000961,P0179,3,0,76538.76,0.0,76538.76
OI0012869,O009578,P0069,2,5,40452.78,2022.64,38430.14
OI0012870,O006973,P0137,4,10,88001.24,8800.12,79201.12
OI0012871,O005055,P0276,2,5,99515.88,4975.79,94540.09
OI0012872,O006389,P0290,4,15,103862.32,15579.35,88282.97
OI0012873,O002296,P0231,3,5,70763.34,3538.17,67225.17
OI0012874,O007331,P0069,1,0,20226.39,0.0,20226.39
OI0012875,O007801,P0121,3,0,58811.82,0.0,58811.82
OI0012876,O003269,P0161,3,20,39822.0,7964.4,31857.6
OI0012877,O002732,P0156,2,10,19876.84,1987.68,17889.16
OI0012878,O004714,P0181,4,10,63150.64,6315.06,56835.58
OI0012879,O008675,P0164,3,10,111840.78,11184.08,100656.7
OI0012880,O002256,P0297,1,15,20852.84,3127.93,17724.91
OI0012881,O008070,P0158,3,0,122695.53,0.0,122695.53
OI0012882,O007120,P0239,2,0,1328.76,0.0,1328.76
OI0012883,O007736,P0027,2,0,98890.02,0.0,98890.02
OI0012884,O004232,P0178,3,5,49737.6,2486.88,47250.72
OI0012885,O004319,P0252,1,5,38468.7,1923.44,36545.26
OI0012886,O009673,P0139,3,25,72845.79,18211.45,54634.34
OI0012887,O004382,P0122,2,0,74261.66,0.0,74261.66
OI0012888,O003405,P0178,4,10,66316.8,6631.68,59685.12
OI0012889,O007194,P0108,3,15,110738.82,16610.82,94128.0
OI0012890,O007746,P0032,4,25,169062.08,42265.52,126796.56
OI0012891,O005565,P0023,4,25,15685.4,3921.35,11764.05
OI0012892,O004910,P0173,1,0,20026.84,0.0,20026.84
OI0012893,O004429,P0018,1,0,19894.36,0.0,19894.36
OI0012894,O002163,P0028,3,25,142387.98,35597.0,106790.98
OI0012895,O003088,P0298,4,5,186121.96,9306.1,176815.86
OI0012896,O004240,P0271,3,0,26835.6,0.0,26835.6
OI0012897,O006785,P0276,1,25,49757.94,12439.48,37318.46
OI0012898,O002634,P0056,4,5,101343.08,5067.15,96275.93
OI0012899,O005134,P0100,4,5,154677.56,7733.88,146943.68
OI0012900,O006353,P0253,3,0,33711.12,0.0,33711.12
OI0012901,O007122,P0087,2,5,35817.96,1790.9,34027.06
OI0012902,O005211,P0278,2,5,61691.92,3084.6,58607.32
OI0012903,O003633,P0098,4,25,80177.6,20044.4,60133.2
OI0012904,O009238,P0129,4,0,32317.56,0.0,32317.56
OI0012905,O008040,P0108,3,0,110738.82,0.0,110738.82
OI0012906,O001698,P0057,2,5,69828.28,3491.41,66336.87
OI0012907,O000410,P0042,4,10,94232.8,9423.28,84809.52
OI0012908,O003228,P0077,4,5,10926.12,546.31,10379.81
OI0012909,O000915,P0282,4,5,187623.08,9381.15,178241.93
OI0012910,O009375,P0216,2,5,27475.32,1373.77,26101.55
OI0012911,O008279,P0189,4,20,193464.88,38692.98,154771.9
OI0012912,O008599,P0088,2,15,79182.0,11877.3,67304.7
OI0012913,O004616,P0114,3,10,129118.02,12911.8,116206.22
OI0012914,O002058,P0046,2,5,3728.42,186.42,3542.0
OI0012915,O007426,P0152,2,0,22796.72,0.0,22796.72
OI0012916,O002326,P0046,1,20,1864.21,372.84,1491.37
OI0012917,O003205,P0127,4,0,10274.56,0.0,10274.56
OI0012918,O009673,P0072,2,0,5510.9,0.0,5510.9
OI0012919,O004664,P0134,2,10,20210.12,2021.01,18189.11
OI0012920,O008468,P0076,3,0,111574.53,0.0,111574.53
OI0012921,O008669,P0061,2,10,69191.82,6919.18,62272.64
OI0012922,O002246,P0164,3,10,111840.78,11184.08,100656.7
OI0012923,O007492,P0030,1,10,46682.98,4668.3,42014.68
OI0012924,O002532,P0048,2,25,95461.0,23865.25,71595.75
OI0012925,O005305,P0244,1,15,34459.55,5168.93,29290.62
OI0012926,O005653,P0272,4,15,84734.28,12710.14,72024.14
OI0012927,O000027,P0120,1,10,3759.85,375.98,3383.87
OI0012928,O007507,P0264,2,5,21767.82,1088.39,20679.43
OI0012929,O006255,P0024,1,0,23141.11,0.0,23141.11
OI0012930,O000371,P0031,2,10,36566.0,3656.6,32909.4
OI0012931,O005830,P0109,1,5,35044.71,1752.24,33292.47
OI0012932,O006769,P0103,3,0,98259.57,0.0,98259.57
OI0012933,O009866,P0162,4,20,8615.2,1723.04,6892.16
OI0012934,O008178,P0293,3,10,77393.19,7739.32,69653.87
OI0012935,O006613,P0081,3,10,22187.58,2218.76,19968.82
OI0012936,O005412,P0144,4,5,134710.76,6735.54,127975.22
OI0012937,O004024,P0087,3,15,53726.94,8059.04,45667.9
OI0012938,O001628,P0139,1,0,24281.93,0.0,24281.93
OI0012939,O008321,P0113,1,0,49136.87,0.0,49136.87
OI0012940,O007339,P0068,1,25,41270.21,10317.55,30952.66
OI0012941,O007018,P0215,1,0,10910.24,0.0,10910.24
OI0012942,O008387,P0287,1,10,25205.16,2520.52,22684.64
OI0012943,O009847,P0219,2,0,77098.86,0.0,77098.86
OI0012944,O000995,P0221,3,10,107281.59,10728.16,96553.43
OI0012945,O001606,P0205,3,10,990.24,99.02,891.22
OI0012946,O001338,P0061,2,15,69191.82,10378.77,58813.05
OI0012947,O005556,P0146,3,0,79891.14,0.0,79891.14
OI0012948,O008390,P0015,4,10,94307.44,9430.74,84876.7
OI0012949,O001369,P0280,3,15,59279.19,8891.88,50387.31
OI0012950,O002332,P0245,3,0,118990.02,0.0,118990.02
OI0012951,O008872,P0175,2,15,94824.1,14223.62,80600.48
OI0012952,O009108,P0199,1,0,39079.49,0.0,39079.49
OI0012953,O007119,P0201,1,5,35837.65,1791.88,34045.77
OI0012954,O006259,P0123,1,5,19443.88,972.19,18471.69
OI0012955,O003722,P0290,4,5,103862.32,5193.12,98669.2
OI0012956,O001470,P0279,1,15,18388.16,2758.22,15629.94
OI0012957,O006437,P0148,3,5,30569.1,1528.46,29040.64
OI0012958,O009566,P0045,2,15,14902.62,2235.39,12667.23
OI0012959,O000323,P0119,4,0,88873.52,0.0,88873.52
OI0012960,O003252,P0292,1,5,13373.41,668.67,12704.74
OI0012961,O009635,P0046,2,25,3728.42,932.1,2796.32
OI0012962,O004464,P0270,4,5,68285.2,3414.26,64870.94
OI0012963,O009918,P0212,3,10,34425.57,3442.56,30983.01
OI0012964,O008946,P0133,1,15,14450.81,2167.62,12283.19
OI0012965,O008733,P0100,3,0,116008.17,0.0,116008.17
OI0012966,O006430,P0288,4,15,4782.32,717.35,4064.97
OI0012967,O005782,P0204,3,0,26384.79,0.0,26384.79
OI0012968,O004405,P0035,4,10,127137.24,12713.72,114423.52
OI0012969,O002838,P0260,1,10,7514.45,751.44,6763.01
OI0012970,O007100,P0209,2,0,19126.9,0.0,19126.9
OI0012971,O004913,P0103,4,20,131012.76,26202.55,104810.21
OI0012972,O007089,P0073,1,10,19130.48,1913.05,17217.43
OI0012973,O008583,P0078,3,0,33632.82,0.0,33632.82
OI0012974,O002094,P0182,2,20,82056.86,16411.37,65645.49
OI0012975,O006155,P0234,2,20,60617.42,12123.48,48493.94
OI0012976,O002064,P0051,4,15,146881.6,22032.24,124849.36
OI0012977,O007350,P0088,1,5,39591.0,1979.55,37611.45
OI0012978,O009913,P0163,4,10,61640.48,6164.05,55476.43
OI0012979,O008740,P0272,4,15,84734.28,12710.14,72024.14
OI0012980,O001075,P0235,4,5,137520.24,6876.01,130644.23
OI0012981,O004246,P0068,1,10,41270.21,4127.02,37143.19
OI0012982,O001512,P0259,4,10,185108.72,18510.87,166597.85
OI0012983,O009475,P0062,1,0,26793.58,0.0,26793.58
OI0012984,O007459,P0031,2,0,36566.0,0.0,36566.0
OI0012985,O000625,P0129,2,0,16158.78,0.0,16158.78
OI0012986,O005926,P0257,1,0,10029.71,0.0,10029.71
OI0012987,O007530,P0161,3,15,39822.0,5973.3,33848.7
OI0012988,O006569,P0170,4,20,139852.4,27970.48,111881.92
OI0012989,O006438,P0193,2,15,42917.76,6437.66,36480.1
OI0012990,O003800,P0144,4,25,134710.76,33677.69,101033.07
OI0012991,O008354,P0052,4,0,127785.76,0.0,127785.76
OI0012992,O000523,P0242,3,25,102790.32,25697.58,77092.74
OI0012993,O009423,P0035,1,10,31784.31,3178.43,28605.88
OI0012994,O003053,P0072,1,5,2755.45,137.77,2617.68
OI0012995,O007701,P0175,4,0,189648.2,0.0,189648.2
OI0012996,O009628,P0130,3,10,104482.92,10448.29,94034.63
OI0012997,O007787,P0082,4,15,27477.08,4121.56,23355.52
OI0012998,O003174,P0074,1,0,16993.44,0.0,16993.44
OI0012999,O003069,P0138,3,25,3828.06,957.02,2871.04
OI0013000,O000546,P0186,3,25,45124.56,11281.14,33843.42
OI0013001,O007233,P0278,2,20,61691.92,12338.38,49353.54
OI0013002,O004064,P0041,3,5,52583.52,2629.18,49954.34
OI0013003,O007940,P0005,1,20,4607.41,921.48,3685.93
OI0013004,O006505,P0086,1,0,20446.08,0.0,20446.08
OI0013005,O002795,P0132,4,25,133225.72,33306.43,99919.29
OI0013006,O009528,P0233,1,20,37362.49,7472.5,29889.99
OI0013007,O007238,P0210,1,10,43010.34,4301.03,38709.31
OI0013008,O009226,P0222,1,15,36848.58,5527.29,31321.29
OI0013009,O004312,P0110,4,5,49853.12,2492.66,47360.46
OI0013010,O007932,P0022,2,25,67303.78,16825.94,50477.84
OI0013011,O008074,P0060,2,0,7596.26,0.0,7596.26
OI0013012,O009036,P0267,2,20,98606.38,19721.28,78885.1
OI0013013,O007777,P0174,3,5,87244.2,4362.21,82881.99
OI0013014,O001433,P0169,2,20,45747.72,9149.54,36598.18
OI0013015,O007370,P0135,3,0,140488.08,0.0,140488.08
OI0013016,O001241,P0280,3,0,59279.19,0.0,59279.19
OI0013017,O001824,P0136,2,0,2243.04,0.0,2243.04
OI0013018,O006200,P0268,1,25,9184.11,2296.03,6888.08
OI0013019,O003226,P0230,2,0,74914.92,0.0,74914.92
OI0013020,O003529,P0044,3,5,16636.74,831.84,15804.9
OI0013021,O008091,P0023,3,5,11764.05,588.2,11175.85
OI0013022,O007881,P0278,3,25,92537.88,23134.47,69403.41
OI0013023,O009708,P0173,4,10,80107.36,8010.74,72096.62
OI0013024,O009227,P0022,4,5,134607.56,6730.38,127877.18
OI0013025,O009830,P0039,2,25,18996.6,4749.15,14247.45
OI0013026,O006843,P0297,2,15,41705.68,6255.85,35449.83
OI0013027,O004510,P0056,3,15,76007.31,11401.1,64606.21
OI0013028,O005643,P0124,2,10,33295.3,3329.53,29965.77
OI0013029,O002449,P0035,2,10,63568.62,6356.86,57211.76
OI0013030,O002827,P0272,3,15,63550.71,9532.61,54018.1
OI0013031,O004665,P0146,4,0,106521.52,0.0,106521.52
OI0013032,O000982,P0022,2,5,67303.78,3365.19,63938.59
OI0013033,O002098,P0009,2,25,54633.32,13658.33,40974.99
OI0013034,O008186,P0070,1,15,5298.24,794.74,4503.5
OI0013035,O002633,P0018,1,5,19894.36,994.72,18899.64
OI0013036,O002897,P0244,4,0,137838.2,0.0,137838.2
OI0013037,O003125,P0237,2,5,31451.06,1572.55,29878.51
OI0013038,O004697,P0192,2,10,84714.46,8471.45,76243.01
OI0013039,O009980,P0225,2,10,82172.78,8217.28,73955.5
OI0013040,O008400,P0294,3,25,86225.49,21556.37,64669.12
OI0013041,O002785,P0051,2,10,73440.8,7344.08,66096.72
OI0013042,O005570,P0278,2,5,61691.92,3084.6,58607.32
OI0013043,O004267,P0184,1,5,22638.01,1131.9,21506.11
OI0013044,O005162,P0108,2,15,73825.88,11073.88,62752.0
OI0013045,O008908,P0029,1,10,4097.07,409.71,3687.36
OI0013046,O003051,P0183,4,15,111141.2,16671.18,94470.02
OI0013047,O003737,P0121,2,5,39207.88,1960.39,37247.49
OI0013048,O000590,P0080,3,5,82410.24,4120.51,78289.73
OI0013049,O002953,P0164,4,25,149121.04,37280.26,111840.78
OI0013050,O009595,P0032,4,0,169062.08,0.0,169062.08
OI0013051,O009950,P0224,2,5,96629.34,4831.47,91797.87
OI0013052,O007677,P0270,2,10,34142.6,3414.26,30728.34
OI0013053,O008076,P0212,1,10,11475.19,1147.52,10327.67
OI0013054,O002826,P0274,4,0,93394.08,0.0,93394.08
OI0013055,O000216,P0198,1,25,40488.92,10122.23,30366.69
OI0013056,O000588,P0224,1,5,48314.67,2415.73,45898.94
OI0013057,O002586,P0137,2,0,44000.62,0.0,44000.62
OI0013058,O002016,P0282,4,5,187623.08,9381.15,178241.93
OI0013059,O002125,P0115,3,5,103369.05,5168.45,98200.6
OI0013060,O004045,P0106,1,0,24775.76,0.0,24775.76
OI0013061,O007992,P0275,4,0,107870.6,0.0,107870.6
OI0013062,O003030,P0130,4,10,139310.56,13931.06,125379.5
OI0013063,O005168,P0284,4,15,153861.28,23079.19,130782.09
OI0013064,O003095,P0112,2,15,10793.4,1619.01,9174.39
OI0013065,O002113,P0212,2,5,22950.38,1147.52,21802.86
OI0013066,O007541,P0206,2,0,45308.0,0.0,45308.0
OI0013067,O003810,P0196,1,25,37225.43,9306.36,27919.07
OI0013068,O006285,P0229,2,5,14180.5,709.02,13471.48
OI0013069,O003820,P0298,4,0,186121.96,0.0,186121.96
OI0013070,O007345,P0286,4,5,42858.68,2142.93,40715.75
OI0013071,O007935,P0274,2,15,46697.04,7004.56,39692.48
OI0013072,O005225,P0125,1,5,29847.71,1492.39,28355.32
OI0013073,O009866,P0137,2,0,44000.62,0.0,44000.62
OI0013074,O003203,P0263,2,5,88501.36,4425.07,84076.29
OI0013075,O008732,P0207,4,10,71000.6,7100.06,63900.54
OI0013076,O001365,P0113,4,20,196547.48,39309.5,157237.98
OI0013077,O005643,P0133,3,0,43352.43,0.0,43352.43
OI0013078,O009228,P0043,2,0,33677.98,0.0,33677.98
OI0013079,O005802,P0102,3,5,7156.35,357.82,6798.53
OI0013080,O002912,P0214,4,0,100167.12,0.0,100167.12
OI0013081,O008074,P0087,1,25,17908.98,4477.24,13431.74
OI0013082,O000829,P0141,1,20,16217.79,3243.56,12974.23
OI0013083,O002458,P0258,3,0,86579.73,0.0,86579.73
OI0013084,O009051,P0150,4,25,33045.6,8261.4,24784.2
OI0013085,O002740,P0253,3,5,33711.12,1685.56,32025.56
OI0013086,O000900,P0188,3,5,125431.26,6271.56,119159.7
OI0013087,O005270,P0139,4,5,97127.72,4856.39,92271.33
OI0013088,O007044,P0117,2,0,72340.2,0.0,72340.2
OI0013089,O008839,P0277,2,15,40149.28,6022.39,34126.89
OI0013090,O006335,P0210,4,0,172041.36,0.0,172041.36
OI0013091,O005362,P0194,3,0,83068.5,0.0,83068.5
OI0013092,O003671,P0053,4,15,129335.32,19400.3,109935.02
OI0013093,O001219,P0221,3,0,107281.59,0.0,107281.59
OI0013094,O008280,P0150,4,5,33045.6,1652.28,31393.32
OI0013095,O003439,P0280,3,10,59279.19,5927.92,53351.27
OI0013096,O000361,P0194,4,0,110758.0,0.0,110758.0
OI0013097,O000116,P0154,4,5,112883.6,5644.18,107239.42
OI0013098,O006933,P0199,4,5,156317.96,7815.9,148502.06
OI0013099,O003504,P0293,4,5,103190.92,5159.55,98031.37
OI0013100,O000480,P0146,1,5,26630.38,1331.52,25298.86
OI0013101,O003496,P0155,4,5,189029.52,9451.48,179578.04
OI0013102,O005334,P0222,2,5,73697.16,3684.86,70012.3
OI0013103,O009188,P0074,2,0,33986.88,0.0,33986.88
OI0013104,O003808,P0233,1,0,37362.49,0.0,37362.49
OI0013105,O003771,P0095,4,25,99949.12,24987.28,74961.84
OI0013106,O009338,P0275,2,25,53935.3,13483.82,40451.48
OI0013107,O004804,P0292,4,25,53493.64,13373.41,40120.23
OI0013108,O005040,P0161,4,10,53096.0,5309.6,47786.4
OI0013109,O002749,P0080,3,0,82410.24,0.0,82410.24
OI0013110,O000007,P0109,2,15,70089.42,10513.41,59576.01
OI0013111,O001926,P0004,3,25,69870.18,17467.54,52402.64
OI0013112,O006813,P0124,1,0,16647.65,0.0,16647.65
OI0013113,O002076,P0137,4,0,88001.24,0.0,88001.24
OI0013114,O004921,P0281,1,10,34841.91,3484.19,31357.72
OI0013115,O001855,P0068,2,0,82540.42,0.0,82540.42
OI0013116,O000723,P0057,3,5,104742.42,5237.12,99505.3
OI0013117,O001804,P0026,3,5,14709.69,735.48,13974.21
OI0013118,O003430,P0091,2,0,74001.6,0.0,74001.6
OI0013119,O003553,P0004,1,15,23290.06,3493.51,19796.55
OI0013120,O003461,P0021,3,0,140899.83,0.0,140899.83
OI0013121,O007075,P0124,2,5,33295.3,1664.76,31630.54
OI0013122,O004259,P0209,4,15,38253.8,5738.07,32515.73
OI0013123,O005231,P0263,3,10,132752.04,13275.2,119476.84
OI0013124,O002719,P0233,3,10,112087.47,11208.75,100878.72
OI0013125,O001270,P0091,3,0,111002.4,0.0,111002.4
OI0013126,O005924,P0113,2,15,98273.74,14741.06,83532.68
OI0013127,O008616,P0115,1,20,34456.35,6891.27,27565.08
OI0013128,O002659,P0095,1,0,24987.28,0.0,24987.28
OI0013129,O006568,P0196,1,25,37225.43,9306.36,27919.07
OI0013130,O002749,P0009,2,5,54633.32,2731.67,51901.65
OI0013131,O007415,P0109,2,5,70089.42,3504.47,66584.95
OI0013132,O004818,P0286,1,5,10714.67,535.73,10178.94
OI0013133,O002780,P0106,4,10,99103.04,9910.3,89192.74
OI0013134,O000552,P0061,2,10,69191.82,6919.18,62272.64
OI0013135,O000913,P0067,1,10,24908.56,2490.86,22417.7
OI0013136,O001383,P0247,1,15,1993.66,299.05,1694.61
OI0013137,O008598,P0277,4,25,80298.56,20074.64,60223.92
OI0013138,O007736,P0268,2,20,18368.22,3673.64,14694.58
OI0013139,O006974,P0279,3,15,55164.48,8274.67,46889.81
OI0013140,O000569,P0145,3,0,117486.93,0.0,117486.93
OI0013141,O000655,P0189,2,0,96732.44,0.0,96732.44
OI0013142,O001373,P0101,2,0,17424.12,0.0,17424.12
OI0013143,O009592,P0116,4,20,187794.96,37558.99,150235.97
OI0013144,O001590,P0252,1,15,38468.7,5770.3,32698.4
OI0013145,O009940,P0268,3,0,27552.33,0.0,27552.33
OI0013146,O004057,P0247,4,15,7974.64,1196.2,6778.44
OI0013147,O009960,P0176,4,5,14491.2,724.56,13766.64
OI0013148,O005529,P0022,4,10,134607.56,13460.76,121146.8
OI0013149,O009134,P0237,3,10,47176.59,4717.66,42458.93
OI0013150,O003250,P0005,1,0,4607.41,0.0,4607.41
OI0013151,O008097,P0248,1,5,46651.4,2332.57,44318.83
OI0013152,O003825,P0243,3,5,40243.23,2012.16,38231.07
OI0013153,O001140,P0084,4,10,160993.2,16099.32,144893.88
OI0013154,O002887,P0063,1,20,19081.21,3816.24,15264.97
OI0013155,O001766,P0204,3,10,26384.79,2638.48,23746.31
OI0013156,O004956,P0262,2,15,94766.74,14215.01,80551.73
OI0013157,O002023,P0254,4,15,54478.4,8171.76,46306.64
OI0013158,O007836,P0064,2,0,34289.38,0.0,34289.38
OI0013159,O009376,P0254,3,5,40858.8,2042.94,38815.86
OI0013160,O003592,P0125,3,5,89543.13,4477.16,85065.97
OI0013161,O004192,P0053,1,5,32333.83,1616.69,30717.14
OI0013162,O005244,P0098,2,20,40088.8,8017.76,32071.04
OI0013163,O007875,P0125,3,10,89543.13,8954.31,80588.82
OI0013164,O003719,P0104,1,20,38741.02,7748.2,30992.82
OI0013165,O009216,P0020,3,25,91789.83,22947.46,68842.37
OI0013166,O005254,P0131,2,15,10928.16,1639.22,9288.94
OI0013167,O002525,P0259,3,0,138831.54,0.0,138831.54
OI0013168,O002062,P0236,3,0,3339.36,0.0,3339.36
OI0013169,O002221,P0162,4,20,8615.2,1723.04,6892.16
OI0013170,O009128,P0213,3,10,72415.68,7241.57,65174.11
OI0013171,O008507,P0256,3,10,148752.96,14875.3,133877.66
OI0013172,O005925,P0186,3,25,45124.56,11281.14,33843.42
OI0013173,O005202,P0052,4,5,127785.76,6389.29,121396.47
OI0013174,O006084,P0140,2,0,50302.32,0.0,50302.32
OI0013175,O006135,P0051,4,5,146881.6,7344.08,139537.52
OI0013176,O006044,P0085,1,5,9195.61,459.78,8735.83
OI0013177,O001065,P0111,2,10,90377.42,9037.74,81339.68
OI0013178,O005971,P0135,1,0,46829.36,0.0,46829.36
OI0013179,O003169,P0115,1,25,34456.35,8614.09,25842.26
OI0013180,O005357,P0190,2,0,44088.08,0.0,44088.08
OI0013181,O002391,P0040,3,0,52281.87,0.0,52281.87
OI0013182,O005085,P0110,1,15,12463.28,1869.49,10593.79
OI0013183,O009895,P0025,3,25,133686.12,33421.53,100264.59
OI0013184,O000462,P0121,2,10,39207.88,3920.79,35287.09
OI0013185,O004290,P0262,1,5,47383.37,2369.17,45014.2
OI0013186,O002381,P0219,1,0,38549.43,0.0,38549.43
OI0013187,O007452,P0044,2,25,11091.16,2772.79,8318.37
OI0013188,O007583,P0001,2,0,55859.7,0.0,55859.7
OI0013189,O004748,P0081,3,0,22187.58,0.0,22187.58
OI0013190,O002317,P0096,2,0,34572.3,0.0,34572.3
OI0013191,O003443,P0169,4,10,91495.44,9149.54,82345.9
OI0013192,O007500,P0163,4,25,61640.48,15410.12,46230.36
OI0013193,O003198,P0164,3,10,111840.78,11184.08,100656.7
OI0013194,O009076,P0042,1,5,23558.2,1177.91,22380.29
OI0013195,O001714,P0202,3,0,120125.13,0.0,120125.13
OI0013196,O005328,P0002,1,10,46464.24,4646.42,41817.82
OI0013197,O009568,P0274,1,5,23348.52,1167.43,22181.09
OI0013198,O006646,P0163,1,0,15410.12,0.0,15410.12
OI0013199,O007825,P0278,2,0,61691.92,0.0,61691.92
OI0013200,O006258,P0152,3,10,34195.08,3419.51,30775.57
OI0013201,O000723,P0032,3,20,126796.56,25359.31,101437.25
OI0013202,O002567,P0098,3,10,60133.2,6013.32,54119.88
OI0013203,O002980,P0229,3,5,21270.75,1063.54,20207.21
OI0013204,O007464,P0266,4,0,152365.6,0.0,152365.6
OI0013205,O001194,P0102,1,15,2385.45,357.82,2027.63
OI0013206,O004260,P0202,1,15,40041.71,6006.26,34035.45
OI0013207,O007025,P0171,3,20,58557.06,11711.41,46845.65
OI0013208,O005927,P0007,2,25,29103.92,7275.98,21827.94
OI0013209,O003961,P0245,2,0,79326.68,0.0,79326.68
OI0013210,O006273,P0077,4,5,10926.12,546.31,10379.81
OI0013211,O004848,P0203,2,5,34870.28,1743.51,33126.77
OI0013212,O005848,P0136,3,10,3364.56,336.46,3028.1
OI0013213,O002891,P0100,4,0,154677.56,0.0,154677.56
OI0013214,O001878,P0007,4,5,58207.84,2910.39,55297.45
OI0013215,O004649,P0266,1,15,38091.4,5713.71,32377.69
OI0013216,O008843,P0154,2,0,56441.8,0.0,56441.8
OI0013217,O000947,P0005,2,20,9214.82,1842.96,7371.86
OI0013218,O008384,P0175,2,0,94824.1,0.0,94824.1
OI0013219,O007405,P0263,3,5,132752.04,6637.6,126114.44
OI0013220,O008191,P0292,1,15,13373.41,2006.01,11367.4
OI0013221,O008103,P0007,1,15,14551.96,2182.79,12369.17
OI0013222,O001071,P0298,3,0,139591.47,0.0,139591.47
OI0013223,O006493,P0254,4,5,54478.4,2723.92,51754.48
OI0013224,O002858,P0242,1,0,34263.44,0.0,34263.44
OI0013225,O005733,P0182,1,10,41028.43,4102.84,36925.59
OI0013226,O003533,P0262,4,15,189533.48,28430.02,161103.46
OI0013227,O005071,P0065,2,5,62232.94,3111.65,59121.29
OI0013228,O000153,P0002,1,10,46464.24,4646.42,41817.82
OI0013229,O001651,P0067,3,10,74725.68,7472.57,67253.11
OI0013230,O003971,P0103,1,5,32753.19,1637.66,31115.53
OI0013231,O001331,P0226,2,10,20764.56,2076.46,18688.1
OI0013232,O005774,P0270,2,0,34142.6,0.0,34142.6
OI0013233,O000285,P0249,3,0,52166.88,0.0,52166.88
OI0013234,O002591,P0080,1,0,27470.08,0.0,27470.08
OI0013235,O005600,P0128,1,25,19395.43,4848.86,14546.57
OI0013236,O006783,P0207,2,0,35500.3,0.0,35500.3
OI0013237,O004883,P0041,1,5,17527.84,876.39,16651.45
OI0013238,O003748,P0200,2,15,21812.48,3271.87,18540.61
OI0013239,O006274,P0250,3,20,16505.37,3301.07,13204.3
OI0013240,O004839,P0130,1,5,34827.64,1741.38,33086.26
OI0013241,O005907,P0125,2,10,59695.42,5969.54,53725.88
OI0013242,O003502,P0106,3,15,74327.28,11149.09,63178.19
OI0013243,O008432,P0018,4,25,79577.44,19894.36,59683.08
OI0013244,O007720,P0147,1,20,29572.75,5914.55,23658.2
OI0013245,O008338,P0165,2,5,5130.76,256.54,4874.22
OI0013246,O008041,P0096,2,10,34572.3,3457.23,31115.07
OI0013247,O009508,P0089,4,20,102430.4,20486.08,81944.32
OI0013248,O006062,P0215,1,10,10910.24,1091.02,9819.22
OI0013249,O000308,P0203,3,5,52305.42,2615.27,49690.15
OI0013250,O007990,P0149,1,25,14508.05,3627.01,10881.04
OI0013251,O000885,P0171,4,25,78076.08,19519.02,58557.06
OI0013252,O007798,P0035,4,25,127137.24,31784.31,95352.93
OI0013253,O008818,P0239,2,5,1328.76,66.44,1262.32
OI0013254,O003863,P0287,2,0,50410.32,0.0,50410.32
OI0013255,O006950,P0234,3,10,90926.13,9092.61,81833.52
OI0013256,O005140,P0211,3,15,39105.63,5865.84,33239.79
OI0013257,O002308,P0138,4,5,5104.08,255.2,4848.88
OI0013258,O007153,P0048,3,5,143191.5,7159.58,136031.92
OI0013259,O002245,P0255,3,0,36858.63,0.0,36858.63
OI0013260,O004486,P0260,3,15,22543.35,3381.5,19161.85
OI0013261,O008895,P0168,2,15,78350.1,11752.52,66597.58
OI0013262,O008538,P0076,4,10,148766.04,14876.6,133889.44
OI0013263,O007296,P0237,2,15,31451.06,4717.66,26733.4
OI0013264,O006258,P0297,3,10,62558.52,6255.85,56302.67
OI0013265,O003007,P0171,2,25,39038.04,9759.51,29278.53
OI0013266,O003279,P0029,4,10,16388.28,1638.83,14749.45
OI0013267,O002896,P0158,1,5,40898.51,2044.93,38853.58
OI0013268,O008023,P0029,3,15,12291.21,1843.68,10447.53
OI0013269,O006870,P0252,1,0,38468.7,0.0,38468.7
OI0013270,O000709,P0207,3,10,53250.45,5325.04,47925.41
OI0013271,O001195,P0290,2,25,51931.16,12982.79,38948.37
OI0013272,O000261,P0136,3,15,3364.56,504.68,2859.88
OI0013273,O007490,P0117,2,25,72340.2,18085.05,54255.15
OI0013274,O003236,P0256,4,5,198337.28,9916.86,188420.42
OI0013275,O009454,P0118,4,5,38735.04,1936.75,36798.29
OI0013276,O008867,P0088,2,0,79182.0,0.0,79182.0
OI0013277,O007085,P0147,4,5,118291.0,5914.55,112376.45
OI0013278,O009519,P0075,2,0,71904.52,0.0,71904.52
OI0013279,O007056,P0081,2,5,14791.72,739.59,14052.13
OI0013280,O008106,P0156,4,0,39753.68,0.0,39753.68
OI0013281,O008611,P0280,3,5,59279.19,2963.96,56315.23
OI0013282,O001264,P0166,1,25,11119.91,2779.98,8339.93
OI0013283,O000197,P0204,3,15,26384.79,3957.72,22427.07
OI0013284,O001291,P0287,4,0,100820.64,0.0,100820.64
OI0013285,O001075,P0048,2,5,95461.0,4773.05,90687.95
OI0013286,O005853,P0204,3,5,26384.79,1319.24,25065.55
OI0013287,O007536,P0232,4,0,156756.48,0.0,156756.48
OI0013288,O003438,P0259,1,25,46277.18,11569.3,34707.88
OI0013289,O008430,P0166,3,15,33359.73,5003.96,28355.77
OI0013290,O000946,P0285,2,15,9282.98,1392.45,7890.53
OI0013291,O006467,P0232,2,15,78378.24,11756.74,66621.5
OI0013292,O008899,P0108,2,10,73825.88,7382.59,66443.29
OI0013293,O009281,P0221,4,20,143042.12,28608.42,114433.7
OI0013294,O008204,P0246,3,0,46432.08,0.0,46432.08
OI0013295,O002987,P0238,4,5,127850.16,6392.51,121457.65
OI0013296,O007149,P0218,3,5,107934.96,5396.75,102538.21
OI0013297,O005472,P0026,1,25,4903.23,1225.81,3677.42
OI0013298,O005910,P0030,1,0,46682.98,0.0,46682.98
OI0013299,O000167,P0234,1,0,30308.71,0.0,30308.71
OI0013300,O009958,P0103,2,25,65506.38,16376.6,49129.78
OI0013301,O003164,P0124,3,15,49942.95,7491.44,42451.51
OI0013302,O004064,P0284,3,10,115395.96,11539.6,103856.36
OI0013303,O001841,P0150,4,20,33045.6,6609.12,26436.48
OI0013304,O005647,P0192,2,25,84714.46,21178.62,63535.84
OI0013305,O004192,P0236,2,20,2226.24,445.25,1780.99
OI0013306,O005750,P0175,4,20,189648.2,37929.64,151718.56
OI0013307,O007367,P0084,1,20,40248.3,8049.66,32198.64
OI0013308,O008885,P0102,2,0,4770.9,0.0,4770.9
OI0013309,O007283,P0175,2,10,94824.1,9482.41,85341.69
OI0013310,O006972,P0048,2,10,95461.0,9546.1,85914.9
OI0013311,O007049,P0002,1,15,46464.24,6969.64,39494.6
OI0013312,O001130,P0279,2,25,36776.32,9194.08,27582.24
OI0013313,O005980,P0043,1,5,16838.99,841.95,15997.04
OI0013314,O007957,P0207,3,15,53250.45,7987.57,45262.88
OI0013315,O001101,P0101,2,0,17424.12,0.0,17424.12
OI0013316,O007038,P0142,4,5,27122.64,1356.13,25766.51
OI0013317,O004788,P0028,2,15,94925.32,14238.8,80686.52
OI0013318,O000348,P0074,1,0,16993.44,0.0,16993.44
OI0013319,O006629,P0006,4,20,122108.64,24421.73,97686.91
OI0013320,O000208,P0238,3,25,95887.62,23971.9,71915.72
OI0013321,O007351,P0255,4,20,49144.84,9828.97,39315.87
OI0013322,O001546,P0020,3,0,91789.83,0.0,91789.83
OI0013323,O005070,P0068,2,20,82540.42,16508.08,66032.34
OI0013324,O000631,P0031,3,20,54849.0,10969.8,43879.2
OI0013325,O002717,P0178,4,25,66316.8,16579.2,49737.6
OI0013326,O008369,P0043,1,0,16838.99,0.0,16838.99
OI0013327,O003360,P0089,1,10,25607.6,2560.76,23046.84
OI0013328,O003367,P0048,4,20,190922.0,38184.4,152737.6
OI0013329,O009813,P0212,1,15,11475.19,1721.28,9753.91
OI0013330,O008322,P0233,4,20,149449.96,29889.99,119559.97
OI0013331,O007882,P0117,1,15,36170.1,5425.52,30744.58
OI0013332,O002706,P0284,1,0,38465.32,0.0,38465.32
OI0013333,O004231,P0121,4,20,78415.76,15683.15,62732.61
OI0013334,O000773,P0201,4,10,143350.6,14335.06,129015.54
OI0013335,O004509,P0249,3,0,52166.88,0.0,52166.88
OI0013336,O007726,P0201,4,15,143350.6,21502.59,121848.01
OI0013337,O006285,P0039,4,10,37993.2,3799.32,34193.88
OI0013338,O009283,P0161,3,15,39822.0,5973.3,33848.7
OI0013339,O009288,P0228,2,10,12913.86,1291.39,11622.47
OI0013340,O003762,P0230,2,0,74914.92,0.0,74914.92
OI0013341,O005235,P0171,3,25,58557.06,14639.26,43917.8
OI0013342,O000900,P0257,3,15,30089.13,4513.37,25575.76
OI0013343,O004522,P0206,2,15,45308.0,6796.2,38511.8
OI0013344,O005731,P0088,2,15,79182.0,11877.3,67304.7
OI0013345,O000588,P0241,1,10,42623.02,4262.3,38360.72
OI0013346,O007448,P0146,3,15,79891.14,11983.67,67907.47
OI0013347,O003831,P0265,3,0,95324.82,0.0,95324.82
OI0013348,O007139,P0249,3,10,52166.88,5216.69,46950.19
OI0013349,O000082,P0013,3,15,93788.58,14068.29,79720.29
OI0013350,O004904,P0299,1,20,39286.17,7857.23,31428.94
OI0013351,O004856,P0098,4,25,80177.6,20044.4,60133.2
OI0013352,O002850,P0043,3,20,50516.97,10103.39,40413.58
OI0013353,O004732,P0223,1,0,7085.12,0.0,7085.12
OI0013354,O003622,P0159,3,0,84297.06,0.0,84297.06
OI0013355,O000915,P0025,2,15,89124.08,13368.61,75755.47
OI0013356,O001763,P0216,3,0,41212.98,0.0,41212.98
OI0013357,O005933,P0076,2,25,74383.02,18595.76,55787.26
OI0013358,O009876,P0273,2,10,79464.06,7946.41,71517.65
OI0013359,O004319,P0156,3,15,29815.26,4472.29,25342.97
OI0013360,O009945,P0014,1,0,9612.06,0.0,9612.06
OI0013361,O006693,P0201,4,5,143350.6,7167.53,136183.07
OI0013362,O006175,P0068,3,0,123810.63,0.0,123810.63
OI0013363,O008431,P0069,3,0,60679.17,0.0,60679.17
OI0013364,O005674,P0013,3,15,93788.58,14068.29,79720.29
OI0013365,O001646,P0085,3,25,27586.83,6896.71,20690.12
OI0013366,O002017,P0270,4,5,68285.2,3414.26,64870.94
OI0013367,O007817,P0146,4,25,106521.52,26630.38,79891.14
OI0013368,O006858,P0137,3,0,66000.93,0.0,66000.93
OI0013369,O002044,P0234,2,15,60617.42,9092.61,51524.81
OI0013370,O008671,P0300,3,10,30478.32,3047.83,27430.49
OI0013371,O001205,P0027,3,5,148335.03,7416.75,140918.28
OI0013372,O007051,P0169,3,5,68621.58,3431.08,65190.5
OI0013373,O008566,P0056,4,10,101343.08,10134.31,91208.77
OI0013374,O005481,P0044,1,10,5545.58,554.56,4991.02
OI0013375,O005392,P0010,4,10,106832.2,10683.22,96148.98
OI0013376,O005133,P0070,2,25,10596.48,2649.12,7947.36
OI0013377,O005542,P0282,4,15,187623.08,28143.46,159479.62
OI0013378,O006029,P0216,1,0,13737.66,0.0,13737.66
OI0013379,O008591,P0041,4,25,70111.36,17527.84,52583.52
OI0013380,O007568,P0014,1,10,9612.06,961.21,8650.85
OI0013381,O004265,P0154,4,0,112883.6,0.0,112883.6
OI0013382,O001074,P0100,4,15,154677.56,23201.63,131475.93
OI0013383,O003180,P0007,4,5,58207.84,2910.39,55297.45
OI0013384,O003291,P0165,2,25,5130.76,1282.69,3848.07
OI0013385,O007874,P0228,3,10,19370.79,1937.08,17433.71
OI0013386,O000041,P0194,2,5,55379.0,2768.95,52610.05
OI0013387,O007538,P0285,2,15,9282.98,1392.45,7890.53
OI0013388,O001656,P0232,3,5,117567.36,5878.37,111688.99
OI0013389,O004635,P0119,4,0,88873.52,0.0,88873.52
OI0013390,O001345,P0244,4,0,137838.2,0.0,137838.2
OI0013391,O000931,P0183,2,15,55570.6,8335.59,47235.01
OI0013392,O009707,P0265,3,0,95324.82,0.0,95324.82
OI0013393,O009755,P0099,3,0,3461.43,0.0,3461.43
OI0013394,O006169,P0093,4,0,53170.52,0.0,53170.52
OI0013395,O002230,P0146,4,5,106521.52,5326.08,101195.44
OI0013396,O008881,P0158,4,15,163594.04,24539.11,139054.93
OI0013397,O008163,P0077,3,10,8194.59,819.46,7375.13
OI0013398,O003413,P0281,2,0,69683.82,0.0,69683.82
OI0013399,O002151,P0154,4,0,112883.6,0.0,112883.6
OI0013400,O009091,P0212,3,5,34425.57,1721.28,32704.29
OI0013401,O008516,P0217,1,25,8650.32,2162.58,6487.74
OI0013402,O005945,P0138,4,0,5104.08,0.0,5104.08
OI0013403,O003779,P0117,2,20,72340.2,14468.04,57872.16
OI0013404,O006236,P0077,1,20,2731.53,546.31,2185.22
OI0013405,O006659,P0160,4,25,51592.72,12898.18,38694.54
OI0013406,O005108,P0054,1,10,41370.04,4137.0,37233.04
OI0013407,O000878,P0281,4,0,139367.64,0.0,139367.64
OI0013408,O006837,P0157,1,0,32154.45,0.0,32154.45
OI0013409,O003711,P0163,2,5,30820.24,1541.01,29279.23
OI0013410,O000335,P0052,3,5,95839.32,4791.97,91047.35
OI0013411,O006248,P0116,4,20,187794.96,37558.99,150235.97
OI0013412,O001864,P0124,1,10,16647.65,1664.76,14982.89
OI0013413,O006056,P0213,1,20,24138.56,4827.71,19310.85
OI0013414,O006584,P0176,3,10,10868.4,1086.84,9781.56
OI0013415,O005902,P0263,3,0,132752.04,0.0,132752.04
OI0013416,O004454,P0199,1,0,39079.49,0.0,39079.49
OI0013417,O007869,P0085,1,5,9195.61,459.78,8735.83
OI0013418,O008167,P0053,2,0,64667.66,0.0,64667.66
OI0013419,O004015,P0239,3,10,1993.14,199.31,1793.83
OI0013420,O000620,P0068,4,5,165080.84,8254.04,156826.8
OI0013421,O007902,P0173,3,0,60080.52,0.0,60080.52
OI0013422,O009605,P0113,2,10,98273.74,9827.37,88446.37
OI0013423,O005462,P0289,2,10,25582.36,2558.24,23024.12
OI0013424,O000261,P0185,2,0,28836.3,0.0,28836.3
OI0013425,O002645,P0274,1,10,23348.52,2334.85,21013.67
OI0013426,O004506,P0144,2,25,67355.38,16838.84,50516.54
OI0013427,O005505,P0095,2,5,49974.56,2498.73,47475.83
OI0013428,O003825,P0048,1,25,47730.5,11932.62,35797.88
OI0013429,O006282,P0297,1,15,20852.84,3127.93,17724.91
OI0013430,O000152,P0081,4,0,29583.44,0.0,29583.44
OI0013431,O007284,P0157,3,25,96463.35,24115.84,72347.51
OI0013432,O006879,P0233,1,10,37362.49,3736.25,33626.24
OI0013433,O005869,P0273,3,10,119196.09,11919.61,107276.48
OI0013434,O000047,P0026,2,10,9806.46,980.65,8825.81
OI0013435,O008023,P0079,3,5,41571.72,2078.59,39493.13
OI0013436,O008021,P0159,1,5,28099.02,1404.95,26694.07
OI0013437,O007541,P0049,3,10,17878.89,1787.89,16091.0
OI0013438,O009823,P0177,4,25,101868.92,25467.23,76401.69
OI0013439,O009858,P0192,4,0,169428.92,0.0,169428.92
OI0013440,O003230,P0173,3,25,60080.52,15020.13,45060.39
OI0013441,O003225,P0168,4,25,156700.2,39175.05,117525.15
OI0013442,O006513,P0125,4,5,119390.84,5969.54,113421.3
OI0013443,O005715,P0258,3,0,86579.73,0.0,86579.73
OI0013444,O006334,P0181,1,10,15787.66,1578.77,14208.89
OI0013445,O002814,P0207,3,0,53250.45,0.0,53250.45
OI0013446,O009473,P0055,4,20,22094.44,4418.89,17675.55
OI0013447,O003548,P0152,2,5,22796.72,1139.84,21656.88
OI0013448,O009407,P0156,4,5,39753.68,1987.68,37766.0
OI0013449,O001211,P0262,2,15,94766.74,14215.01,80551.73
OI0013450,O001648,P0247,2,10,3987.32,398.73,3588.59
OI0013451,O003382,P0119,2,10,44436.76,4443.68,39993.08
OI0013452,O002487,P0194,3,10,83068.5,8306.85,74761.65
OI0013453,O003678,P0266,2,10,76182.8,7618.28,68564.52
OI0013454,O008151,P0253,3,5,33711.12,1685.56,32025.56
OI0013455,O001322,P0003,1,5,19021.82,951.09,18070.73
OI0013456,O005083,P0248,3,25,139954.2,34988.55,104965.65
OI0013457,O006965,P0139,1,5,24281.93,1214.1,23067.83
OI0013458,O000234,P0111,1,10,45188.71,4518.87,40669.84
OI0013459,O003137,P0153,4,5,104270.2,5213.51,99056.69
OI0013460,O003721,P0137,2,15,44000.62,6600.09,37400.53
OI0013461,O001242,P0189,2,0,96732.44,0.0,96732.44
OI0013462,O003088,P0211,1,0,13035.21,0.0,13035.21
OI0013463,O008006,P0241,2,25,85246.04,21311.51,63934.53
OI0013464,O008382,P0187,3,10,57832.35,5783.24,52049.11
OI0013465,O006589,P0094,4,10,75595.32,7559.53,68035.79
OI0013466,O000697,P0129,2,10,16158.78,1615.88,14542.9
OI0013467,O000173,P0129,3,0,24238.17,0.0,24238.17
OI0013468,O005208,P0011,2,15,7954.82,1193.22,6761.6
OI0013469,O004734,P0208,3,10,83500.53,8350.05,75150.48
OI0013470,O007953,P0029,4,0,16388.28,0.0,16388.28
OI0013471,O005374,P0103,1,10,32753.19,3275.32,29477.87
OI0013472,O008057,P0239,2,0,1328.76,0.0,1328.76
OI0013473,O002853,P0007,3,10,43655.88,4365.59,39290.29
OI0013474,O004010,P0166,3,15,33359.73,5003.96,28355.77
OI0013475,O004844,P0004,4,5,93160.24,4658.01,88502.23
OI0013476,O000206,P0228,4,0,25827.72,0.0,25827.72
OI0013477,O008567,P0266,3,15,114274.2,17141.13,97133.07
OI0013478,O005032,P0054,1,10,41370.04,4137.0,37233.04
OI0013479,O004209,P0252,1,10,38468.7,3846.87,34621.83
OI0013480,O000779,P0248,4,10,186605.6,18660.56,167945.04
OI0013481,O007392,P0266,3,15,114274.2,17141.13,97133.07
OI0013482,O003778,P0236,2,0,2226.24,0.0,2226.24
OI0013483,O000415,P0116,2,5,93897.48,4694.87,89202.61
OI0013484,O005509,P0041,1,0,17527.84,0.0,17527.84
OI0013485,O007218,P0263,3,0,132752.04,0.0,132752.04
OI0013486,O007049,P0184,4,25,90552.04,22638.01,67914.03
OI0013487,O003583,P0020,3,0,91789.83,0.0,91789.83
OI0013488,O007690,P0262,4,0,189533.48,0.0,189533.48
OI0013489,O002741,P0254,2,5,27239.2,1361.96,25877.24
OI0013490,O004964,P0016,1,5,36071.08,1803.55,34267.53
OI0013491,O006554,P0272,3,0,63550.71,0.0,63550.71
OI0013492,O005228,P0098,1,15,20044.4,3006.66,17037.74
OI0013493,O002398,P0003,1,0,19021.82,0.0,19021.82
OI0013494,O003239,P0284,3,0,115395.96,0.0,115395.96
OI0013495,O006459,P0102,4,0,9541.8,0.0,9541.8
OI0013496,O005035,P0058,3,10,88267.98,8826.8,79441.18
OI0013497,O008804,P0189,1,0,48366.22,0.0,48366.22
OI0013498,O008532,P0106,1,10,24775.76,2477.58,22298.18
OI0013499,O005180,P0168,3,0,117525.15,0.0,117525.15
OI0013500,O000102,P0085,4,20,36782.44,7356.49,29425.95
OI0013501,O001697,P0033,2,0,42068.98,0.0,42068.98
OI0013502,O000161,P0220,4,5,92891.84,4644.59,88247.25
OI0013503,O007873,P0284,4,10,153861.28,15386.13,138475.15
OI0013504,O002593,P0276,1,20,49757.94,9951.59,39806.35
OI0013505,O003366,P0223,4,0,28340.48,0.0,28340.48
OI0013506,O009368,P0180,2,10,2785.96,278.6,2507.36
OI0013507,O001375,P0078,4,0,44843.76,0.0,44843.76
OI0013508,O006961,P0164,1,15,37280.26,5592.04,31688.22
OI0013509,O009943,P0225,4,10,164345.56,16434.56,147911.0
OI0013510,O001822,P0277,1,25,20074.64,5018.66,15055.98
OI0013511,O004562,P0037,1,15,1881.7,282.26,1599.44
OI0013512,O009274,P0274,4,5,93394.08,4669.7,88724.38
OI0013513,O004449,P0018,3,5,59683.08,2984.15,56698.93
OI0013514,O005753,P0197,3,0,80076.06,0.0,80076.06
OI0013515,O003037,P0076,4,20,148766.04,29753.21,119012.83
OI0013516,O004752,P0249,3,20,52166.88,10433.38,41733.5
OI0013517,O005415,P0112,2,10,10793.4,1079.34,9714.06
OI0013518,O009367,P0002,2,5,92928.48,4646.42,88282.06
OI0013519,O008218,P0277,2,20,40149.28,8029.86,32119.42
OI0013520,O008785,P0272,3,10,63550.71,6355.07,57195.64
OI0013521,O006765,P0164,1,0,37280.26,0.0,37280.26
OI0013522,O008472,P0099,4,0,4615.24,0.0,4615.24
OI0013523,O008019,P0084,4,10,160993.2,16099.32,144893.88
OI0013524,O005290,P0290,1,15,25965.58,3894.84,22070.74
OI0013525,O003198,P0098,2,0,40088.8,0.0,40088.8
OI0013526,O006683,P0020,3,20,91789.83,18357.97,73431.86
OI0013527,O005256,P0076,3,10,111574.53,11157.45,100417.08
OI0013528,O006991,P0237,1,0,15725.53,0.0,15725.53
OI0013529,O008573,P0151,4,10,50455.64,5045.56,45410.08
OI0013530,O002189,P0289,3,20,38373.54,7674.71,30698.83
OI0013531,O000091,P0135,2,0,93658.72,0.0,93658.72
OI0013532,O008055,P0051,3,0,110161.2,0.0,110161.2
OI0013533,O006191,P0173,2,10,40053.68,4005.37,36048.31
OI0013534,O004673,P0048,2,0,95461.0,0.0,95461.0
OI0013535,O008605,P0114,4,0,172157.36,0.0,172157.36
OI0013536,O004431,P0079,4,0,55428.96,0.0,55428.96
OI0013537,O008990,P0255,2,20,24572.42,4914.48,19657.94
OI0013538,O007767,P0192,2,10,84714.46,8471.45,76243.01
OI0013539,O006708,P0248,1,10,46651.4,4665.14,41986.26
OI0013540,O007173,P0270,3,0,51213.9,0.0,51213.9
OI0013541,O002774,P0235,3,5,103140.18,5157.01,97983.17
OI0013542,O007572,P0044,4,5,22182.32,1109.12,21073.2
OI0013543,O006174,P0224,1,20,48314.67,9662.93,38651.74
OI0013544,O001584,P0021,1,0,46966.61,0.0,46966.61
OI0013545,O006779,P0217,4,0,34601.28,0.0,34601.28
OI0013546,O004247,P0192,3,20,127071.69,25414.34,101657.35
OI0013547,O003004,P0056,1,0,25335.77,0.0,25335.77
OI0013548,O009906,P0011,3,15,11932.23,1789.83,10142.4
OI0013549,O002932,P0057,1,0,34914.14,0.0,34914.14
OI0013550,O009962,P0223,4,15,28340.48,4251.07,24089.41
OI0013551,O006951,P0105,1,5,40727.69,2036.38,38691.31
OI0013552,O003431,P0214,3,25,75125.34,18781.34,56344.0
OI0013553,O005572,P0081,2,0,14791.72,0.0,14791.72
OI0013554,O000425,P0109,1,0,35044.71,0.0,35044.71
OI0013555,O006266,P0038,4,10,118952.68,11895.27,107057.41
OI0013556,O008284,P0120,2,25,7519.7,1879.92,5639.78
OI0013557,O002075,P0156,2,0,19876.84,0.0,19876.84
OI0013558,O005503,P0007,1,20,14551.96,2910.39,11641.57
OI0013559,O008211,P0130,2,5,69655.28,3482.76,66172.52
OI0013560,O006480,P0044,3,0,16636.74,0.0,16636.74
OI0013561,O003491,P0194,4,10,110758.0,11075.8,99682.2
OI0013562,O004485,P0150,3,10,24784.2,2478.42,22305.78
OI0013563,O003672,P0248,4,20,186605.6,37321.12,149284.48
OI0013564,O003973,P0098,2,0,40088.8,0.0,40088.8
OI0013565,O008285,P0037,3,10,5645.1,564.51,5080.59
OI0013566,O006406,P0139,1,10,24281.93,2428.19,21853.74
OI0013567,O004137,P0061,2,25,69191.82,17297.96,51893.86
OI0013568,O007977,P0142,1,5,6780.66,339.03,6441.63
OI0013569,O007596,P0072,1,0,2755.45,0.0,2755.45
OI0013570,O002096,P0081,3,5,22187.58,1109.38,21078.2
OI0013571,O007589,P0077,4,10,10926.12,1092.61,9833.51
OI0013572,O000605,P0232,2,5,78378.24,3918.91,74459.33
OI0013573,O003256,P0263,3,10,132752.04,13275.2,119476.84
OI0013574,O004641,P0079,3,5,41571.72,2078.59,39493.13
OI0013575,O002267,P0110,2,0,24926.56,0.0,24926.56
OI0013576,O001443,P0271,4,10,35780.8,3578.08,32202.72
OI0013577,O002150,P0235,1,15,34380.06,5157.01,29223.05
OI0013578,O006120,P0228,4,20,25827.72,5165.54,20662.18
OI0013579,O003440,P0206,2,15,45308.0,6796.2,38511.8
OI0013580,O003658,P0094,1,5,18898.83,944.94,17953.89
OI0013581,O009206,P0190,2,15,44088.08,6613.21,37474.87
OI0013582,O006721,P0186,3,0,45124.56,0.0,45124.56
OI0013583,O004464,P0118,2,15,19367.52,2905.13,16462.39
OI0013584,O003363,P0047,3,10,70852.2,7085.22,63766.98
OI0013585,O008431,P0292,1,5,13373.41,668.67,12704.74
OI0013586,O000697,P0127,3,15,7705.92,1155.89,6550.03
OI0013587,O002077,P0078,2,5,22421.88,1121.09,21300.79
OI0013588,O007974,P0004,4,10,93160.24,9316.02,83844.22
OI0013589,O004301,P0058,2,15,58845.32,8826.8,50018.52
OI0013590,O009716,P0247,2,5,3987.32,199.37,3787.95
OI0013591,O002280,P0188,4,25,167241.68,41810.42,125431.26
OI0013592,O005004,P0200,3,10,32718.72,3271.87,29446.85
OI0013593,O006766,P0079,3,25,41571.72,10392.93,31178.79
OI0013594,O001722,P0230,1,0,37457.46,0.0,37457.46
OI0013595,O001870,P0155,2,0,94514.76,0.0,94514.76
OI0013596,O008528,P0078,4,10,44843.76,4484.38,40359.38
OI0013597,O006534,P0007,4,10,58207.84,5820.78,52387.06
OI0013598,O002100,P0088,1,10,39591.0,3959.1,35631.9
OI0013599,O003928,P0193,4,25,85835.52,21458.88,64376.64
OI0013600,O009587,P0234,2,0,60617.42,0.0,60617.42
OI0013601,O003867,P0297,3,10,62558.52,6255.85,56302.67
OI0013602,O006681,P0074,4,5,67973.76,3398.69,64575.07
OI0013603,O004264,P0298,3,5,139591.47,6979.57,132611.9
OI0013604,O002980,P0012,4,25,139880.52,34970.13,104910.39
OI0013605,O003004,P0292,4,20,53493.64,10698.73,42794.91
OI0013606,O003869,P0298,4,0,186121.96,0.0,186121.96
OI0013607,O008543,P0081,1,15,7395.86,1109.38,6286.48
OI0013608,O002563,P0276,2,10,99515.88,9951.59,89564.29
OI0013609,O000653,P0038,1,5,29738.17,1486.91,28251.26
OI0013610,O002048,P0133,4,5,57803.24,2890.16,54913.08
OI0013611,O007307,P0200,2,10,21812.48,2181.25,19631.23
OI0013612,O002480,P0272,4,10,84734.28,8473.43,76260.85
OI0013613,O009167,P0060,4,10,15192.52,1519.25,13673.27
OI0013614,O009020,P0096,3,15,51858.45,7778.77,44079.68
OI0013615,O004098,P0003,1,25,19021.82,4755.46,14266.36
OI0013616,O000966,P0201,3,5,107512.95,5375.65,102137.3
OI0013617,O001903,P0122,4,5,148523.32,7426.17,141097.15
OI0013618,O004915,P0228,2,20,12913.86,2582.77,10331.09
OI0013619,O007916,P0033,3,0,63103.47,0.0,63103.47
OI0013620,O002156,P0096,3,20,51858.45,10371.69,41486.76
OI0013621,O004721,P0274,1,5,23348.52,1167.43,22181.09
OI0013622,O000505,P0260,3,5,22543.35,1127.17,21416.18
OI0013623,O005069,P0172,2,5,16325.36,816.27,15509.09
OI0013624,O008891,P0238,2,0,63925.08,0.0,63925.08
OI0013625,O008204,P0163,4,15,61640.48,9246.07,52394.41
OI0013626,O010000,P0098,4,20,80177.6,16035.52,64142.08
OI0013627,O004021,P0034,3,10,66460.74,6646.07,59814.67
OI0013628,O008427,P0113,1,0,49136.87,0.0,49136.87
OI0013629,O009513,P0165,2,5,5130.76,256.54,4874.22
OI0013630,O008179,P0230,1,0,37457.46,0.0,37457.46
OI0013631,O006568,P0188,2,20,83620.84,16724.17,66896.67
OI0013632,O001597,P0108,3,10,110738.82,11073.88,99664.94
OI0013633,O006093,P0209,2,25,19126.9,4781.73,14345.17
OI0013634,O002323,P0279,4,15,73552.64,11032.9,62519.74
OI0013635,O004699,P0115,4,15,137825.4,20673.81,117151.59
OI0013636,O007197,P0034,1,5,22153.58,1107.68,21045.9
OI0013637,O006675,P0058,3,5,88267.98,4413.4,83854.58
OI0013638,O003819,P0089,4,5,102430.4,5121.52,97308.88
OI0013639,O007707,P0072,1,25,2755.45,688.86,2066.59
OI0013640,O005198,P0068,1,0,41270.21,0.0,41270.21
OI0013641,O002568,P0134,2,0,20210.12,0.0,20210.12
OI0013642,O009118,P0088,1,10,39591.0,3959.1,35631.9
OI0013643,O008857,P0212,3,10,34425.57,3442.56,30983.01
OI0013644,O002916,P0259,3,0,138831.54,0.0,138831.54
OI0013645,O003393,P0023,1,5,3921.35,196.07,3725.28
OI0013646,O003359,P0185,3,5,43254.45,2162.72,41091.73
OI0013647,O007395,P0083,3,15,141599.07,21239.86,120359.21
OI0013648,O000316,P0129,3,10,24238.17,2423.82,21814.35
OI0013649,O005333,P0259,4,15,185108.72,27766.31,157342.41
OI0013650,O007842,P0279,2,0,36776.32,0.0,36776.32
OI0013651,O009873,P0001,3,5,83789.55,4189.48,79600.07
OI0013652,O003101,P0005,3,5,13822.23,691.11,13131.12
OI0013653,O007368,P0156,3,10,29815.26,2981.53,26833.73
OI0013654,O005843,P0069,3,5,60679.17,3033.96,57645.21
OI0013655,O001670,P0083,1,5,47199.69,2359.98,44839.71
OI0013656,O003416,P0300,4,20,40637.76,8127.55,32510.21
OI0013657,O005246,P0200,3,25,32718.72,8179.68,24539.04
OI0013658,O001542,P0081,3,15,22187.58,3328.14,18859.44
OI0013659,O008835,P0281,1,15,34841.91,5226.29,29615.62
OI0013660,O004255,P0076,1,10,37191.51,3719.15,33472.36
OI0013661,O009804,P0238,3,5,95887.62,4794.38,91093.24
OI0013662,O004232,P0285,3,25,13924.47,3481.12,10443.35
OI0013663,O002283,P0235,4,10,137520.24,13752.02,123768.22
OI0013664,O009818,P0290,2,20,51931.16,10386.23,41544.93
OI0013665,O004859,P0059,1,10,41671.4,4167.14,37504.26
OI0013666,O008474,P0225,2,5,82172.78,4108.64,78064.14
OI0013667,O008591,P0202,1,0,40041.71,0.0,40041.71
OI0013668,O006328,P0210,4,5,172041.36,8602.07,163439.29
OI0013669,O004694,P0022,3,5,100955.67,5047.78,95907.89
OI0013670,O004414,P0181,4,10,63150.64,6315.06,56835.58
OI0013671,O006285,P0031,1,10,18283.0,1828.3,16454.7
OI0013672,O001206,P0215,4,25,43640.96,10910.24,32730.72
OI0013673,O006921,P0259,4,10,185108.72,18510.87,166597.85
OI0013674,O006488,P0174,4,20,116325.6,23265.12,93060.48
OI0013675,O007427,P0217,3,0,25950.96,0.0,25950.96
OI0013676,O004108,P0169,2,10,45747.72,4574.77,41172.95
OI0013677,O002601,P0013,2,10,62525.72,6252.57,56273.15
OI0013678,O004524,P0010,2,0,53416.1,0.0,53416.1
OI0013679,O003770,P0062,1,0,26793.58,0.0,26793.58
OI0013680,O000523,P0298,1,10,46530.49,4653.05,41877.44
OI0013681,O006587,P0296,3,10,97011.63,9701.16,87310.47
OI0013682,O004169,P0225,3,25,123259.17,30814.79,92444.38
OI0013683,O007201,P0067,3,0,74725.68,0.0,74725.68
OI0013684,O005837,P0015,4,5,94307.44,4715.37,89592.07
OI0013685,O004244,P0001,3,0,83789.55,0.0,83789.55
OI0013686,O008108,P0272,4,15,84734.28,12710.14,72024.14
OI0013687,O004427,P0028,4,0,189850.64,0.0,189850.64
OI0013688,O003817,P0037,1,20,1881.7,376.34,1505.36
OI0013689,O001647,P0054,4,25,165480.16,41370.04,124110.12
OI0013690,O000637,P0119,3,0,66655.14,0.0,66655.14
OI0013691,O007437,P0213,2,0,48277.12,0.0,48277.12
OI0013692,O003196,P0293,3,5,77393.19,3869.66,73523.53
OI0013693,O006892,P0249,2,20,34777.92,6955.58,27822.34
OI0013694,O009023,P0150,2,0,16522.8,0.0,16522.8
OI0013695,O004750,P0132,1,5,33306.43,1665.32,31641.11
OI0013696,O004150,P0044,3,15,16636.74,2495.51,14141.23
OI0013697,O006570,P0133,4,15,57803.24,8670.49,49132.75
OI0013698,O002666,P0255,3,5,36858.63,1842.93,35015.7
OI0013699,O008565,P0208,1,25,27833.51,6958.38,20875.13
OI0013700,O009726,P0184,3,5,67914.03,3395.7,64518.33
OI0013701,O006984,P0015,1,10,23576.86,2357.69,21219.17
OI0013702,O009042,P0153,4,10,104270.2,10427.02,93843.18
OI0013703,O004388,P0204,2,20,17589.86,3517.97,14071.89
OI0013704,O000773,P0072,1,5,2755.45,137.77,2617.68
OI0013705,O007923,P0181,3,5,47362.98,2368.15,44994.83
OI0013706,O004607,P0067,4,5,99634.24,4981.71,94652.53
OI0013707,O009280,P0172,1,0,8162.68,0.0,8162.68
OI0013708,O006639,P0294,4,15,114967.32,17245.1,97722.22
OI0013709,O009196,P0189,1,15,48366.22,7254.93,41111.29
OI0013710,O005168,P0069,4,20,80905.56,16181.11,64724.45
OI0013711,O007083,P0046,2,15,3728.42,559.26,3169.16
OI0013712,O007888,P0103,1,10,32753.19,3275.32,29477.87
OI0013713,O008534,P0239,3,10,1993.14,199.31,1793.83
OI0013714,O007538,P0112,2,10,10793.4,1079.34,9714.06
OI0013715,O006864,P0032,2,0,84531.04,0.0,84531.04
OI0013716,O001925,P0252,1,5,38468.7,1923.44,36545.26
OI0013717,O000444,P0027,3,0,148335.03,0.0,148335.03
OI0013718,O005495,P0290,4,10,103862.32,10386.23,93476.09
OI0013719,O004359,P0117,1,0,36170.1,0.0,36170.1
OI0013720,O000268,P0137,1,0,22000.31,0.0,22000.31
OI0013721,O007841,P0159,1,15,28099.02,4214.85,23884.17
OI0013722,O001506,P0074,1,15,16993.44,2549.02,14444.42
OI0013723,O003861,P0214,4,5,100167.12,5008.36,95158.76
OI0013724,O006138,P0051,3,0,110161.2,0.0,110161.2
OI0013725,O005330,P0161,4,25,53096.0,13274.0,39822.0
OI0013726,O001283,P0189,2,0,96732.44,0.0,96732.44
OI0013727,O001077,P0236,1,10,1113.12,111.31,1001.81
OI0013728,O009101,P0083,4,5,188798.76,9439.94,179358.82
OI0013729,O005939,P0283,2,0,54416.96,0.0,54416.96
OI0013730,O004581,P0139,4,10,97127.72,9712.77,87414.95
OI0013731,O005523,P0234,3,0,90926.13,0.0,90926.13
OI0013732,O009534,P0028,4,5,189850.64,9492.53,180358.11
OI0013733,O002469,P0138,1,10,1276.02,127.6,1148.42
OI0013734,O008909,P0291,2,5,1888.14,94.41,1793.73
OI0013735,O007567,P0274,3,10,70045.56,7004.56,63041.0
OI0013736,O002828,P0133,2,0,28901.62,0.0,28901.62
OI0013737,O007664,P0158,4,15,163594.04,24539.11,139054.93
OI0013738,O008537,P0196,2,10,74450.86,7445.09,67005.77
OI0013739,O000434,P0190,3,15,66132.12,9919.82,56212.3
OI0013740,O004655,P0176,1,5,3622.8,181.14,3441.66
OI0013741,O002414,P0112,4,25,21586.8,5396.7,16190.1
OI0013742,O001424,P0152,2,10,22796.72,2279.67,20517.05
OI0013743,O006339,P0081,4,0,29583.44,0.0,29583.44
OI0013744,O007158,P0171,2,25,39038.04,9759.51,29278.53
OI0013745,O009176,P0200,3,10,32718.72,3271.87,29446.85
OI0013746,O002282,P0274,1,15,23348.52,3502.28,19846.24
OI0013747,O002647,P0161,1,5,13274.0,663.7,12610.3
OI0013748,O004160,P0094,2,5,37797.66,1889.88,35907.78
OI0013749,O004574,P0009,4,15,109266.64,16390.0,92876.64
OI0013750,O002993,P0180,1,20,1392.98,278.6,1114.38
OI0013751,O000949,P0011,2,25,7954.82,1988.7,5966.12
OI0013752,O003774,P0002,4,25,185856.96,46464.24,139392.72
OI0013753,O004049,P0283,1,10,27208.48,2720.85,24487.63
OI0013754,O008886,P0162,2,0,4307.6,0.0,4307.6
OI0013755,O007299,P0011,3,10,11932.23,1193.22,10739.01
OI0013756,O005557,P0247,2,0,3987.32,0.0,3987.32
OI0013757,O004335,P0287,3,10,75615.48,7561.55,68053.93
OI0013758,O004236,P0056,1,5,25335.77,1266.79,24068.98
OI0013759,O002598,P0234,4,10,121234.84,12123.48,109111.36
OI0013760,O003406,P0147,1,15,29572.75,4435.91,25136.84
OI0013761,O009812,P0288,3,25,3586.74,896.68,2690.06
OI0013762,O000675,P0071,1,15,3261.99,489.3,2772.69
OI0013763,O004436,P0142,3,0,20341.98,0.0,20341.98
OI0013764,O000455,P0173,3,0,60080.52,0.0,60080.52
OI0013765,O001382,P0257,2,20,20059.42,4011.88,16047.54
OI0013766,O009036,P0180,4,15,5571.92,835.79,4736.13
OI0013767,O001297,P0289,2,0,25582.36,0.0,25582.36
OI0013768,O001941,P0162,2,10,4307.6,430.76,3876.84
OI0013769,O005942,P0121,3,10,58811.82,5881.18,52930.64
OI0013770,O001807,P0130,2,15,69655.28,10448.29,59206.99
OI0013771,O001033,P0190,4,20,88176.16,17635.23,70540.93
OI0013772,O000269,P0019,3,15,48754.38,7313.16,41441.22
OI0013773,O000385,P0272,4,15,84734.28,12710.14,72024.14
OI0013774,O005354,P0134,4,15,40420.24,6063.04,34357.2
OI0013775,O004997,P0283,2,0,54416.96,0.0,54416.96
OI0013776,O001602,P0209,2,15,19126.9,2869.04,16257.86
OI0013777,O009174,P0141,3,10,48653.37,4865.34,43788.03
OI0013778,O005619,P0077,2,25,5463.06,1365.76,4097.3
OI0013779,O008317,P0025,3,15,133686.12,20052.92,113633.2
OI0013780,O002601,P0169,4,5,91495.44,4574.77,86920.67
OI0013781,O002417,P0124,1,25,16647.65,4161.91,12485.74
OI0013782,O006151,P0165,3,0,7696.14,0.0,7696.14
OI0013783,O004021,P0270,3,10,51213.9,5121.39,46092.51
OI0013784,O008084,P0043,2,0,33677.98,0.0,33677.98
OI0013785,O008385,P0300,1,10,10159.44,1015.94,9143.5
OI0013786,O002208,P0298,1,10,46530.49,4653.05,41877.44
OI0013787,O008680,P0033,4,10,84137.96,8413.8,75724.16
OI0013788,O003680,P0144,4,0,134710.76,0.0,134710.76
OI0013789,O005578,P0135,3,10,140488.08,14048.81,126439.27
OI0013790,O004343,P0016,4,10,144284.32,14428.43,129855.89
OI0013791,O004102,P0046,2,0,3728.42,0.0,3728.42
OI0013792,O000553,P0004,4,0,93160.24,0.0,93160.24
OI0013793,O002081,P0003,4,25,76087.28,19021.82,57065.46
OI0013794,O007114,P0275,4,15,107870.6,16180.59,91690.01
OI0013795,O001304,P0285,4,0,18565.96,0.0,18565.96
OI0013796,O003679,P0236,1,25,1113.12,278.28,834.84
OI0013797,O006109,P0065,4,10,124465.88,12446.59,112019.29
OI0013798,O003051,P0277,3,15,60223.92,9033.59,51190.33
OI0013799,O000946,P0225,4,10,164345.56,16434.56,147911.0
OI0013800,O005641,P0183,2,15,55570.6,8335.59,47235.01
OI0013801,O007773,P0089,4,15,102430.4,15364.56,87065.84
OI0013802,O005187,P0011,4,0,15909.64,0.0,15909.64
OI0013803,O000004,P0099,3,25,3461.43,865.36,2596.07
OI0013804,O007509,P0039,1,15,9498.3,1424.74,8073.56
OI0013805,O005254,P0050,2,0,94645.94,0.0,94645.94
OI0013806,O003522,P0284,1,0,38465.32,0.0,38465.32
OI0013807,O005076,P0020,3,15,91789.83,13768.47,78021.36
OI0013808,O008237,P0167,1,15,35369.38,5305.41,30063.97
OI0013809,O003726,P0253,2,0,22474.08,0.0,22474.08
OI0013810,O002900,P0174,1,25,29081.4,7270.35,21811.05
OI0013811,O000450,P0200,1,15,10906.24,1635.94,9270.3
OI0013812,O008559,P0288,2,25,2391.16,597.79,1793.37
OI0013813,O000311,P0212,3,5,34425.57,1721.28,32704.29
OI0013814,O004773,P0300,4,0,40637.76,0.0,40637.76
OI0013815,O005392,P0084,2,25,80496.6,20124.15,60372.45
OI0013816,O001503,P0249,3,20,52166.88,10433.38,41733.5
OI0013817,O008443,P0009,3,0,81949.98,0.0,81949.98
OI0013818,O005466,P0038,1,10,29738.17,2973.82,26764.35
OI0013819,O000255,P0124,2,0,33295.3,0.0,33295.3
OI0013820,O000514,P0037,3,5,5645.1,282.26,5362.84
OI0013821,O000351,P0298,3,20,139591.47,27918.29,111673.18
OI0013822,O003745,P0151,3,15,37841.73,5676.26,32165.47
OI0013823,O002881,P0075,1,20,35952.26,7190.45,28761.81
OI0013824,O003379,P0206,2,10,45308.0,4530.8,40777.2
OI0013825,O009788,P0144,1,15,33677.69,5051.65,28626.04
OI0013826,O009900,P0039,3,10,28494.9,2849.49,25645.41
OI0013827,O008296,P0114,3,10,129118.02,12911.8,116206.22
OI0013828,O009135,P0104,4,10,154964.08,15496.41,139467.67
OI0013829,O004651,P0155,2,0,94514.76,0.0,94514.76
OI0013830,O006959,P0174,2,10,58162.8,5816.28,52346.52
OI0013831,O005349,P0020,2,20,61193.22,12238.64,48954.58
OI0013832,O005308,P0288,3,0,3586.74,0.0,3586.74
OI0013833,O005540,P0288,3,5,3586.74,179.34,3407.4
OI0013834,O004005,P0119,3,25,66655.14,16663.78,49991.36
OI0013835,O006662,P0177,2,5,50934.46,2546.72,48387.74
OI0013836,O003870,P0040,4,20,69709.16,13941.83,55767.33
OI0013837,O006245,P0005,1,10,4607.41,460.74,4146.67
OI0013838,O002268,P0104,1,20,38741.02,7748.2,30992.82
OI0013839,O002186,P0265,4,0,127099.76,0.0,127099.76
OI0013840,O004764,P0146,3,15,79891.14,11983.67,67907.47
OI0013841,O002310,P0232,3,0,117567.36,0.0,117567.36
OI0013842,O004681,P0001,4,5,111719.4,5585.97,106133.43
OI0013843,O009780,P0241,4,5,170492.08,8524.6,161967.48
OI0013844,O009298,P0134,1,10,10105.06,1010.51,9094.55
OI0013845,O006650,P0206,1,15,22654.0,3398.1,19255.9
OI0013846,O004567,P0216,3,5,41212.98,2060.65,39152.33
OI0013847,O007451,P0209,4,20,38253.8,7650.76,30603.04
OI0013848,O008132,P0081,2,10,14791.72,1479.17,13312.55
OI0013849,O004877,P0236,3,15,3339.36,500.9,2838.46
OI0013850,O009163,P0021,2,15,93933.22,14089.98,79843.24
OI0013851,O008779,P0291,1,0,944.07,0.0,944.07
OI0013852,O006291,P0186,4,15,60166.08,9024.91,51141.17
OI0013853,O006305,P0226,1,20,10382.28,2076.46,8305.82
OI0013854,O000718,P0205,1,0,330.08,0.0,330.08
OI0013855,O001293,P0142,1,0,6780.66,0.0,6780.66
OI0013856,O007328,P0068,3,10,123810.63,12381.06,111429.57
OI0013857,O006701,P0134,1,0,10105.06,0.0,10105.06
OI0013858,O006456,P0023,2,5,7842.7,392.14,7450.56
OI0013859,O007470,P0233,2,20,74724.98,14945.0,59779.98
OI0013860,O005858,P0014,3,0,28836.18,0.0,28836.18
OI0013861,O003859,P0209,4,0,38253.8,0.0,38253.8
OI0013862,O001124,P0258,4,0,115439.64,0.0,115439.64
OI0013863,O009407,P0177,1,10,25467.23,2546.72,22920.51
OI0013864,O002811,P0263,1,5,44250.68,2212.53,42038.15
OI0013865,O001842,P0227,2,20,18940.04,3788.01,15152.03
OI0013866,O009025,P0100,1,10,38669.39,3866.94,34802.45
OI0013867,O006445,P0178,2,15,33158.4,4973.76,28184.64
OI0013868,O006985,P0142,2,5,13561.32,678.07,12883.25
OI0013869,O006461,P0020,3,10,91789.83,9178.98,82610.85
OI0013870,O008413,P0220,4,5,92891.84,4644.59,88247.25
OI0013871,O005278,P0249,3,10,52166.88,5216.69,46950.19
OI0013872,O003246,P0177,3,15,76401.69,11460.25,64941.44
OI0013873,O004094,P0236,1,10,1113.12,111.31,1001.81
OI0013874,O000759,P0133,1,0,14450.81,0.0,14450.81
OI0013875,O004164,P0009,4,5,109266.64,5463.33,103803.31
OI0013876,O004308,P0053,1,20,32333.83,6466.77,25867.06
OI0013877,O007737,P0091,4,20,148003.2,29600.64,118402.56
OI0013878,O008639,P0271,4,20,35780.8,7156.16,28624.64
OI0013879,O003636,P0226,4,0,41529.12,0.0,41529.12
OI0013880,O004412,P0260,1,0,7514.45,0.0,7514.45
OI0013881,O000123,P0237,3,20,47176.59,9435.32,37741.27
OI0013882,O004475,P0213,2,15,48277.12,7241.57,41035.55
OI0013883,O005873,P0210,2,10,86020.68,8602.07,77418.61
OI0013884,O003668,P0164,3,15,111840.78,16776.12,95064.66
OI0013885,O005772,P0099,2,25,2307.62,576.9,1730.72
OI0013886,O006650,P0186,3,0,45124.56,0.0,45124.56
OI0013887,O005432,P0071,4,0,13047.96,0.0,13047.96
OI0013888,O008056,P0226,1,10,10382.28,1038.23,9344.05
OI0013889,O006807,P0194,3,15,83068.5,12460.28,70608.22
OI0013890,O004500,P0252,3,10,115406.1,11540.61,103865.49
OI0013891,O005079,P0158,1,5,40898.51,2044.93,38853.58
OI0013892,O006399,P0031,4,10,73132.0,7313.2,65818.8
OI0013893,O000301,P0008,1,10,8182.39,818.24,7364.15
OI0013894,O001527,P0099,1,0,1153.81,0.0,1153.81
OI0013895,O005283,P0228,4,10,25827.72,2582.77,23244.95
OI0013896,O008008,P0186,2,10,30083.04,3008.3,27074.74
OI0013897,O001400,P0085,3,20,27586.83,5517.37,22069.46
OI0013898,O006299,P0260,2,15,15028.9,2254.34,12774.56
OI0013899,O007632,P0096,2,10,34572.3,3457.23,31115.07
OI0013900,O004341,P0080,3,20,82410.24,16482.05,65928.19
OI0013901,O009245,P0274,4,15,93394.08,14009.11,79384.97
OI0013902,O004295,P0278,2,5,61691.92,3084.6,58607.32
OI0013903,O006096,P0283,4,10,108833.92,10883.39,97950.53
OI0013904,O009309,P0076,2,15,74383.02,11157.45,63225.57
OI0013905,O006584,P0032,4,20,169062.08,33812.42,135249.66
OI0013906,O003289,P0296,1,5,32337.21,1616.86,30720.35
OI0013907,O007780,P0236,1,15,1113.12,166.97,946.15
OI0013908,O005232,P0232,1,15,39189.12,5878.37,33310.75
OI0013909,O001472,P0164,2,0,74560.52,0.0,74560.52
OI0013910,O001115,P0266,4,0,152365.6,0.0,152365.6
OI0013911,O005079,P0131,4,10,21856.32,2185.63,19670.69
OI0013912,O001310,P0076,2,5,74383.02,3719.15,70663.87
OI0013913,O005336,P0224,4,0,193258.68,0.0,193258.68
OI0013914,O005072,P0063,1,0,19081.21,0.0,19081.21
OI0013915,O003335,P0149,3,20,43524.15,8704.83,34819.32
OI0013916,O001823,P0020,1,0,30596.61,0.0,30596.61
OI0013917,O005238,P0015,3,5,70730.58,3536.53,67194.05
OI0013918,O004148,P0136,3,10,3364.56,336.46,3028.1
OI0013919,O009722,P0278,2,0,61691.92,0.0,61691.92
OI0013920,O002553,P0110,4,0,49853.12,0.0,49853.12
OI0013921,O007932,P0116,1,10,46948.74,4694.87,42253.87
OI0013922,O004986,P0273,3,15,119196.09,17879.41,101316.68
OI0013923,O007484,P0012,2,20,69940.26,13988.05,55952.21
OI0013924,O006493,P0125,4,20,119390.84,23878.17,95512.67
OI0013925,O006310,P0095,2,10,49974.56,4997.46,44977.1
OI0013926,O002189,P0254,2,5,27239.2,1361.96,25877.24
OI0013927,O001198,P0048,1,10,47730.5,4773.05,42957.45
OI0013928,O009006,P0210,2,10,86020.68,8602.07,77418.61
OI0013929,O005969,P0244,2,5,68919.1,3445.96,65473.14
OI0013930,O002203,P0027,4,15,197780.04,29667.01,168113.03
OI0013931,O006554,P0117,3,0,108510.3,0.0,108510.3
OI0013932,O009278,P0063,3,5,57243.63,2862.18,54381.45
OI0013933,O000196,P0198,3,25,121466.76,30366.69,91100.07
OI0013934,O006728,P0156,3,10,29815.26,2981.53,26833.73
OI0013935,O008832,P0126,1,0,43634.79,0.0,43634.79
OI0013936,O008588,P0157,2,15,64308.9,9646.33,54662.57
OI0013937,O009677,P0107,3,0,31279.02,0.0,31279.02
OI0013938,O006324,P0087,4,0,71635.92,0.0,71635.92
OI0013939,O008101,P0228,1,20,6456.93,1291.39,5165.54
OI0013940,O001063,P0010,3,5,80124.15,4006.21,76117.94
OI0013941,O000077,P0027,4,15,197780.04,29667.01,168113.03
OI0013942,O004888,P0274,4,20,93394.08,18678.82,74715.26
OI0013943,O002861,P0297,4,10,83411.36,8341.14,75070.22
OI0013944,O002824,P0053,4,0,129335.32,0.0,129335.32
OI0013945,O003202,P0013,1,5,31262.86,1563.14,29699.72
OI0013946,O006046,P0151,2,5,25227.82,1261.39,23966.43
OI0013947,O008515,P0051,2,10,73440.8,7344.08,66096.72
OI0013948,O000666,P0296,4,5,129348.84,6467.44,122881.4
OI0013949,O005649,P0235,3,5,103140.18,5157.01,97983.17
OI0013950,O008742,P0040,2,15,34854.58,5228.19,29626.39
OI0013951,O003907,P0120,2,0,7519.7,0.0,7519.7
OI0013952,O005982,P0029,3,0,12291.21,0.0,12291.21
OI0013953,O005583,P0074,3,20,50980.32,10196.06,40784.26
OI0013954,O005192,P0118,1,20,9683.76,1936.75,7747.01
OI0013955,O007518,P0222,1,25,36848.58,9212.14,27636.44
OI0013956,O006464,P0150,1,0,8261.4,0.0,8261.4
OI0013957,O009495,P0186,4,5,60166.08,3008.3,57157.78
OI0013958,O005132,P0223,4,0,28340.48,0.0,28340.48
OI0013959,O008551,P0298,2,10,93060.98,9306.1,83754.88
OI0013960,O002811,P0023,1,15,3921.35,588.2,3333.15
OI0013961,O002032,P0258,4,10,115439.64,11543.96,103895.68
OI0013962,O003592,P0206,2,10,45308.0,4530.8,40777.2
OI0013963,O003105,P0296,1,20,32337.21,6467.44,25869.77
OI0013964,O004528,P0210,2,0,86020.68,0.0,86020.68
OI0013965,O003425,P0200,4,15,43624.96,6543.74,37081.22
OI0013966,O007019,P0228,1,20,6456.93,1291.39,5165.54
OI0013967,O004339,P0203,2,10,34870.28,3487.03,31383.25
OI0013968,O007539,P0188,3,15,125431.26,18814.69,106616.57
OI0013969,O008473,P0232,2,10,78378.24,7837.82,70540.42
OI0013970,O004623,P0128,3,20,58186.29,11637.26,46549.03
OI0013971,O000522,P0072,3,5,8266.35,413.32,7853.03
OI0013972,O005524,P0273,2,20,79464.06,15892.81,63571.25
OI0013973,O006525,P0249,2,5,34777.92,1738.9,33039.02
OI0013974,O005166,P0066,3,0,133711.71,0.0,133711.71
OI0013975,O008047,P0293,1,0,25797.73,0.0,25797.73
OI0013976,O006780,P0280,3,0,59279.19,0.0,59279.19
OI0013977,O002552,P0081,1,10,7395.86,739.59,6656.27
OI0013978,O002177,P0143,3,10,56829.3,5682.93,51146.37
OI0013979,O007480,P0051,3,10,110161.2,11016.12,99145.08
OI0013980,O008238,P0279,4,10,73552.64,7355.26,66197.38
OI0013981,O009147,P0214,3,0,75125.34,0.0,75125.34
OI0013982,O002510,P0190,2,20,44088.08,8817.62,35270.46
OI0013983,O004541,P0205,2,0,660.16,0.0,660.16
OI0013984,O000979,P0241,4,20,170492.08,34098.42,136393.66
OI0013985,O002824,P0244,4,15,137838.2,20675.73,117162.47
OI0013986,O006700,P0268,2,5,18368.22,918.41,17449.81
OI0013987,O008018,P0099,4,5,4615.24,230.76,4384.48
OI0013988,O008833,P0266,3,20,114274.2,22854.84,91419.36
OI0013989,O007167,P0202,3,25,120125.13,30031.28,90093.85
OI0013990,O009333,P0045,2,0,14902.62,0.0,14902.62
OI0013991,O000388,P0216,2,15,27475.32,4121.3,23354.02
OI0013992,O002897,P0037,2,0,3763.4,0.0,3763.4
OI0013993,O007554,P0100,2,0,77338.78,0.0,77338.78
OI0013994,O003327,P0177,3,10,76401.69,7640.17,68761.52
OI0013995,O009142,P0252,1,0,38468.7,0.0,38468.7
OI0013996,O001322,P0053,2,25,64667.66,16166.92,48500.74
OI0013997,O009773,P0151,4,5,50455.64,2522.78,47932.86
OI0013998,O005733,P0127,3,5,7705.92,385.3,7320.62
OI0013999,O002843,P0243,4,5,53657.64,2682.88,50974.76
OI0014000,O003751,P0029,1,5,4097.07,204.85,3892.22
OI0014001,O000921,P0228,2,0,12913.86,0.0,12913.86
OI0014002,O008989,P0107,3,10,31279.02,3127.9,28151.12
OI0014003,O006510,P0229,4,5,28361.0,1418.05,26942.95
OI0014004,O007702,P0283,4,5,108833.92,5441.7,103392.22
OI0014005,O009587,P0198,4,5,161955.68,8097.78,153857.9
OI0014006,O000444,P0148,4,5,40758.8,2037.94,38720.86
OI0014007,O000346,P0182,2,20,82056.86,16411.37,65645.49
OI0014008,O001716,P0048,3,10,143191.5,14319.15,128872.35
OI0014009,O004693,P0107,4,10,41705.36,4170.54,37534.82
OI0014010,O001642,P0184,3,15,67914.03,10187.1,57726.93
OI0014011,O001160,P0150,3,5,24784.2,1239.21,23544.99
OI0014012,O008565,P0151,1,15,12613.91,1892.09,10721.82
OI0014013,O000322,P0162,1,0,2153.8,0.0,2153.8
OI0014014,O001740,P0260,4,15,30057.8,4508.67,25549.13
OI0014015,O003185,P0272,2,0,42367.14,0.0,42367.14
OI0014016,O002066,P0028,2,15,94925.32,14238.8,80686.52
OI0014017,O007823,P0233,2,10,74724.98,7472.5,67252.48
OI0014018,O000771,P0022,4,0,134607.56,0.0,134607.56
OI0014019,O006997,P0008,2,10,16364.78,1636.48,14728.3
OI0014020,O008787,P0218,3,15,107934.96,16190.24,91744.72
OI0014021,O005435,P0231,3,0,70763.34,0.0,70763.34
OI0014022,O007863,P0114,1,25,43039.34,10759.84,32279.5
OI0014023,O008314,P0181,3,0,47362.98,0.0,47362.98
OI0014024,O008203,P0137,4,5,88001.24,4400.06,83601.18
OI0014025,O006098,P0123,2,15,38887.76,5833.16,33054.6
OI0014026,O006325,P0054,4,0,165480.16,0.0,165480.16
OI0014027,O006557,P0098,3,25,60133.2,15033.3,45099.9
OI0014028,O000388,P0091,1,10,37000.8,3700.08,33300.72
OI0014029,O000220,P0010,3,15,80124.15,12018.62,68105.53
OI0014030,O009353,P0242,1,0,34263.44,0.0,34263.44
OI0014031,O006457,P0264,4,20,43535.64,8707.13,34828.51
OI0014032,O007943,P0198,4,10,161955.68,16195.57,145760.11
OI0014033,O000431,P0257,4,15,40118.84,6017.83,34101.01
OI0014034,O005832,P0281,4,0,139367.64,0.0,139367.64
OI0014035,O001434,P0175,4,10,189648.2,18964.82,170683.38
OI0014036,O009390,P0267,1,15,49303.19,7395.48,41907.71
OI0014037,O009528,P0190,3,10,66132.12,6613.21,59518.91
OI0014038,O006410,P0215,1,20,10910.24,2182.05,8728.19
OI0014039,O004779,P0040,4,25,69709.16,17427.29,52281.87
OI0014040,O004648,P0071,3,0,9785.97,0.0,9785.97
OI0014041,O007652,P0219,4,0,154197.72,0.0,154197.72
OI0014042,O000442,P0005,1,15,4607.41,691.11,3916.3
OI0014043,O005919,P0225,4,10,164345.56,16434.56,147911.0
OI0014044,O000490,P0185,3,0,43254.45,0.0,43254.45
OI0014045,O003021,P0144,1,0,33677.69,0.0,33677.69
OI0014046,O003769,P0182,2,0,82056.86,0.0,82056.86
OI0014047,O005305,P0216,2,0,27475.32,0.0,27475.32
OI0014048,O004995,P0190,3,10,66132.12,6613.21,59518.91
OI0014049,O001693,P0263,1,5,44250.68,2212.53,42038.15
OI0014050,O003544,P0295,1,0,46301.43,0.0,46301.43
OI0014051,O008749,P0077,2,0,5463.06,0.0,5463.06
OI0014052,O002377,P0051,2,15,73440.8,11016.12,62424.68
OI0014053,O009730,P0124,3,20,49942.95,9988.59,39954.36
OI0014054,O000399,P0124,1,0,16647.65,0.0,16647.65
OI0014055,O008160,P0167,1,0,35369.38,0.0,35369.38
OI0014056,O004754,P0205,3,25,990.24,247.56,742.68
OI0014057,O005879,P0164,1,10,37280.26,3728.03,33552.23
OI0014058,O003741,P0012,2,15,69940.26,10491.04,59449.22
OI0014059,O007464,P0107,1,5,10426.34,521.32,9905.02
OI0014060,O009953,P0053,1,10,32333.83,3233.38,29100.45
OI0014061,O005434,P0189,1,10,48366.22,4836.62,43529.6
OI0014062,O005447,P0122,4,5,148523.32,7426.17,141097.15
OI0014063,O009566,P0236,1,15,1113.12,166.97,946.15
OI0014064,O002267,P0023,2,10,7842.7,784.27,7058.43
OI0014065,O007846,P0279,4,25,73552.64,18388.16,55164.48
OI0014066,O003741,P0230,1,0,37457.46,0.0,37457.46
OI0014067,O006815,P0285,3,20,13924.47,2784.89,11139.58
OI0014068,O001662,P0152,1,25,11398.36,2849.59,8548.77
OI0014069,O005993,P0150,3,0,24784.2,0.0,24784.2
OI0014070,O002715,P0012,4,0,139880.52,0.0,139880.52
OI0014071,O002203,P0193,3,0,64376.64,0.0,64376.64
OI0014072,O001654,P0036,3,0,116303.94,0.0,116303.94
OI0014073,O001027,P0042,1,10,23558.2,2355.82,21202.38
OI0014074,O007837,P0234,2,0,60617.42,0.0,60617.42
OI0014075,O004967,P0024,4,20,92564.44,18512.89,74051.55
OI0014076,O002036,P0038,3,25,89214.51,22303.63,66910.88
OI0014077,O000653,P0160,3,0,38694.54,0.0,38694.54
OI0014078,O009276,P0255,1,10,12286.21,1228.62,11057.59
OI0014079,O008788,P0186,2,0,30083.04,0.0,30083.04
OI0014080,O008003,P0054,4,10,165480.16,16548.02,148932.14
OI0014081,O000849,P0253,2,5,22474.08,1123.7,21350.38
OI0014082,O007035,P0266,3,20,114274.2,22854.84,91419.36
OI0014083,O005935,P0057,1,25,34914.14,8728.54,26185.6
OI0014084,O007329,P0204,1,10,8794.93,879.49,7915.44
OI0014085,O006662,P0079,4,25,55428.96,13857.24,41571.72
OI0014086,O002934,P0252,1,20,38468.7,7693.74,30774.96
OI0014087,O006592,P0030,3,0,140048.94,0.0,140048.94
OI0014088,O008681,P0077,3,5,8194.59,409.73,7784.86
OI0014089,O006599,P0243,1,5,13414.41,670.72,12743.69
OI0014090,O008006,P0176,3,5,10868.4,543.42,10324.98
OI0014091,O002995,P0299,4,15,157144.68,23571.7,133572.98
OI0014092,O002371,P0129,2,5,16158.78,807.94,15350.84
OI0014093,O004965,P0082,1,5,6869.27,343.46,6525.81
OI0014094,O009622,P0295,1,0,46301.43,0.0,46301.43
OI0014095,O006936,P0178,1,10,16579.2,1657.92,14921.28
OI0014096,O001229,P0132,2,0,66612.86,0.0,66612.86
OI0014097,O006093,P0219,1,20,38549.43,7709.89,30839.54
OI0014098,O000321,P0255,2,15,24572.42,3685.86,20886.56
OI0014099,O003827,P0092,4,5,79856.08,3992.8,75863.28
OI0014100,O000937,P0024,4,0,92564.44,0.0,92564.44
OI0014101,O002148,P0068,1,0,41270.21,0.0,41270.21
OI0014102,O006944,P0254,1,0,13619.6,0.0,13619.6
OI0014103,O009797,P0156,3,10,29815.26,2981.53,26833.73
OI0014104,O002033,P0180,3,15,4178.94,626.84,3552.1
OI0014105,O004423,P0221,3,0,107281.59,0.0,107281.59
OI0014106,O000242,P0030,2,15,93365.96,14004.89,79361.07
OI0014107,O005152,P0147,2,10,59145.5,5914.55,53230.95
OI0014108,O006684,P0149,2,10,29016.1,2901.61,26114.49
OI0014109,O005473,P0277,2,25,40149.28,10037.32,30111.96
OI0014110,O008942,P0256,1,25,49584.32,12396.08,37188.24
OI0014111,O006797,P0289,2,15,25582.36,3837.35,21745.01
OI0014112,O004061,P0009,2,15,54633.32,8195.0,46438.32
OI0014113,O009650,P0050,3,15,141968.91,21295.34,120673.57
OI0014114,O001310,P0095,3,15,74961.84,11244.28,63717.56
OI0014115,O009762,P0032,3,0,126796.56,0.0,126796.56
OI0014116,O007726,P0041,3,25,52583.52,13145.88,39437.64
OI0014117,O003073,P0215,2,10,21820.48,2182.05,19638.43
OI0014118,O002466,P0298,4,10,186121.96,18612.2,167509.76
OI0014119,O004283,P0076,2,10,74383.02,7438.3,66944.72
OI0014120,O001927,P0086,2,0,40892.16,0.0,40892.16
OI0014121,O004545,P0104,3,10,116223.06,11622.31,104600.75
OI0014122,O002730,P0156,4,15,39753.68,5963.05,33790.63
OI0014123,O000978,P0154,1,5,28220.9,1411.04,26809.86
OI0014124,O008163,P0091,1,20,37000.8,7400.16,29600.64
OI0014125,O004850,P0184,3,0,67914.03,0.0,67914.03
OI0014126,O009491,P0008,1,20,8182.39,1636.48,6545.91
OI0014127,O005005,P0203,3,10,52305.42,5230.54,47074.88
OI0014128,O008215,P0259,1,20,46277.18,9255.44,37021.74
OI0014129,O001110,P0001,3,5,83789.55,4189.48,79600.07
OI0014130,O002980,P0298,3,5,139591.47,6979.57,132611.9
OI0014131,O001977,P0178,1,15,16579.2,2486.88,14092.32
OI0014132,O007001,P0080,1,5,27470.08,1373.5,26096.58
OI0014133,O007907,P0295,1,25,46301.43,11575.36,34726.07
OI0014134,O009355,P0233,4,15,149449.96,22417.49,127032.47
OI0014135,O007977,P0036,2,5,77535.96,3876.8,73659.16
OI0014136,O002283,P0076,2,0,74383.02,0.0,74383.02
OI0014137,O000774,P0074,4,10,67973.76,6797.38,61176.38
OI0014138,O009066,P0035,4,10,127137.24,12713.72,114423.52
OI0014139,O003050,P0031,4,25,73132.0,18283.0,54849.0
OI0014140,O009202,P0168,3,15,117525.15,17628.77,99896.38
OI0014141,O005933,P0079,2,5,27714.48,1385.72,26328.76
OI0014142,O001745,P0161,2,5,26548.0,1327.4,25220.6
OI0014143,O002276,P0194,1,10,27689.5,2768.95,24920.55
OI0014144,O009913,P0027,1,0,49445.01,0.0,49445.01
OI0014145,O008274,P0178,2,15,33158.4,4973.76,28184.64
OI0014146,O000673,P0091,3,0,111002.4,0.0,111002.4
OI0014147,O004114,P0115,2,10,68912.7,6891.27,62021.43
OI0014148,O001031,P0095,1,25,24987.28,6246.82,18740.46
OI0014149,O001221,P0026,3,20,14709.69,2941.94,11767.75
OI0014150,O004831,P0253,3,20,33711.12,6742.22,26968.9
OI0014151,O000074,P0150,2,15,16522.8,2478.42,14044.38
OI0014152,O008605,P0281,2,25,69683.82,17420.96,52262.86
OI0014153,O008605,P0249,4,25,69555.84,17388.96,52166.88
OI0014154,O008452,P0036,2,0,77535.96,0.0,77535.96
OI0014155,O001089,P0270,1,0,17071.3,0.0,17071.3
OI0014156,O005192,P0296,3,25,97011.63,24252.91,72758.72
OI0014157,O000988,P0265,3,5,95324.82,4766.24,90558.58
OI0014158,O005852,P0040,3,5,52281.87,2614.09,49667.78
OI0014159,O009347,P0045,2,0,14902.62,0.0,14902.62
OI0014160,O007744,P0001,1,20,27929.85,5585.97,22343.88
OI0014161,O002802,P0136,3,0,3364.56,0.0,3364.56
OI0014162,O000066,P0201,2,10,71675.3,7167.53,64507.77
OI0014163,O005721,P0186,3,0,45124.56,0.0,45124.56
OI0014164,O006969,P0019,1,0,16251.46,0.0,16251.46
OI0014165,O001381,P0120,2,5,7519.7,375.98,7143.72
OI0014166,O005579,P0027,3,15,148335.03,22250.25,126084.78
OI0014167,O009070,P0213,3,0,72415.68,0.0,72415.68
OI0014168,O001063,P0206,1,20,22654.0,4530.8,18123.2
OI0014169,O006780,P0204,1,15,8794.93,1319.24,7475.69
OI0014170,O009337,P0124,1,0,16647.65,0.0,16647.65
OI0014171,O004692,P0098,2,5,40088.8,2004.44,38084.36
OI0014172,O006353,P0057,1,20,34914.14,6982.83,27931.31
OI0014173,O002823,P0183,1,25,27785.3,6946.32,20838.98
OI0014174,O001425,P0261,4,10,194190.16,19419.02,174771.14
OI0014175,O005924,P0227,3,15,28410.06,4261.51,24148.55
OI0014176,O009084,P0094,1,20,18898.83,3779.77,15119.06
OI0014177,O008926,P0102,4,10,9541.8,954.18,8587.62
OI0014178,O000001,P0156,3,15,29815.26,4472.29,25342.97
OI0014179,O007244,P0173,4,10,80107.36,8010.74,72096.62
OI0014180,O003664,P0290,1,15,25965.58,3894.84,22070.74
OI0014181,O006812,P0095,2,20,49974.56,9994.91,39979.65
OI0014182,O004846,P0247,3,15,5980.98,897.15,5083.83
OI0014183,O002851,P0216,4,0,54950.64,0.0,54950.64
OI0014184,O000896,P0214,4,25,100167.12,25041.78,75125.34
OI0014185,O007678,P0186,4,0,60166.08,0.0,60166.08
OI0014186,O002673,P0269,1,15,38347.09,5752.06,32595.03
OI0014187,O004211,P0265,3,5,95324.82,4766.24,90558.58
OI0014188,O003756,P0237,3,15,47176.59,7076.49,40100.1
OI0014189,O001665,P0049,4,0,23838.52,0.0,23838.52
OI0014190,O007475,P0138,2,0,2552.04,0.0,2552.04
OI0014191,O009434,P0105,3,0,122183.07,0.0,122183.07
OI0014192,O007825,P0120,3,15,11279.55,1691.93,9587.62
OI0014193,O008229,P0029,1,0,4097.07,0.0,4097.07
OI0014194,O003686,P0179,4,25,102051.68,25512.92,76538.76
OI0014195,O008835,P0179,1,5,25512.92,1275.65,24237.27
OI0014196,O002447,P0011,2,15,7954.82,1193.22,6761.6
OI0014197,O006853,P0217,4,20,34601.28,6920.26,27681.02
OI0014198,O003989,P0009,2,25,54633.32,13658.33,40974.99
OI0014199,O005929,P0112,2,10,10793.4,1079.34,9714.06
OI0014200,O005935,P0043,1,15,16838.99,2525.85,14313.14
OI0014201,O008227,P0166,4,5,44479.64,2223.98,42255.66
OI0014202,O001927,P0044,3,5,16636.74,831.84,15804.9
OI0014203,O006632,P0181,4,15,63150.64,9472.6,53678.04
OI0014204,O001760,P0188,1,5,41810.42,2090.52,39719.9
OI0014205,O004606,P0240,3,10,5523.75,552.38,4971.37
OI0014206,O002677,P0254,2,0,27239.2,0.0,27239.2
OI0014207,O002966,P0086,3,15,61338.24,9200.74,52137.5
OI0014208,O007791,P0184,4,25,90552.04,22638.01,67914.03
OI0014209,O009453,P0174,1,10,29081.4,2908.14,26173.26
OI0014210,O001383,P0241,4,10,170492.08,17049.21,153442.87
OI0014211,O009777,P0218,4,20,143913.28,28782.66,115130.62
OI0014212,O006922,P0293,2,0,51595.46,0.0,51595.46
OI0014213,O002646,P0118,1,5,9683.76,484.19,9199.57
OI0014214,O003500,P0205,4,0,1320.32,0.0,1320.32
OI0014215,O007091,P0203,3,10,52305.42,5230.54,47074.88
OI0014216,O004498,P0184,3,10,67914.03,6791.4,61122.63
OI0014217,O006084,P0195,2,25,23399.78,5849.94,17549.84
OI0014218,O009965,P0035,1,20,31784.31,6356.86,25427.45
OI0014219,O007011,P0170,1,10,34963.1,3496.31,31466.79
OI0014220,O006438,P0026,4,15,19612.92,2941.94,16670.98
OI0014221,O008429,P0112,4,10,21586.8,2158.68,19428.12
OI0014222,O004938,P0099,2,10,2307.62,230.76,2076.86
OI0014223,O006891,P0189,3,0,145098.66,0.0,145098.66
OI0014224,O003501,P0125,3,0,89543.13,0.0,89543.13
OI0014225,O008651,P0173,2,20,40053.68,8010.74,32042.94
OI0014226,O009865,P0080,4,5,109880.32,5494.02,104386.3
OI0014227,O008377,P0239,3,5,1993.14,99.66,1893.48
OI0014228,O004178,P0106,2,5,49551.52,2477.58,47073.94
OI0014229,O000313,P0099,4,0,4615.24,0.0,4615.24
OI0014230,O002991,P0078,1,25,11210.94,2802.74,8408.2
OI0014231,O004619,P0186,4,0,60166.08,0.0,60166.08
OI0014232,O005638,P0122,3,25,111392.49,27848.12,83544.37
OI0014233,O008097,P0158,2,15,81797.02,12269.55,69527.47
OI0014234,O005006,P0202,2,25,80083.42,20020.86,60062.56
OI0014235,O001821,P0191,3,0,59363.91,0.0,59363.91
OI0014236,O004199,P0154,2,5,56441.8,2822.09,53619.71
OI0014237,O005816,P0295,2,25,92602.86,23150.72,69452.14
OI0014238,O005957,P0030,2,10,93365.96,9336.6,84029.36
OI0014239,O003414,P0141,1,10,16217.79,1621.78,14596.01
OI0014240,O005279,P0103,2,15,65506.38,9825.96,55680.42
OI0014241,O005875,P0065,4,0,124465.88,0.0,124465.88
OI0014242,O004806,P0231,2,15,47175.56,7076.33,40099.23
OI0014243,O003273,P0130,4,5,139310.56,6965.53,132345.03
OI0014244,O008222,P0023,4,5,15685.4,784.27,14901.13
OI0014245,O003807,P0290,1,10,25965.58,2596.56,23369.02
OI0014246,O000529,P0105,3,0,122183.07,0.0,122183.07
OI0014247,O002794,P0042,2,0,47116.4,0.0,47116.4
OI0014248,O007056,P0170,2,0,69926.2,0.0,69926.2
OI0014249,O001503,P0202,4,15,160166.84,24025.03,136141.81
OI0014250,O007934,P0022,1,0,33651.89,0.0,33651.89
OI0014251,O008993,P0250,2,0,11003.58,0.0,11003.58
OI0014252,O006650,P0035,1,10,31784.31,3178.43,28605.88
OI0014253,O000754,P0223,4,10,28340.48,2834.05,25506.43
OI0014254,O005364,P0044,1,5,5545.58,277.28,5268.3
OI0014255,O003876,P0187,1,5,19277.45,963.87,18313.58
OI0014256,O007800,P0091,3,20,111002.4,22200.48,88801.92
OI0014257,O000772,P0289,3,0,38373.54,0.0,38373.54
OI0014258,O007359,P0016,4,25,144284.32,36071.08,108213.24
OI0014259,O005363,P0127,4,0,10274.56,0.0,10274.56
OI0014260,O008036,P0261,4,10,194190.16,19419.02,174771.14
OI0014261,O009408,P0216,4,25,54950.64,13737.66,41212.98
OI0014262,O006861,P0112,1,10,5396.7,539.67,4857.03
OI0014263,O004387,P0219,4,5,154197.72,7709.89,146487.83
OI0014264,O004762,P0270,1,25,17071.3,4267.82,12803.48
OI0014265,O008843,P0070,3,20,15894.72,3178.94,12715.78
OI0014266,O002114,P0123,4,5,77775.52,3888.78,73886.74
OI0014267,O009600,P0115,3,10,103369.05,10336.91,93032.14
OI0014268,O008594,P0091,2,10,74001.6,7400.16,66601.44
OI0014269,O002251,P0237,2,10,31451.06,3145.11,28305.95
OI0014270,O003344,P0220,1,0,23222.96,0.0,23222.96
OI0014271,O003002,P0147,3,10,88718.25,8871.83,79846.42
OI0014272,O007682,P0062,3,0,80380.74,0.0,80380.74
OI0014273,O003643,P0138,2,5,2552.04,127.6,2424.44
OI0014274,O005600,P0056,4,10,101343.08,10134.31,91208.77
OI0014275,O006650,P0267,1,0,49303.19,0.0,49303.19
OI0014276,O005296,P0236,4,20,4452.48,890.5,3561.98
OI0014277,O009712,P0094,3,5,56696.49,2834.82,53861.67
OI0014278,O003030,P0206,3,0,67962.0,0.0,67962.0
OI0014279,O004772,P0080,3,0,82410.24,0.0,82410.24
OI0014280,O005384,P0144,1,15,33677.69,5051.65,28626.04
OI0014281,O003179,P0188,1,20,41810.42,8362.08,33448.34
OI0014282,O007916,P0051,3,0,110161.2,0.0,110161.2
OI0014283,O003047,P0128,1,10,19395.43,1939.54,17455.89
OI0014284,O008138,P0227,4,15,37880.08,5682.01,32198.07
OI0014285,O009371,P0292,2,25,26746.82,6686.7,20060.12
OI0014286,O000489,P0265,2,0,63549.88,0.0,63549.88
OI0014287,O003537,P0288,2,5,2391.16,119.56,2271.6
OI0014288,O000109,P0238,1,0,31962.54,0.0,31962.54
OI0014289,O003494,P0044,2,5,11091.16,554.56,10536.6
OI0014290,O003520,P0147,3,5,88718.25,4435.91,84282.34
OI0014291,O006873,P0043,3,10,50516.97,5051.7,45465.27
OI0014292,O003217,P0095,1,15,24987.28,3748.09,21239.19
OI0014293,O009045,P0141,2,25,32435.58,8108.9,24326.68
OI0014294,O002383,P0238,1,0,31962.54,0.0,31962.54
OI0014295,O006680,P0138,4,15,5104.08,765.61,4338.47
OI0014296,O004544,P0176,4,20,14491.2,2898.24,11592.96
OI0014297,O004213,P0148,4,10,40758.8,4075.88,36682.92
OI0014298,O009197,P0116,1,15,46948.74,7042.31,39906.43
OI0014299,O005884,P0262,4,5,189533.48,9476.67,180056.81
OI0014300,O006886,P0200,4,0,43624.96,0.0,43624.96
OI0014301,O008680,P0064,1,0,17144.69,0.0,17144.69
OI0014302,O004277,P0029,3,0,12291.21,0.0,12291.21
OI0014303,O006474,P0009,1,20,27316.66,5463.33,21853.33
OI0014304,O008161,P0221,3,25,107281.59,26820.4,80461.19
OI0014305,O001292,P0023,4,5,15685.4,784.27,14901.13
OI0014306,O008167,P0236,1,15,1113.12,166.97,946.15
OI0014307,O002607,P0143,2,5,37886.2,1894.31,35991.89
OI0014308,O001984,P0242,3,5,102790.32,5139.52,97650.8
OI0014309,O001580,P0058,1,10,29422.66,2942.27,26480.39
OI0014310,O001040,P0146,2,20,53260.76,10652.15,42608.61
OI0014311,O002082,P0146,1,5,26630.38,1331.52,25298.86
OI0014312,O000974,P0007,2,15,29103.92,4365.59,24738.33
OI0014313,O000966,P0130,3,0,104482.92,0.0,104482.92
OI0014314,O002615,P0210,3,5,129031.02,6451.55,122579.47
OI0014315,O001789,P0234,1,0,30308.71,0.0,30308.71
OI0014316,O002122,P0020,4,20,122386.44,24477.29,97909.15
OI0014317,O005656,P0057,1,0,34914.14,0.0,34914.14
OI0014318,O004719,P0141,1,15,16217.79,2432.67,13785.12
OI0014319,O009458,P0117,2,10,72340.2,7234.02,65106.18
OI0014320,O007423,P0024,4,15,92564.44,13884.67,78679.77
OI0014321,O002579,P0115,3,20,103369.05,20673.81,82695.24
OI0014322,O003640,P0272,1,10,21183.57,2118.36,19065.21
OI0014323,O007179,P0035,2,0,63568.62,0.0,63568.62
OI0014324,O003926,P0238,2,25,63925.08,15981.27,47943.81
OI0014325,O007645,P0265,3,5,95324.82,4766.24,90558.58
OI0014326,O006521,P0014,4,0,38448.24,0.0,38448.24
OI0014327,O001928,P0076,3,10,111574.53,11157.45,100417.08
OI0014328,O000074,P0023,4,5,15685.4,784.27,14901.13
OI0014329,O003743,P0177,1,25,25467.23,6366.81,19100.42
OI0014330,O009971,P0001,3,10,83789.55,8378.96,75410.59
OI0014331,O005731,P0208,1,0,27833.51,0.0,27833.51
OI0014332,O004402,P0050,3,0,141968.91,0.0,141968.91
OI0014333,O005370,P0058,4,0,117690.64,0.0,117690.64
OI0014334,O002589,P0203,4,15,69740.56,10461.08,59279.48
OI0014335,O006421,P0285,2,0,9282.98,0.0,9282.98
OI0014336,O007337,P0002,3,5,139392.72,6969.64,132423.08
OI0014337,O004933,P0144,2,15,67355.38,10103.31,57252.07
OI0014338,O001221,P0080,2,10,54940.16,5494.02,49446.14
OI0014339,O002648,P0155,2,10,94514.76,9451.48,85063.28
OI0014340,O008632,P0225,1,10,41086.39,4108.64,36977.75
OI0014341,O002844,P0154,2,0,56441.8,0.0,56441.8
OI0014342,O003234,P0075,4,15,143809.04,21571.36,122237.68
OI0014343,O008375,P0263,1,25,44250.68,11062.67,33188.01
OI0014344,O008189,P0166,2,0,22239.82,0.0,22239.82
OI0014345,O009982,P0294,2,5,57483.66,2874.18,54609.48
OI0014346,O006320,P0153,1,5,26067.55,1303.38,24764.17
OI0014347,O007989,P0180,3,0,4178.94,0.0,4178.94
OI0014348,O007480,P0262,4,5,189533.48,9476.67,180056.81
OI0014349,O000949,P0104,1,0,38741.02,0.0,38741.02
OI0014350,O009370,P0285,2,10,9282.98,928.3,8354.68
OI0014351,O000393,P0195,4,10,46799.56,4679.96,42119.6
OI0014352,O009580,P0036,4,10,155071.92,15507.19,139564.73
OI0014353,O002406,P0262,1,5,47383.37,2369.17,45014.2
OI0014354,O002029,P0241,1,25,42623.02,10655.76,31967.26
OI0014355,O009500,P0079,4,10,55428.96,5542.9,49886.06
OI0014356,O001951,P0157,3,20,96463.35,19292.67,77170.68
OI0014357,O006082,P0012,1,5,34970.13,1748.51,33221.62
OI0014358,O005309,P0006,3,15,91581.48,13737.22,77844.26
OI0014359,O005136,P0256,1,0,49584.32,0.0,49584.32
OI0014360,O008938,P0059,1,15,41671.4,6250.71,35420.69
OI0014361,O004049,P0037,3,15,5645.1,846.76,4798.34
OI0014362,O007715,P0071,3,5,9785.97,489.3,9296.67
OI0014363,O006115,P0104,1,25,38741.02,9685.25,29055.77
OI0014364,O003515,P0170,3,10,104889.3,10488.93,94400.37
OI0014365,O004312,P0039,1,5,9498.3,474.92,9023.38
OI0014366,O001705,P0167,4,0,141477.52,0.0,141477.52
OI0014367,O005413,P0055,4,0,22094.44,0.0,22094.44
OI0014368,O001243,P0174,4,0,116325.6,0.0,116325.6
OI0014369,O009172,P0053,1,10,32333.83,3233.38,29100.45
OI0014370,O003945,P0010,3,10,80124.15,8012.42,72111.73
OI0014371,O001820,P0077,2,10,5463.06,546.31,4916.75
OI0014372,O002965,P0263,2,20,88501.36,17700.27,70801.09
OI0014373,O009469,P0007,2,0,29103.92,0.0,29103.92
OI0014374,O000201,P0008,2,5,16364.78,818.24,15546.54
OI0014375,O001472,P0244,4,20,137838.2,27567.64,110270.56
OI0014376,O006126,P0117,3,0,108510.3,0.0,108510.3
OI0014377,O000225,P0298,1,0,46530.49,0.0,46530.49
OI0014378,O002167,P0154,4,5,112883.6,5644.18,107239.42
OI0014379,O005230,P0262,4,20,189533.48,37906.7,151626.78
OI0014380,O006005,P0010,2,10,53416.1,5341.61,48074.49
OI0014381,O002618,P0268,1,10,9184.11,918.41,8265.7
OI0014382,O006616,P0029,4,25,16388.28,4097.07,12291.21
OI0014383,O003348,P0021,3,10,140899.83,14089.98,126809.85
OI0014384,O007282,P0298,3,25,139591.47,34897.87,104693.6
OI0014385,O007359,P0285,2,0,9282.98,0.0,9282.98
OI0014386,O001537,P0254,4,5,54478.4,2723.92,51754.48
OI0014387,O007191,P0090,1,20,6565.92,1313.18,5252.74
OI0014388,O001569,P0242,3,0,102790.32,0.0,102790.32
OI0014389,O004703,P0090,2,0,13131.84,0.0,13131.84
OI0014390,O007803,P0092,1,5,19964.02,998.2,18965.82
OI0014391,O003743,P0014,4,25,38448.24,9612.06,28836.18
OI0014392,O008438,P0109,2,0,70089.42,0.0,70089.42
OI0014393,O007333,P0153,4,25,104270.2,26067.55,78202.65
OI0014394,O004344,P0167,1,15,35369.38,5305.41,30063.97
OI0014395,O002020,P0059,4,10,166685.6,16668.56,150017.04
OI0014396,O008158,P0200,1,0,10906.24,0.0,10906.24
OI0014397,O001170,P0190,4,10,88176.16,8817.62,79358.54
OI0014398,O005914,P0155,4,5,189029.52,9451.48,179578.04
OI0014399,O007499,P0133,1,15,14450.81,2167.62,12283.19
OI0014400,O008829,P0132,3,10,99919.29,9991.93,89927.36
OI0014401,O000125,P0180,2,25,2785.96,696.49,2089.47
OI0014402,O005689,P0245,1,0,39663.34,0.0,39663.34
OI0014403,O009702,P0262,1,25,47383.37,11845.84,35537.53
OI0014404,O000197,P0285,2,5,9282.98,464.15,8818.83
OI0014405,O002262,P0183,4,10,111141.2,11114.12,100027.08
OI0014406,O002509,P0104,3,20,116223.06,23244.61,92978.45
OI0014407,O004594,P0067,2,15,49817.12,7472.57,42344.55
OI0014408,O008460,P0036,1,25,38767.98,9692.0,29075.98
OI0014409,O009510,P0037,1,25,1881.7,470.42,1411.28
OI0014410,O001239,P0177,2,10,50934.46,5093.45,45841.01
OI0014411,O003760,P0089,4,10,102430.4,10243.04,92187.36
OI0014412,O004535,P0236,2,5,2226.24,111.31,2114.93
OI0014413,O004918,P0185,3,5,43254.45,2162.72,41091.73
OI0014414,O009800,P0149,1,5,14508.05,725.4,13782.65
OI0014415,O005135,P0194,1,15,27689.5,4153.42,23536.08
OI0014416,O005150,P0249,2,10,34777.92,3477.79,31300.13
OI0014417,O006711,P0011,2,15,7954.82,1193.22,6761.6
OI0014418,O005356,P0145,1,20,39162.31,7832.46,31329.85
OI0014419,O006460,P0157,1,20,32154.45,6430.89,25723.56
OI0014420,O008840,P0077,3,0,8194.59,0.0,8194.59
OI0014421,O005295,P0149,4,20,58032.2,11606.44,46425.76
OI0014422,O007928,P0051,1,10,36720.4,3672.04,33048.36
OI0014423,O007076,P0284,4,25,153861.28,38465.32,115395.96
OI0014424,O004937,P0143,1,25,18943.1,4735.77,14207.33
OI0014425,O003610,P0004,4,5,93160.24,4658.01,88502.23
OI0014426,O003668,P0166,2,15,22239.82,3335.97,18903.85
OI0014427,O006886,P0157,3,20,96463.35,19292.67,77170.68
OI0014428,O003195,P0267,1,5,49303.19,2465.16,46838.03
OI0014429,O002886,P0164,4,10,149121.04,14912.1,134208.94
OI0014430,O007319,P0118,2,5,19367.52,968.38,18399.14
OI0014431,O004733,P0103,1,0,32753.19,0.0,32753.19
OI0014432,O003669,P0057,1,15,34914.14,5237.12,29677.02
OI0014433,O007351,P0272,3,10,63550.71,6355.07,57195.64
OI0014434,O008777,P0153,4,5,104270.2,5213.51,99056.69
OI0014435,O000417,P0286,1,0,10714.67,0.0,10714.67
OI0014436,O005812,P0051,2,0,73440.8,0.0,73440.8
OI0014437,O006511,P0242,1,5,34263.44,1713.17,32550.27
OI0014438,O000337,P0259,4,25,185108.72,46277.18,138831.54
OI0014439,O008448,P0071,2,25,6523.98,1631.0,4892.98
OI0014440,O008552,P0003,4,20,76087.28,15217.46,60869.82
OI0014441,O007878,P0186,1,0,15041.52,0.0,15041.52
OI0014442,O000646,P0105,2,20,81455.38,16291.08,65164.3
OI0014443,O008904,P0072,2,15,5510.9,826.64,4684.26
OI0014444,O006585,P0149,4,25,58032.2,14508.05,43524.15
OI0014445,O007256,P0010,1,10,26708.05,2670.8,24037.25
OI0014446,O009788,P0020,2,10,61193.22,6119.32,55073.9
OI0014447,O003959,P0168,2,10,78350.1,7835.01,70515.09
OI0014448,O002173,P0113,1,10,49136.87,4913.69,44223.18
OI0014449,O009129,P0029,4,5,16388.28,819.41,15568.87
OI0014450,O004564,P0113,4,0,196547.48,0.0,196547.48
OI0014451,O008024,P0164,1,15,37280.26,5592.04,31688.22
OI0014452,O000678,P0032,4,25,169062.08,42265.52,126796.56
OI0014453,O002704,P0125,1,15,29847.71,4477.16,25370.55
OI0014454,O008743,P0140,3,20,75453.48,15090.7,60362.78
OI0014455,O007009,P0037,2,10,3763.4,376.34,3387.06
OI0014456,O004659,P0174,4,10,116325.6,11632.56,104693.04
OI0014457,O008308,P0031,2,25,36566.0,9141.5,27424.5
OI0014458,O008275,P0132,3,25,99919.29,24979.82,74939.47
OI0014459,O009331,P0143,3,10,56829.3,5682.93,51146.37
OI0014460,O000809,P0230,2,5,74914.92,3745.75,71169.17
OI0014461,O004155,P0173,1,5,20026.84,1001.34,19025.5
OI0014462,O001781,P0140,4,15,100604.64,15090.7,85513.94
OI0014463,O009449,P0074,4,0,67973.76,0.0,67973.76
OI0014464,O008016,P0262,3,25,142150.11,35537.53,106612.58
OI0014465,O009790,P0150,3,15,24784.2,3717.63,21066.57
OI0014466,O001986,P0297,1,0,20852.84,0.0,20852.84
OI0014467,O007944,P0231,1,5,23587.78,1179.39,22408.39
OI0014468,O004910,P0174,2,0,58162.8,0.0,58162.8
OI0014469,O006796,P0029,4,0,16388.28,0.0,16388.28
OI0014470,O007122,P0131,1,10,5464.08,546.41,4917.67
OI0014471,O004631,P0266,4,0,152365.6,0.0,152365.6
OI0014472,O002343,P0046,3,5,5592.63,279.63,5313.0
OI0014473,O001084,P0224,2,15,96629.34,14494.4,82134.94
OI0014474,O001977,P0085,2,0,18391.22,0.0,18391.22
OI0014475,O000556,P0134,2,20,20210.12,4042.02,16168.1
OI0014476,O004844,P0108,1,0,36912.94,0.0,36912.94
OI0014477,O009286,P0160,1,10,12898.18,1289.82,11608.36
OI0014478,O002972,P0108,1,25,36912.94,9228.24,27684.7
OI0014479,O001943,P0220,1,0,23222.96,0.0,23222.96
OI0014480,O006690,P0196,3,0,111676.29,0.0,111676.29
OI0014481,O005657,P0222,3,0,110545.74,0.0,110545.74
OI0014482,O007051,P0209,4,5,38253.8,1912.69,36341.11
OI0014483,O000138,P0220,2,15,46445.92,6966.89,39479.03
OI0014484,O006554,P0039,3,10,28494.9,2849.49,25645.41
OI0014485,O000906,P0001,4,5,111719.4,5585.97,106133.43
OI0014486,O003260,P0179,4,10,102051.68,10205.17,91846.51
OI0014487,O002377,P0095,1,5,24987.28,1249.36,23737.92
OI0014488,O004141,P0250,4,5,22007.16,1100.36,20906.8
OI0014489,O007018,P0224,4,5,193258.68,9662.93,183595.75
OI0014490,O002084,P0293,1,5,25797.73,1289.89,24507.84
OI0014491,O003727,P0121,3,10,58811.82,5881.18,52930.64
OI0014492,O006552,P0186,3,5,45124.56,2256.23,42868.33
OI0014493,O006056,P0217,3,5,25950.96,1297.55,24653.41
OI0014494,O006786,P0001,1,5,27929.85,1396.49,26533.36
OI0014495,O007556,P0054,4,0,165480.16,0.0,165480.16
OI0014496,O004838,P0087,1,0,17908.98,0.0,17908.98
OI0014497,O003885,P0114,4,5,172157.36,8607.87,163549.49
OI0014498,O006298,P0258,2,25,57719.82,14429.96,43289.86
OI0014499,O009660,P0040,2,0,34854.58,0.0,34854.58
OI0014500,O000197,P0022,2,5,67303.78,3365.19,63938.59
OI0014501,O000068,P0059,3,25,125014.2,31253.55,93760.65
OI0014502,O001765,P0271,3,0,26835.6,0.0,26835.6
OI0014503,O002847,P0121,1,10,19603.94,1960.39,17643.55
OI0014504,O006527,P0205,3,20,990.24,198.05,792.19
OI0014505,O009925,P0119,1,0,22218.38,0.0,22218.38
OI0014506,O007899,P0158,1,20,40898.51,8179.7,32718.81
OI0014507,O003273,P0153,3,10,78202.65,7820.26,70382.39
OI0014508,O000514,P0034,3,20,66460.74,13292.15,53168.59
OI0014509,O007123,P0098,1,0,20044.4,0.0,20044.4
OI0014510,O001255,P0177,1,0,25467.23,0.0,25467.23
OI0014511,O005137,P0038,1,0,29738.17,0.0,29738.17
OI0014512,O005616,P0050,4,25,189291.88,47322.97,141968.91
OI0014513,O004008,P0187,3,20,57832.35,11566.47,46265.88
OI0014514,O002355,P0062,1,10,26793.58,2679.36,24114.22
OI0014515,O004466,P0154,2,10,56441.8,5644.18,50797.62
OI0014516,O001496,P0066,1,5,44570.57,2228.53,42342.04
OI0014517,O005581,P0102,4,0,9541.8,0.0,9541.8
OI0014518,O006172,P0233,3,0,112087.47,0.0,112087.47
OI0014519,O004986,P0190,1,15,22044.04,3306.61,18737.43
OI0014520,O003630,P0100,2,10,77338.78,7733.88,69604.9
OI0014521,O006783,P0190,3,10,66132.12,6613.21,59518.91
OI0014522,O008407,P0226,4,20,41529.12,8305.82,33223.3
OI0014523,O007014,P0141,1,0,16217.79,0.0,16217.79
OI0014524,O003633,P0103,1,0,32753.19,0.0,32753.19
OI0014525,O003774,P0075,3,20,107856.78,21571.36,86285.42
OI0014526,O005387,P0283,3,5,81625.44,4081.27,77544.17
OI0014527,O005613,P0259,1,15,46277.18,6941.58,39335.6
OI0014528,O005996,P0126,1,5,43634.79,2181.74,41453.05
OI0014529,O001755,P0291,4,5,3776.28,188.81,3587.47
OI0014530,O006141,P0165,3,0,7696.14,0.0,7696.14
OI0014531,O008996,P0285,3,10,13924.47,1392.45,12532.02
OI0014532,O009825,P0244,4,0,137838.2,0.0,137838.2
OI0014533,O007190,P0062,1,5,26793.58,1339.68,25453.9
OI0014534,O006350,P0209,3,0,28690.35,0.0,28690.35
OI0014535,O005197,P0294,3,0,86225.49,0.0,86225.49
OI0014536,O009671,P0183,4,25,111141.2,27785.3,83355.9
OI0014537,O001574,P0005,4,25,18429.64,4607.41,13822.23
OI0014538,O001601,P0143,1,0,18943.1,0.0,18943.1
OI0014539,O009697,P0068,1,25,41270.21,10317.55,30952.66
OI0014540,O009046,P0230,3,20,112372.38,22474.48,89897.9
OI0014541,O006295,P0265,4,10,127099.76,12709.98,114389.78
OI0014542,O004460,P0251,2,10,49386.94,4938.69,44448.25
OI0014543,O002383,P0177,4,5,101868.92,5093.45,96775.47
OI0014544,O002335,P0212,3,15,34425.57,5163.84,29261.73
OI0014545,O002972,P0078,3,0,33632.82,0.0,33632.82
OI0014546,O006570,P0277,2,0,40149.28,0.0,40149.28
OI0014547,O000801,P0098,4,25,80177.6,20044.4,60133.2
OI0014548,O004503,P0246,2,20,30954.72,6190.94,24763.78
OI0014549,O002396,P0059,2,5,83342.8,4167.14,79175.66
OI0014550,O006288,P0205,2,0,660.16,0.0,660.16
OI0014551,O000421,P0170,3,25,104889.3,26222.32,78666.98
OI0014552,O005509,P0109,2,0,70089.42,0.0,70089.42
OI0014553,O006379,P0187,1,0,19277.45,0.0,19277.45
OI0014554,O000651,P0229,3,5,21270.75,1063.54,20207.21
OI0014555,O004876,P0158,1,15,40898.51,6134.78,34763.73
OI0014556,O006421,P0175,1,20,47412.05,9482.41,37929.64
OI0014557,O006546,P0061,3,10,103787.73,10378.77,93408.96
OI0014558,O003361,P0212,3,10,34425.57,3442.56,30983.01
OI0014559,O002709,P0135,4,0,187317.44,0.0,187317.44
OI0014560,O009626,P0236,3,5,3339.36,166.97,3172.39
OI0014561,O002536,P0020,2,0,61193.22,0.0,61193.22
OI0014562,O003107,P0272,4,0,84734.28,0.0,84734.28
OI0014563,O005183,P0002,2,0,92928.48,0.0,92928.48
OI0014564,O005234,P0233,1,20,37362.49,7472.5,29889.99
OI0014565,O002421,P0244,3,15,103378.65,15506.8,87871.85
OI0014566,O009079,P0099,1,10,1153.81,115.38,1038.43
OI0014567,O009364,P0171,4,25,78076.08,19519.02,58557.06
OI0014568,O006463,P0156,1,0,9938.42,0.0,9938.42
OI0014569,O004713,P0266,4,25,152365.6,38091.4,114274.2
OI0014570,O000243,P0205,2,0,660.16,0.0,660.16
OI0014571,O000908,P0022,3,15,100955.67,15143.35,85812.32
OI0014572,O000544,P0144,2,5,67355.38,3367.77,63987.61
OI0014573,O006763,P0072,4,0,11021.8,0.0,11021.8
OI0014574,O000304,P0249,4,15,69555.84,10433.38,59122.46
OI0014575,O007422,P0074,2,10,33986.88,3398.69,30588.19
OI0014576,O007544,P0055,2,25,11047.22,2761.8,8285.42
OI0014577,O009403,P0170,2,5,69926.2,3496.31,66429.89
OI0014578,O005396,P0124,3,15,49942.95,7491.44,42451.51
OI0014579,O009061,P0216,2,25,27475.32,6868.83,20606.49
OI0014580,O006949,P0258,1,10,28859.91,2885.99,25973.92
OI0014581,O001576,P0290,2,5,51931.16,2596.56,49334.6
OI0014582,O000119,P0042,4,5,94232.8,4711.64,89521.16
OI0014583,O005053,P0277,4,25,80298.56,20074.64,60223.92
OI0014584,O009784,P0290,4,10,103862.32,10386.23,93476.09
OI0014585,O000204,P0288,2,25,2391.16,597.79,1793.37
OI0014586,O002566,P0275,2,5,53935.3,2696.76,51238.54
OI0014587,O000558,P0286,3,20,32144.01,6428.8,25715.21
OI0014588,O003703,P0186,2,10,30083.04,3008.3,27074.74
OI0014589,O008547,P0283,4,0,108833.92,0.0,108833.92
OI0014590,O003155,P0272,2,10,42367.14,4236.71,38130.43
OI0014591,O001175,P0025,1,20,44562.04,8912.41,35649.63
OI0014592,O002162,P0118,2,0,19367.52,0.0,19367.52
OI0014593,O009792,P0089,2,5,51215.2,2560.76,48654.44
OI0014594,O008800,P0011,4,25,15909.64,3977.41,11932.23
OI0014595,O005292,P0160,3,5,38694.54,1934.73,36759.81
OI0014596,O008203,P0103,4,5,131012.76,6550.64,124462.12
OI0014597,O009796,P0165,4,5,10261.52,513.08,9748.44
OI0014598,O008509,P0162,2,5,4307.6,215.38,4092.22
OI0014599,O002636,P0085,4,5,36782.44,1839.12,34943.32
OI0014600,O003640,P0218,2,20,71956.64,14391.33,57565.31
OI0014601,O004787,P0241,2,5,85246.04,4262.3,80983.74
OI0014602,O004159,P0298,1,15,46530.49,6979.57,39550.92
OI0014603,O004106,P0295,4,0,185205.72,0.0,185205.72
OI0014604,O003032,P0030,2,0,93365.96,0.0,93365.96
OI0014605,O003972,P0114,3,20,129118.02,25823.6,103294.42
OI0014606,O004333,P0120,3,0,11279.55,0.0,11279.55
OI0014607,O001141,P0130,1,15,34827.64,5224.15,29603.49
OI0014608,O003907,P0195,2,10,23399.78,2339.98,21059.8
OI0014609,O008432,P0079,4,10,55428.96,5542.9,49886.06
OI0014610,O002434,P0121,4,10,78415.76,7841.58,70574.18
OI0014611,O001641,P0145,4,10,156649.24,15664.92,140984.32
OI0014612,O000170,P0191,1,0,19787.97,0.0,19787.97
OI0014613,O001809,P0131,2,0,10928.16,0.0,10928.16
OI0014614,O008613,P0071,3,0,9785.97,0.0,9785.97
OI0014615,O001047,P0095,2,15,49974.56,7496.18,42478.38
OI0014616,O003285,P0266,1,15,38091.4,5713.71,32377.69
OI0014617,O003231,P0115,4,15,137825.4,20673.81,117151.59
OI0014618,O002282,P0055,1,15,5523.61,828.54,4695.07
OI0014619,O008666,P0247,3,20,5980.98,1196.2,4784.78
OI0014620,O004577,P0148,1,15,10189.7,1528.46,8661.24
OI0014621,O004874,P0129,3,5,24238.17,1211.91,23026.26
OI0014622,O006964,P0042,3,0,70674.6,0.0,70674.6
OI0014623,O004415,P0269,4,5,153388.36,7669.42,145718.94
OI0014624,O002486,P0008,4,10,32729.56,3272.96,29456.6
OI0014625,O000638,P0280,1,5,19759.73,987.99,18771.74
OI0014626,O006706,P0278,3,5,92537.88,4626.89,87910.99
OI0014627,O005697,P0175,1,15,47412.05,7111.81,40300.24
OI0014628,O007212,P0033,2,0,42068.98,0.0,42068.98
OI0014629,O006908,P0026,4,15,19612.92,2941.94,16670.98
OI0014630,O006356,P0172,3,5,24488.04,1224.4,23263.64
OI0014631,O002978,P0060,4,5,15192.52,759.63,14432.89
OI0014632,O009744,P0102,4,5,9541.8,477.09,9064.71
OI0014633,O000702,P0138,2,20,2552.04,510.41,2041.63
OI0014634,O003072,P0273,4,5,158928.12,7946.41,150981.71
OI0014635,O008919,P0187,2,25,38554.9,9638.72,28916.18
OI0014636,O002625,P0120,3,10,11279.55,1127.96,10151.59
OI0014637,O008142,P0238,4,0,127850.16,0.0,127850.16
OI0014638,O002673,P0274,4,20,93394.08,18678.82,74715.26
OI0014639,O003110,P0238,1,15,31962.54,4794.38,27168.16
OI0014640,O000890,P0195,1,5,11699.89,584.99,11114.9
OI0014641,O008968,P0238,2,5,63925.08,3196.25,60728.83
OI0014642,O003872,P0261,1,10,48547.54,4854.75,43692.79
OI0014643,O001576,P0074,3,15,50980.32,7647.05,43333.27
OI0014644,O009922,P0045,2,20,14902.62,2980.52,11922.1
OI0014645,O002171,P0230,1,0,37457.46,0.0,37457.46
OI0014646,O007195,P0084,4,0,160993.2,0.0,160993.2
OI0014647,O001710,P0064,1,15,17144.69,2571.7,14572.99
OI0014648,O008195,P0205,2,5,660.16,33.01,627.15
OI0014649,O007485,P0123,1,0,19443.88,0.0,19443.88
OI0014650,O004033,P0180,1,15,1392.98,208.95,1184.03
OI0014651,O004241,P0001,2,0,55859.7,0.0,55859.7
OI0014652,O007578,P0222,2,10,73697.16,7369.72,66327.44
OI0014653,O001309,P0173,3,10,60080.52,6008.05,54072.47
OI0014654,O007347,P0102,2,5,4770.9,238.54,4532.36
OI0014655,O005163,P0073,2,0,38260.96,0.0,38260.96
OI0014656,O009416,P0046,2,5,3728.42,186.42,3542.0
OI0014657,O005244,P0188,3,5,125431.26,6271.56,119159.7
OI0014658,O006979,P0119,4,0,88873.52,0.0,88873.52
OI0014659,O006969,P0070,2,10,10596.48,1059.65,9536.83
OI0014660,O009270,P0145,2,5,78324.62,3916.23,74408.39
OI0014661,O008111,P0246,2,25,30954.72,7738.68,23216.04
OI0014662,O009318,P0279,4,0,73552.64,0.0,73552.64
OI0014663,O004632,P0165,2,15,5130.76,769.61,4361.15
OI0014664,O006755,P0066,3,15,133711.71,20056.76,113654.95
OI0014665,O004904,P0014,1,10,9612.06,961.21,8650.85
OI0014666,O004253,P0255,3,10,36858.63,3685.86,33172.77
OI0014667,O007176,P0214,4,0,100167.12,0.0,100167.12
OI0014668,O006603,P0107,4,10,41705.36,4170.54,37534.82
OI0014669,O001296,P0298,4,10,186121.96,18612.2,167509.76
OI0014670,O001915,P0167,1,25,35369.38,8842.34,26527.04
OI0014671,O004513,P0172,1,20,8162.68,1632.54,6530.14
OI0014672,O006464,P0219,3,0,115648.29,0.0,115648.29
OI0014673,O001279,P0174,1,25,29081.4,7270.35,21811.05
OI0014674,O001181,P0289,4,10,51164.72,5116.47,46048.25
OI0014675,O005425,P0240,4,25,7365.0,1841.25,5523.75
OI0014676,O002053,P0059,2,0,83342.8,0.0,83342.8
OI0014677,O006872,P0165,4,15,10261.52,1539.23,8722.29
OI0014678,O009653,P0008,2,10,16364.78,1636.48,14728.3
OI0014679,O001580,P0020,3,0,91789.83,0.0,91789.83
OI0014680,O002560,P0193,1,0,21458.88,0.0,21458.88
OI0014681,O004678,P0119,2,0,44436.76,0.0,44436.76
OI0014682,O006555,P0049,3,0,17878.89,0.0,17878.89
OI0014683,O003683,P0255,3,10,36858.63,3685.86,33172.77
OI0014684,O008758,P0103,4,5,131012.76,6550.64,124462.12
OI0014685,O009417,P0135,1,25,46829.36,11707.34,35122.02
OI0014686,O006526,P0253,4,10,44948.16,4494.82,40453.34
OI0014687,O006935,P0212,1,15,11475.19,1721.28,9753.91
OI0014688,O009815,P0097,4,5,48983.64,2449.18,46534.46
OI0014689,O001326,P0239,3,5,1993.14,99.66,1893.48
OI0014690,O006759,P0059,4,15,166685.6,25002.84,141682.76
OI0014691,O007471,P0252,1,10,38468.7,3846.87,34621.83
OI0014692,O001501,P0248,4,25,186605.6,46651.4,139954.2
OI0014693,O006459,P0063,2,10,38162.42,3816.24,34346.18
OI0014694,O001538,P0280,4,20,79038.92,15807.78,63231.14
OI0014695,O006186,P0189,3,5,145098.66,7254.93,137843.73
OI0014696,O003083,P0110,4,5,49853.12,2492.66,47360.46
OI0014697,O000213,P0048,3,0,143191.5,0.0,143191.5
OI0014698,O000177,P0056,3,15,76007.31,11401.1,64606.21
OI0014699,O002085,P0039,3,15,28494.9,4274.23,24220.67
OI0014700,O003033,P0131,2,10,10928.16,1092.82,9835.34
OI0014701,O005809,P0117,1,15,36170.1,5425.52,30744.58
OI0014702,O007427,P0294,1,5,28741.83,1437.09,27304.74
OI0014703,O009154,P0254,1,20,13619.6,2723.92,10895.68
OI0014704,O000987,P0136,1,25,1121.52,280.38,841.14
OI0014705,O004257,P0040,1,15,17427.29,2614.09,14813.2
OI0014706,O004095,P0222,3,5,110545.74,5527.29,105018.45
OI0014707,O002962,P0177,4,20,101868.92,20373.78,81495.14
OI0014708,O001223,P0068,4,25,165080.84,41270.21,123810.63
OI0014709,O006692,P0161,1,10,13274.0,1327.4,11946.6
OI0014710,O003990,P0134,3,15,30315.18,4547.28,25767.9
OI0014711,O007455,P0285,1,20,4641.49,928.3,3713.19
OI0014712,O005952,P0019,4,15,65005.84,9750.88,55254.96
OI0014713,O001397,P0229,2,0,14180.5,0.0,14180.5
OI0014714,O001845,P0203,2,5,34870.28,1743.51,33126.77
OI0014715,O007094,P0234,4,10,121234.84,12123.48,109111.36
OI0014716,O006369,P0009,4,10,109266.64,10926.66,98339.98
OI0014717,O006087,P0115,2,15,68912.7,10336.91,58575.79
OI0014718,O002880,P0146,1,5,26630.38,1331.52,25298.86
OI0014719,O006574,P0248,4,0,186605.6,0.0,186605.6
OI0014720,O002218,P0071,1,0,3261.99,0.0,3261.99
OI0014721,O002334,P0081,4,0,29583.44,0.0,29583.44
OI0014722,O003095,P0032,1,5,42265.52,2113.28,40152.24
OI0014723,O004876,P0282,1,0,46905.77,0.0,46905.77
OI0014724,O008796,P0180,1,5,1392.98,69.65,1323.33
OI0014725,O009055,P0150,2,10,16522.8,1652.28,14870.52
OI0014726,O008315,P0080,1,15,27470.08,4120.51,23349.57
OI0014727,O006759,P0284,3,10,115395.96,11539.6,103856.36
OI0014728,O001296,P0029,1,10,4097.07,409.71,3687.36
OI0014729,O009374,P0159,2,0,56198.04,0.0,56198.04
OI0014730,O002628,P0094,2,0,37797.66,0.0,37797.66
OI0014731,O007457,P0104,4,0,154964.08,0.0,154964.08
OI0014732,O000865,P0025,1,25,44562.04,11140.51,33421.53
OI0014733,O001743,P0063,4,25,76324.84,19081.21,57243.63
OI0014734,O005658,P0244,1,5,34459.55,1722.98,32736.57
OI0014735,O007805,P0181,1,5,15787.66,789.38,14998.28
OI0014736,O004622,P0079,4,20,55428.96,11085.79,44343.17
OI0014737,O005817,P0055,2,0,11047.22,0.0,11047.22
OI0014738,O005775,P0101,2,0,17424.12,0.0,17424.12
OI0014739,O009922,P0010,4,0,106832.2,0.0,106832.2
OI0014740,O002064,P0281,1,20,34841.91,6968.38,27873.53
OI0014741,O002341,P0061,4,0,138383.64,0.0,138383.64
OI0014742,O004257,P0183,4,0,111141.2,0.0,111141.2
OI0014743,O003330,P0266,2,20,76182.8,15236.56,60946.24
OI0014744,O007713,P0170,2,10,69926.2,6992.62,62933.58
OI0014745,O006019,P0063,1,10,19081.21,1908.12,17173.09
OI0014746,O008532,P0259,1,25,46277.18,11569.3,34707.88
OI0014747,O009201,P0004,4,10,93160.24,9316.02,83844.22
OI0014748,O000802,P0241,2,10,85246.04,8524.6,76721.44
OI0014749,O003150,P0156,1,5,9938.42,496.92,9441.5
OI0014750,O007604,P0297,1,15,20852.84,3127.93,17724.91
OI0014751,O000962,P0166,4,5,44479.64,2223.98,42255.66
OI0014752,O008434,P0011,2,15,7954.82,1193.22,6761.6
OI0014753,O001947,P0243,3,15,40243.23,6036.48,34206.75
OI0014754,O001480,P0082,3,0,20607.81,0.0,20607.81
OI0014755,O002420,P0296,4,10,129348.84,12934.88,116413.96
OI0014756,O008798,P0126,3,15,130904.37,19635.66,111268.71
OI0014757,O005297,P0211,2,25,26070.42,6517.6,19552.82
OI0014758,O009519,P0208,3,25,83500.53,20875.13,62625.4
OI0014759,O001941,P0056,3,0,76007.31,0.0,76007.31
OI0014760,O003271,P0253,2,10,22474.08,2247.41,20226.67
OI0014761,O009428,P0165,1,10,2565.38,256.54,2308.84
OI0014762,O007537,P0245,2,5,79326.68,3966.33,75360.35
OI0014763,O007060,P0112,1,5,5396.7,269.83,5126.87
OI0014764,O009733,P0094,1,25,18898.83,4724.71,14174.12
OI0014765,O004255,P0014,4,0,38448.24,0.0,38448.24
OI0014766,O004664,P0243,1,20,13414.41,2682.88,10731.53
OI0014767,O000194,P0070,4,10,21192.96,2119.3,19073.66
OI0014768,O005188,P0288,3,10,3586.74,358.67,3228.07
OI0014769,O001506,P0169,2,15,45747.72,6862.16,38885.56
OI0014770,O005396,P0296,1,10,32337.21,3233.72,29103.49
OI0014771,O009837,P0235,4,25,137520.24,34380.06,103140.18
OI0014772,O006963,P0185,2,20,28836.3,5767.26,23069.04
OI0014773,O000752,P0136,2,0,2243.04,0.0,2243.04
OI0014774,O002980,P0170,4,15,139852.4,20977.86,118874.54
OI0014775,O000821,P0227,2,10,18940.04,1894.0,17046.04
OI0014776,O005814,P0235,1,5,34380.06,1719.0,32661.06
OI0014777,O009206,P0218,3,5,107934.96,5396.75,102538.21
OI0014778,O002782,P0031,1,0,18283.0,0.0,18283.0
OI0014779,O004076,P0119,2,10,44436.76,4443.68,39993.08
OI0014780,O005275,P0156,4,10,39753.68,3975.37,35778.31
OI0014781,O008706,P0252,3,15,115406.1,17310.92,98095.18
OI0014782,O007771,P0044,3,5,16636.74,831.84,15804.9
OI0014783,O007637,P0078,3,15,33632.82,5044.92,28587.9
OI0014784,O006819,P0145,2,10,78324.62,7832.46,70492.16
OI0014785,O008510,P0143,1,5,18943.1,947.16,17995.94
OI0014786,O004424,P0160,4,15,51592.72,7738.91,43853.81
OI0014787,O002107,P0154,4,10,112883.6,11288.36,101595.24
OI0014788,O007872,P0088,4,25,158364.0,39591.0,118773.0
OI0014789,O003932,P0086,2,5,40892.16,2044.61,38847.55
OI0014790,O000937,P0119,2,25,44436.76,11109.19,33327.57
OI0014791,O004478,P0165,1,10,2565.38,256.54,2308.84
OI0014792,O002383,P0136,2,10,2243.04,224.3,2018.74
OI0014793,O003914,P0142,2,20,13561.32,2712.26,10849.06
OI0014794,O009521,P0199,2,0,78158.98,0.0,78158.98
OI0014795,O000787,P0008,1,10,8182.39,818.24,7364.15
OI0014796,O004841,P0196,1,0,37225.43,0.0,37225.43
OI0014797,O008466,P0059,4,10,166685.6,16668.56,150017.04
OI0014798,O008867,P0010,3,0,80124.15,0.0,80124.15
OI0014799,O009449,P0138,4,25,5104.08,1276.02,3828.06
OI0014800,O001019,P0016,1,0,36071.08,0.0,36071.08
OI0014801,O007612,P0259,1,25,46277.18,11569.3,34707.88
OI0014802,O001247,P0151,4,10,50455.64,5045.56,45410.08
OI0014803,O003301,P0002,4,20,185856.96,37171.39,148685.57
OI0014804,O006068,P0065,4,5,124465.88,6223.29,118242.59
OI0014805,O009138,P0203,3,0,52305.42,0.0,52305.42
OI0014806,O006156,P0112,3,0,16190.1,0.0,16190.1
OI0014807,O003601,P0037,2,10,3763.4,376.34,3387.06
OI0014808,O008411,P0189,3,5,145098.66,7254.93,137843.73
OI0014809,O000853,P0276,1,20,49757.94,9951.59,39806.35
OI0014810,O004401,P0277,3,0,60223.92,0.0,60223.92
OI0014811,O005808,P0126,1,0,43634.79,0.0,43634.79
OI0014812,O003830,P0047,2,0,47234.8,0.0,47234.8
OI0014813,O003982,P0040,2,0,34854.58,0.0,34854.58
OI0014814,O000183,P0236,4,20,4452.48,890.5,3561.98
OI0014815,O004585,P0149,3,0,43524.15,0.0,43524.15
OI0014816,O006774,P0263,2,15,88501.36,13275.2,75226.16
OI0014817,O007565,P0194,3,10,83068.5,8306.85,74761.65
OI0014818,O004032,P0259,3,15,138831.54,20824.73,118006.81
OI0014819,O001248,P0252,2,5,76937.4,3846.87,73090.53
OI0014820,O000888,P0139,2,10,48563.86,4856.39,43707.47
OI0014821,O001608,P0150,1,10,8261.4,826.14,7435.26
OI0014822,O008855,P0251,3,5,74080.41,3704.02,70376.39
OI0014823,O001744,P0053,2,0,64667.66,0.0,64667.66
OI0014824,O008036,P0170,2,5,69926.2,3496.31,66429.89
OI0014825,O001737,P0009,2,20,54633.32,10926.66,43706.66
OI0014826,O000625,P0258,4,15,115439.64,17315.95,98123.69
OI0014827,O006326,P0208,1,5,27833.51,1391.68,26441.83
OI0014828,O006943,P0244,1,20,34459.55,6891.91,27567.64
OI0014829,O008678,P0279,2,5,36776.32,1838.82,34937.5
OI0014830,O003882,P0078,2,0,22421.88,0.0,22421.88
OI0014831,O005157,P0254,2,20,27239.2,5447.84,21791.36
OI0014832,O005231,P0076,2,10,74383.02,7438.3,66944.72
OI0014833,O005871,P0004,3,5,69870.18,3493.51,66376.67
OI0014834,O006761,P0223,1,0,7085.12,0.0,7085.12
OI0014835,O005958,P0052,1,15,31946.44,4791.97,27154.47
OI0014836,O002916,P0295,4,10,185205.72,18520.57,166685.15
OI0014837,O000206,P0124,4,0,66590.6,0.0,66590.6
OI0014838,O005481,P0036,1,5,38767.98,1938.4,36829.58
OI0014839,O001368,P0078,4,5,44843.76,2242.19,42601.57
OI0014840,O000353,P0031,4,10,73132.0,7313.2,65818.8
OI0014841,O002931,P0265,4,20,127099.76,25419.95,101679.81
OI0014842,O005930,P0022,4,0,134607.56,0.0,134607.56
OI0014843,O009074,P0094,3,15,56696.49,8504.47,48192.02
OI0014844,O008147,P0180,4,25,5571.92,1392.98,4178.94
OI0014845,O009757,P0009,1,5,27316.66,1365.83,25950.83
OI0014846,O000373,P0140,1,5,25151.16,1257.56,23893.6
OI0014847,O007811,P0220,4,10,92891.84,9289.18,83602.66
OI0014848,O003925,P0144,3,20,101033.07,20206.61,80826.46
OI0014849,O006045,P0241,4,0,170492.08,0.0,170492.08
OI0014850,O009258,P0265,1,5,31774.94,1588.75,30186.19
OI0014851,O007476,P0162,4,0,8615.2,0.0,8615.2
OI0014852,O003492,P0248,2,10,93302.8,9330.28,83972.52
OI0014853,O003976,P0007,2,25,29103.92,7275.98,21827.94
OI0014854,O001750,P0160,2,0,25796.36,0.0,25796.36
OI0014855,O002050,P0107,4,5,41705.36,2085.27,39620.09
OI0014856,O000563,P0088,4,15,158364.0,23754.6,134609.4
OI0014857,O000911,P0090,3,15,19697.76,2954.66,16743.1
OI0014858,O009576,P0225,3,10,123259.17,12325.92,110933.25
OI0014859,O009869,P0257,1,0,10029.71,0.0,10029.71
OI0014860,O002230,P0244,1,0,34459.55,0.0,34459.55
OI0014861,O008576,P0276,2,0,99515.88,0.0,99515.88
OI0014862,O007395,P0012,3,10,104910.39,10491.04,94419.35
OI0014863,O006253,P0187,1,5,19277.45,963.87,18313.58
OI0014864,O008782,P0235,4,20,137520.24,27504.05,110016.19
OI0014865,O001634,P0119,4,10,88873.52,8887.35,79986.17
OI0014866,O007318,P0263,2,0,88501.36,0.0,88501.36
OI0014867,O003500,P0214,4,0,100167.12,0.0,100167.12
OI0014868,O000644,P0155,1,5,47257.38,2362.87,44894.51
OI0014869,O009370,P0078,2,10,22421.88,2242.19,20179.69
OI0014870,O005761,P0249,2,25,34777.92,8694.48,26083.44
OI0014871,O007178,P0269,1,0,38347.09,0.0,38347.09
OI0014872,O001565,P0274,2,20,46697.04,9339.41,37357.63
OI0014873,O006134,P0186,1,10,15041.52,1504.15,13537.37
OI0014874,O000990,P0279,4,5,73552.64,3677.63,69875.01
OI0014875,O007257,P0068,4,10,165080.84,16508.08,148572.76
OI0014876,O008973,P0233,1,15,37362.49,5604.37,31758.12
OI0014877,O003752,P0086,4,5,81784.32,4089.22,77695.1
OI0014878,O006818,P0178,1,25,16579.2,4144.8,12434.4
OI0014879,O004606,P0044,2,10,11091.16,1109.12,9982.04
OI0014880,O005711,P0065,3,0,93349.41,0.0,93349.41
OI0014881,O002599,P0142,3,10,20341.98,2034.2,18307.78
OI0014882,O007124,P0147,1,15,29572.75,4435.91,25136.84
OI0014883,O003307,P0029,4,10,16388.28,1638.83,14749.45
OI0014884,O005334,P0248,2,10,93302.8,9330.28,83972.52
OI0014885,O001817,P0110,4,0,49853.12,0.0,49853.12
OI0014886,O007507,P0228,3,10,19370.79,1937.08,17433.71
OI0014887,O004718,P0286,4,5,42858.68,2142.93,40715.75
OI0014888,O004694,P0086,4,0,81784.32,0.0,81784.32
OI0014889,O009431,P0053,3,15,97001.49,14550.22,82451.27
OI0014890,O003841,P0295,3,0,138904.29,0.0,138904.29
OI0014891,O000509,P0025,4,5,178248.16,8912.41,169335.75
OI0014892,O008615,P0008,4,10,32729.56,3272.96,29456.6
OI0014893,O005765,P0108,2,5,73825.88,3691.29,70134.59
OI0014894,O001758,P0199,1,15,39079.49,5861.92,33217.57
OI0014895,O000455,P0086,2,20,40892.16,8178.43,32713.73
OI0014896,O005566,P0221,2,0,71521.06,0.0,71521.06
OI0014897,O002301,P0002,4,5,185856.96,9292.85,176564.11
OI0014898,O003789,P0241,2,0,85246.04,0.0,85246.04
OI0014899,O000159,P0247,2,10,3987.32,398.73,3588.59
OI0014900,O000758,P0148,2,0,20379.4,0.0,20379.4
OI0014901,O000285,P0139,2,15,48563.86,7284.58,41279.28
OI0014902,O009267,P0215,4,0,43640.96,0.0,43640.96
OI0014903,O008909,P0297,3,25,62558.52,15639.63,46918.89
OI0014904,O003312,P0068,4,20,165080.84,33016.17,132064.67
OI0014905,O009209,P0260,2,25,15028.9,3757.22,11271.68
OI0014906,O001886,P0257,1,0,10029.71,0.0,10029.71
OI0014907,O009159,P0216,1,0,13737.66,0.0,13737.66
OI0014908,O000094,P0155,3,25,141772.14,35443.04,106329.1
OI0014909,O007723,P0071,1,25,3261.99,815.5,2446.49
OI0014910,O006712,P0034,2,5,44307.16,2215.36,42091.8
OI0014911,O006568,P0253,4,10,44948.16,4494.82,40453.34
OI0014912,O000094,P0196,4,0,148901.72,0.0,148901.72
OI0014913,O003174,P0002,1,20,46464.24,9292.85,37171.39
OI0014914,O009750,P0292,3,0,40120.23,0.0,40120.23
OI0014915,O004482,P0247,4,15,7974.64,1196.2,6778.44
OI0014916,O000919,P0227,3,5,28410.06,1420.5,26989.56
OI0014917,O009834,P0233,4,5,149449.96,7472.5,141977.46
OI0014918,O002518,P0219,1,10,38549.43,3854.94,34694.49
OI0014919,O006114,P0200,4,5,43624.96,2181.25,41443.71
OI0014920,O005579,P0080,2,10,54940.16,5494.02,49446.14
OI0014921,O004829,P0230,1,15,37457.46,5618.62,31838.84
OI0014922,O008229,P0279,4,5,73552.64,3677.63,69875.01
OI0014923,O002576,P0115,3,15,103369.05,15505.36,87863.69
OI0014924,O006164,P0237,4,5,62902.12,3145.11,59757.01
OI0014925,O002890,P0022,2,0,67303.78,0.0,67303.78
OI0014926,O009134,P0141,3,20,48653.37,9730.67,38922.7
OI0014927,O005450,P0228,2,5,12913.86,645.69,12268.17
OI0014928,O009964,P0070,3,20,15894.72,3178.94,12715.78
OI0014929,O003481,P0073,1,15,19130.48,2869.57,16260.91
OI0014930,O006870,P0254,2,5,27239.2,1361.96,25877.24
OI0014931,O009888,P0152,4,15,45593.44,6839.02,38754.42
OI0014932,O005338,P0291,3,25,2832.21,708.05,2124.16
OI0014933,O008656,P0167,3,5,106108.14,5305.41,100802.73
OI0014934,O005265,P0089,3,10,76822.8,7682.28,69140.52
OI0014935,O003101,P0219,1,0,38549.43,0.0,38549.43
OI0014936,O001915,P0170,1,20,34963.1,6992.62,27970.48
OI0014937,O004740,P0268,3,10,27552.33,2755.23,24797.1
OI0014938,O009405,P0257,4,0,40118.84,0.0,40118.84
OI0014939,O003002,P0205,3,10,990.24,99.02,891.22
OI0014940,O002252,P0167,1,10,35369.38,3536.94,31832.44
OI0014941,O000162,P0296,1,5,32337.21,1616.86,30720.35
OI0014942,O001358,P0134,2,0,20210.12,0.0,20210.12
OI0014943,O001176,P0157,4,0,128617.8,0.0,128617.8
OI0014944,O009048,P0178,4,0,66316.8,0.0,66316.8
OI0014945,O007419,P0068,3,15,123810.63,18571.59,105239.04
OI0014946,O005714,P0023,4,5,15685.4,784.27,14901.13
OI0014947,O005657,P0264,1,25,10883.91,2720.98,8162.93
OI0014948,O004441,P0101,4,0,34848.24,0.0,34848.24
OI0014949,O008297,P0002,3,20,139392.72,27878.54,111514.18
OI0014950,O006425,P0242,2,5,68526.88,3426.34,65100.54
OI0014951,O000951,P0260,2,25,15028.9,3757.22,11271.68
OI0014952,O000920,P0149,3,20,43524.15,8704.83,34819.32
OI0014953,O007162,P0026,1,10,4903.23,490.32,4412.91
OI0014954,O008063,P0232,2,20,78378.24,15675.65,62702.59
OI0014955,O000423,P0161,3,20,39822.0,7964.4,31857.6
OI0014956,O004301,P0150,1,25,8261.4,2065.35,6196.05
OI0014957,O008962,P0006,4,0,122108.64,0.0,122108.64
OI0014958,O007842,P0084,3,10,120744.9,12074.49,108670.41
OI0014959,O007344,P0286,3,5,32144.01,1607.2,30536.81
OI0014960,O008114,P0107,1,5,10426.34,521.32,9905.02
OI0014961,O007298,P0233,3,10,112087.47,11208.75,100878.72
OI0014962,O004573,P0008,4,10,32729.56,3272.96,29456.6
OI0014963,O007207,P0092,3,20,59892.06,11978.41,47913.65
OI0014964,O004455,P0160,4,5,51592.72,2579.64,49013.08
OI0014965,O001233,P0009,1,10,27316.66,2731.67,24584.99
OI0014966,O007831,P0044,3,25,16636.74,4159.19,12477.55
OI0014967,O006725,P0259,1,0,46277.18,0.0,46277.18
OI0014968,O006287,P0300,4,5,40637.76,2031.89,38605.87
OI0014969,O009717,P0228,1,0,6456.93,0.0,6456.93
OI0014970,O008252,P0263,2,0,88501.36,0.0,88501.36
OI0014971,O006464,P0010,2,0,53416.1,0.0,53416.1
OI0014972,O004994,P0256,3,5,148752.96,7437.65,141315.31
OI0014973,O006308,P0146,3,20,79891.14,15978.23,63912.91
OI0014974,O006413,P0033,3,0,63103.47,0.0,63103.47
OI0014975,O009080,P0090,1,5,6565.92,328.3,6237.62
OI0014976,O005893,P0039,4,20,37993.2,7598.64,30394.56
OI0014977,O007208,P0184,1,0,22638.01,0.0,22638.01
OI0014978,O005568,P0081,2,0,14791.72,0.0,14791.72
OI0014979,O008867,P0107,2,15,20852.68,3127.9,17724.78
OI0014980,O001977,P0066,3,15,133711.71,20056.76,113654.95
OI0014981,O005673,P0101,1,5,8712.06,435.6,8276.46
OI0014982,O006317,P0096,4,0,69144.6,0.0,69144.6
OI0014983,O008354,P0267,1,5,49303.19,2465.16,46838.03
OI0014984,O005850,P0023,1,15,3921.35,588.2,3333.15
OI0014985,O002083,P0175,2,15,94824.1,14223.62,80600.48
OI0014986,O009420,P0060,4,5,15192.52,759.63,14432.89
OI0014987,O005283,P0120,2,5,7519.7,375.98,7143.72
OI0014988,O004453,P0052,1,15,31946.44,4791.97,27154.47
OI0014989,O009652,P0032,4,25,169062.08,42265.52,126796.56
OI0014990,O002122,P0248,1,15,46651.4,6997.71,39653.69
OI0014991,O006955,P0166,1,0,11119.91,0.0,11119.91
OI0014992,O004503,P0046,3,25,5592.63,1398.16,4194.47
OI0014993,O006260,P0062,4,10,107174.32,10717.43,96456.89
OI0014994,O001195,P0160,1,0,12898.18,0.0,12898.18
OI0014995,O005557,P0098,1,5,20044.4,1002.22,19042.18
OI0014996,O001609,P0026,2,15,9806.46,1470.97,8335.49
OI0014997,O009410,P0069,1,20,20226.39,4045.28,16181.11
OI0014998,O008099,P0277,2,10,40149.28,4014.93,36134.35
OI0014999,O001490,P0195,4,0,46799.56,0.0,46799.56
OI0015000,O001691,P0158,2,0,81797.02,0.0,81797.02
