order_id,customer_id,order_date,order_status,payment_method,shipping_city,shipping_state
O000001,11824,2024-05-27,Delivered,Net Banking,Ludhiana,West Bengal
O000002,12012,2024-12-07,Delivered,Debit Card,Mumbai,Uttar Pradesh
O000003,12000,2025-05-09,Delivered,UPI,Ahmedabad,Karnataka
O000004,10411,2024-01-23,Delivered,COD,Delhi,Rajasthan
O000005,12293,2024-04-14,Delivered,Debit Card,Jaipur,Kerala
O000006,10387,2025-11-05,Delivered,Net Banking,Ludhiana,Punjab
O000007,11749,2025-08-01,Delivered,UPI,Jaipur,Delhi
O000008,12406,2025-07-11,Shipped,UPI,Ahmedabad,West Bengal
O000009,11022,2025-08-15,Delivered,Credit Card,Delhi,West Bengal
O000010,12070,2025-10-20,Delivered,Net Banking,Hyderabad,Kerala
O000011,10019,2024-08-09,Delivered,UPI,Kochi,Maharashtra
O000012,10276,2024-01-15,Delivered,Credit Card,Delhi,Uttar Pradesh
O000013,10659,2025-09-24,Delivered,Credit Card,Delhi,Rajasthan
O000014,10552,2024-03-18,Delivered,Net Banking,Delhi,Karnataka
O000015,10679,2024-11-17,Delivered,UPI,Jaipur,Uttar Pradesh
O000016,10603,2024-08-28,Delivered,UPI,Delhi,Karnataka
O000017,10365,2024-01-18,Delivered,COD,Ahmedabad,Karnataka
O000018,11974,2025-03-29,Returned,UPI,Kolkata,Punjab
O000019,10795,2025-03-18,Delivered,Credit Card,Lucknow,Uttar Pradesh
O000020,11359,2024-10-03,Shipped,Debit Card,Kochi,Rajasthan
O000021,11775,2025-02-27,Delivered,Net Banking,Ludhiana,Gujarat
O000022,10590,2025-04-20,Delivered,Debit Card,Bengaluru,Tamil Nadu
O000023,10199,2024-01-27,Returned,UPI,Bengaluru,Uttar Pradesh
O000024,12065,2025-05-28,Shipped,Credit Card,Kochi,Uttar Pradesh
O000025,10218,2025-04-08,Delivered,Debit Card,Bengaluru,Kerala
O000026,10741,2024-12-28,Delivered,Net Banking,Kolkata,Uttar Pradesh
O000027,10650,2025-01-17,Delivered,COD,Kolkata,Maharashtra
O000028,12195,2025-06-08,Delivered,Debit Card,Mumbai,Tamil Nadu
O000029,10670,2025-01-16,Delivered,COD,Lucknow,Telangana
O000030,11438,2024-07-02,Shipped,UPI,Kochi,Uttar Pradesh
O000031,10665,2024-07-12,Cancelled,UPI,Ludhiana,Uttar Pradesh
O000032,10856,2025-04-06,Delivered,Net Banking,Kochi,Maharashtra
O000033,12378,2024-02-25,Shipped,COD,Ahmedabad,Uttar Pradesh
O000034,10895,2024-08-17,Shipped,COD,Mumbai,Telangana
O000035,11894,2025-05-03,Delivered,Net Banking,Delhi,Delhi
O000036,11187,2024-01-28,Delivered,Debit Card,Ludhiana,Maharashtra
O000037,11843,2025-08-05,Delivered,Net Banking,Lucknow,Tamil Nadu
O000038,12149,2025-12-22,Shipped,UPI,Chennai,Kerala
O000039,10327,2024-07-02,Shipped,COD,Chennai,Maharashtra
O000040,12375,2025-02-28,Delivered,Credit Card,Kochi,Rajasthan
O000041,12058,2025-01-09,Delivered,Credit Card,Lucknow,Haryana
O000042,12401,2024-02-10,Shipped,UPI,Chennai,Kerala
O000043,10183,2025-04-28,Shipped,COD,Ludhiana,Karnataka
O000044,10455,2024-09-16,Delivered,COD,Mumbai,Telangana
O000045,11670,2025-03-16,Delivered,Net Banking,Kolkata,Haryana
O000046,10006,2024-03-24,Cancelled,Debit Card,Lucknow,Delhi
O000047,11357,2024-02-15,Delivered,Net Banking,Chennai,Delhi
O000048,10211,2025-03-15,Delivered,Credit Card,Ahmedabad,Tamil Nadu
O000049,10051,2025-11-01,Shipped,COD,Ludhiana,Tamil Nadu
O000050,11469,2025-06-02,Delivered,Debit Card,Chennai,West Bengal
O000051,11010,2025-03-13,Cancelled,Net Banking,Delhi,Haryana
O000052,10377,2024-05-15,Delivered,Debit Card,Mumbai,Tamil Nadu
O000053,11075,2024-07-01,Delivered,Credit Card,Hyderabad,West Bengal
O000054,10154,2025-12-09,Delivered,Debit Card,Jaipur,West Bengal
O000055,10582,2024-06-20,Delivered,COD,Mumbai,Uttar Pradesh
O000056,10788,2025-08-12,Delivered,Debit Card,Ludhiana,Gujarat
O000057,10791,2025-11-20,Delivered,Debit Card,Gurugram,Karnataka
O000058,12182,2025-06-22,Delivered,Net Banking,Gurugram,Rajasthan
O000059,12268,2024-04-29,Returned,Debit Card,Jaipur,Tamil Nadu
O000060,10163,2024-10-07,Delivered,Debit Card,Kolkata,West Bengal
O000061,10971,2024-11-03,Delivered,Credit Card,Bengaluru,Punjab
O000062,10648,2025-12-08,Delivered,Debit Card,Chennai,Karnataka
O000063,11526,2024-10-03,Delivered,Net Banking,Ludhiana,Uttar Pradesh
O000064,10946,2025-06-13,Delivered,Net Banking,Ahmedabad,Delhi
O000065,10689,2024-10-21,Delivered,COD,Kolkata,Gujarat
O000066,12163,2024-02-22,Cancelled,Credit Card,Gurugram,Uttar Pradesh
O000067,11523,2025-03-07,Delivered,UPI,Lucknow,Kerala
O000068,11496,2024-02-21,Delivered,COD,Jaipur,Punjab
O000069,12048,2025-12-28,Delivered,Debit Card,Kolkata,Telangana
O000070,11173,2024-03-12,Delivered,Credit Card,Bengaluru,Telangana
O000071,10123,2024-01-28,Delivered,COD,Lucknow,Uttar Pradesh
O000072,10804,2025-04-13,Shipped,Net Banking,Delhi,Karnataka
O000073,11093,2025-06-30,Delivered,Credit Card,Mumbai,Tamil Nadu
O000074,10063,2025-02-04,Delivered,Credit Card,Jaipur,Karnataka
O000075,10733,2024-07-19,Delivered,Debit Card,Gurugram,Delhi
O000076,11658,2025-09-02,Returned,Credit Card,Ahmedabad,Telangana
O000077,10948,2025-04-10,Delivered,Credit Card,Ludhiana,Gujarat
O000078,12265,2025-10-13,Delivered,UPI,Delhi,West Bengal
O000079,10479,2025-08-17,Delivered,Debit Card,Ludhiana,Delhi
O000080,11138,2025-07-13,Shipped,Credit Card,Delhi,Telangana
O000081,11997,2025-01-13,Delivered,Credit Card,Kolkata,Rajasthan
O000082,11404,2024-06-25,Delivered,UPI,Jaipur,Maharashtra
O000083,10977,2024-02-21,Shipped,UPI,Mumbai,Karnataka
O000084,10237,2024-03-19,Delivered,Net Banking,Jaipur,Maharashtra
O000085,11955,2025-01-19,Delivered,Debit Card,Lucknow,Telangana
O000086,10598,2025-07-29,Delivered,UPI,Bengaluru,Uttar Pradesh
O000087,11703,2024-01-08,Delivered,Credit Card,Delhi,Maharashtra
O000088,12177,2024-08-01,Delivered,UPI,Delhi,Punjab
O000089,10165,2024-01-25,Delivered,COD,Gurugram,Punjab
O000090,12325,2025-03-25,Returned,Net Banking,Ludhiana,Karnataka
O000091,12305,2025-04-01,Delivered,Net Banking,Delhi,Tamil Nadu
O000092,10570,2025-04-05,Delivered,Debit Card,Mumbai,Maharashtra
O000093,10141,2024-07-16,Shipped,Net Banking,Ahmedabad,Telangana
O000094,10686,2024-04-03,Delivered,Debit Card,Jaipur,Delhi
O000095,10687,2025-12-19,Delivered,COD,Ahmedabad,Maharashtra
O000096,12039,2025-03-12,Delivered,Credit Card,Gurugram,Kerala
O000097,11075,2025-06-10,Delivered,COD,Kolkata,Karnataka
O000098,11527,2025-11-20,Cancelled,Debit Card,Lucknow,Gujarat
O000099,11283,2025-01-12,Delivered,Debit Card,Ludhiana,Karnataka
O000100,12226,2025-08-09,Delivered,Debit Card,Delhi,Kerala
O000101,10922,2024-04-13,Cancelled,Credit Card,Kochi,Delhi
O000102,11342,2025-11-10,Delivered,Debit Card,Hyderabad,Delhi
O000103,11690,2025-09-18,Delivered,COD,Ludhiana,Kerala
O000104,10364,2024-02-08,Delivered,Credit Card,Gurugram,Delhi
O000105,11079,2025-04-02,Delivered,COD,Lucknow,Delhi
O000106,11068,2024-12-29,Delivered,Credit Card,Jaipur,Tamil Nadu
O000107,12031,2024-05-14,Delivered,Debit Card,Chennai,Karnataka
O000108,12370,2025-01-08,Delivered,Credit Card,Bengaluru,Uttar Pradesh
O000109,12062,2024-08-19,Delivered,UPI,Chennai,Uttar Pradesh
O000110,11381,2024-02-08,Delivered,COD,Delhi,Karnataka
O000111,11507,2024-02-16,Delivered,UPI,Ahmedabad,Rajasthan
O000112,10618,2024-02-05,Delivered,UPI,Delhi,Telangana
O000113,10359,2024-04-04,Delivered,Debit Card,Lucknow,Uttar Pradesh
O000114,11342,2024-12-26,Delivered,Debit Card,Ahmedabad,Tamil Nadu
O000115,11983,2025-06-08,Delivered,UPI,Bengaluru,Gujarat
O000116,11615,2024-05-25,Delivered,Credit Card,Gurugram,Telangana
O000117,10194,2025-01-02,Delivered,Debit Card,Lucknow,Telangana
O000118,10363,2024-03-05,Delivered,COD,Lucknow,Haryana
O000119,11120,2024-08-15,Delivered,UPI,Gurugram,Punjab
O000120,11064,2025-06-03,Delivered,COD,Hyderabad,Tamil Nadu
O000121,12445,2025-07-08,Cancelled,COD,Delhi,West Bengal
O000122,10107,2024-06-29,Shipped,COD,Ludhiana,Uttar Pradesh
O000123,10527,2025-05-15,Delivered,UPI,Ludhiana,Kerala
O000124,11953,2025-08-19,Delivered,Net Banking,Gurugram,Rajasthan
O000125,10784,2024-06-03,Delivered,Debit Card,Kolkata,Maharashtra
O000126,11783,2025-06-18,Cancelled,COD,Lucknow,Telangana
O000127,11750,2025-09-18,Cancelled,UPI,Hyderabad,Haryana
O000128,11067,2025-03-10,Delivered,Net Banking,Mumbai,Karnataka
O000129,11866,2024-04-08,Shipped,UPI,Chennai,Punjab
O000130,12398,2025-09-07,Delivered,Debit Card,Ahmedabad,Delhi
O000131,11465,2025-01-06,Delivered,UPI,Delhi,Maharashtra
O000132,11006,2025-07-16,Shipped,Credit Card,,West Bengal
O000133,11635,2024-12-27,Delivered,Credit Card,Ahmedabad,Uttar Pradesh
O000134,10094,2024-04-21,Shipped,COD,Chennai,Telangana
O000135,12044,2025-03-28,Delivered,UPI,Bengaluru,Delhi
O000136,10089,2024-06-17,Delivered,UPI,Lucknow,Rajasthan
O000137,11954,2025-08-06,Delivered,COD,Lucknow,Telangana
O000138,12042,2024-05-18,Delivered,COD,Ahmedabad,Gujarat
O000139,12262,2024-08-18,Delivered,Net Banking,Lucknow,Gujarat
O000140,11446,2024-08-26,Delivered,UPI,Lucknow,Delhi
O000141,10526,2024-09-09,Delivered,Debit Card,Gurugram,West Bengal
O000142,12240,2025-03-11,Delivered,Debit Card,Kolkata,West Bengal
O000143,11831,2025-07-14,Shipped,Debit Card,Ludhiana,Rajasthan
O000144,10555,2025-02-25,Delivered,COD,Jaipur,Karnataka
O000145,12435,2024-10-29,Delivered,COD,Bengaluru,Tamil Nadu
O000146,10681,2024-03-12,Delivered,COD,Ludhiana,Telangana
O000147,11498,2024-09-19,Delivered,Debit Card,Jaipur,Maharashtra
O000148,11632,2024-08-09,Delivered,Net Banking,Delhi,Uttar Pradesh
O000149,10203,2024-03-17,Delivered,Credit Card,Kolkata,Haryana
O000150,10447,2024-03-02,Delivered,UPI,Kochi,Rajasthan
O000151,11116,2025-04-15,Delivered,Credit Card,Lucknow,Haryana
O000152,10778,2024-06-05,Delivered,UPI,Delhi,Karnataka
O000153,12226,2024-05-04,Returned,COD,Bengaluru,Haryana
O000154,11687,2024-06-09,Delivered,Debit Card,Mumbai,Punjab
O000155,10829,2025-06-24,Shipped,Credit Card,Mumbai,Kerala
O000156,10559,2025-09-17,Delivered,COD,Ahmedabad,Uttar Pradesh
O000157,12023,2025-08-13,Delivered,UPI,Mumbai,Delhi
O000158,10103,2025-06-18,Delivered,Credit Card,Ludhiana,Delhi
O000159,11297,2024-04-15,Cancelled,Credit Card,Lucknow,Karnataka
O000160,11558,2024-05-10,Delivered,Credit Card,Jaipur,West Bengal
O000161,10116,2024-12-22,Delivered,Credit Card,Hyderabad,Delhi
O000162,10859,2025-11-15,Delivered,Credit Card,Gurugram,West Bengal
O000163,10104,2024-01-02,Delivered,COD,Jaipur,Haryana
O000164,12307,2024-08-20,Cancelled,UPI,Ludhiana,Telangana
O000165,11332,2025-01-03,Shipped,UPI,Jaipur,Kerala
O000166,10929,2024-09-07,Shipped,Net Banking,Hyderabad,West Bengal
O000167,10807,2024-04-17,Delivered,Debit Card,Lucknow,West Bengal
O000168,10560,2024-10-02,Cancelled,Credit Card,Gurugram,Telangana
O000169,12075,2024-06-28,Delivered,UPI,Kochi,Karnataka
O000170,10527,2025-12-25,Delivered,Debit Card,Bengaluru,Kerala
O000171,10953,2024-10-19,Shipped,Debit Card,Delhi,Delhi
O000172,10298,2025-08-06,Delivered,COD,Kochi,West Bengal
O000173,10777,2024-06-23,Delivered,Credit Card,Ahmedabad,Rajasthan
O000174,10361,2024-05-02,Delivered,Net Banking,Mumbai,Haryana
O000175,10504,2024-08-14,Delivered,Debit Card,Chennai,Rajasthan
O000176,11977,2025-03-19,Delivered,COD,Chennai,Karnataka
O000177,12078,2025-03-03,Delivered,Credit Card,Kochi,Haryana
O000178,11463,2024-03-23,Shipped,UPI,Jaipur,Delhi
O000179,12174,2025-10-19,Shipped,Net Banking,Kochi,Haryana
O000180,10596,2025-09-23,Returned,Credit Card,Gurugram,Maharashtra
O000181,11590,2024-03-05,Delivered,COD,Hyderabad,Telangana
O000182,11390,2024-10-07,Shipped,COD,Jaipur,Kerala
O000183,11876,2025-01-25,Shipped,COD,Chennai,Kerala
O000184,10263,2025-03-03,Delivered,COD,Lucknow,Kerala
O000185,11864,2025-09-09,Delivered,COD,Kolkata,Gujarat
O000186,10002,2024-04-16,Delivered,Net Banking,Mumbai,Delhi
O000187,11934,2025-07-01,Delivered,Debit Card,Ludhiana,Telangana
O000188,10394,2025-10-20,Delivered,Debit Card,Kolkata,West Bengal
O000189,10306,2024-09-18,Delivered,UPI,Ludhiana,Karnataka
O000190,11170,2024-06-07,Delivered,Debit Card,Gurugram,Haryana
O000191,10530,2024-09-21,Delivered,COD,Mumbai,Gujarat
O000192,10528,2025-04-12,Delivered,Debit Card,Mumbai,Punjab
O000193,10965,2024-07-20,Shipped,Debit Card,Hyderabad,Kerala
O000194,10671,2024-06-03,Shipped,COD,Lucknow,Gujarat
O000195,12400,2024-01-13,Delivered,Net Banking,Kolkata,West Bengal
O000196,12257,2024-10-23,Delivered,COD,Jaipur,Uttar Pradesh
O000197,10958,2025-05-12,Delivered,Debit Card,Gurugram,Delhi
O000198,12253,2025-08-19,Delivered,Debit Card,Chennai,Tamil Nadu
O000199,11714,2024-09-01,Delivered,UPI,Jaipur,Tamil Nadu
O000200,10721,2024-10-26,Shipped,COD,Ahmedabad,Maharashtra
O000201,10636,2024-12-27,Delivered,UPI,Mumbai,Rajasthan
O000202,11039,2024-12-19,Shipped,UPI,Hyderabad,Uttar Pradesh
O000203,12346,2025-06-04,Delivered,Credit Card,Delhi,Delhi
O000204,10557,2025-01-20,Delivered,UPI,Gurugram,Gujarat
O000205,11118,2024-11-07,Delivered,Debit Card,Lucknow,West Bengal
O000206,12155,2025-02-17,Delivered,Debit Card,Mumbai,Gujarat
O000207,10128,2024-10-04,Delivered,Credit Card,Gurugram,Punjab
O000208,11994,2025-12-15,Delivered,Credit Card,Bengaluru,Gujarat
O000209,10038,2025-08-15,Returned,COD,Gurugram,Gujarat
O000210,11633,2024-12-21,Shipped,Credit Card,Delhi,Punjab
O000211,10198,2025-06-08,Cancelled,Net Banking,Jaipur,Uttar Pradesh
O000212,12405,2024-01-16,Delivered,Debit Card,Gurugram,Maharashtra
O000213,12055,2024-02-14,Delivered,Debit Card,Chennai,Rajasthan
O000214,10519,2024-11-16,Delivered,Credit Card,Ahmedabad,Punjab
O000215,12242,2025-10-12,Delivered,Credit Card,Chennai,Karnataka
O000216,12364,2024-11-21,Delivered,Debit Card,Jaipur,Gujarat
O000217,11025,2024-05-27,Delivered,Credit Card,Ludhiana,Uttar Pradesh
O000218,11086,2024-12-20,Delivered,COD,Kolkata,Rajasthan
O000219,12391,2024-08-23,Cancelled,Credit Card,Bengaluru,Telangana
O000220,11042,2025-12-03,Returned,Credit Card,Lucknow,Punjab
O000221,10620,2025-09-04,Delivered,COD,Kolkata,Kerala
O000222,11395,2024-04-14,Cancelled,COD,Delhi,Kerala
O000223,11595,2025-04-18,Delivered,COD,Bengaluru,Haryana
O000224,11723,2025-01-30,Delivered,Debit Card,Hyderabad,Karnataka
O000225,10235,2025-03-21,Shipped,Credit Card,Kochi,Tamil Nadu
O000226,10447,2025-08-28,Delivered,COD,Hyderabad,Punjab
O000227,10610,2024-08-07,Cancelled,COD,Lucknow,Rajasthan
O000228,10008,2025-03-17,Delivered,Debit Card,Delhi,Telangana
O000229,10462,2025-10-06,Cancelled,Net Banking,Ludhiana,Karnataka
O000230,11000,2025-10-28,Returned,Credit Card,Bengaluru,Gujarat
O000231,11335,2024-01-28,Delivered,Net Banking,Lucknow,West Bengal
O000232,10134,2025-04-19,Delivered,Net Banking,Chennai,Tamil Nadu
O000233,12433,2025-09-19,Delivered,COD,Chennai,Haryana
O000234,10056,2024-10-31,Delivered,Debit Card,Ludhiana,Kerala
O000235,10993,2025-02-08,Delivered,Credit Card,Bengaluru,Delhi
O000236,11384,2025-05-27,Shipped,Credit Card,Gurugram,Haryana
O000237,11995,2025-05-16,Delivered,Credit Card,Kolkata,West Bengal
O000238,11112,2024-12-13,Returned,Net Banking,Hyderabad,Tamil Nadu
O000239,12186,2024-08-27,Delivered,UPI,Gurugram,Kerala
O000240,11524,2025-07-23,Delivered,Debit Card,Lucknow,Maharashtra
O000241,10144,2025-11-25,Delivered,UPI,Kolkata,Gujarat
O000242,12104,2024-12-02,Delivered,Net Banking,Gurugram,Delhi
O000243,10620,2024-01-26,Delivered,COD,Mumbai,Karnataka
O000244,11887,2025-02-12,Delivered,UPI,Bengaluru,Telangana
O000245,11030,2024-03-17,Delivered,UPI,Delhi,Delhi
O000246,12495,2024-08-04,Delivered,Debit Card,Chennai,Gujarat
O000247,12021,2024-11-23,Delivered,Net Banking,Mumbai,West Bengal
O000248,11409,2024-01-23,Shipped,Debit Card,Lucknow,Telangana
O000249,10639,2025-10-31,Shipped,COD,Kolkata,Uttar Pradesh
O000250,11657,2025-12-18,Delivered,Credit Card,Bengaluru,Punjab
O000251,10837,2024-11-05,Delivered,Net Banking,Kolkata,Karnataka
O000252,11586,2025-08-21,Delivered,COD,Kolkata,Telangana
O000253,10780,2024-09-23,Returned,COD,Delhi,Kerala
O000254,10837,2025-02-18,Delivered,UPI,Jaipur,Maharashtra
O000255,10265,2025-10-07,Delivered,Debit Card,Ludhiana,Kerala
O000256,11217,2024-09-23,Delivered,UPI,Delhi,Maharashtra
O000257,11398,2024-11-28,Delivered,UPI,Gurugram,Karnataka
O000258,12058,2025-03-25,Delivered,Credit Card,Kochi,Maharashtra
O000259,10302,2025-07-18,Delivered,Debit Card,Jaipur,Delhi
O000260,11978,2025-09-02,Delivered,Credit Card,Kochi,Gujarat
O000261,10805,2024-09-03,Delivered,COD,Mumbai,Delhi
O000262,11076,2024-02-05,Delivered,Credit Card,Kolkata,Rajasthan
O000263,11776,2025-02-04,Delivered,COD,Bengaluru,Punjab
O000264,10099,2024-01-28,Cancelled,UPI,Hyderabad,Delhi
O000265,11414,2024-08-07,Delivered,Credit Card,Lucknow,Tamil Nadu
O000266,11978,2025-02-09,Returned,Debit Card,Delhi,Delhi
O000267,10357,2025-09-05,Delivered,Credit Card,Jaipur,Telangana
O000268,11664,2024-09-27,Delivered,COD,Jaipur,Delhi
O000269,10011,2025-10-12,Delivered,Net Banking,Jaipur,Punjab
O000270,10081,2025-05-25,Delivered,Debit Card,Gurugram,Delhi
O000271,12054,2024-10-12,Delivered,COD,Delhi,Delhi
O000272,12421,2025-03-29,Delivered,Net Banking,Ahmedabad,Gujarat
O000273,10222,2024-11-12,Shipped,Debit Card,Kolkata,Uttar Pradesh
O000274,11941,2025-08-12,Shipped,Net Banking,Kolkata,Gujarat
O000275,11947,2024-10-23,Delivered,UPI,Mumbai,Telangana
O000276,10515,2024-12-03,Shipped,UPI,Hyderabad,Tamil Nadu
O000277,10221,2024-11-02,Delivered,Credit Card,Hyderabad,Rajasthan
O000278,12397,2025-03-03,Delivered,Credit Card,Lucknow,Telangana
O000279,10228,2024-12-16,Delivered,Credit Card,Kochi,Delhi
O000280,12338,2025-05-25,Delivered,Credit Card,Gurugram,West Bengal
O000281,10293,2025-06-08,Delivered,Net Banking,Ahmedabad,Kerala
O000282,10956,2025-05-06,Delivered,Debit Card,Ahmedabad,Delhi
O000283,11498,2025-08-16,Delivered,Debit Card,Kolkata,West Bengal
O000284,11281,2024-01-09,Delivered,Credit Card,Kolkata,Karnataka
O000285,11979,2025-05-11,Delivered,UPI,Ahmedabad,Rajasthan
O000286,11530,2025-12-25,Delivered,COD,Chennai,Punjab
O000287,10388,2025-07-13,Delivered,Credit Card,Chennai,Tamil Nadu
O000288,12414,2025-07-14,Delivered,Credit Card,Chennai,Uttar Pradesh
O000289,12338,2025-03-15,Cancelled,UPI,Ahmedabad,West Bengal
O000290,10189,2025-07-05,Delivered,COD,Hyderabad,Tamil Nadu
O000291,10918,2024-04-17,Delivered,Net Banking,Jaipur,Rajasthan
O000292,11202,2024-09-01,Delivered,Net Banking,Gurugram,Gujarat
O000293,10924,2024-09-11,Shipped,COD,Delhi,Telangana
O000294,12423,2024-02-02,Delivered,COD,Lucknow,Delhi
O000295,11622,2024-01-23,Delivered,Net Banking,Hyderabad,Gujarat
O000296,10760,2025-07-19,Delivered,Credit Card,Mumbai,Tamil Nadu
O000297,11478,2024-02-18,Returned,Credit Card,Ludhiana,Gujarat
O000298,12265,2025-04-06,Delivered,UPI,Bengaluru,Karnataka
O000299,11066,2025-08-12,Delivered,COD,Kolkata,Maharashtra
O000300,10194,2024-12-01,Delivered,Credit Card,Ahmedabad,Gujarat
O000301,11351,2024-12-23,Delivered,Credit Card,Kochi,Haryana
O000302,11397,2024-05-01,Delivered,UPI,Ludhiana,Rajasthan
O000303,11489,2025-03-19,Shipped,COD,Kolkata,Rajasthan
O000304,10163,2024-12-24,Delivered,UPI,Kochi,West Bengal
O000305,10276,2025-08-24,Delivered,UPI,Ludhiana,Karnataka
O000306,10364,2024-12-11,Delivered,Net Banking,Mumbai,Rajasthan
O000307,11666,2024-07-11,Delivered,UPI,Kochi,Maharashtra
O000308,12003,2025-02-19,Delivered,COD,Kolkata,Gujarat
O000309,10460,2025-01-11,Delivered,Credit Card,Chennai,Uttar Pradesh
O000310,12133,2025-04-07,Delivered,Credit Card,Ahmedabad,Kerala
O000311,11732,2025-10-22,Delivered,Net Banking,Mumbai,Gujarat
O000312,11340,2024-05-25,Delivered,COD,Lucknow,Punjab
O000313,12291,2025-04-22,Cancelled,Credit Card,Jaipur,Haryana
O000314,11366,2025-10-14,Delivered,UPI,Chennai,Tamil Nadu
O000315,10657,2025-02-11,Cancelled,Debit Card,Delhi,Uttar Pradesh
O000316,11107,2024-10-12,Delivered,Debit Card,Chennai,Delhi
O000317,11384,2024-04-20,Delivered,Debit Card,Jaipur,Punjab
O000318,12136,2025-09-11,Delivered,Debit Card,Jaipur,Haryana
O000319,10742,2024-02-19,Delivered,UPI,Mumbai,Gujarat
O000320,11996,2024-01-14,Delivered,Credit Card,Gurugram,West Bengal
O000321,11522,2024-05-13,Shipped,Net Banking,Lucknow,Punjab
O000322,12464,2025-08-10,Returned,UPI,Kochi,Tamil Nadu
O000323,11624,2025-08-18,Delivered,Credit Card,Kochi,Maharashtra
O000324,10682,2024-12-08,Cancelled,COD,Bengaluru,Telangana
O000325,11113,2025-10-31,Delivered,Credit Card,Bengaluru,Maharashtra
O000326,11725,2024-10-12,Returned,Credit Card,Bengaluru,Tamil Nadu
O000327,10899,2024-11-09,Delivered,Credit Card,Ahmedabad,Punjab
O000328,10601,2025-08-28,Shipped,UPI,Mumbai,Maharashtra
O000329,11868,2024-10-23,Delivered,Credit Card,Ludhiana,Haryana
O000330,11200,2025-08-28,Cancelled,Credit Card,Lucknow,Uttar Pradesh
O000331,10483,2025-07-22,Delivered,COD,Delhi,Rajasthan
O000332,12011,2024-06-12,Delivered,COD,Ludhiana,Karnataka
O000333,11143,2025-05-11,Delivered,Debit Card,Delhi,Kerala
O000334,10169,2025-09-01,Shipped,UPI,Ludhiana,West Bengal
O000335,12022,2024-01-16,Delivered,Credit Card,Mumbai,Telangana
O000336,12195,2024-12-09,Delivered,Debit Card,Chennai,Haryana
O000337,10439,2024-03-18,Delivered,Debit Card,Bengaluru,Delhi
O000338,10160,2024-12-11,Shipped,UPI,Bengaluru,Telangana
O000339,10814,2024-03-12,Delivered,Debit Card,Kolkata,Kerala
O000340,12450,2024-09-26,Delivered,Debit Card,Kochi,West Bengal
O000341,10586,2024-10-13,Cancelled,UPI,Mumbai,Karnataka
O000342,10864,2024-03-06,Delivered,Net Banking,Lucknow,Rajasthan
O000343,11042,2024-03-08,Delivered,Debit Card,Mumbai,Haryana
O000344,10140,2024-07-11,Delivered,COD,Chennai,Gujarat
O000345,11139,2024-02-24,Cancelled,Debit Card,Ahmedabad,Punjab
O000346,10328,2025-01-13,Delivered,UPI,Kolkata,Uttar Pradesh
O000347,10225,2024-06-16,Delivered,UPI,Chennai,Gujarat
O000348,10558,2025-02-12,Cancelled,Net Banking,Kochi,Punjab
O000349,12487,2025-05-22,Delivered,Net Banking,Lucknow,Gujarat
O000350,11574,2025-06-20,Shipped,COD,Chennai,Gujarat
O000351,11742,2025-10-04,Delivered,COD,Kolkata,Delhi
O000352,10386,2024-04-11,Delivered,Debit Card,Mumbai,Tamil Nadu
O000353,10521,2025-02-25,Delivered,Net Banking,Kochi,Punjab
O000354,11277,2025-04-22,Delivered,COD,Lucknow,Karnataka
O000355,11122,2024-04-29,Delivered,Debit Card,Ahmedabad,Haryana
O000356,11834,2024-10-17,Delivered,Credit Card,Kochi,Maharashtra
O000357,10447,2025-05-02,Returned,Debit Card,Hyderabad,Karnataka
O000358,11243,2024-06-09,Delivered,COD,Ludhiana,Tamil Nadu
O000359,10107,2025-11-03,Shipped,Debit Card,Hyderabad,Tamil Nadu
O000360,11500,2024-03-18,Delivered,Credit Card,Kolkata,Punjab
O000361,11478,2024-02-07,Delivered,COD,Kolkata,Telangana
O000362,10904,2025-01-28,Shipped,Debit Card,Bengaluru,West Bengal
O000363,11632,2025-03-16,Delivered,COD,Kochi,Gujarat
O000364,11150,2025-06-23,Cancelled,Debit Card,Kolkata,Haryana
O000365,11171,2025-04-06,Delivered,UPI,Mumbai,Delhi
O000366,12328,2025-09-03,Delivered,COD,Ludhiana,Karnataka
O000367,10024,2024-10-20,Delivered,COD,Ahmedabad,Gujarat
O000368,10952,2025-02-03,Delivered,COD,Bengaluru,Rajasthan
O000369,11745,2025-09-27,Delivered,COD,Ahmedabad,Kerala
O000370,12040,2024-04-01,Shipped,Debit Card,Ahmedabad,Telangana
O000371,10120,2025-08-31,Delivered,Net Banking,Ahmedabad,Karnataka
O000372,11676,2024-01-06,Delivered,Debit Card,Lucknow,West Bengal
O000373,11321,2025-11-11,Shipped,Credit Card,Jaipur,Gujarat
O000374,10855,2024-09-27,Shipped,UPI,Mumbai,Punjab
O000375,11016,2025-09-11,Delivered,Debit Card,Lucknow,Gujarat
O000376,10448,2025-07-12,Delivered,Debit Card,Jaipur,Kerala
O000377,11936,2024-04-08,Delivered,COD,Hyderabad,Maharashtra
O000378,11744,2025-06-09,Delivered,Credit Card,Kochi,West Bengal
O000379,10996,2024-07-12,Delivered,COD,Delhi,Kerala
O000380,11943,2024-06-05,Returned,COD,Ludhiana,Punjab
O000381,11447,2025-10-27,Delivered,Net Banking,Chennai,Haryana
O000382,11085,2024-04-24,Delivered,UPI,Bengaluru,Uttar Pradesh
O000383,11725,2025-01-30,Cancelled,Net Banking,Delhi,Kerala
O000384,12132,2025-10-18,Delivered,COD,Kolkata,Maharashtra
O000385,12273,2025-06-05,Cancelled,UPI,Mumbai,Punjab
O000386,10186,2024-08-01,Delivered,Debit Card,Delhi,Tamil Nadu
O000387,12423,2025-11-13,Delivered,Credit Card,Kolkata,Telangana
O000388,10072,2025-06-16,Cancelled,Net Banking,Delhi,West Bengal
O000389,10074,2024-01-15,Delivered,Credit Card,Kolkata,Haryana
O000390,11921,2025-02-22,Delivered,COD,Lucknow,Kerala
O000391,11365,2025-01-02,Delivered,UPI,Mumbai,Delhi
O000392,12201,2025-09-29,Shipped,Debit Card,Jaipur,Uttar Pradesh
O000393,12144,2024-07-31,Delivered,UPI,Jaipur,Karnataka
O000394,12493,2025-11-30,Delivered,Credit Card,Mumbai,Punjab
O000395,11482,2025-11-14,Delivered,Credit Card,Lucknow,Karnataka
O000396,12425,2024-01-05,Delivered,Debit Card,Hyderabad,Uttar Pradesh
O000397,10765,2024-08-18,Delivered,Debit Card,Lucknow,Punjab
O000398,11097,2024-07-19,Delivered,UPI,Delhi,Uttar Pradesh
O000399,10212,2025-02-05,Delivered,Net Banking,Kolkata,Kerala
O000400,10724,2024-05-28,Delivered,UPI,Kolkata,Punjab
O000401,12379,2025-08-06,Shipped,Credit Card,Hyderabad,Rajasthan
O000402,11766,2025-05-06,Delivered,UPI,Ludhiana,Punjab
O000403,10751,2024-08-13,Delivered,COD,Kochi,Rajasthan
O000404,11518,2025-08-08,Delivered,UPI,Hyderabad,Tamil Nadu
O000405,11469,2024-06-17,Delivered,UPI,Kochi,Maharashtra
O000406,10394,2024-05-31,Returned,COD,Hyderabad,Delhi
O000407,10512,2024-08-11,Delivered,Credit Card,Bengaluru,Maharashtra
O000408,10686,2025-05-18,Delivered,Debit Card,Gurugram,Maharashtra
O000409,11739,2025-07-03,Delivered,UPI,Bengaluru,West Bengal
O000410,11721,2024-02-13,Shipped,Net Banking,Ludhiana,West Bengal
O000411,11827,2025-11-27,Delivered,Debit Card,Mumbai,Tamil Nadu
O000412,11283,2025-05-18,Delivered,Net Banking,Kolkata,Delhi
O000413,11858,2024-08-28,Delivered,UPI,Mumbai,Gujarat
O000414,12397,2024-12-16,Cancelled,Net Banking,Delhi,Uttar Pradesh
O000415,12447,2025-12-22,Delivered,Debit Card,Hyderabad,Gujarat
O000416,12262,2024-01-23,Returned,Net Banking,Mumbai,Uttar Pradesh
O000417,11313,2025-09-27,Delivered,Net Banking,Jaipur,Haryana
O000418,11865,2025-08-20,Delivered,Debit Card,Ahmedabad,Uttar Pradesh
O000419,12306,2024-02-12,Shipped,Debit Card,Lucknow,Karnataka
O000420,11412,2025-04-10,Delivered,Debit Card,Bengaluru,Haryana
O000421,11808,2024-02-09,Delivered,Debit Card,Bengaluru,Haryana
O000422,11569,2024-10-29,Returned,COD,Ludhiana,Tamil Nadu
O000423,11064,2025-11-11,Delivered,UPI,Delhi,Telangana
O000424,10998,2024-06-23,Delivered,Debit Card,Chennai,Karnataka
O000425,12258,2025-06-15,Delivered,Credit Card,Kochi,Haryana
O000426,12320,2025-04-05,Delivered,Net Banking,Kolkata,Kerala
O000427,10599,2025-09-12,Shipped,Debit Card,Ludhiana,Rajasthan
O000428,11084,2024-07-11,Delivered,Debit Card,Ludhiana,West Bengal
O000429,12303,2024-08-31,Delivered,UPI,Mumbai,Karnataka
O000430,10722,2024-10-06,Delivered,Debit Card,Chennai,West Bengal
O000431,11155,2024-02-05,Delivered,COD,Kolkata,Punjab
O000432,11709,2025-07-10,Cancelled,Credit Card,Jaipur,Telangana
O000433,10017,2025-06-23,Cancelled,Credit Card,Bengaluru,Kerala
O000434,10992,2024-06-02,Delivered,Debit Card,Jaipur,Kerala
O000435,10878,2024-01-23,Delivered,UPI,Bengaluru,West Bengal
O000436,12233,2025-12-19,Cancelled,Debit Card,Ludhiana,Rajasthan
O000437,11447,2024-03-31,Delivered,Net Banking,Hyderabad,Kerala
O000438,11466,2025-01-24,Delivered,Credit Card,Chennai,Kerala
O000439,11679,2024-12-24,Delivered,Net Banking,Chennai,Telangana
O000440,11544,2025-07-03,Delivered,COD,Ahmedabad,Gujarat
O000441,10080,2024-08-15,Shipped,Credit Card,Delhi,West Bengal
O000442,12350,2024-07-20,Delivered,Credit Card,Mumbai,Kerala
O000443,11272,2024-12-15,Returned,COD,Hyderabad,Tamil Nadu
O000444,11565,2024-02-07,Delivered,Net Banking,Hyderabad,Uttar Pradesh
O000445,11296,2025-05-14,Delivered,Debit Card,Lucknow,Delhi
O000446,12181,2025-11-29,Returned,UPI,Mumbai,Telangana
O000447,11029,2024-02-12,Shipped,Net Banking,Bengaluru,Telangana
O000448,11566,2025-09-17,Shipped,COD,Ludhiana,Haryana
O000449,11714,2025-05-31,Delivered,COD,Kolkata,Maharashtra
O000450,11010,2024-03-08,Shipped,COD,Gurugram,Karnataka
O000451,10773,2024-05-02,Delivered,Credit Card,Chennai,Karnataka
O000452,12189,2025-11-15,Delivered,Debit Card,Ahmedabad,Rajasthan
O000453,10483,2024-12-01,Delivered,Credit Card,Ludhiana,Karnataka
O000454,12393,2024-06-01,Delivered,Credit Card,Gurugram,Delhi
O000455,11586,2025-10-30,Shipped,Credit Card,Mumbai,Punjab
O000456,11582,2024-06-10,Delivered,COD,Jaipur,Punjab
O000457,11106,2024-08-01,Delivered,Net Banking,Jaipur,Maharashtra
O000458,11108,2025-01-10,Delivered,UPI,Jaipur,Tamil Nadu
O000459,10175,2025-03-18,Delivered,UPI,Ludhiana,Delhi
O000460,11852,2025-02-26,Delivered,Debit Card,Chennai,Haryana
O000461,10842,2025-06-21,Delivered,Debit Card,Bengaluru,Telangana
O000462,11873,2025-12-01,Delivered,COD,Ludhiana,Telangana
O000463,11887,2025-09-25,Delivered,UPI,Hyderabad,Punjab
O000464,10955,2024-08-17,Returned,Net Banking,Hyderabad,West Bengal
O000465,11596,2024-02-28,Delivered,COD,Delhi,West Bengal
O000466,12289,2024-04-05,Delivered,Debit Card,Chennai,Maharashtra
O000467,10340,2024-09-18,Shipped,COD,Chennai,Punjab
O000468,10744,2024-12-19,Delivered,Debit Card,Gurugram,Tamil Nadu
O000469,11495,2024-11-07,Cancelled,UPI,Gurugram,Karnataka
O000470,11849,2024-05-15,Delivered,COD,Jaipur,Haryana
O000471,10015,2025-04-17,Cancelled,Credit Card,Hyderabad,Maharashtra
O000472,11989,2025-09-23,Delivered,Debit Card,Bengaluru,Maharashtra
O000473,10208,2025-03-05,Delivered,Credit Card,Chennai,Haryana
O000474,11084,2025-06-20,Delivered,Debit Card,Gurugram,Kerala
O000475,12413,2024-05-25,Delivered,Credit Card,Kochi,Uttar Pradesh
O000476,12208,2025-06-07,Cancelled,UPI,Kolkata,Punjab
O000477,10397,2024-03-27,Delivered,UPI,Jaipur,Rajasthan
O000478,11958,2024-04-18,Delivered,Net Banking,Kolkata,West Bengal
O000479,10794,2025-02-26,Delivered,Net Banking,Chennai,Gujarat
O000480,10209,2024-12-10,Shipped,Net Banking,Jaipur,Haryana
O000481,11157,2024-09-22,Shipped,COD,Kochi,West Bengal
O000482,10433,2025-08-08,Delivered,Debit Card,Kochi,Maharashtra
O000483,11755,2025-05-08,Delivered,COD,Hyderabad,Rajasthan
O000484,12437,2024-11-28,Delivered,Net Banking,Hyderabad,Maharashtra
O000485,10583,2025-02-16,Delivered,Debit Card,Gurugram,Tamil Nadu
O000486,10432,2025-09-05,Delivered,COD,Kolkata,Karnataka
O000487,11298,2025-10-10,Delivered,UPI,Lucknow,West Bengal
O000488,10351,2024-07-09,Returned,Debit Card,Jaipur,Kerala
O000489,10134,2024-05-21,Cancelled,Net Banking,Ludhiana,Telangana
O000490,10639,2024-03-13,Delivered,UPI,Jaipur,Telangana
O000491,11229,2024-06-15,Delivered,Debit Card,Kolkata,Gujarat
O000492,10117,2024-06-16,Returned,COD,Gurugram,Tamil Nadu
O000493,11291,2025-07-19,Delivered,Net Banking,Kolkata,Punjab
O000494,11818,2024-09-15,Delivered,COD,Jaipur,Kerala
O000495,12197,2025-03-14,Cancelled,UPI,Kolkata,Punjab
O000496,11704,2024-04-20,Delivered,UPI,Kolkata,Uttar Pradesh
O000497,11848,2025-11-03,Delivered,UPI,Kochi,Kerala
O000498,12227,2025-06-14,Delivered,Debit Card,Gurugram,Karnataka
O000499,12196,2024-10-16,Delivered,Net Banking,Gurugram,Kerala
O000500,10465,2025-07-15,Delivered,UPI,Kochi,Haryana
O000501,10976,2025-05-24,Delivered,COD,Delhi,Delhi
O000502,12026,2024-06-23,Delivered,Net Banking,Jaipur,Maharashtra
O000503,11029,2024-10-28,Returned,COD,Delhi,Haryana
O000504,10526,2025-11-26,Delivered,COD,Kolkata,Karnataka
O000505,12328,2024-07-03,Delivered,UPI,Kolkata,Telangana
O000506,10836,2024-12-04,Delivered,Net Banking,Kochi,Gujarat
O000507,12484,2025-05-24,Delivered,Credit Card,Lucknow,Rajasthan
O000508,11240,2024-11-05,Shipped,Debit Card,Mumbai,Kerala
O000509,11539,2025-05-21,Delivered,Credit Card,Ahmedabad,Gujarat
O000510,11911,2024-12-11,Delivered,Debit Card,Gurugram,Tamil Nadu
O000511,11304,2024-03-21,Delivered,Net Banking,Kolkata,Kerala
O000512,10132,2025-01-08,Delivered,UPI,Delhi,Haryana
O000513,10393,2024-06-04,Delivered,Net Banking,Chennai,Tamil Nadu
O000514,10481,2025-03-07,Delivered,Credit Card,Mumbai,Gujarat
O000515,12035,2025-05-14,Delivered,COD,Kolkata,West Bengal
O000516,12467,2024-05-26,Returned,Debit Card,Hyderabad,Gujarat
O000517,11226,2025-04-25,Cancelled,Debit Card,Jaipur,Punjab
O000518,10462,2025-03-10,Shipped,Credit Card,Bengaluru,Haryana
O000519,11802,2025-06-02,Cancelled,UPI,Chennai,Delhi
O000520,10152,2025-10-30,Shipped,Net Banking,Mumbai,Delhi
O000521,12270,2025-11-13,Cancelled,Credit Card,Chennai,Karnataka
O000522,10079,2024-03-09,Delivered,Net Banking,Ludhiana,Haryana
O000523,11224,2025-08-28,Delivered,UPI,Lucknow,West Bengal
O000524,11786,2024-07-04,Shipped,COD,Chennai,Telangana
O000525,12147,2025-11-12,Delivered,Net Banking,Gurugram,Uttar Pradesh
O000526,12025,2024-07-22,Delivered,UPI,Gurugram,Maharashtra
O000527,12261,2025-07-07,Delivered,Credit Card,Ludhiana,Telangana
O000528,11837,2024-01-13,Delivered,COD,Kolkata,Tamil Nadu
O000529,11398,2025-10-27,Delivered,COD,Ahmedabad,Tamil Nadu
O000530,11076,2024-09-30,Delivered,COD,Delhi,Tamil Nadu
O000531,11648,2024-10-24,Delivered,Debit Card,Mumbai,Rajasthan
O000532,12183,2024-02-20,Cancelled,UPI,Mumbai,Telangana
O000533,10411,2025-05-14,Shipped,Net Banking,Mumbai,Tamil Nadu
O000534,12009,2025-01-03,Shipped,Credit Card,Gurugram,Uttar Pradesh
O000535,11494,2025-12-24,Cancelled,COD,Kochi,Rajasthan
O000536,11136,2025-10-17,Delivered,COD,Ahmedabad,Gujarat
O000537,11549,2024-12-22,Delivered,COD,Gurugram,Delhi
O000538,10785,2024-01-03,Delivered,UPI,Bengaluru,Telangana
O000539,11068,2024-09-10,Returned,Credit Card,Mumbai,Maharashtra
O000540,11421,2025-04-19,Delivered,UPI,Ahmedabad,Karnataka
O000541,12010,2025-05-20,Shipped,Credit Card,Lucknow,Delhi
O000542,11609,2024-09-12,Delivered,Net Banking,Ahmedabad,Telangana
O000543,12309,2025-09-01,Returned,Debit Card,Ludhiana,Delhi
O000544,10743,2025-11-15,Delivered,Credit Card,Kolkata,Rajasthan
O000545,12436,2024-05-29,Shipped,UPI,Kochi,West Bengal
O000546,12064,2025-05-02,Delivered,UPI,Chennai,Rajasthan
O000547,12021,2024-10-05,Delivered,UPI,Hyderabad,Punjab
O000548,10662,2024-02-28,Delivered,Debit Card,Gurugram,Rajasthan
O000549,11828,2025-03-21,Returned,Credit Card,Ahmedabad,Uttar Pradesh
O000550,12150,2024-04-22,Delivered,Credit Card,Kolkata,Telangana
O000551,10951,2025-07-22,Returned,Credit Card,Chennai,Karnataka
O000552,10025,2025-05-03,Shipped,Credit Card,Lucknow,Haryana
O000553,11617,2025-02-10,Shipped,COD,Kochi,Karnataka
O000554,10018,2025-01-01,Delivered,COD,Kolkata,Gujarat
O000555,10570,2024-02-29,Delivered,UPI,Bengaluru,Gujarat
O000556,11017,2024-11-24,Delivered,COD,Bengaluru,Maharashtra
O000557,11356,2025-12-28,Returned,Credit Card,Ludhiana,Kerala
O000558,11593,2025-04-13,Returned,Credit Card,Chennai,Telangana
O000559,10831,2025-07-20,Shipped,COD,Mumbai,Haryana
O000560,11036,2025-12-20,Delivered,Net Banking,Hyderabad,Telangana
O000561,11933,2024-03-03,Delivered,UPI,Kochi,Telangana
O000562,12211,2024-07-02,Returned,Debit Card,Kolkata,Telangana
O000563,11307,2024-11-06,Delivered,UPI,Mumbai,Rajasthan
O000564,11753,2025-06-21,Cancelled,UPI,Kochi,West Bengal
O000565,10872,2024-06-25,Delivered,UPI,Kochi,West Bengal
O000566,10835,2025-07-28,Delivered,COD,Jaipur,Kerala
O000567,10857,2025-03-04,Shipped,UPI,Gurugram,Karnataka
O000568,10970,2024-03-13,Delivered,Credit Card,Bengaluru,Haryana
O000569,10593,2024-06-15,Delivered,UPI,Ludhiana,Rajasthan
O000570,10255,2024-08-12,Returned,Credit Card,Bengaluru,Rajasthan
O000571,12115,2025-07-30,Delivered,COD,Mumbai,Rajasthan
O000572,10603,2025-08-03,Shipped,COD,Ahmedabad,Delhi
O000573,11066,2024-01-09,Shipped,UPI,Kochi,Haryana
O000574,11812,2024-08-23,Delivered,Credit Card,Delhi,Delhi
O000575,11840,2025-12-10,Delivered,Credit Card,Delhi,Karnataka
O000576,11810,2025-11-15,Delivered,Credit Card,Kochi,Punjab
O000577,12432,2024-01-28,Delivered,Credit Card,Gurugram,Maharashtra
O000578,11258,2025-10-07,Delivered,Debit Card,Kochi,Punjab
O000579,10966,2024-01-27,Shipped,COD,Delhi,Punjab
O000580,11738,2025-07-03,Delivered,Credit Card,Bengaluru,Telangana
O000581,10485,2024-07-14,Delivered,Debit Card,Ludhiana,Haryana
O000582,10039,2024-07-21,Delivered,Debit Card,Ahmedabad,Telangana
O000583,10011,2024-03-25,Delivered,COD,Bengaluru,Haryana
O000584,10624,2024-01-30,Delivered,Net Banking,Hyderabad,Uttar Pradesh
O000585,10409,2025-04-10,Cancelled,UPI,Bengaluru,Maharashtra
O000586,12156,2024-04-08,Delivered,COD,Ludhiana,Delhi
O000587,12028,2024-07-08,Delivered,Net Banking,Lucknow,West Bengal
O000588,11118,2024-01-12,Delivered,UPI,Gurugram,Telangana
O000589,12132,2025-08-25,Delivered,UPI,Ludhiana,Karnataka
O000590,12106,2024-01-30,Delivered,UPI,Ahmedabad,Telangana
O000591,10605,2025-12-25,Cancelled,Debit Card,Gurugram,Karnataka
O000592,10969,2024-02-07,Delivered,Credit Card,Hyderabad,Maharashtra
O000593,10165,2025-07-25,Delivered,UPI,Hyderabad,Uttar Pradesh
O000594,10437,2024-10-20,Delivered,Credit Card,Kolkata,Telangana
O000595,11680,2024-12-25,Delivered,UPI,Chennai,Maharashtra
O000596,11810,2025-10-16,Delivered,Debit Card,Kochi,West Bengal
O000597,12451,2024-06-28,Delivered,UPI,Ludhiana,Tamil Nadu
O000598,11410,2024-04-21,Delivered,COD,Chennai,Telangana
O000599,11978,2025-03-19,Delivered,Net Banking,Kochi,Gujarat
O000600,11162,2024-01-21,Delivered,UPI,Mumbai,Rajasthan
O000601,10814,2024-05-24,Delivered,Net Banking,Lucknow,Gujarat
O000602,11830,2025-05-13,Delivered,Net Banking,Hyderabad,Haryana
O000603,10293,2024-05-25,Cancelled,Debit Card,Hyderabad,Uttar Pradesh
O000604,11499,2025-03-16,Delivered,Net Banking,Mumbai,Punjab
O000605,10462,2025-02-24,Cancelled,,Hyderabad,Uttar Pradesh
O000606,12092,2024-11-11,Delivered,UPI,Lucknow,Karnataka
O000607,11107,2024-06-14,Delivered,Credit Card,Ahmedabad,Haryana
O000608,11435,2025-10-13,Delivered,Debit Card,Ahmedabad,Tamil Nadu
O000609,10711,2024-07-21,Shipped,Net Banking,Chennai,Tamil Nadu
O000610,11648,2025-05-10,Delivered,Net Banking,Kolkata,Punjab
O000611,10089,2025-09-16,Delivered,UPI,Mumbai,Haryana
O000612,11664,2025-04-12,Delivered,Debit Card,Delhi,Haryana
O000613,11042,2025-12-13,Delivered,UPI,Gurugram,Rajasthan
O000614,11934,2025-01-19,Delivered,Debit Card,Lucknow,Gujarat
O000615,10422,2024-11-09,Delivered,Credit Card,Delhi,Uttar Pradesh
O000616,10876,2024-09-11,Delivered,COD,Jaipur,Gujarat
O000617,10338,2024-01-23,Delivered,UPI,Chennai,West Bengal
O000618,10266,2024-12-04,Delivered,Net Banking,Lucknow,Rajasthan
O000619,11379,2025-05-07,Delivered,UPI,Hyderabad,Telangana
O000620,12408,2025-05-25,Delivered,Debit Card,Jaipur,Maharashtra
O000621,11815,2024-12-31,Delivered,UPI,Ludhiana,West Bengal
O000622,12265,2025-01-06,Delivered,Credit Card,Hyderabad,Gujarat
O000623,10321,2025-08-21,Delivered,Debit Card,Gurugram,Haryana
O000624,10850,2024-08-06,Delivered,Net Banking,Lucknow,Uttar Pradesh
O000625,10719,2025-04-19,Delivered,Net Banking,Kolkata,Punjab
O000626,10992,2025-02-26,Delivered,Debit Card,Delhi,Punjab
O000627,11809,2024-12-21,Delivered,Credit Card,Ahmedabad,Uttar Pradesh
O000628,10717,2025-04-04,Delivered,UPI,Delhi,Rajasthan
O000629,10985,2025-05-17,Delivered,COD,Lucknow,West Bengal
O000630,11940,2024-01-27,Delivered,Net Banking,Mumbai,Delhi
O000631,10896,2024-08-10,Delivered,Credit Card,Chennai,Karnataka
O000632,11177,2025-11-20,Returned,Credit Card,Gurugram,Delhi
O000633,11777,2024-05-27,Delivered,Credit Card,Mumbai,Punjab
O000634,12335,2025-02-27,Delivered,UPI,Hyderabad,Maharashtra
O000635,11460,2024-12-16,Delivered,Credit Card,Chennai,Uttar Pradesh
O000636,11616,2024-07-04,Delivered,Credit Card,Ahmedabad,Haryana
O000637,11173,2025-02-18,Returned,Debit Card,Chennai,Gujarat
O000638,10542,2025-03-04,Cancelled,Debit Card,Kochi,Uttar Pradesh
O000639,10635,2024-02-10,Shipped,Credit Card,Chennai,Rajasthan
O000640,11350,2025-01-27,Returned,Credit Card,Chennai,Haryana
O000641,10698,2025-12-03,Delivered,Debit Card,Gurugram,Maharashtra
O000642,11953,2024-03-19,Delivered,UPI,Chennai,Tamil Nadu
O000643,12123,2025-12-17,Cancelled,Debit Card,Hyderabad,Tamil Nadu
O000644,11605,2025-06-27,Delivered,Debit Card,Lucknow,Delhi
O000645,10498,2025-03-25,Returned,Debit Card,Ludhiana,Haryana
O000646,10722,2025-04-18,Delivered,Debit Card,Jaipur,Rajasthan
O000647,11775,2024-05-21,Delivered,COD,Gurugram,Delhi
O000648,11364,2024-09-07,Returned,Net Banking,Hyderabad,Karnataka
O000649,10308,2024-10-20,Delivered,UPI,Chennai,Rajasthan
O000650,10884,2025-09-01,Shipped,UPI,Gurugram,Uttar Pradesh
O000651,11265,2024-05-15,Delivered,Credit Card,Kolkata,Delhi
O000652,10253,2025-04-28,Delivered,COD,Delhi,West Bengal
O000653,10936,2024-11-07,Returned,Credit Card,Delhi,Uttar Pradesh
O000654,11244,2025-07-08,Delivered,UPI,Kochi,Kerala
O000655,12445,2025-09-23,Delivered,UPI,Hyderabad,Tamil Nadu
O000656,11753,2024-02-15,Delivered,Credit Card,Kochi,West Bengal
O000657,11738,2024-08-23,Cancelled,Net Banking,Hyderabad,Telangana
O000658,11053,2024-02-17,Shipped,Credit Card,Ahmedabad,Maharashtra
O000659,10494,2024-07-16,Delivered,Net Banking,Ahmedabad,Haryana
O000660,10959,2024-03-24,Delivered,Net Banking,Delhi,Telangana
O000661,12022,2025-06-26,Shipped,Debit Card,Lucknow,Haryana
O000662,11748,2024-06-09,Shipped,UPI,Lucknow,Gujarat
O000663,11178,2025-03-03,Delivered,Debit Card,Delhi,Rajasthan
O000664,10992,2024-03-11,Delivered,UPI,Kolkata,Rajasthan
O000665,12150,2025-06-03,Shipped,Debit Card,Chennai,Uttar Pradesh
O000666,12225,2024-02-21,Delivered,Net Banking,Delhi,Tamil Nadu
O000667,10927,2024-02-14,Returned,Debit Card,Chennai,Haryana
O000668,12280,2024-10-19,Delivered,COD,Jaipur,Telangana
O000669,12060,2025-04-09,Delivered,Debit Card,Chennai,Kerala
O000670,11210,2025-07-03,Delivered,Debit Card,Lucknow,Rajasthan
O000671,10932,2025-01-14,Returned,Debit Card,Bengaluru,Haryana
O000672,12314,2025-04-22,Delivered,COD,Bengaluru,Haryana
O000673,11926,2024-09-18,Delivered,UPI,Delhi,Haryana
O000674,11159,2025-08-02,Delivered,Debit Card,Ahmedabad,Haryana
O000675,10757,2024-06-27,Cancelled,UPI,Kochi,Uttar Pradesh
O000676,11055,2024-12-22,Delivered,Credit Card,Ludhiana,West Bengal
O000677,10456,2025-02-22,Delivered,Net Banking,Jaipur,Haryana
O000678,10259,2025-11-28,Delivered,Credit Card,Chennai,Karnataka
O000679,10431,2024-07-19,Delivered,COD,Mumbai,Rajasthan
O000680,11965,2024-01-13,Delivered,COD,Bengaluru,Punjab
O000681,11974,2025-03-18,Delivered,UPI,Chennai,Punjab
O000682,10647,2025-12-26,Delivered,UPI,Ludhiana,Delhi
O000683,10447,2024-10-12,Delivered,Debit Card,Ludhiana,Maharashtra
O000684,11113,2024-09-14,Shipped,Credit Card,Chennai,Delhi
O000685,10195,2025-07-23,Returned,UPI,Kochi,Kerala
O000686,11438,2025-07-01,Delivered,UPI,Gurugram,Tamil Nadu
O000687,11146,2025-05-04,Shipped,UPI,Lucknow,Haryana
O000688,11140,2025-05-12,Delivered,Net Banking,Jaipur,Delhi
O000689,10196,2025-12-05,Delivered,UPI,Kochi,Haryana
O000690,12084,2024-11-28,Delivered,Net Banking,Chennai,Karnataka
O000691,12115,2025-07-15,Delivered,COD,Hyderabad,Rajasthan
O000692,10645,2024-02-01,Delivered,Debit Card,Kolkata,Tamil Nadu
O000693,11035,2025-09-01,Delivered,Credit Card,Kolkata,Maharashtra
O000694,11754,2024-02-12,Delivered,UPI,Ludhiana,Karnataka
O000695,10322,2024-12-16,Delivered,Net Banking,Chennai,Gujarat
O000696,11692,2024-11-29,Delivered,UPI,Bengaluru,Gujarat
O000697,12288,2025-07-12,Delivered,UPI,Jaipur,Karnataka
O000698,11017,2024-09-26,Delivered,Net Banking,Ahmedabad,Delhi
O000699,10650,2025-02-16,Delivered,UPI,Ahmedabad,Karnataka
O000700,11703,2025-07-28,Delivered,Credit Card,Lucknow,Delhi
O000701,12213,2024-01-19,Delivered,COD,Jaipur,Delhi
O000702,10831,2024-12-12,Delivered,Debit Card,Ludhiana,Karnataka
O000703,10189,2025-09-04,Shipped,UPI,Chennai,Telangana
O000704,11511,2024-02-06,Delivered,Net Banking,Lucknow,Telangana
O000705,10092,2025-09-10,Delivered,Credit Card,Jaipur,West Bengal
O000706,11912,2024-04-01,Shipped,UPI,Delhi,Karnataka
O000707,12337,2024-07-03,Delivered,COD,Gurugram,Maharashtra
O000708,11581,2025-12-28,Delivered,COD,Hyderabad,Kerala
O000709,11409,2024-01-28,Delivered,Net Banking,Kolkata,Telangana
O000710,10175,2025-07-01,Delivered,UPI,Gurugram,Tamil Nadu
O000711,11697,2025-01-06,Delivered,UPI,Chennai,West Bengal
O000712,10474,2025-06-13,Delivered,UPI,Kolkata,Karnataka
O000713,11935,2024-12-10,Delivered,COD,Kochi,West Bengal
O000714,10270,2025-02-22,Delivered,UPI,Mumbai,Tamil Nadu
O000715,12045,2024-07-14,Delivered,UPI,Kochi,Tamil Nadu
O000716,12455,2024-03-18,Shipped,UPI,Lucknow,Tamil Nadu
O000717,10694,2024-06-15,Cancelled,UPI,Mumbai,Telangana
O000718,10376,2024-03-30,Delivered,Net Banking,Delhi,Rajasthan
O000719,11416,2024-09-20,Delivered,COD,Mumbai,Rajasthan
O000720,12230,2025-04-16,Delivered,Debit Card,Ludhiana,Gujarat
O000721,12084,2024-07-26,Delivered,Net Banking,Ahmedabad,Rajasthan
O000722,11236,2025-12-24,Delivered,UPI,Gurugram,Haryana
O000723,11972,2024-09-27,Delivered,Debit Card,Ahmedabad,Telangana
O000724,10134,2024-09-19,Returned,Credit Card,Chennai,Karnataka
O000725,10924,2025-05-20,Delivered,Debit Card,Chennai,Maharashtra
O000726,10690,2025-05-26,Delivered,Net Banking,Lucknow,Delhi
O000727,11702,2025-12-26,Delivered,COD,Kolkata,Telangana
O000728,12030,2025-07-29,Delivered,Net Banking,Bengaluru,Punjab
O000729,11873,2025-06-07,Delivered,COD,Hyderabad,West Bengal
O000730,10841,2025-12-22,Shipped,COD,Delhi,Delhi
O000731,10988,2024-11-07,Delivered,COD,Ahmedabad,West Bengal
O000732,11462,2024-06-22,Returned,Credit Card,Delhi,Karnataka
O000733,10839,2025-03-06,Delivered,Debit Card,Mumbai,Tamil Nadu
O000734,12480,2025-04-07,Delivered,Net Banking,Kochi,Karnataka
O000735,11452,2024-04-10,Delivered,Net Banking,Ludhiana,Punjab
O000736,10748,2024-01-16,Delivered,COD,Ahmedabad,Gujarat
O000737,10966,2025-12-09,Delivered,Credit Card,Hyderabad,Haryana
O000738,11927,2024-09-14,Delivered,Credit Card,Chennai,Telangana
O000739,12039,2024-08-31,Delivered,UPI,Bengaluru,Maharashtra
O000740,12229,2024-12-13,Returned,Credit Card,Lucknow,Telangana
O000741,10145,2024-09-05,Delivered,COD,Gurugram,Delhi
O000742,11851,2024-04-14,Delivered,COD,Ahmedabad,Gujarat
O000743,10735,2025-11-24,Delivered,Debit Card,Kochi,Uttar Pradesh
O000744,12454,2025-10-28,Delivered,COD,Lucknow,Kerala
O000745,12387,2024-10-13,Delivered,Debit Card,Mumbai,Kerala
O000746,12316,2024-06-17,Delivered,Credit Card,Mumbai,Maharashtra
O000747,12314,2025-02-23,Delivered,UPI,Hyderabad,Karnataka
O000748,10528,2024-02-16,Delivered,Net Banking,Bengaluru,Rajasthan
O000749,11412,2024-02-12,Shipped,COD,Jaipur,Punjab
O000750,11119,2024-11-16,Delivered,Credit Card,Hyderabad,Delhi
O000751,10430,2024-08-08,Delivered,COD,Jaipur,Tamil Nadu
O000752,11061,2025-05-27,Delivered,Debit Card,Ludhiana,Maharashtra
O000753,11417,2025-12-12,Shipped,Credit Card,Mumbai,West Bengal
O000754,11597,2025-03-16,Delivered,Net Banking,Hyderabad,Uttar Pradesh
O000755,11898,2024-05-23,Delivered,Debit Card,Ludhiana,Delhi
O000756,12351,2024-01-28,Shipped,Credit Card,Delhi,Rajasthan
O000757,11780,2025-07-06,Delivered,Net Banking,Ludhiana,Kerala
O000758,12449,2025-10-20,Shipped,Debit Card,Jaipur,Kerala
O000759,12392,2025-11-20,Delivered,Net Banking,Delhi,Haryana
O000760,10518,2024-06-15,Delivered,Credit Card,,Karnataka
O000761,11401,2025-09-26,Delivered,Debit Card,Kochi,Karnataka
O000762,10165,2025-08-08,Shipped,UPI,Mumbai,Punjab
O000763,12073,2024-09-05,Delivered,COD,Ahmedabad,Gujarat
O000764,11147,2024-12-22,Delivered,UPI,Jaipur,Delhi
O000765,10129,2024-04-20,Shipped,Net Banking,Gurugram,Punjab
O000766,11658,2025-11-22,Cancelled,Credit Card,Jaipur,Maharashtra
O000767,11018,2025-11-30,Shipped,COD,Kochi,Maharashtra
O000768,10595,2025-12-19,Delivered,Credit Card,Lucknow,West Bengal
O000769,11333,2024-08-21,Cancelled,Net Banking,Gurugram,Uttar Pradesh
O000770,12484,2024-01-24,Delivered,Credit Card,Gurugram,Kerala
O000771,10182,2024-01-26,Delivered,Debit Card,Delhi,Rajasthan
O000772,11612,2025-01-15,Returned,Debit Card,Jaipur,Kerala
O000773,10744,2025-12-30,Delivered,Net Banking,Jaipur,Telangana
O000774,11839,2024-12-11,Delivered,Credit Card,Ludhiana,Delhi
O000775,12091,2025-01-12,Delivered,Net Banking,Ludhiana,Delhi
O000776,12452,2025-06-05,Shipped,COD,Ahmedabad,Rajasthan
O000777,11953,2024-01-17,Delivered,Credit Card,Delhi,Punjab
O000778,10605,2024-09-01,Delivered,Debit Card,Ludhiana,Karnataka
O000779,11790,2025-12-18,Delivered,UPI,Bengaluru,Haryana
O000780,11614,2025-09-15,Delivered,Debit Card,Chennai,Kerala
O000781,10263,2025-12-17,Shipped,Credit Card,Mumbai,Punjab
O000782,12118,2025-06-22,Delivered,Credit Card,,Maharashtra
O000783,10661,2025-08-05,Delivered,Credit Card,Ahmedabad,Kerala
O000784,11316,2025-11-18,Shipped,Credit Card,Kolkata,Delhi
O000785,10822,2024-07-20,Delivered,COD,Bengaluru,Kerala
O000786,12195,2024-09-04,Delivered,UPI,Kochi,Punjab
O000787,12073,2024-04-27,Delivered,Debit Card,Kolkata,Rajasthan
O000788,11347,2024-01-09,Shipped,COD,Bengaluru,Delhi
O000789,12020,2025-08-20,Delivered,Net Banking,Ludhiana,Karnataka
O000790,12299,2024-01-23,Delivered,Credit Card,Ahmedabad,Tamil Nadu
O000791,10816,2024-08-27,Delivered,Debit Card,Delhi,Delhi
O000792,10682,2025-08-07,Delivered,Net Banking,Ludhiana,Punjab
O000793,12223,2024-01-27,Delivered,UPI,Bengaluru,Tamil Nadu
O000794,11194,2024-03-21,Shipped,Debit Card,Hyderabad,Kerala
O000795,10002,2025-08-18,Delivered,COD,Ahmedabad,Kerala
O000796,10639,2024-07-17,Delivered,Net Banking,Bengaluru,Maharashtra
O000797,12410,2025-07-08,Shipped,Debit Card,Bengaluru,Punjab
O000798,10590,2024-04-01,Delivered,COD,Lucknow,West Bengal
O000799,10202,2024-03-24,Delivered,Credit Card,Mumbai,Gujarat
O000800,11005,2024-10-26,Cancelled,Debit Card,Bengaluru,Rajasthan
O000801,11313,2024-10-22,Delivered,Credit Card,Delhi,Tamil Nadu
O000802,12026,2025-10-08,Delivered,Net Banking,Lucknow,Delhi
O000803,11804,2025-03-29,Delivered,Net Banking,Bengaluru,Karnataka
O000804,10126,2024-10-07,Shipped,Net Banking,Kolkata,Haryana
O000805,12097,2024-02-28,Delivered,Credit Card,Ahmedabad,West Bengal
O000806,10846,2024-12-07,Cancelled,Credit Card,Hyderabad,West Bengal
O000807,11797,2025-04-09,Returned,COD,Hyderabad,Punjab
O000808,10179,2024-12-07,Returned,Debit Card,Delhi,West Bengal
O000809,11605,2025-09-01,Cancelled,COD,Hyderabad,Kerala
O000810,11903,2024-03-02,Delivered,Credit Card,Bengaluru,Gujarat
O000811,10493,2025-09-16,Cancelled,Debit Card,Hyderabad,Rajasthan
O000812,12350,2025-03-04,Delivered,Net Banking,Kochi,Telangana
O000813,10964,2025-10-19,Cancelled,COD,Mumbai,Punjab
O000814,11193,2025-12-28,Delivered,COD,Ahmedabad,Telangana
O000815,11987,2024-09-12,Delivered,COD,Chennai,West Bengal
O000816,10269,2025-12-06,Delivered,Credit Card,Delhi,Punjab
O000817,11388,2024-12-12,Shipped,Debit Card,Mumbai,Delhi
O000818,10624,2025-06-09,Delivered,Net Banking,Jaipur,Tamil Nadu
O000819,12148,2024-10-30,Delivered,Credit Card,Ludhiana,Uttar Pradesh
O000820,12263,2025-09-06,Shipped,Net Banking,Lucknow,Karnataka
O000821,12145,2024-09-01,Delivered,UPI,Bengaluru,Kerala
O000822,10819,2025-02-15,Delivered,UPI,Kolkata,Haryana
O000823,10548,2024-08-04,Delivered,Net Banking,Kolkata,Uttar Pradesh
O000824,10337,2025-05-30,Delivered,UPI,Kolkata,Telangana
O000825,10359,2025-04-18,Delivered,Debit Card,Mumbai,Tamil Nadu
O000826,11420,2024-02-05,Returned,Debit Card,Ahmedabad,Maharashtra
O000827,11925,2024-06-26,Delivered,Credit Card,Kolkata,Tamil Nadu
O000828,10816,2025-01-21,Delivered,Net Banking,Gurugram,Delhi
O000829,10360,2024-01-17,Delivered,Credit Card,Mumbai,Uttar Pradesh
O000830,10347,2025-12-11,Returned,Debit Card,Mumbai,Delhi
O000831,11148,2024-02-17,Delivered,Debit Card,Jaipur,Kerala
O000832,10552,2024-03-02,Delivered,Debit Card,Chennai,West Bengal
O000833,11888,2024-03-09,Delivered,COD,Ahmedabad,Punjab
O000834,11931,2025-10-20,Shipped,UPI,Jaipur,Punjab
O000835,10422,2024-12-31,Cancelled,Credit Card,Ludhiana,Gujarat
O000836,10336,2024-06-10,Delivered,Credit Card,Kolkata,Delhi
O000837,11527,2025-05-02,Delivered,Debit Card,Kolkata,Rajasthan
O000838,10057,2025-03-06,Delivered,COD,Ahmedabad,Gujarat
O000839,11686,2025-05-03,Delivered,Credit Card,Ludhiana,Haryana
O000840,12333,2024-08-17,Delivered,Credit Card,Delhi,Haryana
O000841,10722,2025-01-04,Delivered,COD,Kolkata,Punjab
O000842,10386,2024-06-26,Delivered,Debit Card,Delhi,Delhi
O000843,10950,2025-02-13,Shipped,COD,Bengaluru,Karnataka
O000844,11501,2025-07-21,Delivered,UPI,Ludhiana,Haryana
O000845,11720,2025-08-12,Delivered,Credit Card,Lucknow,Karnataka
O000846,12059,2024-09-26,Delivered,UPI,Lucknow,Delhi
O000847,10260,2024-07-24,Delivered,Credit Card,Bengaluru,Tamil Nadu
O000848,10393,2024-03-22,Delivered,UPI,Hyderabad,Tamil Nadu
O000849,10600,2024-07-11,Delivered,Credit Card,Chennai,Rajasthan
O000850,11040,2025-09-09,Shipped,Debit Card,Kolkata,Karnataka
O000851,10756,2024-07-07,Returned,Net Banking,Lucknow,Rajasthan
O000852,10477,2024-10-02,Shipped,COD,Bengaluru,Uttar Pradesh
O000853,11188,2024-03-14,Delivered,Credit Card,Kochi,Uttar Pradesh
O000854,12072,2024-01-10,Returned,COD,Mumbai,Tamil Nadu
O000855,11600,2025-09-26,Delivered,Credit Card,Ludhiana,Punjab
O000856,12360,2024-08-03,Delivered,Net Banking,Mumbai,Maharashtra
O000857,11262,2024-10-16,Delivered,Debit Card,Kolkata,Karnataka
O000858,12070,2025-03-20,Delivered,Debit Card,Kolkata,Kerala
O000859,12228,2025-07-05,Cancelled,COD,Kochi,Delhi
O000860,11842,2024-07-11,Delivered,Net Banking,Jaipur,Punjab
O000861,11583,2025-09-30,Delivered,COD,Jaipur,West Bengal
O000862,11760,2024-10-15,Delivered,Debit Card,Bengaluru,Maharashtra
O000863,10730,2025-08-05,Shipped,UPI,Jaipur,Haryana
O000864,11499,2025-10-10,Shipped,COD,Gurugram,Maharashtra
O000865,10749,2024-05-23,Delivered,Credit Card,Jaipur,Rajasthan
O000866,10716,2025-01-23,Delivered,Debit Card,Gurugram,Telangana
O000867,12387,2025-02-10,Delivered,Credit Card,Ludhiana,Delhi
O000868,10531,2025-01-04,Delivered,Net Banking,Ahmedabad,West Bengal
O000869,10692,2025-03-16,Delivered,Debit Card,Jaipur,Uttar Pradesh
O000870,12210,2025-10-12,Delivered,Debit Card,Gurugram,Kerala
O000871,11109,2025-07-17,Delivered,COD,Kochi,Rajasthan
O000872,11571,2025-06-12,Delivered,COD,Chennai,Punjab
O000873,10490,2025-11-07,Delivered,Credit Card,Bengaluru,Tamil Nadu
O000874,10005,2024-01-13,Delivered,COD,Gurugram,West Bengal
O000875,10076,2025-12-02,Cancelled,UPI,Ludhiana,Tamil Nadu
O000876,11277,2024-12-05,Delivered,Debit Card,Ludhiana,Telangana
O000877,12055,2024-11-07,Delivered,Net Banking,Ahmedabad,Haryana
O000878,10473,2024-04-13,Delivered,Debit Card,Hyderabad,Delhi
O000879,11382,2024-12-04,Delivered,Credit Card,Mumbai,Tamil Nadu
O000880,10838,2024-07-16,Delivered,COD,Delhi,Haryana
O000881,10603,2024-10-26,Returned,Debit Card,Delhi,Karnataka
O000882,11187,2025-03-19,Delivered,COD,Ludhiana,Haryana
O000883,12366,2024-12-24,Delivered,Credit Card,Hyderabad,Kerala
O000884,11482,2025-01-02,Delivered,COD,Delhi,Delhi
O000885,11765,2024-06-17,Delivered,Net Banking,Gurugram,West Bengal
O000886,11699,2024-05-28,Returned,Credit Card,Ahmedabad,Uttar Pradesh
O000887,10232,2024-02-11,Delivered,Debit Card,Chennai,Uttar Pradesh
O000888,10328,2024-07-20,Cancelled,Debit Card,Chennai,Gujarat
O000889,12286,2024-08-31,Returned,Net Banking,Chennai,Kerala
O000890,11144,2025-10-30,Delivered,UPI,Jaipur,Rajasthan
O000891,10950,2025-04-08,Delivered,COD,Chennai,Tamil Nadu
O000892,11887,2025-03-24,Delivered,Debit Card,Jaipur,Tamil Nadu
O000893,12298,2025-03-12,Cancelled,Net Banking,Chennai,Delhi
O000894,11360,2025-06-14,Delivered,COD,Gurugram,Gujarat
O000895,11308,2025-07-18,Delivered,Credit Card,Chennai,Telangana
O000896,10198,2025-08-19,Delivered,Net Banking,Delhi,Uttar Pradesh
O000897,10416,2024-09-29,Delivered,Credit Card,Delhi,West Bengal
O000898,11419,2025-03-05,Cancelled,Credit Card,Chennai,Telangana
O000899,10938,2024-07-31,Delivered,Credit Card,Mumbai,Tamil Nadu
O000900,11244,2024-04-13,Delivered,COD,Kochi,Gujarat
O000901,11240,2024-07-10,Delivered,UPI,Ahmedabad,Haryana
O000902,11339,2025-11-19,Delivered,Credit Card,Gurugram,Gujarat
O000903,11692,2025-10-20,Delivered,Debit Card,Delhi,Gujarat
O000904,10216,2025-01-14,Delivered,COD,Ahmedabad,Karnataka
O000905,11650,2024-03-21,Delivered,COD,Delhi,Maharashtra
O000906,11185,2025-12-05,Delivered,Credit Card,Mumbai,Uttar Pradesh
O000907,10610,2025-07-02,Delivered,Debit Card,Bengaluru,Uttar Pradesh
O000908,10918,2025-01-11,Delivered,Net Banking,Ahmedabad,West Bengal
O000909,10157,2024-06-02,Shipped,COD,Chennai,West Bengal
O000910,10162,2025-10-03,Cancelled,Credit Card,Mumbai,Punjab
O000911,10042,2025-07-24,Delivered,Credit Card,Delhi,West Bengal
O000912,12351,2024-08-27,Delivered,UPI,Delhi,Telangana
O000913,11354,2025-01-08,Cancelled,UPI,Chennai,Tamil Nadu
O000914,11587,2024-07-22,Delivered,Net Banking,Jaipur,Karnataka
O000915,11453,2025-09-02,Returned,Net Banking,Lucknow,Maharashtra
O000916,10120,2024-12-15,Cancelled,Net Banking,Kolkata,Gujarat
O000917,11099,2025-11-18,Delivered,Net Banking,Lucknow,Tamil Nadu
O000918,12038,2024-05-22,Delivered,Credit Card,Bengaluru,Uttar Pradesh
O000919,10123,2024-07-07,Delivered,Credit Card,Lucknow,Tamil Nadu
O000920,10789,2024-09-28,Delivered,Credit Card,Jaipur,Karnataka
O000921,10257,2025-06-15,Cancelled,Debit Card,Kolkata,Karnataka
O000922,11861,2024-10-26,Returned,Net Banking,Gurugram,Uttar Pradesh
O000923,11293,2025-03-01,Delivered,Debit Card,Gurugram,Rajasthan
O000924,11173,2024-02-15,Delivered,COD,Delhi,Delhi
O000925,11172,2024-04-04,Delivered,COD,Hyderabad,Haryana
O000926,10680,2024-03-04,Delivered,Credit Card,Jaipur,Maharashtra
O000927,11202,2025-02-16,Delivered,COD,Chennai,Maharashtra
O000928,10608,2025-10-04,Returned,Credit Card,Jaipur,Uttar Pradesh
O000929,10331,2024-01-09,Delivered,Net Banking,Kolkata,Gujarat
O000930,12104,2025-04-03,Delivered,Debit Card,Delhi,Kerala
O000931,11231,2025-12-15,Delivered,Credit Card,Bengaluru,Delhi
O000932,12153,2025-02-12,Delivered,UPI,Kochi,Telangana
O000933,10547,2025-04-14,Delivered,UPI,Chennai,Telangana
O000934,10793,2025-05-20,Delivered,Net Banking,Bengaluru,Delhi
O000935,11905,2025-11-16,Delivered,Debit Card,Kolkata,Maharashtra
O000936,11379,2024-03-13,Shipped,Credit Card,Hyderabad,Delhi
O000937,11683,2024-03-24,Delivered,Net Banking,Ahmedabad,Telangana
O000938,10489,2024-02-28,Delivered,Debit Card,Jaipur,West Bengal
O000939,11823,2024-01-21,Shipped,UPI,Kolkata,Delhi
O000940,11527,2025-04-02,Cancelled,Credit Card,Mumbai,Karnataka
O000941,12351,2024-06-05,Delivered,Debit Card,Chennai,Gujarat
O000942,10650,2024-11-24,Delivered,COD,Chennai,Karnataka
O000943,10648,2025-07-26,Shipped,Credit Card,Ludhiana,Kerala
O000944,11386,2025-07-29,Delivered,COD,Lucknow,Punjab
O000945,10381,2025-11-10,Delivered,Net Banking,Kochi,Kerala
O000946,12210,2024-07-21,Delivered,Debit Card,Hyderabad,Maharashtra
O000947,12067,2025-10-02,Delivered,Debit Card,Jaipur,Punjab
O000948,11864,2024-04-15,Delivered,Debit Card,Gurugram,Telangana
O000949,12291,2024-05-01,Delivered,Debit Card,Kochi,Maharashtra
O000950,10129,2024-11-13,Shipped,,Kolkata,Gujarat
O000951,11200,2024-06-30,Cancelled,COD,Ludhiana,Punjab
O000952,10409,2025-09-06,Returned,COD,Ahmedabad,Telangana
O000953,10792,2024-11-11,Delivered,Net Banking,Chennai,West Bengal
O000954,11108,2025-09-16,Delivered,Net Banking,Kolkata,Rajasthan
O000955,10222,2025-02-09,Shipped,Debit Card,Kolkata,Delhi
O000956,11440,2024-03-10,Delivered,UPI,Kochi,Haryana
O000957,12493,2024-06-08,Delivered,UPI,Ludhiana,Telangana
O000958,10618,2024-08-27,Delivered,Debit Card,Lucknow,Delhi
O000959,11349,2025-06-06,Delivered,COD,Lucknow,Punjab
O000960,12214,2024-05-17,Delivered,Net Banking,Kochi,Karnataka
O000961,11037,2025-05-09,Delivered,Credit Card,Kochi,Delhi
O000962,12413,2025-11-09,Returned,UPI,Jaipur,Uttar Pradesh
O000963,10225,2024-09-03,Delivered,Net Banking,Kolkata,Telangana
O000964,12242,2025-06-26,Returned,UPI,Delhi,Karnataka
O000965,10057,2025-06-07,Cancelled,COD,Ahmedabad,Telangana
O000966,12261,2024-08-30,Delivered,COD,Bengaluru,Maharashtra
O000967,11404,2025-09-11,Shipped,Debit Card,Gurugram,Maharashtra
O000968,10117,2024-12-01,Delivered,Debit Card,Delhi,Telangana
O000969,10410,2025-02-25,Delivered,UPI,Gurugram,Uttar Pradesh
O000970,11917,2024-07-12,Delivered,UPI,Ahmedabad,Gujarat
O000971,11984,2024-11-03,Delivered,Net Banking,Delhi,Gujarat
O000972,12052,2025-10-06,Delivered,Debit Card,Hyderabad,Telangana
O000973,10023,2025-05-20,Delivered,COD,Ludhiana,Punjab
O000974,10745,2024-10-07,Delivered,Net Banking,Hyderabad,Karnataka
O000975,10602,2025-11-05,Delivered,Net Banking,Chennai,Punjab
O000976,10970,2025-03-14,Delivered,Credit Card,Delhi,Rajasthan
O000977,11179,2025-12-15,Delivered,COD,Ahmedabad,Tamil Nadu
O000978,11843,2025-08-30,Delivered,Net Banking,Ludhiana,Delhi
O000979,12255,2025-04-27,Cancelled,Credit Card,Kolkata,Maharashtra
O000980,10081,2024-08-10,Delivered,Debit Card,Hyderabad,Karnataka
O000981,10483,2024-04-26,Shipped,COD,Delhi,Telangana
O000982,11431,2024-07-10,Delivered,Debit Card,Ahmedabad,West Bengal
O000983,10033,2025-09-09,Delivered,Credit Card,Mumbai,Kerala
O000984,12083,2025-05-30,Delivered,COD,Mumbai,Uttar Pradesh
O000985,11273,2025-06-13,Delivered,UPI,Mumbai,Maharashtra
O000986,10280,2024-11-02,Returned,UPI,Kochi,Rajasthan
O000987,12008,2025-06-15,Delivered,UPI,Chennai,Kerala
O000988,12200,2024-05-01,Delivered,Net Banking,Delhi,Uttar Pradesh
O000989,11683,2025-10-10,Delivered,UPI,Gurugram,Kerala
O000990,11575,2025-08-14,Delivered,Net Banking,Ahmedabad,Haryana
O000991,10701,2024-06-02,Shipped,Net Banking,Kolkata,Gujarat
O000992,11780,2025-06-20,Delivered,Credit Card,Ahmedabad,Punjab
O000993,11019,2025-03-27,Shipped,UPI,Mumbai,West Bengal
O000994,11254,2024-06-17,Delivered,COD,Chennai,Gujarat
O000995,10665,2024-02-28,Delivered,Net Banking,Mumbai,Haryana
O000996,11312,2024-10-27,Delivered,Credit Card,Kolkata,Gujarat
O000997,11419,2025-07-06,Delivered,Net Banking,Mumbai,West Bengal
O000998,11057,2025-07-03,Shipped,COD,Lucknow,Telangana
O000999,11939,2024-04-26,Delivered,COD,Bengaluru,Maharashtra
O001000,11387,2024-05-06,Delivered,UPI,Bengaluru,West Bengal
O001001,11135,2025-02-08,Returned,Net Banking,Kolkata,Uttar Pradesh
O001002,11145,2025-02-02,Delivered,COD,Bengaluru,West Bengal
O001003,12064,2025-05-29,Delivered,Debit Card,Kolkata,Delhi
O001004,10739,2025-05-12,Delivered,COD,Hyderabad,Karnataka
O001005,11547,2025-06-11,Delivered,COD,Kolkata,Uttar Pradesh
O001006,12146,2025-02-01,Delivered,Net Banking,Bengaluru,Gujarat
O001007,12164,2024-09-21,Delivered,COD,Ahmedabad,Uttar Pradesh
O001008,11495,2024-09-19,Cancelled,Credit Card,Chennai,Tamil Nadu
O001009,11463,2025-02-01,Delivered,COD,Hyderabad,Karnataka
O001010,10349,2025-10-07,Shipped,Debit Card,Ahmedabad,Maharashtra
O001011,10232,2025-12-25,Delivered,COD,Mumbai,Kerala
O001012,11997,2025-06-10,Delivered,UPI,Lucknow,Tamil Nadu
O001013,11557,2025-03-11,Delivered,Net Banking,Chennai,Tamil Nadu
O001014,12333,2024-12-25,Cancelled,Debit Card,Ludhiana,Tamil Nadu
O001015,11971,2024-05-08,Delivered,Credit Card,Kochi,Rajasthan
O001016,11657,2025-09-25,Delivered,COD,Delhi,Tamil Nadu
O001017,11943,2024-08-28,Delivered,COD,Kolkata,Maharashtra
O001018,10545,2025-09-18,Returned,Credit Card,Delhi,Haryana
O001019,10392,2025-12-09,Returned,COD,Gurugram,Gujarat
O001020,11194,2024-08-09,Delivered,UPI,Ludhiana,Uttar Pradesh
O001021,12125,2024-08-01,Delivered,Debit Card,Bengaluru,Haryana
O001022,11989,2025-08-14,Delivered,COD,Hyderabad,Rajasthan
O001023,10297,2024-05-14,Returned,Credit Card,Bengaluru,Gujarat
O001024,12378,2025-01-20,Delivered,Credit Card,Mumbai,Telangana
O001025,11087,2024-10-29,Delivered,Debit Card,Hyderabad,Delhi
O001026,10270,2024-10-13,Returned,UPI,Gurugram,Maharashtra
O001027,12264,2025-07-15,Delivered,Debit Card,Kolkata,Haryana
O001028,11099,2024-07-07,Shipped,COD,Bengaluru,Maharashtra
O001029,11710,2024-10-23,Delivered,UPI,Ludhiana,Delhi
O001030,10510,2025-06-09,Delivered,UPI,Chennai,Rajasthan
O001031,11117,2025-01-23,Delivered,Credit Card,Chennai,Maharashtra
O001032,11077,2025-04-03,Delivered,UPI,Ludhiana,Tamil Nadu
O001033,10496,2024-09-17,Delivered,COD,Mumbai,West Bengal
O001034,10094,2025-12-04,Delivered,COD,Hyderabad,Karnataka
O001035,10625,2025-12-15,Delivered,COD,Chennai,Maharashtra
O001036,10229,2024-04-22,Returned,Net Banking,Ahmedabad,Gujarat
O001037,12298,2024-02-05,Delivered,UPI,Mumbai,Kerala
O001038,11415,2024-03-19,Delivered,UPI,Gurugram,Delhi
O001039,10721,2024-10-01,Delivered,COD,Jaipur,Gujarat
O001040,10980,2024-10-04,Delivered,Credit Card,Lucknow,Delhi
O001041,12230,2025-11-04,Returned,UPI,Bengaluru,Punjab
O001042,10267,2024-11-07,Delivered,Net Banking,Ludhiana,Karnataka
O001043,11004,2025-06-12,Delivered,UPI,Lucknow,Gujarat
O001044,10281,2024-07-22,Cancelled,Debit Card,Ahmedabad,Uttar Pradesh
O001045,10962,2024-01-17,Delivered,Net Banking,Jaipur,Maharashtra
O001046,11107,2025-12-14,Delivered,Credit Card,Ahmedabad,Tamil Nadu
O001047,11210,2025-04-20,Cancelled,Net Banking,Kochi,Tamil Nadu
O001048,11372,2025-05-25,Shipped,Net Banking,Bengaluru,Tamil Nadu
O001049,10423,2024-07-28,Delivered,UPI,Jaipur,Uttar Pradesh
O001050,12006,2025-05-13,Delivered,Net Banking,Gurugram,Punjab
O001051,10454,2025-02-05,Returned,COD,Mumbai,Delhi
O001052,12315,2025-03-04,Delivered,Net Banking,Hyderabad,Gujarat
O001053,10507,2024-03-18,Shipped,UPI,Kochi,Kerala
O001054,11166,2025-07-21,Returned,COD,Jaipur,Telangana
O001055,10316,2024-03-20,Delivered,Credit Card,Gurugram,Telangana
O001056,11700,2024-11-01,Delivered,Debit Card,Bengaluru,Uttar Pradesh
O001057,10764,2024-02-27,Delivered,Net Banking,Kolkata,Telangana
O001058,11256,2025-06-13,Delivered,COD,Ahmedabad,Delhi
O001059,10898,2024-07-26,Delivered,COD,Gurugram,Kerala
O001060,10953,2025-05-25,Returned,Credit Card,Lucknow,Uttar Pradesh
O001061,11596,2024-05-14,Delivered,Credit Card,Ludhiana,Rajasthan
O001062,12070,2025-06-05,Delivered,Debit Card,Mumbai,Uttar Pradesh
O001063,10384,2025-08-03,Delivered,Debit Card,Bengaluru,Delhi
O001064,10103,2024-03-23,Delivered,UPI,Bengaluru,Delhi
O001065,10900,2025-09-12,Delivered,Debit Card,Jaipur,Uttar Pradesh
O001066,10110,2024-02-13,Delivered,Debit Card,Kochi,West Bengal
O001067,11496,2025-04-27,Delivered,COD,Kolkata,Karnataka
O001068,10670,2025-10-05,Cancelled,Net Banking,Ludhiana,Kerala
O001069,10384,2025-05-07,Delivered,Net Banking,Delhi,Rajasthan
O001070,12021,2025-05-13,Delivered,Debit Card,Kochi,Gujarat
O001071,12238,2024-01-18,Delivered,UPI,Kochi,Haryana
O001072,10762,2025-08-27,Shipped,UPI,Bengaluru,Karnataka
O001073,12408,2024-10-20,Returned,Net Banking,Mumbai,Telangana
O001074,10886,2024-05-27,Delivered,Credit Card,Kochi,Delhi
O001075,12127,2025-04-16,Shipped,COD,Gurugram,Karnataka
O001076,11236,2024-06-20,Delivered,Debit Card,Ahmedabad,Haryana
O001077,11015,2025-07-16,Delivered,COD,Kochi,Delhi
O001078,11469,2025-06-14,Shipped,Debit Card,Ahmedabad,Delhi
O001079,12197,2024-04-29,Delivered,Debit Card,Delhi,Uttar Pradesh
O001080,10010,2024-03-06,Delivered,Net Banking,Kolkata,Gujarat
O001081,11566,2024-05-20,Delivered,COD,Jaipur,Gujarat
O001082,10792,2025-03-21,Delivered,COD,Mumbai,Karnataka
O001083,11968,2025-05-20,Delivered,Credit Card,Jaipur,Haryana
O001084,11079,2024-07-07,Delivered,Credit Card,Chennai,West Bengal
O001085,11663,2024-06-06,Delivered,COD,Bengaluru,Rajasthan
O001086,12228,2025-09-01,Delivered,Credit Card,Gurugram,Punjab
O001087,10744,2025-10-31,Delivered,Credit Card,Jaipur,Telangana
O001088,12429,2024-09-02,Delivered,Debit Card,Lucknow,Punjab
O001089,10451,2024-02-02,Shipped,Net Banking,Hyderabad,Telangana
O001090,11117,2024-12-26,Delivered,Debit Card,Ahmedabad,Punjab
O001091,12442,2024-11-25,Returned,Credit Card,Lucknow,Gujarat
O001092,11355,2025-05-26,Cancelled,Debit Card,Bengaluru,Rajasthan
O001093,11732,2024-03-11,Delivered,Debit Card,Bengaluru,Kerala
O001094,12481,2024-11-08,Delivered,UPI,Bengaluru,Kerala
O001095,11187,2025-12-28,Delivered,Debit Card,Ahmedabad,Maharashtra
O001096,10908,2024-03-19,Delivered,Debit Card,Kolkata,Maharashtra
O001097,12133,2024-06-17,Delivered,Net Banking,Bengaluru,Tamil Nadu
O001098,11749,2024-06-28,Delivered,COD,Lucknow,Haryana
O001099,11115,2025-09-19,Delivered,UPI,Hyderabad,Telangana
O001100,11508,2024-09-16,Cancelled,UPI,Chennai,Delhi
O001101,11277,2025-04-30,Cancelled,UPI,Bengaluru,West Bengal
O001102,11814,2024-01-05,Delivered,UPI,Ahmedabad,Maharashtra
O001103,11679,2024-10-23,Delivered,Net Banking,Kolkata,Gujarat
O001104,11268,2025-09-11,Delivered,COD,Bengaluru,Kerala
O001105,12318,2024-12-25,Delivered,Net Banking,Bengaluru,Karnataka
O001106,11064,2024-04-26,Shipped,UPI,Lucknow,Gujarat
O001107,11634,2024-12-22,Shipped,COD,Chennai,Karnataka
O001108,11057,2025-03-14,Delivered,Net Banking,Jaipur,Rajasthan
O001109,10450,2024-11-26,Delivered,COD,Hyderabad,Rajasthan
O001110,11873,2025-06-08,Delivered,Net Banking,Ahmedabad,Tamil Nadu
O001111,10625,2025-10-15,Returned,COD,Gurugram,West Bengal
O001112,11970,2024-07-06,Delivered,Net Banking,Ludhiana,Uttar Pradesh
O001113,10885,2024-10-07,Delivered,UPI,Mumbai,Karnataka
O001114,10319,2025-05-25,Shipped,UPI,Ahmedabad,Gujarat
O001115,11396,2025-04-10,Shipped,UPI,Kolkata,West Bengal
O001116,11375,2024-04-24,Cancelled,Net Banking,Chennai,Tamil Nadu
O001117,11347,2024-08-23,Delivered,COD,Kolkata,West Bengal
O001118,10488,2024-12-03,Delivered,COD,Ahmedabad,Tamil Nadu
O001119,10451,2025-06-05,Delivered,Credit Card,Bengaluru,West Bengal
O001120,10353,2024-07-17,Returned,Debit Card,Gurugram,Kerala
O001121,11140,2024-02-19,Shipped,UPI,Delhi,Kerala
O001122,11941,2024-05-21,Shipped,UPI,Mumbai,Karnataka
O001123,12368,2025-06-11,Delivered,UPI,Hyderabad,Haryana
O001124,12133,2025-05-28,Shipped,Credit Card,Jaipur,Maharashtra
O001125,10248,2025-10-31,Delivered,Credit Card,Gurugram,Delhi
O001126,10568,2024-01-30,Delivered,Credit Card,Mumbai,Gujarat
O001127,10684,2024-03-22,Delivered,UPI,Chennai,Karnataka
O001128,10644,2024-01-31,Delivered,COD,Chennai,Gujarat
O001129,10479,2024-11-28,Delivered,UPI,Kochi,Rajasthan
O001130,10368,2025-10-21,Cancelled,Credit Card,Jaipur,Rajasthan
O001131,11845,2024-06-25,Shipped,Credit Card,Kolkata,Kerala
O001132,10357,2025-01-04,Delivered,Debit Card,Ludhiana,Maharashtra
O001133,12456,2025-06-30,Delivered,Net Banking,Bengaluru,Punjab
O001134,11369,2025-06-18,Delivered,Debit Card,Lucknow,Maharashtra
O001135,12227,2024-04-15,Delivered,Debit Card,Gurugram,West Bengal
O001136,11467,2024-04-06,Delivered,UPI,Hyderabad,Haryana
O001137,11843,2024-08-17,Cancelled,Net Banking,Mumbai,Karnataka
O001138,12415,2024-08-14,Delivered,Net Banking,Lucknow,Tamil Nadu
O001139,11060,2025-01-05,Shipped,UPI,Jaipur,Maharashtra
O001140,11645,2024-04-09,Shipped,COD,Delhi,Rajasthan
O001141,10828,2025-03-20,Delivered,UPI,Bengaluru,Kerala
O001142,11170,2025-04-12,Delivered,COD,Delhi,Uttar Pradesh
O001143,11812,2024-02-24,Delivered,COD,Kolkata,Karnataka
O001144,11925,2024-07-13,Delivered,Net Banking,Ludhiana,Karnataka
O001145,12194,2025-06-03,Cancelled,UPI,Kochi,Maharashtra
O001146,12428,2025-02-27,Shipped,UPI,Kochi,Telangana
O001147,10168,2024-11-10,Delivered,Net Banking,Lucknow,Maharashtra
O001148,10087,2024-05-07,Returned,Debit Card,Delhi,Gujarat
O001149,10154,2024-02-01,Delivered,UPI,Lucknow,Tamil Nadu
O001150,10315,2024-04-02,Cancelled,Credit Card,Mumbai,Delhi
O001151,11855,2025-06-02,Delivered,Credit Card,Kochi,Punjab
O001152,10723,2024-09-14,Shipped,UPI,Ludhiana,Delhi
O001153,11982,2024-08-07,Delivered,COD,Ludhiana,Tamil Nadu
O001154,11854,2024-04-15,Shipped,Net Banking,Delhi,Gujarat
O001155,11730,2025-07-01,Delivered,COD,Lucknow,Gujarat
O001156,12310,2025-02-19,Delivered,Credit Card,Gurugram,Gujarat
O001157,12491,2025-07-10,Delivered,Credit Card,Ahmedabad,Telangana
O001158,11129,2024-11-04,Cancelled,Net Banking,Kochi,West Bengal
O001159,12024,2024-12-31,Delivered,Credit Card,Hyderabad,Karnataka
O001160,10350,2025-06-04,Delivered,Debit Card,Kolkata,Tamil Nadu
O001161,10824,2025-04-03,Shipped,Credit Card,Chennai,Gujarat
O001162,10438,2025-08-21,Cancelled,COD,Kochi,Punjab
O001163,12005,2025-01-04,Delivered,COD,Bengaluru,Tamil Nadu
O001164,10169,2024-11-26,Cancelled,Debit Card,Delhi,Punjab
O001165,10023,2025-11-19,Delivered,COD,Chennai,West Bengal
O001166,10281,2025-10-03,Shipped,COD,Hyderabad,Tamil Nadu
O001167,12301,2025-12-07,Shipped,COD,Ahmedabad,Tamil Nadu
O001168,10404,2024-01-11,Delivered,UPI,Kochi,Maharashtra
O001169,12181,2025-05-21,Delivered,Debit Card,Lucknow,Uttar Pradesh
O001170,10232,2025-02-22,Delivered,Debit Card,Lucknow,Kerala
O001171,10079,2024-05-01,Delivered,Credit Card,Lucknow,Kerala
O001172,11059,2024-08-22,Cancelled,Debit Card,Hyderabad,Delhi
O001173,11134,2024-11-26,Delivered,Net Banking,Mumbai,Kerala
O001174,11345,2025-06-26,Returned,Debit Card,Kolkata,Kerala
O001175,12376,2024-12-13,Delivered,Net Banking,Mumbai,Uttar Pradesh
O001176,12432,2025-02-15,Returned,COD,Ludhiana,Kerala
O001177,11388,2024-08-11,Shipped,Net Banking,Jaipur,Gujarat
O001178,11640,2024-06-01,Shipped,UPI,Kochi,Karnataka
O001179,11438,2024-07-30,Delivered,COD,Gurugram,Haryana
O001180,10547,2024-04-01,Delivered,Net Banking,Chennai,Kerala
O001181,11730,2024-11-26,Delivered,COD,Mumbai,Rajasthan
O001182,12440,2025-04-11,Delivered,UPI,Ahmedabad,Kerala
O001183,11317,2025-10-02,Delivered,COD,Jaipur,West Bengal
O001184,11109,2025-12-09,Shipped,COD,Lucknow,Maharashtra
O001185,10909,2025-07-07,Delivered,Debit Card,Jaipur,Haryana
O001186,11225,2024-08-15,Delivered,Credit Card,Kochi,West Bengal
O001187,10685,2024-07-12,Delivered,Net Banking,Kochi,Uttar Pradesh
O001188,12345,2025-06-13,Delivered,Credit Card,Kolkata,Delhi
O001189,12104,2024-08-30,Delivered,UPI,Kochi,Punjab
O001190,11676,2025-01-23,Delivered,UPI,Ahmedabad,Uttar Pradesh
O001191,12114,2024-10-02,Delivered,COD,Ahmedabad,Rajasthan
O001192,10958,2025-03-25,Shipped,Credit Card,Delhi,Gujarat
O001193,11683,2025-09-30,Delivered,Net Banking,Mumbai,Maharashtra
O001194,11933,2025-08-09,Shipped,Net Banking,Chennai,Maharashtra
O001195,11605,2025-07-27,Delivered,COD,Bengaluru,Delhi
O001196,10702,2025-04-22,Shipped,Net Banking,Gurugram,Uttar Pradesh
O001197,10821,2025-04-24,Delivered,Debit Card,Kochi,Maharashtra
O001198,10888,2024-10-14,Delivered,Credit Card,Bengaluru,Karnataka
O001199,11920,2025-11-28,Delivered,UPI,Chennai,Karnataka
O001200,11329,2025-11-20,Cancelled,Net Banking,Mumbai,Rajasthan
O001201,12225,2025-11-08,Delivered,Net Banking,Mumbai,Uttar Pradesh
O001202,12243,2025-11-25,Delivered,Net Banking,Gurugram,Karnataka
O001203,10876,2025-06-23,Delivered,COD,Gurugram,Rajasthan
O001204,10166,2024-11-25,Delivered,UPI,Bengaluru,Delhi
O001205,11174,2025-04-14,Delivered,Credit Card,Chennai,West Bengal
O001206,10557,2025-06-17,Delivered,Net Banking,Mumbai,Karnataka
O001207,11198,2025-04-11,Delivered,Debit Card,Lucknow,Rajasthan
O001208,12215,2025-02-23,Returned,COD,Ludhiana,Uttar Pradesh
O001209,10709,2025-08-30,Returned,Credit Card,Kolkata,West Bengal
O001210,10718,2024-05-01,Delivered,Net Banking,Hyderabad,Gujarat
O001211,11604,2024-11-03,Delivered,Credit Card,Chennai,Telangana
O001212,12145,2024-11-29,Delivered,COD,Mumbai,Uttar Pradesh
O001213,12452,2025-02-23,Delivered,Debit Card,Chennai,Karnataka
O001214,11101,2024-11-21,Delivered,Net Banking,Kolkata,Telangana
O001215,12020,2025-10-10,Delivered,Debit Card,Gurugram,Tamil Nadu
O001216,11261,2025-07-26,Returned,COD,Jaipur,Punjab
O001217,10291,2024-09-06,Cancelled,Debit Card,Ludhiana,West Bengal
O001218,12184,2024-04-04,Delivered,COD,Chennai,Maharashtra
O001219,12415,2024-10-22,Delivered,Debit Card,Kochi,Gujarat
O001220,12296,2024-07-02,Shipped,Credit Card,Ludhiana,Delhi
O001221,11238,2024-09-16,Shipped,Credit Card,Jaipur,Gujarat
O001222,12118,2025-10-28,Delivered,COD,Chennai,West Bengal
O001223,10746,2024-07-04,Shipped,Credit Card,Gurugram,Tamil Nadu
O001224,12377,2025-02-12,Delivered,Debit Card,Bengaluru,Rajasthan
O001225,11198,2024-03-09,Delivered,Debit Card,Delhi,Uttar Pradesh
O001226,10699,2025-09-18,Delivered,Net Banking,Delhi,Haryana
O001227,12322,2024-01-08,Cancelled,COD,Bengaluru,Rajasthan
O001228,10524,2024-09-21,Delivered,Credit Card,Delhi,Rajasthan
O001229,11846,2025-04-28,Delivered,COD,Hyderabad,Karnataka
O001230,12267,2025-09-08,Delivered,Credit Card,Bengaluru,Telangana
O001231,11024,2025-01-05,Shipped,Net Banking,Jaipur,West Bengal
O001232,12011,2025-11-07,Cancelled,Debit Card,Bengaluru,Haryana
O001233,10464,2024-03-23,Delivered,Debit Card,Jaipur,Delhi
O001234,11665,2025-10-07,Returned,UPI,Gurugram,Tamil Nadu
O001235,10451,2024-07-29,Delivered,COD,Gurugram,Rajasthan
O001236,11420,2024-11-08,Delivered,Credit Card,Delhi,Haryana
O001237,11916,2025-08-26,Delivered,UPI,Bengaluru,Rajasthan
O001238,10924,2024-12-02,Delivered,COD,Bengaluru,Tamil Nadu
O001239,10316,2025-05-04,Delivered,Credit Card,Hyderabad,Gujarat
O001240,10671,2025-02-06,Cancelled,Net Banking,Chennai,Tamil Nadu
O001241,10698,2025-09-30,Delivered,COD,Delhi,Telangana
O001242,10993,2024-07-09,Delivered,Credit Card,Lucknow,Kerala
O001243,11377,2025-11-01,Delivered,Debit Card,Ludhiana,Gujarat
O001244,11263,2024-11-30,Delivered,COD,Bengaluru,Maharashtra
O001245,11128,2025-06-05,Delivered,Credit Card,Lucknow,Rajasthan
O001246,10907,2025-09-10,Returned,Debit Card,Mumbai,Punjab
O001247,11053,2024-03-27,Shipped,Debit Card,Lucknow,Maharashtra
O001248,10089,2025-08-01,Returned,UPI,Kolkata,West Bengal
O001249,12423,2024-03-02,Delivered,Credit Card,Kochi,Rajasthan
O001250,11587,2025-01-21,Delivered,UPI,Lucknow,Tamil Nadu
O001251,10364,2024-05-25,Delivered,UPI,Chennai,Gujarat
O001252,12195,2024-06-01,Shipped,Net Banking,Bengaluru,Haryana
O001253,10314,2025-09-10,Delivered,UPI,Hyderabad,Punjab
O001254,10548,2025-10-21,Delivered,UPI,Jaipur,Telangana
O001255,10796,2025-11-28,Delivered,Net Banking,Ahmedabad,Karnataka
O001256,11530,2024-12-14,Delivered,Net Banking,Ludhiana,Gujarat
O001257,11510,2024-06-26,Delivered,COD,Jaipur,Gujarat
O001258,12149,2025-05-01,Delivered,UPI,Ludhiana,Punjab
O001259,10107,2025-10-22,Delivered,Debit Card,Gurugram,Maharashtra
O001260,10857,2024-09-03,Returned,Net Banking,Ludhiana,Punjab
O001261,10291,2024-09-10,Delivered,Credit Card,Jaipur,Maharashtra
O001262,11373,2025-05-14,Delivered,COD,Chennai,Telangana
O001263,10617,2025-06-24,Shipped,COD,Chennai,Kerala
O001264,11757,2024-12-17,Delivered,UPI,Ludhiana,Delhi
O001265,11251,2025-05-26,Delivered,Debit Card,Lucknow,Tamil Nadu
O001266,10977,2024-01-13,Cancelled,Net Banking,Gurugram,Karnataka
O001267,12037,2025-07-12,Delivered,Credit Card,Hyderabad,Karnataka
O001268,11612,2024-05-30,Delivered,UPI,Chennai,Gujarat
O001269,11791,2024-02-19,Delivered,Debit Card,Mumbai,Gujarat
O001270,10868,2024-08-02,Delivered,UPI,Bengaluru,Uttar Pradesh
O001271,10158,2025-10-05,Delivered,UPI,Hyderabad,Uttar Pradesh
O001272,10328,2025-01-06,Delivered,COD,Mumbai,Kerala
O001273,11478,2024-04-22,Delivered,Credit Card,Lucknow,Rajasthan
O001274,12375,2024-09-08,Delivered,Credit Card,Bengaluru,Tamil Nadu
O001275,10870,2024-12-06,Delivered,Credit Card,Gurugram,Karnataka
O001276,11131,2024-02-22,Delivered,Credit Card,Ludhiana,Maharashtra
O001277,10241,2024-05-09,Delivered,Net Banking,Chennai,Tamil Nadu
O001278,12483,2024-07-11,Delivered,Net Banking,Jaipur,Uttar Pradesh
O001279,11388,2025-08-13,Delivered,Credit Card,Ludhiana,Maharashtra
O001280,11749,2024-02-26,Delivered,Debit Card,Kolkata,Maharashtra
O001281,11557,2024-04-06,Delivered,Net Banking,Chennai,Haryana
O001282,11691,2024-07-16,Delivered,Net Banking,Ludhiana,Punjab
O001283,11563,2025-10-08,Delivered,Debit Card,Lucknow,Uttar Pradesh
O001284,10413,2024-05-26,Delivered,Credit Card,Chennai,Telangana
O001285,11959,2025-11-14,Returned,UPI,Lucknow,Delhi
O001286,10569,2025-07-28,Delivered,Net Banking,Ahmedabad,Delhi
O001287,11655,2025-07-30,Delivered,UPI,Delhi,West Bengal
O001288,11600,2024-10-21,Delivered,UPI,Chennai,Maharashtra
O001289,10151,2025-12-23,Shipped,Debit Card,Gurugram,Telangana
O001290,12273,2025-09-12,Delivered,Credit Card,Hyderabad,Uttar Pradesh
O001291,11284,2025-11-14,Delivered,UPI,Chennai,West Bengal
O001292,10256,2024-01-12,Delivered,Credit Card,Hyderabad,Telangana
O001293,12109,2024-11-28,Delivered,COD,Mumbai,Kerala
O001294,11796,2024-08-07,Cancelled,Credit Card,Ludhiana,Delhi
O001295,12444,2025-02-01,Returned,Debit Card,Jaipur,Tamil Nadu
O001296,11421,2024-12-07,Delivered,Debit Card,Bengaluru,West Bengal
O001297,11186,2025-05-26,Delivered,COD,Ahmedabad,Rajasthan
O001298,12428,2024-06-20,Shipped,Debit Card,Gurugram,Tamil Nadu
O001299,10349,2025-04-12,Delivered,Credit Card,Lucknow,Delhi
O001300,12079,2024-06-14,Delivered,Credit Card,Kolkata,West Bengal
O001301,12119,2025-11-29,Delivered,Credit Card,Kochi,Telangana
O001302,10397,2024-06-18,Delivered,Debit Card,Jaipur,Gujarat
O001303,12050,2025-07-17,Returned,Credit Card,Chennai,Maharashtra
O001304,11159,2025-05-26,Delivered,Net Banking,Jaipur,Uttar Pradesh
O001305,10146,2024-07-07,Delivered,COD,Kolkata,Kerala
O001306,12227,2024-04-29,Delivered,Net Banking,Kochi,Tamil Nadu
O001307,10264,2024-04-14,Shipped,Credit Card,Jaipur,Tamil Nadu
O001308,11335,2025-11-04,Delivered,Debit Card,Bengaluru,Kerala
O001309,10204,2024-02-10,Delivered,COD,Delhi,Rajasthan
O001310,11835,2025-11-07,Returned,Net Banking,Mumbai,Rajasthan
O001311,12107,2024-11-16,Delivered,Credit Card,Kolkata,Tamil Nadu
O001312,10988,2024-11-30,Delivered,Debit Card,Chennai,Tamil Nadu
O001313,11348,2024-06-08,Delivered,Credit Card,Kochi,Karnataka
O001314,12215,2024-09-20,Delivered,Net Banking,Bengaluru,West Bengal
O001315,11361,2025-06-13,Delivered,Net Banking,Delhi,Telangana
O001316,11727,2025-11-15,Delivered,COD,Chennai,Tamil Nadu
O001317,12290,2025-04-21,Shipped,Debit Card,Chennai,Haryana
O001318,11981,2024-12-17,Delivered,UPI,Ahmedabad,West Bengal
O001319,11690,2025-06-28,Shipped,Credit Card,Delhi,West Bengal
O001320,10908,2024-07-28,Delivered,Debit Card,Ludhiana,Maharashtra
O001321,11184,2025-05-10,Returned,UPI,Gurugram,Karnataka
O001322,11259,2025-01-16,Delivered,Debit Card,Hyderabad,Rajasthan
O001323,11477,2025-11-06,Delivered,Credit Card,Chennai,Rajasthan
O001324,10199,2025-04-25,Delivered,Credit Card,Ahmedabad,Tamil Nadu
O001325,11501,2024-01-05,Delivered,COD,Ludhiana,Uttar Pradesh
O001326,11057,2024-02-03,Delivered,Net Banking,Lucknow,Gujarat
O001327,12456,2024-05-24,Delivered,Net Banking,Jaipur,West Bengal
O001328,11113,2024-12-16,Delivered,Net Banking,Lucknow,Telangana
O001329,12269,2025-08-05,Delivered,COD,Jaipur,Karnataka
O001330,11261,2025-04-09,Delivered,Net Banking,Hyderabad,Rajasthan
O001331,11184,2024-12-13,Shipped,Debit Card,Chennai,Tamil Nadu
O001332,11856,2024-05-04,Shipped,Net Banking,Lucknow,Rajasthan
O001333,11314,2024-09-27,Delivered,Net Banking,Lucknow,Maharashtra
O001334,11903,2024-12-22,Delivered,Credit Card,Jaipur,Kerala
O001335,10578,2025-06-10,Delivered,COD,Mumbai,Punjab
O001336,10335,2025-05-12,Cancelled,COD,Gurugram,Karnataka
O001337,11021,2024-06-01,Cancelled,Net Banking,Delhi,Karnataka
O001338,12294,2024-02-22,Delivered,UPI,Kolkata,Tamil Nadu
O001339,11347,2024-05-28,Delivered,Credit Card,Hyderabad,West Bengal
O001340,11963,2025-05-17,Delivered,Net Banking,Ludhiana,Delhi
O001341,10611,2025-03-25,Delivered,UPI,Kolkata,Tamil Nadu
O001342,10329,2024-08-06,Delivered,Debit Card,Kochi,Delhi
O001343,10547,2025-09-16,Delivered,Credit Card,Chennai,Maharashtra
O001344,10339,2024-10-03,Delivered,COD,Mumbai,Kerala
O001345,10807,2025-03-27,Delivered,UPI,Mumbai,Karnataka
O001346,11034,2025-03-03,Returned,Net Banking,Kochi,Karnataka
O001347,10430,2024-03-23,Delivered,UPI,Gurugram,Kerala
O001348,11531,2024-08-05,Delivered,COD,Lucknow,Maharashtra
O001349,10806,2025-06-10,Delivered,Debit Card,Hyderabad,Kerala
O001350,11697,2025-02-07,Delivered,UPI,Chennai,Punjab
O001351,11613,2024-10-16,Cancelled,Net Banking,Jaipur,Delhi
O001352,12083,2025-02-23,Delivered,UPI,Hyderabad,Telangana
O001353,11999,2024-12-04,Delivered,Debit Card,Lucknow,Haryana
O001354,10557,2025-12-11,Delivered,UPI,Delhi,Telangana
O001355,11686,2025-10-31,Delivered,Debit Card,Mumbai,Kerala
O001356,10491,2025-02-22,Delivered,Debit Card,Delhi,Haryana
O001357,11604,2024-07-25,Delivered,Credit Card,Mumbai,Uttar Pradesh
O001358,10254,2025-11-16,Delivered,Credit Card,Ludhiana,Maharashtra
O001359,10017,2025-11-26,Delivered,Net Banking,Gurugram,Gujarat
O001360,10261,2024-09-21,Delivered,Net Banking,Mumbai,West Bengal
O001361,11849,2024-02-05,Delivered,Net Banking,Bengaluru,Rajasthan
O001362,11280,2025-01-07,Delivered,Debit Card,Chennai,Rajasthan
O001363,11887,2025-05-02,Delivered,Debit Card,Delhi,Punjab
O001364,11448,2024-09-15,Delivered,Credit Card,Hyderabad,Punjab
O001365,10501,2025-06-14,Delivered,Debit Card,Ahmedabad,Tamil Nadu
O001366,11016,2024-01-23,Delivered,Credit Card,Ahmedabad,Uttar Pradesh
O001367,12334,2024-04-13,Delivered,UPI,Lucknow,Uttar Pradesh
O001368,12055,2024-08-28,Delivered,Net Banking,Hyderabad,Delhi
O001369,11223,2025-12-16,Delivered,Net Banking,Jaipur,Haryana
O001370,12040,2024-09-09,Delivered,COD,Hyderabad,Karnataka
O001371,11686,2024-05-21,Delivered,Credit Card,Mumbai,Telangana
O001372,12100,2025-10-16,Returned,COD,Delhi,Punjab
O001373,12291,2025-03-26,Delivered,Net Banking,Kochi,Haryana
O001374,11243,2024-11-02,Shipped,COD,Ahmedabad,Karnataka
O001375,10109,2025-05-14,Shipped,UPI,Gurugram,Gujarat
O001376,10921,2025-09-13,Returned,COD,Kochi,Tamil Nadu
O001377,10066,2024-01-08,Delivered,UPI,Bengaluru,Uttar Pradesh
O001378,10202,2024-03-09,Cancelled,Net Banking,Ahmedabad,Gujarat
O001379,11818,2025-12-02,Returned,Debit Card,Gurugram,Uttar Pradesh
O001380,10214,2025-11-21,Delivered,Credit Card,Ahmedabad,Kerala
O001381,12116,2025-07-28,Delivered,COD,Kochi,Maharashtra
O001382,10327,2024-03-08,Delivered,UPI,Ahmedabad,Uttar Pradesh
O001383,11074,2025-12-18,Delivered,Net Banking,Gurugram,Gujarat
O001384,11041,2025-02-11,Delivered,Net Banking,Gurugram,Haryana
O001385,10523,2025-06-01,Delivered,Debit Card,Gurugram,Gujarat
O001386,10988,2024-04-28,Shipped,Net Banking,Ahmedabad,Punjab
O001387,11004,2024-01-31,Delivered,Net Banking,Ludhiana,Tamil Nadu
O001388,10504,2025-06-01,Shipped,Debit Card,Mumbai,Kerala
O001389,11249,2025-04-27,Delivered,Net Banking,Ludhiana,Telangana
O001390,10756,2024-07-25,Delivered,UPI,Jaipur,Karnataka
O001391,11342,2025-10-30,Delivered,COD,Gurugram,Gujarat
O001392,11868,2025-08-01,Delivered,COD,Ludhiana,Gujarat
O001393,11915,2025-01-21,Shipped,UPI,Kolkata,Delhi
O001394,11382,2025-02-15,Delivered,COD,Delhi,Delhi
O001395,11507,2025-01-04,Delivered,Net Banking,Kochi,Kerala
O001396,11453,2024-12-18,Cancelled,COD,Lucknow,Rajasthan
O001397,11521,2024-12-01,Delivered,COD,Kolkata,Karnataka
O001398,11595,2024-10-15,Shipped,Net Banking,Ludhiana,Telangana
O001399,11888,2024-05-19,Delivered,COD,Kochi,Maharashtra
O001400,11324,2024-10-26,Delivered,Net Banking,Chennai,Haryana
O001401,12132,2024-01-13,Delivered,Debit Card,Chennai,Karnataka
O001402,12425,2025-10-25,Returned,Debit Card,Ludhiana,Telangana
O001403,11653,2025-03-03,Delivered,COD,Delhi,Telangana
O001404,11344,2025-02-03,Cancelled,Debit Card,Hyderabad,West Bengal
O001405,12252,2024-04-18,Returned,COD,Delhi,Maharashtra
O001406,11379,2025-04-29,Delivered,Debit Card,Ahmedabad,Punjab
O001407,11009,2024-12-21,Delivered,COD,Chennai,Delhi
O001408,11318,2024-05-28,Shipped,Credit Card,Jaipur,Tamil Nadu
O001409,10539,2025-12-16,Delivered,UPI,Ludhiana,Maharashtra
O001410,10017,2024-11-02,Delivered,Debit Card,Hyderabad,Delhi
O001411,10575,2025-06-16,Delivered,Net Banking,Lucknow,Rajasthan
O001412,11803,2024-02-29,Shipped,UPI,Ludhiana,Karnataka
O001413,11063,2025-03-10,Shipped,COD,Kochi,Punjab
O001414,10130,2024-01-21,Delivered,UPI,Jaipur,Tamil Nadu
O001415,12163,2025-01-16,Delivered,Net Banking,Chennai,Rajasthan
O001416,11474,2024-09-01,Returned,Net Banking,Lucknow,Kerala
O001417,10950,2024-03-13,Delivered,COD,Ahmedabad,Rajasthan
O001418,11069,2025-03-24,Shipped,Debit Card,Ahmedabad,West Bengal
O001419,10216,2024-03-16,Delivered,Debit Card,Lucknow,Uttar Pradesh
O001420,11624,2025-11-28,Shipped,Credit Card,Delhi,Uttar Pradesh
O001421,11439,2025-08-12,Cancelled,Net Banking,Delhi,Uttar Pradesh
O001422,11003,2025-01-24,Delivered,Credit Card,Jaipur,Gujarat
O001423,12313,2025-07-30,Delivered,Net Banking,Kolkata,Karnataka
O001424,11947,2024-12-07,Delivered,Credit Card,Mumbai,Uttar Pradesh
O001425,11464,2024-10-16,Delivered,Debit Card,Delhi,Punjab
O001426,10617,2025-07-21,Delivered,Net Banking,Lucknow,Delhi
O001427,11870,2024-11-26,Delivered,Debit Card,Gurugram,Telangana
O001428,10301,2024-09-15,Delivered,UPI,Gurugram,Maharashtra
O001429,10985,2025-03-01,Delivered,Debit Card,Ludhiana,Rajasthan
O001430,11195,2025-12-02,Shipped,Net Banking,Kolkata,West Bengal
O001431,10406,2024-01-06,Delivered,UPI,Hyderabad,Tamil Nadu
O001432,10161,2024-01-06,Delivered,Credit Card,Kolkata,Karnataka
O001433,11819,2024-07-09,Delivered,COD,Lucknow,Haryana
O001434,11576,2024-05-27,Shipped,Net Banking,Gurugram,Telangana
O001435,10026,2025-02-08,Delivered,COD,Jaipur,Gujarat
O001436,10083,2024-09-14,Delivered,COD,Jaipur,Punjab
O001437,10173,2025-12-30,Delivered,UPI,Ludhiana,Rajasthan
O001438,10999,2025-04-23,Shipped,Credit Card,Kolkata,Rajasthan
O001439,11709,2024-03-30,Shipped,Debit Card,Lucknow,Uttar Pradesh
O001440,10006,2024-01-10,Delivered,UPI,Mumbai,Rajasthan
O001441,10525,2024-03-27,Delivered,Credit Card,Hyderabad,Tamil Nadu
O001442,12111,2024-05-30,Delivered,Debit Card,Gurugram,Uttar Pradesh
O001443,12046,2025-09-16,Shipped,Debit Card,Lucknow,Punjab
O001444,10761,2024-01-30,Delivered,Credit Card,Hyderabad,Haryana
O001445,10205,2024-05-07,Delivered,Debit Card,Ludhiana,Gujarat
O001446,10897,2024-03-18,Delivered,Net Banking,Jaipur,Delhi
O001447,11789,2025-02-24,Shipped,Net Banking,Ludhiana,Delhi
O001448,12088,2024-02-24,Delivered,UPI,Delhi,Kerala
O001449,11189,2025-04-24,Delivered,Debit Card,Gurugram,Maharashtra
O001450,12036,2024-10-31,Delivered,Debit Card,Mumbai,Punjab
O001451,11553,2025-06-29,Delivered,Credit Card,Chennai,Kerala
O001452,10877,2024-04-14,Delivered,Net Banking,Gurugram,Kerala
O001453,10825,2024-06-20,Delivered,COD,Bengaluru,Rajasthan
O001454,12446,2025-05-13,Delivered,UPI,Mumbai,Punjab
O001455,11483,2024-01-22,Delivered,Net Banking,Mumbai,West Bengal
O001456,11817,2024-10-13,Delivered,Credit Card,Chennai,Telangana
O001457,11102,2025-01-25,Delivered,UPI,Hyderabad,Maharashtra
O001458,10839,2025-09-08,Delivered,COD,Chennai,Karnataka
O001459,10600,2024-05-28,Delivered,UPI,Bengaluru,Delhi
O001460,11962,2024-09-28,Delivered,Net Banking,Kochi,Karnataka
O001461,10938,2024-10-25,Delivered,COD,Hyderabad,Karnataka
O001462,10425,2024-06-20,Delivered,Credit Card,Mumbai,West Bengal
O001463,12435,2024-02-16,Delivered,UPI,Chennai,Punjab
O001464,12138,2025-09-17,Delivered,Net Banking,Lucknow,Delhi
O001465,12433,2024-07-25,Cancelled,Credit Card,Delhi,Delhi
O001466,10997,2025-03-28,Delivered,COD,Bengaluru,Kerala
O001467,11268,2025-01-29,Delivered,UPI,Lucknow,Tamil Nadu
O001468,10422,2024-10-27,Delivered,Debit Card,Hyderabad,Punjab
O001469,11206,2025-12-08,Delivered,Net Banking,Ahmedabad,Delhi
O001470,11658,2025-11-06,Delivered,Net Banking,Ludhiana,Gujarat
O001471,12101,2024-06-24,Shipped,Debit Card,Mumbai,Karnataka
O001472,11014,2024-04-19,Delivered,Credit Card,Kolkata,Punjab
O001473,10685,2025-11-14,Delivered,Net Banking,Hyderabad,Karnataka
O001474,12227,2024-07-20,Shipped,Credit Card,Ludhiana,Maharashtra
O001475,10293,2024-06-16,Delivered,COD,Ludhiana,Telangana
O001476,12423,2025-09-05,Delivered,Debit Card,Mumbai,Gujarat
O001477,11078,2024-03-26,Delivered,Credit Card,Gurugram,Gujarat
O001478,10016,2025-10-15,Delivered,COD,Gurugram,Uttar Pradesh
O001479,10176,2025-12-25,Delivered,UPI,Jaipur,Kerala
O001480,11564,2024-02-20,Delivered,Net Banking,Bengaluru,Delhi
O001481,11430,2024-04-21,Delivered,Debit Card,Jaipur,Kerala
O001482,11491,2025-04-07,Cancelled,UPI,Jaipur,Tamil Nadu
O001483,11904,2025-03-17,Cancelled,UPI,Ahmedabad,Rajasthan
O001484,10129,2024-09-27,Shipped,UPI,Lucknow,Gujarat
O001485,10884,2025-07-30,Cancelled,Credit Card,Delhi,Gujarat
O001486,11268,2024-12-09,Delivered,Net Banking,Lucknow,Telangana
O001487,10426,2024-07-01,Delivered,Debit Card,Ahmedabad,Kerala
O001488,12402,2025-05-17,Delivered,Net Banking,Gurugram,Gujarat
O001489,10750,2024-01-10,Shipped,Net Banking,Ludhiana,West Bengal
O001490,10744,2025-05-08,Delivered,Net Banking,Kolkata,Delhi
O001491,11027,2024-08-21,Delivered,COD,Lucknow,Kerala
O001492,10479,2024-10-24,Shipped,COD,Jaipur,Punjab
O001493,10976,2024-08-31,Shipped,COD,Jaipur,Tamil Nadu
O001494,10044,2025-05-23,Shipped,COD,Lucknow,Maharashtra
O001495,12203,2024-12-16,Delivered,Net Banking,Chennai,Telangana
O001496,10947,2024-09-23,Delivered,Net Banking,Hyderabad,Tamil Nadu
O001497,11560,2025-09-21,Delivered,Debit Card,Kolkata,Gujarat
O001498,11940,2025-10-17,Delivered,Debit Card,Chennai,Telangana
O001499,10099,2024-07-19,Delivered,Debit Card,Chennai,Rajasthan
O001500,10171,2024-08-26,Delivered,Debit Card,Hyderabad,Delhi
O001501,10148,2024-11-29,Delivered,Debit Card,Kochi,Maharashtra
O001502,12171,2025-02-18,Delivered,COD,Bengaluru,Telangana
O001503,10112,2025-04-28,Delivered,Net Banking,Hyderabad,Punjab
O001504,11023,2025-03-12,Cancelled,Debit Card,Ludhiana,Tamil Nadu
O001505,10068,2024-09-02,Delivered,Credit Card,Ludhiana,Punjab
O001506,10828,2024-01-08,Delivered,Debit Card,Kolkata,Tamil Nadu
O001507,11753,2024-05-31,Delivered,Debit Card,Delhi,Gujarat
O001508,11632,2025-01-26,Delivered,Net Banking,Ludhiana,Karnataka
O001509,11310,2024-07-29,Delivered,COD,Bengaluru,Karnataka
O001510,12278,2025-01-01,Shipped,UPI,Lucknow,Maharashtra
O001511,10160,2025-10-31,Shipped,Net Banking,Delhi,Uttar Pradesh
O001512,11785,2025-07-23,Delivered,COD,Delhi,Tamil Nadu
O001513,11809,2024-03-26,Cancelled,Credit Card,Kolkata,Delhi
O001514,12234,2024-02-24,Delivered,UPI,Ahmedabad,Kerala
O001515,11014,2025-12-13,Delivered,COD,Kochi,Uttar Pradesh
O001516,10877,2025-09-25,Delivered,COD,Ahmedabad,Telangana
O001517,10552,2025-03-21,Shipped,Net Banking,Kolkata,Haryana
O001518,11176,2025-09-11,Delivered,COD,Chennai,Rajasthan
O001519,11164,2024-10-30,Delivered,Debit Card,Ahmedabad,Kerala
O001520,11391,2024-05-11,Delivered,COD,Jaipur,Punjab
O001521,11152,2025-02-24,Delivered,UPI,Ahmedabad,Kerala
O001522,12195,2025-01-19,Delivered,COD,Kolkata,Haryana
O001523,11309,2024-07-16,Delivered,Credit Card,Hyderabad,West Bengal
O001524,11493,2024-02-16,Delivered,Debit Card,Chennai,Maharashtra
O001525,11242,2024-07-21,Delivered,UPI,Ludhiana,Rajasthan
O001526,10436,2024-09-17,Delivered,UPI,Gurugram,Telangana
O001527,10732,2025-11-20,Delivered,Net Banking,Delhi,Maharashtra
O001528,11169,2024-01-24,Delivered,Net Banking,Kolkata,Uttar Pradesh
O001529,11865,2025-11-17,Shipped,Debit Card,Ahmedabad,Uttar Pradesh
O001530,11301,2024-12-05,Delivered,UPI,Mumbai,Rajasthan
O001531,11778,2025-02-15,Delivered,Credit Card,Jaipur,Haryana
O001532,10060,2024-09-17,Delivered,COD,Ludhiana,Rajasthan
O001533,11634,2024-10-12,Delivered,COD,Kolkata,Uttar Pradesh
O001534,12452,2025-05-27,Returned,COD,Mumbai,Tamil Nadu
O001535,11138,2024-03-26,Delivered,Net Banking,Ludhiana,Karnataka
O001536,11519,2025-03-05,Delivered,UPI,Delhi,Delhi
O001537,10336,2025-08-03,Delivered,UPI,Hyderabad,Gujarat
O001538,10831,2024-01-31,Delivered,Credit Card,Jaipur,Gujarat
O001539,11593,2025-12-10,Delivered,Net Banking,Kolkata,Punjab
O001540,10285,2025-08-25,Returned,Credit Card,Kochi,Delhi
O001541,12177,2025-03-15,Cancelled,UPI,Mumbai,Tamil Nadu
O001542,11916,2024-12-14,Delivered,COD,Kolkata,Kerala
O001543,12002,2025-02-15,Delivered,Net Banking,Mumbai,Delhi
O001544,12363,2025-06-11,Shipped,Net Banking,Lucknow,Karnataka
O001545,10960,2024-11-05,Delivered,Net Banking,Delhi,Delhi
O001546,11622,2025-01-30,Delivered,COD,Bengaluru,Kerala
O001547,10071,2024-12-03,Delivered,Net Banking,Kochi,Kerala
O001548,12393,2025-11-04,Delivered,Debit Card,Ludhiana,Tamil Nadu
O001549,11122,2025-03-12,Delivered,Net Banking,Jaipur,Telangana
O001550,11324,2025-12-04,Delivered,COD,Kochi,Delhi
O001551,12224,2025-10-24,Returned,Net Banking,Gurugram,Rajasthan
O001552,10884,2024-12-30,Delivered,Debit Card,Jaipur,Uttar Pradesh
O001553,11099,2024-04-22,Cancelled,Debit Card,Kochi,Kerala
O001554,10143,2024-06-24,Delivered,Net Banking,Ludhiana,Gujarat
O001555,11047,2024-05-28,Delivered,UPI,Gurugram,Karnataka
O001556,12229,2024-06-26,Delivered,UPI,Kochi,Delhi
O001557,11069,2025-01-16,Delivered,Credit Card,Ludhiana,Uttar Pradesh
O001558,10092,2024-08-10,Delivered,Debit Card,Kolkata,Maharashtra
O001559,12082,2024-09-15,Cancelled,UPI,Kolkata,Punjab
O001560,10678,2024-07-07,Delivered,Credit Card,Mumbai,Karnataka
O001561,10382,2024-11-01,Delivered,UPI,Bengaluru,Maharashtra
O001562,11704,2025-01-12,Delivered,Net Banking,Mumbai,Haryana
O001563,10966,2025-08-24,Cancelled,Debit Card,Kolkata,West Bengal
O001564,11180,2024-12-08,Delivered,UPI,Lucknow,Delhi
O001565,12435,2024-06-04,Delivered,Net Banking,Lucknow,Gujarat
O001566,12248,2025-12-12,Cancelled,Credit Card,Gurugram,Punjab
O001567,12323,2024-02-24,Shipped,Net Banking,Delhi,Karnataka
O001568,10501,2025-03-17,Delivered,Credit Card,Kochi,Gujarat
O001569,10459,2025-11-15,Delivered,UPI,Ludhiana,Karnataka
O001570,10050,2024-07-18,Delivered,COD,Ahmedabad,West Bengal
O001571,10970,2025-02-06,Cancelled,Net Banking,Jaipur,Tamil Nadu
O001572,10988,2025-09-05,Delivered,COD,Gurugram,Rajasthan
O001573,10532,2025-10-24,Delivered,Debit Card,Ludhiana,Gujarat
O001574,11004,2025-09-14,Cancelled,COD,Bengaluru,Rajasthan
O001575,11116,2025-08-25,Delivered,Debit Card,Bengaluru,Kerala
O001576,11480,2024-06-25,Cancelled,UPI,Jaipur,Delhi
O001577,10339,2025-03-24,Delivered,UPI,Kochi,Kerala
O001578,11659,2025-06-24,Delivered,Net Banking,Lucknow,Punjab
O001579,11877,2024-10-27,Delivered,COD,Ahmedabad,Tamil Nadu
O001580,11874,2025-12-07,Cancelled,Debit Card,Jaipur,Telangana
O001581,12052,2024-11-02,Shipped,Debit Card,Ahmedabad,Delhi
O001582,11705,2024-09-23,Returned,COD,Kolkata,Kerala
O001583,10281,2024-08-01,Delivered,UPI,Gurugram,Kerala
O001584,11314,2025-08-16,Delivered,UPI,Kolkata,Kerala
O001585,12121,2025-10-01,Delivered,Debit Card,Mumbai,Karnataka
O001586,11161,2025-04-27,Delivered,Net Banking,Jaipur,Haryana
O001587,10971,2024-09-18,Delivered,UPI,Mumbai,Rajasthan
O001588,10998,2024-03-07,Returned,Credit Card,Chennai,Haryana
O001589,11417,2025-07-27,Delivered,Debit Card,Ahmedabad,Maharashtra
O001590,10208,2024-05-12,Delivered,COD,Bengaluru,Uttar Pradesh
O001591,10260,2025-10-10,Returned,COD,Kolkata,West Bengal
O001592,10930,2025-06-23,Delivered,Debit Card,Ahmedabad,Rajasthan
O001593,10263,2025-05-26,Cancelled,Debit Card,Bengaluru,Telangana
O001594,10783,2024-07-29,Delivered,UPI,Ludhiana,Tamil Nadu
O001595,10505,2025-12-17,Shipped,Debit Card,Kolkata,Rajasthan
O001596,11574,2024-09-09,Delivered,Debit Card,Kochi,Karnataka
O001597,10203,2024-02-07,Delivered,Credit Card,Jaipur,Karnataka
O001598,11760,2024-02-12,Delivered,COD,Hyderabad,Uttar Pradesh
O001599,12014,2025-09-20,Returned,UPI,Mumbai,Rajasthan
O001600,12100,2025-02-08,Shipped,Net Banking,Kolkata,Haryana
O001601,11380,2025-12-02,Delivered,UPI,Hyderabad,Telangana
O001602,12411,2024-02-15,Returned,COD,Gurugram,Rajasthan
O001603,10045,2025-03-29,Delivered,Net Banking,Kolkata,Haryana
O001604,11402,2025-11-08,Cancelled,Debit Card,Hyderabad,Delhi
O001605,10789,2024-10-31,Delivered,Credit Card,Bengaluru,Rajasthan
O001606,11436,2025-12-15,Delivered,Credit Card,Ludhiana,Rajasthan
O001607,12190,2024-08-20,Delivered,COD,Mumbai,Karnataka
O001608,12085,2024-09-01,Delivered,COD,Delhi,Maharashtra
O001609,12093,2025-12-21,Delivered,Credit Card,Kolkata,Telangana
O001610,11656,2024-10-21,Delivered,Net Banking,Ahmedabad,Rajasthan
O001611,11070,2025-01-17,Delivered,Net Banking,Ludhiana,Delhi
O001612,11676,2024-06-06,Delivered,UPI,Bengaluru,Maharashtra
O001613,10301,2025-02-08,Returned,Debit Card,Delhi,Rajasthan
O001614,10288,2024-01-01,Delivered,Net Banking,Ludhiana,Punjab
O001615,10786,2024-08-04,Delivered,Debit Card,Delhi,Telangana
O001616,12317,2025-05-21,Delivered,COD,Gurugram,Gujarat
O001617,11266,2025-08-03,Delivered,Net Banking,Gurugram,Punjab
O001618,11806,2024-01-30,Shipped,Net Banking,Lucknow,Tamil Nadu
O001619,12402,2025-09-18,Shipped,Net Banking,Ludhiana,West Bengal
O001620,11820,2025-06-03,Delivered,UPI,Kochi,Uttar Pradesh
O001621,10071,2024-10-01,Delivered,COD,Kolkata,Uttar Pradesh
O001622,10835,2025-05-06,Shipped,Credit Card,Ahmedabad,Telangana
O001623,12461,2024-02-05,Cancelled,UPI,Kolkata,Delhi
O001624,10612,2024-11-06,Delivered,UPI,Hyderabad,Haryana
O001625,11417,2024-02-13,Delivered,Net Banking,Bengaluru,West Bengal
O001626,11329,2024-06-03,Delivered,UPI,Mumbai,Tamil Nadu
O001627,10191,2024-03-17,Delivered,Credit Card,Ahmedabad,West Bengal
O001628,11748,2025-08-12,Shipped,UPI,Mumbai,Karnataka
O001629,12126,2025-09-04,Delivered,UPI,Gurugram,Rajasthan
O001630,11582,2025-03-13,Delivered,Net Banking,Mumbai,Punjab
O001631,11629,2025-03-07,Delivered,COD,Chennai,Delhi
O001632,10889,2025-06-25,Delivered,Credit Card,Gurugram,Haryana
O001633,10017,2024-02-08,Delivered,Net Banking,Ludhiana,Delhi
O001634,10815,2024-08-26,Delivered,UPI,Gurugram,Rajasthan
O001635,11598,2024-01-13,Delivered,Credit Card,Jaipur,Gujarat
O001636,12482,2024-05-01,Delivered,Debit Card,Mumbai,Kerala
O001637,11067,2024-05-23,Delivered,UPI,Ahmedabad,Tamil Nadu
O001638,12260,2025-11-14,Delivered,COD,Gurugram,Telangana
O001639,12251,2025-03-30,Delivered,UPI,Ahmedabad,West Bengal
O001640,12026,2025-01-02,Delivered,COD,Gurugram,Karnataka
O001641,10109,2024-09-03,Delivered,Debit Card,Kochi,Tamil Nadu
O001642,10284,2024-02-14,Shipped,Net Banking,Delhi,Delhi
O001643,11961,2025-01-09,Delivered,Net Banking,Ahmedabad,Rajasthan
O001644,11630,2024-10-17,Shipped,Net Banking,Hyderabad,Telangana
O001645,10737,2024-07-25,Delivered,Credit Card,Mumbai,West Bengal
O001646,11142,2025-06-02,Delivered,COD,Chennai,Tamil Nadu
O001647,10932,2024-08-29,Delivered,UPI,Kolkata,Delhi
O001648,10603,2025-09-13,Delivered,Credit Card,Delhi,Punjab
O001649,11364,2024-04-23,Delivered,Credit Card,Mumbai,Gujarat
O001650,11825,2024-10-28,Delivered,UPI,Ludhiana,Telangana
O001651,10491,2024-10-02,Delivered,Debit Card,Jaipur,Uttar Pradesh
O001652,12067,2024-04-05,Delivered,Net Banking,Jaipur,Maharashtra
O001653,11199,2024-10-20,Delivered,Debit Card,Ludhiana,Tamil Nadu
O001654,11642,2025-12-01,Returned,Debit Card,Bengaluru,Telangana
O001655,10801,2024-12-25,Cancelled,Net Banking,Kochi,Punjab
O001656,10760,2024-10-14,Delivered,Debit Card,Chennai,Punjab
O001657,11166,2024-06-02,Delivered,Credit Card,Lucknow,Haryana
O001658,11487,2025-07-23,Delivered,UPI,Kolkata,Rajasthan
O001659,12346,2025-02-26,Delivered,Credit Card,Kolkata,Kerala
O001660,11494,2024-02-19,Shipped,Credit Card,Gurugram,Gujarat
O001661,10705,2024-07-25,Delivered,COD,Jaipur,Telangana
O001662,10815,2025-07-17,Delivered,Net Banking,Kochi,Kerala
O001663,10803,2025-10-23,Returned,Net Banking,Kolkata,Delhi
O001664,10373,2025-07-18,Shipped,Credit Card,Kochi,Delhi
O001665,11492,2024-07-31,Shipped,Net Banking,Gurugram,Kerala
O001666,11462,2024-03-06,Cancelled,COD,Jaipur,Kerala
O001667,12491,2024-08-19,Shipped,UPI,Delhi,Haryana
O001668,12190,2025-10-24,Delivered,Debit Card,Kochi,Telangana
O001669,12450,2025-12-17,Delivered,Net Banking,Ahmedabad,Delhi
O001670,10823,2024-11-15,Delivered,Credit Card,Ludhiana,Punjab
O001671,10222,2024-05-16,Delivered,Net Banking,Gurugram,Telangana
O001672,11388,2025-10-08,Shipped,Credit Card,Gurugram,Kerala
O001673,10994,2025-07-19,Delivered,Debit Card,Kochi,Haryana
O001674,11212,2024-03-05,Delivered,Net Banking,Kolkata,Delhi
O001675,12161,2025-05-28,Delivered,Debit Card,Kolkata,West Bengal
O001676,11205,2024-05-11,Delivered,Credit Card,Chennai,Haryana
O001677,11926,2024-11-29,Cancelled,COD,Bengaluru,Kerala
O001678,10598,2024-02-01,Delivered,COD,Bengaluru,Telangana
O001679,10485,2025-05-12,Delivered,UPI,Kolkata,Delhi
O001680,11667,2024-08-30,Delivered,Credit Card,Ludhiana,Rajasthan
O001681,12051,2024-07-10,Delivered,Credit Card,Delhi,Telangana
O001682,11502,2024-05-21,Shipped,Credit Card,Kolkata,Uttar Pradesh
O001683,10662,2025-10-21,Delivered,COD,Bengaluru,Tamil Nadu
O001684,12115,2025-08-23,Returned,COD,Gurugram,Kerala
O001685,11555,2025-07-14,Returned,COD,Hyderabad,Karnataka
O001686,12020,2025-10-09,Returned,Net Banking,Kochi,Gujarat
O001687,11342,2024-07-09,Delivered,Net Banking,Mumbai,Uttar Pradesh
O001688,12146,2024-05-28,Returned,COD,Gurugram,Telangana
O001689,11081,2025-08-21,Delivered,Debit Card,Jaipur,Tamil Nadu
O001690,10088,2025-02-19,Cancelled,Net Banking,Bengaluru,Kerala
O001691,12419,2025-06-03,Cancelled,Net Banking,Hyderabad,Karnataka
O001692,12423,2024-01-16,Cancelled,Net Banking,Kochi,Kerala
O001693,10052,2024-04-15,Shipped,Net Banking,Lucknow,Karnataka
O001694,11748,2024-10-09,Delivered,UPI,Hyderabad,Haryana
O001695,10041,2024-04-13,Delivered,Net Banking,Hyderabad,Delhi
O001696,12139,2024-12-26,Delivered,Debit Card,Gurugram,Maharashtra
O001697,10039,2025-10-19,Shipped,UPI,Hyderabad,Karnataka
O001698,12152,2024-02-04,Delivered,Net Banking,Hyderabad,Tamil Nadu
O001699,12091,2024-04-22,Delivered,Credit Card,Lucknow,Rajasthan
O001700,10209,2024-11-03,Delivered,UPI,Kolkata,Maharashtra
O001701,10600,2024-02-22,Delivered,Net Banking,Kochi,West Bengal
O001702,10605,2024-03-21,Returned,Debit Card,Mumbai,Delhi
O001703,11710,2025-09-07,Delivered,COD,Hyderabad,Rajasthan
O001704,12157,2025-01-03,Shipped,Net Banking,Mumbai,Maharashtra
O001705,10214,2024-08-29,Delivered,Credit Card,Kolkata,Delhi
O001706,11628,2024-01-31,Shipped,Debit Card,Mumbai,Maharashtra
O001707,11717,2025-12-04,Delivered,UPI,Ludhiana,Karnataka
O001708,12457,2024-12-26,Delivered,Debit Card,Kochi,Karnataka
O001709,11577,2024-08-20,Returned,Net Banking,Kolkata,Punjab
O001710,12125,2025-09-01,Delivered,Credit Card,Delhi,Haryana
O001711,12143,2024-02-03,Delivered,Debit Card,Mumbai,Maharashtra
O001712,10269,2024-08-30,Delivered,Debit Card,Chennai,Rajasthan
O001713,12409,2024-02-28,Delivered,COD,Chennai,Delhi
O001714,10683,2025-06-12,Delivered,COD,Jaipur,Karnataka
O001715,10162,2024-03-18,Delivered,Net Banking,Lucknow,Punjab
O001716,10465,2025-12-18,Delivered,UPI,Kochi,Tamil Nadu
O001717,10823,2024-10-28,Delivered,UPI,Kochi,Gujarat
O001718,12005,2025-11-08,Delivered,Credit Card,Ludhiana,Maharashtra
O001719,12100,2024-04-21,Delivered,Net Banking,Kochi,Karnataka
O001720,10488,2025-02-16,Returned,UPI,Jaipur,Kerala
O001721,12140,2024-11-12,Delivered,Debit Card,Bengaluru,Tamil Nadu
O001722,10651,2024-05-24,Cancelled,Net Banking,Chennai,Kerala
O001723,12405,2025-10-29,Delivered,Debit Card,Kolkata,Karnataka
O001724,11756,2025-11-20,Delivered,Credit Card,Ludhiana,Punjab
O001725,11635,2025-10-09,Delivered,Net Banking,Ludhiana,Punjab
O001726,11772,2024-01-18,Delivered,Credit Card,Kolkata,Uttar Pradesh
O001727,10719,2024-12-16,Delivered,COD,Gurugram,Tamil Nadu
O001728,11168,2024-06-03,Delivered,Credit Card,Lucknow,Tamil Nadu
O001729,10199,2025-05-20,Shipped,COD,Ludhiana,Haryana
O001730,11347,2024-12-25,Delivered,Net Banking,Ahmedabad,Maharashtra
O001731,11823,2024-11-27,Cancelled,Debit Card,Chennai,Punjab
O001732,11356,2025-06-11,Returned,Debit Card,Kolkata,Uttar Pradesh
O001733,12265,2024-01-12,Delivered,Debit Card,Delhi,Telangana
O001734,11725,2024-03-15,Delivered,Credit Card,Chennai,Tamil Nadu
O001735,10803,2024-07-30,Delivered,Net Banking,Bengaluru,West Bengal
O001736,10701,2025-11-21,Delivered,Net Banking,Delhi,Tamil Nadu
O001737,10503,2025-10-02,Delivered,COD,Delhi,Tamil Nadu
O001738,10469,2024-10-09,Shipped,Net Banking,Bengaluru,Karnataka
O001739,12010,2024-07-13,Returned,Debit Card,Chennai,Tamil Nadu
O001740,11975,2024-01-30,Shipped,Net Banking,Ludhiana,Haryana
O001741,11730,2024-01-09,Delivered,COD,Jaipur,Karnataka
O001742,12414,2024-11-04,Delivered,Net Banking,Mumbai,Haryana
O001743,11937,2025-03-20,Delivered,Net Banking,Bengaluru,Tamil Nadu
O001744,10624,2024-11-05,Delivered,Debit Card,Kochi,Rajasthan
O001745,10967,2025-11-07,Delivered,Net Banking,Gurugram,Uttar Pradesh
O001746,10663,2025-12-05,Delivered,Credit Card,Hyderabad,Maharashtra
O001747,10751,2025-03-01,Cancelled,COD,Kolkata,Tamil Nadu
O001748,11873,2025-12-04,Shipped,COD,Gurugram,Telangana
O001749,11419,2025-08-13,Delivered,COD,Kolkata,Haryana
O001750,11099,2025-11-21,Returned,Net Banking,Ludhiana,Delhi
O001751,10383,2024-03-31,Delivered,Credit Card,Lucknow,Karnataka
O001752,11394,2025-03-31,Delivered,COD,Kochi,Gujarat
O001753,12357,2025-03-19,Shipped,UPI,Chennai,West Bengal
O001754,11653,2025-12-27,Returned,Debit Card,Lucknow,Haryana
O001755,10176,2024-03-19,Delivered,UPI,Chennai,Tamil Nadu
O001756,10228,2025-04-19,Delivered,UPI,Delhi,Kerala
O001757,12395,2024-04-12,Shipped,COD,Kochi,West Bengal
O001758,12039,2025-09-14,Delivered,UPI,Chennai,Delhi
O001759,11366,2025-03-31,Delivered,UPI,Kochi,Delhi
O001760,11986,2024-11-09,Delivered,Credit Card,Lucknow,Telangana
O001761,11263,2024-09-03,Cancelled,Debit Card,Chennai,Tamil Nadu
O001762,11636,2024-08-21,Delivered,Net Banking,Ludhiana,West Bengal
O001763,11021,2025-08-16,Cancelled,COD,Mumbai,Karnataka
O001764,11712,2025-10-05,Delivered,COD,Chennai,Gujarat
O001765,10350,2024-08-22,Delivered,UPI,Mumbai,Kerala
O001766,10441,2025-01-21,Returned,Net Banking,Jaipur,Telangana
O001767,11612,2025-09-02,Delivered,Net Banking,Gurugram,Uttar Pradesh
O001768,11385,2024-02-07,Delivered,Net Banking,Gurugram,Gujarat
O001769,10288,2024-06-09,Delivered,COD,Gurugram,Uttar Pradesh
O001770,12056,2025-04-06,Shipped,COD,Ahmedabad,Punjab
O001771,12135,2025-03-24,Delivered,Credit Card,Bengaluru,Telangana
O001772,10998,2024-04-26,Delivered,COD,Hyderabad,Delhi
O001773,12334,2024-08-28,Delivered,COD,Hyderabad,Delhi
O001774,11423,2024-01-26,Delivered,Credit Card,Hyderabad,Karnataka
O001775,10074,2025-10-09,Delivered,COD,Delhi,Punjab
O001776,11463,2025-07-15,Delivered,UPI,Gurugram,Haryana
O001777,12206,2024-10-24,Delivered,UPI,Kochi,Uttar Pradesh
O001778,10430,2024-06-02,Delivered,Credit Card,Kochi,Gujarat
O001779,11472,2025-10-13,Delivered,Credit Card,Delhi,Gujarat
O001780,10846,2025-04-12,Cancelled,UPI,Delhi,Karnataka
O001781,11731,2024-02-18,Delivered,Net Banking,Ludhiana,West Bengal
O001782,10036,2025-10-15,Delivered,COD,Gurugram,Delhi
O001783,11114,2024-02-15,Shipped,Debit Card,Ahmedabad,Kerala
O001784,11021,2025-11-05,Delivered,Debit Card,Chennai,Maharashtra
O001785,11439,2024-10-11,Delivered,Credit Card,Chennai,Karnataka
O001786,11998,2025-09-19,Delivered,Debit Card,Delhi,West Bengal
O001787,11320,2024-03-22,Shipped,Net Banking,Kochi,Karnataka
O001788,10619,2024-02-13,Delivered,Debit Card,Mumbai,West Bengal
O001789,10170,2025-12-06,Shipped,UPI,Chennai,Gujarat
O001790,10146,2024-09-29,Delivered,Credit Card,Bengaluru,Telangana
O001791,10868,2025-01-28,Delivered,Debit Card,Hyderabad,Maharashtra
O001792,10420,2025-08-17,Delivered,COD,Mumbai,West Bengal
O001793,11996,2024-02-27,Returned,Credit Card,Bengaluru,Uttar Pradesh
O001794,11714,2025-07-18,Delivered,Net Banking,Ludhiana,Maharashtra
O001795,10573,2024-01-01,Delivered,UPI,Ludhiana,Gujarat
O001796,11960,2024-08-03,Delivered,Debit Card,Mumbai,Tamil Nadu
O001797,11027,2024-11-12,Delivered,UPI,Ahmedabad,Telangana
O001798,11287,2024-08-15,Delivered,Net Banking,Delhi,Punjab
O001799,10321,2025-04-17,Delivered,Debit Card,Bengaluru,Kerala
O001800,11600,2025-04-28,Delivered,Credit Card,Hyderabad,West Bengal
O001801,12294,2025-11-01,Delivered,Credit Card,Gurugram,Uttar Pradesh
O001802,11613,2024-10-13,Shipped,COD,Ludhiana,Punjab
O001803,10477,2025-05-25,Returned,Net Banking,Ahmedabad,Rajasthan
O001804,11827,2025-07-31,Delivered,Debit Card,Hyderabad,Haryana
O001805,10783,2025-04-02,Delivered,UPI,Ahmedabad,Delhi
O001806,10533,2024-04-04,Delivered,UPI,Gurugram,Rajasthan
O001807,11363,2025-05-07,Delivered,Debit Card,Hyderabad,Haryana
O001808,11948,2024-05-29,Delivered,Net Banking,Kolkata,Tamil Nadu
O001809,12285,2024-01-23,Delivered,Net Banking,Jaipur,Delhi
O001810,11165,2024-08-02,Returned,UPI,Delhi,Maharashtra
O001811,11971,2025-02-02,Delivered,Debit Card,Ahmedabad,Haryana
O001812,10579,2025-02-13,Delivered,Debit Card,Kochi,Maharashtra
O001813,11374,2024-05-10,Delivered,UPI,Delhi,West Bengal
O001814,11594,2024-05-27,Delivered,Debit Card,Gurugram,Rajasthan
O001815,11748,2025-01-15,Cancelled,Debit Card,Jaipur,Telangana
O001816,12178,2024-04-18,Delivered,Credit Card,Ludhiana,Kerala
O001817,12034,2025-07-05,Returned,Credit Card,Mumbai,Uttar Pradesh
O001818,12059,2024-04-30,Delivered,COD,Mumbai,Rajasthan
O001819,10257,2024-10-21,Delivered,COD,Bengaluru,Gujarat
O001820,12417,2024-04-29,Returned,Net Banking,Chennai,Gujarat
O001821,11418,2025-03-31,Delivered,Credit Card,Mumbai,Maharashtra
O001822,11443,2025-06-13,Delivered,Credit Card,Chennai,Rajasthan
O001823,10882,2024-06-17,Shipped,Credit Card,Ludhiana,Uttar Pradesh
O001824,10019,2025-12-10,Delivered,Credit Card,Jaipur,Kerala
O001825,10110,2024-05-22,Delivered,Net Banking,Kolkata,Telangana
O001826,11461,2024-02-06,Delivered,UPI,Delhi,West Bengal
O001827,11058,2025-11-28,Delivered,Net Banking,Kolkata,Uttar Pradesh
O001828,11312,2024-09-17,Delivered,UPI,Delhi,Karnataka
O001829,11868,2024-08-18,Cancelled,COD,Jaipur,Haryana
O001830,11003,2024-09-10,Delivered,Credit Card,Bengaluru,Uttar Pradesh
O001831,10255,2024-11-24,Delivered,UPI,Delhi,West Bengal
O001832,10638,2024-10-23,Delivered,Net Banking,Kolkata,Telangana
O001833,12043,2024-01-10,Delivered,UPI,Jaipur,Telangana
O001834,12182,2025-03-21,Delivered,Debit Card,Hyderabad,Gujarat
O001835,10397,2024-08-17,Delivered,COD,Ludhiana,Gujarat
O001836,11622,2025-06-19,Shipped,COD,Hyderabad,Tamil Nadu
O001837,10685,2024-03-18,Delivered,Credit Card,Chennai,West Bengal
O001838,11857,2025-02-28,Delivered,Credit Card,Ahmedabad,Delhi
O001839,12067,2024-07-11,Delivered,Net Banking,Ludhiana,Delhi
O001840,11011,2025-02-04,Delivered,UPI,Kochi,Punjab
O001841,12167,2024-04-18,Shipped,Debit Card,Ahmedabad,Gujarat
O001842,10302,2024-09-19,Delivered,COD,Kochi,Punjab
O001843,10227,2024-11-24,Delivered,UPI,Chennai,Rajasthan
O001844,11531,2024-12-28,Delivered,Debit Card,Lucknow,Gujarat
O001845,11236,2025-01-12,Delivered,UPI,Kolkata,Telangana
O001846,10356,2024-12-06,Returned,Credit Card,Delhi,Gujarat
O001847,10701,2024-09-15,Delivered,COD,Gurugram,Uttar Pradesh
O001848,12271,2024-11-30,Delivered,Debit Card,Jaipur,Haryana
O001849,11784,2024-03-25,Delivered,Credit Card,Ahmedabad,Telangana
O001850,11587,2025-06-05,Delivered,Net Banking,Ludhiana,West Bengal
O001851,11215,2025-07-24,Delivered,Net Banking,Jaipur,Gujarat
O001852,11046,2024-11-03,Returned,Credit Card,Mumbai,Kerala
O001853,11646,2024-09-18,Delivered,Debit Card,Kochi,Maharashtra
O001854,11351,2025-09-22,Shipped,Debit Card,Kolkata,Gujarat
O001855,10365,2025-11-10,Delivered,COD,Delhi,Haryana
O001856,11068,2025-12-01,Shipped,Credit Card,Ludhiana,West Bengal
O001857,10519,2025-03-27,Delivered,Net Banking,Gurugram,Punjab
O001858,11627,2024-09-07,Delivered,Credit Card,Bengaluru,Rajasthan
O001859,11345,2024-11-19,Returned,UPI,Ludhiana,Haryana
O001860,12234,2024-08-16,Delivered,Debit Card,Chennai,Karnataka
O001861,11646,2025-12-02,Delivered,UPI,Kolkata,Rajasthan
O001862,10982,2025-09-27,Cancelled,Net Banking,Jaipur,Gujarat
O001863,12396,2025-08-18,Delivered,Debit Card,Mumbai,Maharashtra
O001864,12037,2024-10-23,Delivered,Net Banking,Ludhiana,Kerala
O001865,10922,2025-12-27,Shipped,Net Banking,Chennai,Maharashtra
O001866,10957,2024-08-24,Returned,Net Banking,Kolkata,Uttar Pradesh
O001867,10361,2025-09-16,Shipped,COD,Kochi,Karnataka
O001868,11311,2024-08-04,Delivered,Net Banking,Kolkata,Maharashtra
O001869,10182,2024-09-02,Delivered,Net Banking,Delhi,Punjab
O001870,11475,2025-03-23,Delivered,UPI,Bengaluru,Delhi
O001871,12145,2024-11-14,Delivered,UPI,Gurugram,Delhi
O001872,10563,2025-03-07,Cancelled,UPI,Bengaluru,Maharashtra
O001873,10314,2025-02-07,Delivered,Debit Card,Bengaluru,Uttar Pradesh
O001874,12069,2024-02-06,Delivered,COD,Mumbai,Rajasthan
O001875,10403,2025-07-29,Delivered,Debit Card,Chennai,Telangana
O001876,11148,2024-12-07,Returned,COD,Kolkata,Gujarat
O001877,10613,2025-01-23,Delivered,COD,Hyderabad,Karnataka
O001878,11877,2024-02-03,Returned,Credit Card,Jaipur,Delhi
O001879,11614,2024-02-08,Returned,Credit Card,Jaipur,Delhi
O001880,10693,2025-08-01,Cancelled,Credit Card,Hyderabad,Delhi
O001881,11735,2024-07-27,Cancelled,COD,Ludhiana,Rajasthan
O001882,11726,2024-05-31,Cancelled,COD,Bengaluru,Maharashtra
O001883,10840,2024-12-30,Shipped,Debit Card,Ludhiana,Punjab
O001884,12151,2024-07-17,Delivered,COD,Lucknow,Uttar Pradesh
O001885,12381,2025-08-23,Delivered,Net Banking,Mumbai,Delhi
O001886,11811,2024-03-19,Delivered,Net Banking,Gurugram,Tamil Nadu
O001887,10753,2025-04-21,Delivered,COD,Jaipur,Karnataka
O001888,12182,2025-03-09,Delivered,Net Banking,Ludhiana,Haryana
O001889,12473,2024-02-01,Delivered,COD,Lucknow,Gujarat
O001890,11459,2024-03-27,Cancelled,Credit Card,Chennai,West Bengal
O001891,10937,2025-07-04,Delivered,COD,Delhi,Maharashtra
O001892,11342,2025-01-27,Delivered,Credit Card,Gurugram,Haryana
O001893,11694,2025-09-04,Shipped,UPI,Bengaluru,Gujarat
O001894,10505,2024-08-31,Delivered,Net Banking,Jaipur,Maharashtra
O001895,12238,2024-08-19,Delivered,UPI,Lucknow,Kerala
O001896,11970,2025-08-02,Cancelled,Net Banking,Hyderabad,Telangana
O001897,10052,2024-07-10,Delivered,UPI,Jaipur,Maharashtra
O001898,11470,2025-06-23,Delivered,COD,Mumbai,Rajasthan
O001899,11406,2024-09-26,Delivered,UPI,Mumbai,Karnataka
O001900,12422,2024-03-17,Delivered,Net Banking,Chennai,Kerala
O001901,12000,2024-06-15,Shipped,Debit Card,Ahmedabad,Uttar Pradesh
O001902,12423,2024-10-10,Delivered,Net Banking,Chennai,Maharashtra
O001903,10389,2025-12-04,Returned,Debit Card,Jaipur,Punjab
O001904,11673,2024-03-29,Delivered,COD,Chennai,Haryana
O001905,10674,2025-06-27,Delivered,Net Banking,Ludhiana,Telangana
O001906,11890,2025-10-10,Cancelled,UPI,Chennai,Kerala
O001907,11503,2024-06-04,Returned,COD,Lucknow,Rajasthan
O001908,12452,2024-09-06,Delivered,Net Banking,Kochi,Rajasthan
O001909,10593,2024-04-04,Delivered,COD,Mumbai,West Bengal
O001910,10083,2024-01-17,Shipped,Debit Card,Chennai,Gujarat
O001911,12367,2024-04-26,Delivered,COD,Hyderabad,Kerala
O001912,10414,2024-11-28,Delivered,UPI,Hyderabad,Kerala
O001913,10198,2025-06-05,Shipped,Net Banking,Mumbai,Telangana
O001914,12307,2024-03-20,Delivered,Debit Card,Ahmedabad,West Bengal
O001915,11713,2025-10-07,Delivered,COD,Lucknow,Tamil Nadu
O001916,12346,2025-03-07,Delivered,Credit Card,Ahmedabad,Karnataka
O001917,11304,2024-07-21,Returned,Debit Card,Delhi,Tamil Nadu
O001918,10300,2024-04-25,Delivered,Debit Card,Jaipur,Maharashtra
O001919,10129,2024-08-07,Shipped,UPI,Lucknow,Gujarat
O001920,11907,2024-09-09,Delivered,UPI,Kolkata,Haryana
O001921,12486,2024-06-17,Delivered,COD,Chennai,Delhi
O001922,11716,2024-11-11,Delivered,Credit Card,Kochi,Delhi
O001923,10207,2025-12-17,Delivered,Debit Card,Kochi,Rajasthan
O001924,12025,2025-01-06,Delivered,COD,Lucknow,Punjab
O001925,10294,2025-08-05,Delivered,Credit Card,Hyderabad,West Bengal
O001926,11964,2024-06-04,Delivered,COD,Mumbai,Haryana
O001927,11874,2025-09-05,Shipped,Debit Card,Ahmedabad,Delhi
O001928,12007,2024-01-13,Delivered,COD,Delhi,Rajasthan
O001929,12077,2025-05-22,Shipped,UPI,Kochi,Karnataka
O001930,12227,2025-04-09,Delivered,UPI,Mumbai,Rajasthan
O001931,12089,2024-08-07,Delivered,Net Banking,Delhi,Rajasthan
O001932,11216,2024-01-15,Delivered,Credit Card,Bengaluru,Rajasthan
O001933,12392,2024-04-26,Delivered,Debit Card,Mumbai,Maharashtra
O001934,11773,2024-11-26,Delivered,Credit Card,Mumbai,Kerala
O001935,10626,2024-02-25,Delivered,UPI,Kolkata,Rajasthan
O001936,10278,2024-12-16,Delivered,Debit Card,Delhi,Kerala
O001937,10529,2024-05-11,Delivered,Net Banking,Delhi,Tamil Nadu
O001938,12134,2024-08-13,Returned,UPI,Bengaluru,Uttar Pradesh
O001939,11925,2024-11-03,Shipped,UPI,Ludhiana,Rajasthan
O001940,12365,2025-04-19,Delivered,Credit Card,Ahmedabad,Haryana
O001941,11881,2024-08-09,Returned,COD,Delhi,Rajasthan
O001942,11926,2024-06-21,Delivered,Credit Card,Chennai,Punjab
O001943,10693,2024-12-05,Shipped,UPI,Gurugram,Haryana
O001944,11361,2025-05-20,Delivered,Credit Card,Delhi,Telangana
O001945,10863,2024-06-05,Delivered,COD,Kolkata,Telangana
O001946,12363,2024-05-30,Delivered,Net Banking,Bengaluru,Rajasthan
O001947,10225,2025-11-27,Delivered,Debit Card,Ahmedabad,Punjab
O001948,11918,2024-06-26,Delivered,UPI,Delhi,West Bengal
O001949,11968,2025-06-16,Delivered,Credit Card,Ahmedabad,Delhi
O001950,11957,2024-04-21,Delivered,,Ludhiana,Uttar Pradesh
O001951,11840,2025-11-13,Delivered,Debit Card,Lucknow,Rajasthan
O001952,10068,2024-05-17,Cancelled,Credit Card,Delhi,Uttar Pradesh
O001953,11643,2024-08-20,Delivered,Net Banking,Delhi,Punjab
O001954,11021,2024-11-27,Shipped,Debit Card,Jaipur,Rajasthan
O001955,11101,2025-06-25,Delivered,COD,Mumbai,Delhi
O001956,11563,2024-11-02,Delivered,COD,Bengaluru,Kerala
O001957,11525,2024-06-09,Delivered,UPI,Kochi,Uttar Pradesh
O001958,11471,2025-02-05,Returned,COD,Hyderabad,Rajasthan
O001959,11716,2025-08-12,Delivered,Credit Card,Delhi,Telangana
O001960,11583,2024-10-04,Delivered,COD,Gurugram,Gujarat
O001961,11383,2024-11-15,Delivered,Net Banking,Ahmedabad,Maharashtra
O001962,11301,2025-06-16,Delivered,Credit Card,Hyderabad,Karnataka
O001963,11337,2025-05-11,Delivered,UPI,Bengaluru,West Bengal
O001964,11243,2024-12-28,Delivered,UPI,Bengaluru,Karnataka
O001965,11706,2025-01-06,Cancelled,COD,Chennai,Haryana
O001966,11902,2025-10-16,Shipped,COD,Lucknow,Gujarat
O001967,11968,2024-02-05,Returned,UPI,Kochi,Maharashtra
O001968,12248,2024-10-29,Delivered,Credit Card,Ludhiana,Gujarat
O001969,12380,2025-03-13,Delivered,Debit Card,Chennai,Uttar Pradesh
O001970,11680,2025-12-26,Delivered,UPI,Ludhiana,Telangana
O001971,11316,2024-02-01,Returned,Net Banking,Bengaluru,West Bengal
O001972,12114,2024-07-04,Delivered,Credit Card,Lucknow,Haryana
O001973,10731,2024-06-22,Delivered,Debit Card,Kochi,Punjab
O001974,10568,2025-07-19,Cancelled,Debit Card,Ludhiana,Tamil Nadu
O001975,12452,2025-11-03,Delivered,Credit Card,Gurugram,Telangana
O001976,11749,2024-09-06,Delivered,UPI,Delhi,Uttar Pradesh
O001977,11630,2024-10-05,Delivered,Debit Card,Delhi,Delhi
O001978,10596,2025-11-13,Delivered,Net Banking,Kochi,Punjab
O001979,10648,2025-11-25,Cancelled,Credit Card,Lucknow,Kerala
O001980,12194,2024-01-02,Delivered,COD,Kochi,Rajasthan
O001981,11554,2024-07-12,Delivered,UPI,Chennai,Gujarat
O001982,10125,2024-06-14,Delivered,Credit Card,Mumbai,Telangana
O001983,11538,2024-04-19,Delivered,Net Banking,Jaipur,West Bengal
O001984,11356,2025-01-14,Delivered,Debit Card,Chennai,Tamil Nadu
O001985,10480,2025-08-05,Delivered,UPI,Hyderabad,West Bengal
O001986,11002,2025-11-06,Delivered,UPI,Delhi,West Bengal
O001987,10712,2024-10-11,Delivered,Credit Card,Hyderabad,Delhi
O001988,11971,2025-02-24,Shipped,Credit Card,Chennai,Kerala
O001989,11422,2024-04-22,Delivered,Net Banking,Bengaluru,Tamil Nadu
O001990,11818,2024-08-15,Shipped,COD,Gurugram,Uttar Pradesh
O001991,10815,2025-04-15,Delivered,Credit Card,Gurugram,Maharashtra
O001992,10056,2025-06-11,Delivered,Credit Card,Gurugram,Punjab
O001993,11655,2025-05-10,Returned,Credit Card,Kochi,Uttar Pradesh
O001994,10132,2024-01-31,Delivered,Net Banking,Mumbai,Haryana
O001995,10231,2024-06-10,Delivered,Debit Card,Hyderabad,Tamil Nadu
O001996,10395,2025-12-05,Delivered,COD,Ahmedabad,Maharashtra
O001997,10982,2025-12-22,Delivered,Net Banking,Ahmedabad,Maharashtra
O001998,10933,2025-01-12,Delivered,Credit Card,Mumbai,Tamil Nadu
O001999,11530,2025-03-21,Delivered,Debit Card,Ahmedabad,Delhi
O002000,11410,2025-03-02,Delivered,Credit Card,Chennai,Tamil Nadu
O002001,10533,2025-11-26,Delivered,Net Banking,Mumbai,Telangana
O002002,10965,2025-05-18,Shipped,UPI,Jaipur,Haryana
O002003,12496,2025-06-10,Delivered,Credit Card,Chennai,Kerala
O002004,12174,2025-12-21,Delivered,Debit Card,Hyderabad,Rajasthan
O002005,10555,2025-11-14,Delivered,COD,Hyderabad,Delhi
O002006,12494,2025-06-15,Delivered,UPI,Hyderabad,Maharashtra
O002007,11494,2025-08-04,Delivered,Credit Card,Ahmedabad,Punjab
O002008,10385,2025-06-03,Delivered,Credit Card,Gurugram,Delhi
O002009,10712,2024-02-03,Delivered,Debit Card,Jaipur,Maharashtra
O002010,11472,2025-11-21,Cancelled,UPI,Delhi,Delhi
O002011,12500,2025-05-04,Shipped,UPI,Kolkata,Kerala
O002012,10654,2025-09-11,Delivered,UPI,Hyderabad,Karnataka
O002013,11143,2025-02-26,Cancelled,Credit Card,Bengaluru,Uttar Pradesh
O002014,11117,2025-04-12,Delivered,UPI,Ludhiana,Maharashtra
O002015,11609,2024-01-24,Delivered,Credit Card,Kochi,Maharashtra
O002016,10538,2024-08-03,Returned,Credit Card,Delhi,Maharashtra
O002017,11457,2024-02-24,Delivered,UPI,Mumbai,Tamil Nadu
O002018,11898,2024-01-26,Delivered,Net Banking,Ahmedabad,West Bengal
O002019,12193,2024-10-07,Delivered,COD,Mumbai,Karnataka
O002020,11092,2024-11-22,Cancelled,COD,Ludhiana,Kerala
O002021,10700,2024-07-04,Delivered,Net Banking,Hyderabad,Haryana
O002022,11902,2025-05-09,Delivered,UPI,Gurugram,Delhi
O002023,12179,2024-01-12,Delivered,Credit Card,Ludhiana,Telangana
O002024,10733,2025-10-02,Delivered,Debit Card,Hyderabad,Rajasthan
O002025,11305,2025-03-09,Delivered,Net Banking,Delhi,Haryana
O002026,11813,2024-07-26,Shipped,COD,Bengaluru,Maharashtra
O002027,11676,2024-05-12,Delivered,COD,Kochi,Kerala
O002028,10513,2024-12-04,Delivered,Credit Card,Kochi,Uttar Pradesh
O002029,10001,2024-07-14,Shipped,COD,Hyderabad,Kerala
O002030,11966,2024-09-18,Delivered,COD,Jaipur,Delhi
O002031,10432,2024-10-08,Delivered,Credit Card,Lucknow,Kerala
O002032,12439,2025-01-03,Delivered,UPI,Mumbai,Telangana
O002033,11290,2024-04-12,Cancelled,COD,Hyderabad,Rajasthan
O002034,10399,2025-09-23,Delivered,UPI,Ludhiana,Kerala
O002035,10808,2024-07-01,Delivered,Debit Card,Kochi,Telangana
O002036,11280,2025-02-26,Delivered,UPI,,Tamil Nadu
O002037,12443,2024-01-09,Delivered,Credit Card,Delhi,Rajasthan
O002038,10952,2025-07-10,Delivered,Credit Card,Chennai,Telangana
O002039,12222,2024-08-31,Delivered,Credit Card,Ahmedabad,Telangana
O002040,11069,2025-09-15,Delivered,COD,Mumbai,Haryana
O002041,10855,2025-07-20,Delivered,Net Banking,Hyderabad,Punjab
O002042,10745,2025-01-27,Delivered,COD,Delhi,Gujarat
O002043,12098,2025-06-10,Delivered,UPI,Chennai,Uttar Pradesh
O002044,10243,2024-02-06,Cancelled,Debit Card,Hyderabad,Delhi
O002045,11164,2024-06-26,Returned,Debit Card,Kolkata,West Bengal
O002046,11620,2025-09-30,Delivered,Debit Card,Gurugram,Delhi
O002047,10276,2025-09-20,Delivered,Debit Card,Ahmedabad,Haryana
O002048,10008,2024-03-12,Delivered,Net Banking,Chennai,Uttar Pradesh
O002049,10715,2024-12-17,Delivered,Debit Card,Delhi,Karnataka
O002050,11959,2025-09-14,Delivered,COD,Ahmedabad,Gujarat
O002051,12081,2024-05-28,Delivered,Debit Card,Chennai,Uttar Pradesh
O002052,10810,2025-11-27,Shipped,Credit Card,Delhi,Maharashtra
O002053,11473,2024-04-14,Shipped,UPI,Gurugram,Karnataka
O002054,10928,2025-10-20,Delivered,COD,Mumbai,Uttar Pradesh
O002055,10862,2024-08-08,Delivered,Net Banking,Gurugram,Delhi
O002056,10037,2025-01-08,Delivered,COD,Hyderabad,Karnataka
O002057,12082,2025-06-01,Delivered,Credit Card,Lucknow,Haryana
O002058,10455,2024-09-16,Shipped,Debit Card,Bengaluru,Kerala
O002059,10444,2024-10-25,Delivered,Debit Card,Delhi,West Bengal
O002060,10212,2024-02-11,Delivered,Net Banking,Bengaluru,Delhi
O002061,11730,2025-05-06,Shipped,UPI,Hyderabad,Kerala
O002062,10982,2025-03-14,Delivered,Debit Card,Hyderabad,Telangana
O002063,12409,2024-02-16,Delivered,Net Banking,Kochi,Gujarat
O002064,12352,2024-03-25,Delivered,Debit Card,Chennai,Maharashtra
O002065,10296,2025-11-16,Cancelled,COD,Ludhiana,West Bengal
O002066,10152,2024-02-27,Delivered,Net Banking,Kochi,Haryana
O002067,11970,2025-12-11,Delivered,Net Banking,Hyderabad,West Bengal
O002068,11220,2024-07-27,Delivered,Net Banking,Hyderabad,Rajasthan
O002069,10600,2024-09-04,Shipped,Debit Card,Chennai,Telangana
O002070,11323,2024-07-29,Delivered,Net Banking,Ahmedabad,Maharashtra
O002071,11553,2024-02-08,Delivered,COD,Ludhiana,Karnataka
O002072,11512,2024-09-08,Returned,UPI,Delhi,Tamil Nadu
O002073,12259,2025-10-04,Returned,UPI,Jaipur,Telangana
O002074,10232,2025-02-16,Returned,Credit Card,Bengaluru,Rajasthan
O002075,10367,2025-03-21,Delivered,COD,Jaipur,Telangana
O002076,10481,2024-02-21,Cancelled,COD,Kochi,West Bengal
O002077,10572,2025-01-08,Delivered,Net Banking,Jaipur,Kerala
O002078,11203,2025-06-09,Delivered,Credit Card,Chennai,Uttar Pradesh
O002079,11508,2024-06-04,Delivered,COD,Ludhiana,Maharashtra
O002080,11613,2025-06-25,Delivered,COD,Ahmedabad,Uttar Pradesh
O002081,11571,2024-03-30,Delivered,COD,Lucknow,Maharashtra
O002082,10930,2025-11-09,Delivered,Debit Card,Jaipur,Telangana
O002083,11040,2024-12-16,Shipped,COD,Jaipur,Kerala
O002084,11426,2024-03-09,Delivered,Debit Card,Kolkata,Karnataka
O002085,12342,2024-06-11,Delivered,COD,Chennai,Maharashtra
O002086,10171,2024-08-29,Delivered,UPI,Kolkata,Gujarat
O002087,11056,2025-05-09,Returned,Debit Card,Chennai,Telangana
O002088,12311,2025-01-17,Delivered,Debit Card,Chennai,Karnataka
O002089,11239,2024-02-21,Delivered,Net Banking,Gurugram,Gujarat
O002090,12007,2025-10-15,Delivered,COD,Lucknow,West Bengal
O002091,10189,2024-03-03,Cancelled,Credit Card,Kochi,Delhi
O002092,10786,2025-05-23,Delivered,Credit Card,Mumbai,Tamil Nadu
O002093,10583,2024-10-18,Delivered,Credit Card,Delhi,Rajasthan
O002094,11832,2024-03-31,Delivered,Credit Card,Kochi,Delhi
O002095,10600,2025-10-25,Cancelled,UPI,Bengaluru,West Bengal
O002096,10846,2025-02-27,Delivered,Credit Card,Jaipur,Haryana
O002097,12030,2025-10-30,Delivered,Net Banking,Hyderabad,Haryana
O002098,11206,2024-12-30,Delivered,Credit Card,Hyderabad,Tamil Nadu
O002099,12390,2024-05-29,Returned,Net Banking,Bengaluru,Haryana
O002100,10954,2024-09-27,Delivered,Debit Card,Jaipur,Karnataka
O002101,12070,2025-08-03,Delivered,COD,Jaipur,Kerala
O002102,11098,2024-04-25,Delivered,Credit Card,Chennai,West Bengal
O002103,11626,2025-12-04,Delivered,Net Banking,Mumbai,Delhi
O002104,11871,2025-05-30,Delivered,Net Banking,Jaipur,Maharashtra
O002105,10166,2025-08-09,Delivered,COD,Gurugram,Haryana
O002106,12025,2024-08-28,Returned,Debit Card,Ludhiana,West Bengal
O002107,10234,2024-01-30,Delivered,Credit Card,Kochi,Kerala
O002108,11399,2024-05-22,Cancelled,Net Banking,Mumbai,Karnataka
O002109,11457,2024-11-21,Delivered,Credit Card,Lucknow,Kerala
O002110,10641,2025-11-25,Returned,UPI,Bengaluru,Telangana
O002111,11358,2024-01-16,Delivered,Net Banking,Lucknow,Punjab
O002112,11828,2024-04-20,Delivered,Debit Card,Lucknow,Delhi
O002113,10607,2025-12-13,Delivered,COD,Bengaluru,Telangana
O002114,10540,2024-04-16,Delivered,Net Banking,Mumbai,Haryana
O002115,11468,2025-01-13,Delivered,UPI,Hyderabad,Tamil Nadu
O002116,12366,2024-06-10,Delivered,COD,Gurugram,Gujarat
O002117,10343,2024-10-09,Delivered,Debit Card,Gurugram,Maharashtra
O002118,10637,2024-09-25,Delivered,Credit Card,Delhi,Kerala
O002119,10079,2025-04-28,Delivered,Credit Card,Jaipur,Punjab
O002120,12497,2025-10-28,Delivered,Net Banking,Ludhiana,Tamil Nadu
O002121,12330,2024-03-13,Delivered,COD,Kolkata,Karnataka
O002122,12105,2024-07-15,Delivered,UPI,Bengaluru,Gujarat
O002123,10191,2024-08-30,Delivered,UPI,Hyderabad,Punjab
O002124,10644,2025-08-20,Delivered,Debit Card,Kolkata,Tamil Nadu
O002125,11487,2024-09-15,Delivered,COD,Ludhiana,Uttar Pradesh
O002126,12090,2024-05-28,Shipped,COD,Ludhiana,Karnataka
O002127,11510,2025-01-24,Delivered,Credit Card,Lucknow,Punjab
O002128,11217,2025-02-19,Delivered,Debit Card,Hyderabad,West Bengal
O002129,10790,2025-03-01,Delivered,Debit Card,Mumbai,Gujarat
O002130,10742,2025-12-02,Shipped,Debit Card,Bengaluru,Uttar Pradesh
O002131,12213,2024-08-04,Delivered,COD,Ahmedabad,Tamil Nadu
O002132,10090,2024-03-26,Delivered,Credit Card,Ahmedabad,Punjab
O002133,11715,2024-08-03,Delivered,Debit Card,Kochi,Punjab
O002134,10987,2025-02-26,Delivered,Credit Card,Jaipur,Gujarat
O002135,10648,2024-11-15,Delivered,Debit Card,Hyderabad,Uttar Pradesh
O002136,10819,2024-04-27,Delivered,COD,Hyderabad,Punjab
O002137,10243,2025-02-18,Cancelled,Credit Card,Ahmedabad,Karnataka
O002138,11900,2025-08-21,Delivered,Net Banking,Gurugram,Uttar Pradesh
O002139,10219,2024-02-09,Delivered,Debit Card,Delhi,Delhi
O002140,10009,2024-06-09,Delivered,COD,Kolkata,West Bengal
O002141,10430,2025-12-03,Delivered,Credit Card,Lucknow,Haryana
O002142,10013,2025-06-20,Delivered,UPI,Ahmedabad,Karnataka
O002143,11799,2025-02-23,Cancelled,COD,Kochi,Karnataka
O002144,10690,2025-10-25,Delivered,COD,Jaipur,Kerala
O002145,11783,2024-04-04,Delivered,UPI,Lucknow,Rajasthan
O002146,10677,2025-03-17,Delivered,UPI,Ludhiana,West Bengal
O002147,12232,2025-07-11,Delivered,Net Banking,Jaipur,Gujarat
O002148,11005,2025-10-11,Delivered,Net Banking,Jaipur,Telangana
O002149,10208,2025-04-10,Delivered,Net Banking,Hyderabad,Delhi
O002150,11324,2024-10-14,Returned,COD,Chennai,Gujarat
O002151,11003,2025-11-06,Delivered,COD,Lucknow,Kerala
O002152,11766,2025-02-15,Delivered,COD,Mumbai,Kerala
O002153,11554,2025-02-03,Delivered,Net Banking,Ludhiana,Karnataka
O002154,11683,2025-06-11,Cancelled,Credit Card,Kolkata,Kerala
O002155,12292,2024-01-18,Shipped,COD,Lucknow,Punjab
O002156,11986,2024-05-15,Delivered,COD,Ahmedabad,Uttar Pradesh
O002157,10771,2025-04-08,Returned,COD,Kolkata,Haryana
O002158,10238,2024-09-04,Delivered,Net Banking,Mumbai,Gujarat
O002159,12393,2025-12-10,Delivered,Debit Card,Chennai,Maharashtra
O002160,12358,2024-01-01,Shipped,Net Banking,Bengaluru,Tamil Nadu
O002161,11585,2025-12-02,Shipped,Debit Card,Lucknow,Karnataka
O002162,11308,2025-01-15,Cancelled,Net Banking,Chennai,Tamil Nadu
O002163,12086,2025-05-23,Cancelled,Credit Card,Kochi,Rajasthan
O002164,11820,2025-04-04,Returned,Credit Card,Chennai,Punjab
O002165,10032,2025-05-19,Delivered,COD,Ahmedabad,Kerala
O002166,10292,2025-04-20,Delivered,Net Banking,Ludhiana,Rajasthan
O002167,10292,2025-07-10,Delivered,Debit Card,Ahmedabad,Karnataka
O002168,11643,2024-02-01,Shipped,Debit Card,Mumbai,Uttar Pradesh
O002169,11406,2024-04-27,Delivered,Credit Card,Ludhiana,Punjab
O002170,10578,2024-07-02,Delivered,COD,Lucknow,Uttar Pradesh
O002171,11162,2024-07-09,Cancelled,Debit Card,Lucknow,Rajasthan
O002172,11224,2025-12-28,Returned,Net Banking,Kolkata,Gujarat
O002173,10447,2024-03-14,Delivered,COD,Bengaluru,Tamil Nadu
O002174,10278,2025-09-14,Delivered,Net Banking,Ludhiana,Gujarat
O002175,11825,2024-04-12,Delivered,Net Banking,Ludhiana,Uttar Pradesh
O002176,11423,2025-08-08,Delivered,Credit Card,Ludhiana,Tamil Nadu
O002177,10984,2025-02-23,Delivered,Net Banking,Hyderabad,Gujarat
O002178,11573,2025-04-17,Cancelled,UPI,Gurugram,Gujarat
O002179,10059,2024-04-23,Delivered,COD,Delhi,Telangana
O002180,10459,2025-01-13,Delivered,UPI,Delhi,Delhi
O002181,10104,2024-11-08,Delivered,Net Banking,Mumbai,Telangana
O002182,10831,2024-11-25,Delivered,Net Banking,Gurugram,Punjab
O002183,10789,2024-12-04,Delivered,Credit Card,Lucknow,Maharashtra
O002184,12152,2024-08-25,Delivered,Credit Card,Kochi,Haryana
O002185,10742,2024-06-21,Shipped,Credit Card,Gurugram,Uttar Pradesh
O002186,11573,2024-03-19,Delivered,Credit Card,Mumbai,Tamil Nadu
O002187,12349,2025-04-08,Shipped,Debit Card,Lucknow,West Bengal
O002188,10555,2025-08-27,Delivered,Credit Card,Delhi,Telangana
O002189,10628,2025-05-15,Delivered,Net Banking,Jaipur,Tamil Nadu
O002190,11108,2025-07-15,Delivered,Net Banking,Ludhiana,Maharashtra
O002191,12408,2024-10-11,Delivered,COD,Kolkata,Haryana
O002192,12135,2024-08-10,Delivered,UPI,Kolkata,Kerala
O002193,10428,2025-08-15,Delivered,Debit Card,Gurugram,Karnataka
O002194,12415,2024-09-22,Delivered,Debit Card,Jaipur,Delhi
O002195,12391,2025-10-28,Delivered,COD,Ludhiana,Delhi
O002196,12395,2025-01-07,Delivered,COD,Chennai,Gujarat
O002197,11827,2024-08-20,Delivered,Credit Card,Bengaluru,Haryana
O002198,11945,2024-08-23,Delivered,COD,Ahmedabad,Rajasthan
O002199,12144,2025-11-01,Delivered,Debit Card,Kolkata,Telangana
O002200,11878,2024-11-09,Delivered,UPI,Kolkata,Karnataka
O002201,11160,2025-01-14,Delivered,UPI,Lucknow,Uttar Pradesh
O002202,11272,2025-09-05,Delivered,Debit Card,Ahmedabad,Uttar Pradesh
O002203,10884,2025-07-16,Delivered,Credit Card,Chennai,Uttar Pradesh
O002204,10486,2025-02-23,Delivered,UPI,Kolkata,Punjab
O002205,11426,2024-02-21,Delivered,UPI,Ahmedabad,Gujarat
O002206,10604,2025-12-21,Returned,Credit Card,Delhi,Karnataka
O002207,10412,2025-10-04,Delivered,UPI,Hyderabad,Karnataka
O002208,11995,2025-05-23,Delivered,Net Banking,Hyderabad,Gujarat
O002209,11932,2024-07-23,Shipped,Debit Card,Gurugram,Tamil Nadu
O002210,12496,2024-09-13,Delivered,UPI,Jaipur,Haryana
O002211,10247,2024-07-03,Delivered,UPI,Lucknow,Uttar Pradesh
O002212,12469,2024-05-24,Shipped,Credit Card,Bengaluru,Gujarat
O002213,12172,2025-11-20,Cancelled,UPI,Chennai,Kerala
O002214,11623,2024-01-14,Delivered,Credit Card,Lucknow,Kerala
O002215,12061,2024-09-02,Delivered,Debit Card,Kolkata,Telangana
O002216,10800,2024-07-05,Shipped,Net Banking,Ludhiana,Telangana
O002217,10945,2024-12-02,Delivered,COD,Ahmedabad,Rajasthan
O002218,12248,2024-09-15,Delivered,Debit Card,Ahmedabad,Gujarat
O002219,11266,2024-02-09,Delivered,UPI,Kochi,Maharashtra
O002220,11263,2025-08-23,Delivered,Net Banking,Chennai,Karnataka
O002221,12351,2025-09-28,Delivered,COD,Lucknow,Punjab
O002222,11189,2025-02-21,Delivered,COD,Ahmedabad,Uttar Pradesh
O002223,10176,2024-12-16,Shipped,UPI,Ahmedabad,Haryana
O002224,11053,2024-01-09,Delivered,COD,Kochi,Tamil Nadu
O002225,11318,2024-12-15,Delivered,COD,Bengaluru,Uttar Pradesh
O002226,10477,2024-03-24,Delivered,Debit Card,Jaipur,Delhi
O002227,12431,2025-06-16,Delivered,Debit Card,Lucknow,Gujarat
O002228,11716,2024-12-23,Delivered,COD,Lucknow,Tamil Nadu
O002229,11675,2025-01-12,Delivered,Credit Card,Chennai,Punjab
O002230,10334,2024-06-20,Delivered,UPI,Gurugram,Tamil Nadu
O002231,11272,2024-01-25,Delivered,Credit Card,Mumbai,Tamil Nadu
O002232,11265,2025-01-27,Returned,Credit Card,Mumbai,Telangana
O002233,10931,2024-04-12,Delivered,COD,Chennai,Tamil Nadu
O002234,10685,2025-12-02,Delivered,UPI,Kochi,Kerala
O002235,10561,2024-08-23,Delivered,Credit Card,Hyderabad,Maharashtra
O002236,10123,2025-02-13,Delivered,Debit Card,Ahmedabad,Telangana
O002237,11059,2025-07-02,Delivered,Debit Card,Lucknow,Karnataka
O002238,10840,2024-11-27,Delivered,UPI,Mumbai,Uttar Pradesh
O002239,10416,2025-10-25,Delivered,Credit Card,,Tamil Nadu
O002240,10708,2025-06-15,Delivered,Net Banking,Ludhiana,Telangana
O002241,10347,2025-10-10,Delivered,Net Banking,Chennai,Haryana
O002242,12085,2024-01-29,Delivered,UPI,Gurugram,Delhi
O002243,11724,2025-06-26,Delivered,UPI,Chennai,West Bengal
O002244,10849,2024-01-19,Delivered,Net Banking,Chennai,Gujarat
O002245,10535,2024-05-27,Shipped,Credit Card,Bengaluru,Tamil Nadu
O002246,11730,2025-04-15,Delivered,Credit Card,Ahmedabad,Delhi
O002247,11902,2025-05-05,Delivered,COD,Bengaluru,Delhi
O002248,10664,2024-10-09,Cancelled,UPI,Chennai,Uttar Pradesh
O002249,11042,2025-11-05,Delivered,Credit Card,Hyderabad,Tamil Nadu
O002250,10027,2024-04-22,Delivered,Net Banking,Ahmedabad,Maharashtra
O002251,11053,2025-03-30,Delivered,Net Banking,Ahmedabad,Haryana
O002252,11675,2025-10-23,Delivered,Debit Card,Delhi,Kerala
O002253,11659,2024-11-25,Delivered,Credit Card,Ludhiana,West Bengal
O002254,10640,2024-09-11,Delivered,COD,Lucknow,Kerala
O002255,11742,2025-08-21,Delivered,COD,Ahmedabad,Gujarat
O002256,10042,2025-02-02,Delivered,UPI,Mumbai,Uttar Pradesh
O002257,11715,2025-09-01,Returned,Debit Card,Hyderabad,Delhi
O002258,12261,2025-05-22,Delivered,Net Banking,Ahmedabad,Haryana
O002259,11987,2025-10-05,Delivered,Net Banking,Lucknow,Gujarat
O002260,10702,2025-04-10,Delivered,UPI,Kochi,Kerala
O002261,11455,2025-02-10,Delivered,COD,Lucknow,Delhi
O002262,12128,2025-08-31,Delivered,COD,Gurugram,Kerala
O002263,11252,2024-04-07,Delivered,Net Banking,Kochi,Delhi
O002264,12472,2024-10-16,Shipped,UPI,Kolkata,Kerala
O002265,11997,2025-10-18,Shipped,Credit Card,Bengaluru,Rajasthan
O002266,10919,2024-06-04,Delivered,Debit Card,,Punjab
O002267,10165,2024-06-10,Delivered,COD,Delhi,Delhi
O002268,11450,2025-09-15,Delivered,COD,Hyderabad,Uttar Pradesh
O002269,11066,2025-11-27,Delivered,COD,Kolkata,Punjab
O002270,11821,2025-12-17,Returned,Credit Card,Kochi,Telangana
O002271,12464,2024-04-06,Delivered,Credit Card,Gurugram,Rajasthan
O002272,10336,2025-01-11,Delivered,Debit Card,Hyderabad,Karnataka
O002273,11925,2025-07-20,Delivered,COD,Mumbai,Haryana
O002274,10881,2025-03-25,Delivered,Net Banking,Bengaluru,Uttar Pradesh
O002275,11454,2024-04-26,Returned,COD,Jaipur,Tamil Nadu
O002276,10972,2025-08-27,Shipped,Debit Card,Kolkata,Karnataka
O002277,10030,2025-12-16,Delivered,Debit Card,Bengaluru,Punjab
O002278,11541,2025-05-20,Shipped,Net Banking,Bengaluru,Delhi
O002279,10575,2024-07-07,Delivered,Credit Card,Lucknow,Tamil Nadu
O002280,10221,2025-04-20,Delivered,Net Banking,Chennai,Karnataka
O002281,10827,2024-11-18,Delivered,Debit Card,Delhi,Gujarat
O002282,12014,2025-08-18,Delivered,Net Banking,Kolkata,Maharashtra
O002283,11518,2024-06-28,Delivered,COD,Mumbai,Telangana
O002284,10754,2024-06-29,Delivered,Debit Card,Jaipur,Maharashtra
O002285,11277,2025-11-23,Delivered,Credit Card,Kochi,Karnataka
O002286,11588,2024-10-13,Delivered,Credit Card,Kochi,West Bengal
O002287,11021,2025-04-19,Delivered,Net Banking,Kochi,Uttar Pradesh
O002288,11489,2025-09-09,Delivered,Net Banking,Mumbai,Karnataka
O002289,11962,2025-10-02,Delivered,Net Banking,Hyderabad,West Bengal
O002290,11863,2024-09-18,Cancelled,COD,Ahmedabad,Punjab
O002291,10438,2025-06-06,Delivered,Credit Card,Ahmedabad,Tamil Nadu
O002292,10479,2024-06-10,Delivered,Debit Card,Chennai,West Bengal
O002293,10783,2025-05-01,Delivered,Debit Card,Delhi,Karnataka
O002294,11008,2024-06-29,Delivered,Credit Card,Jaipur,Gujarat
O002295,10072,2025-12-25,Delivered,Net Banking,Kolkata,Karnataka
O002296,10582,2025-04-13,Delivered,UPI,Lucknow,Uttar Pradesh
O002297,10220,2024-01-21,Delivered,Net Banking,Kochi,Karnataka
O002298,11028,2024-10-01,Shipped,Credit Card,Kolkata,Gujarat
O002299,10290,2024-09-16,Delivered,COD,Hyderabad,Telangana
O002300,10380,2024-11-28,Delivered,Net Banking,Mumbai,West Bengal
O002301,11379,2025-04-10,Delivered,Debit Card,Ahmedabad,Maharashtra
O002302,11959,2024-04-25,Delivered,COD,Mumbai,Uttar Pradesh
O002303,12128,2025-02-16,Delivered,Credit Card,Kolkata,Kerala
O002304,10066,2025-06-20,Delivered,UPI,Bengaluru,Maharashtra
O002305,12184,2025-12-23,Delivered,Net Banking,Ludhiana,Haryana
O002306,10399,2024-09-13,Shipped,COD,Bengaluru,Delhi
O002307,10347,2024-06-16,Delivered,COD,Gurugram,Rajasthan
O002308,11985,2025-06-16,Shipped,Debit Card,Kolkata,Maharashtra
O002309,12107,2025-08-20,Delivered,Net Banking,Lucknow,Delhi
O002310,10778,2024-01-15,Delivered,UPI,Jaipur,Gujarat
O002311,11904,2024-02-19,Delivered,COD,Lucknow,Tamil Nadu
O002312,10079,2024-10-30,Delivered,Debit Card,Gurugram,Uttar Pradesh
O002313,11582,2025-05-01,Delivered,Net Banking,Delhi,Gujarat
O002314,11779,2025-02-19,Cancelled,Net Banking,Ahmedabad,Gujarat
O002315,12163,2024-10-31,Delivered,UPI,Kolkata,Punjab
O002316,10986,2024-07-14,Cancelled,Debit Card,Chennai,West Bengal
O002317,11486,2025-01-22,Shipped,UPI,Kolkata,Rajasthan
O002318,11650,2025-03-30,Delivered,COD,Ahmedabad,Telangana
O002319,12174,2025-12-13,Delivered,Credit Card,Gurugram,Delhi
O002320,11626,2025-12-05,Delivered,Credit Card,Hyderabad,Punjab
O002321,10965,2025-10-19,Shipped,UPI,Ludhiana,Tamil Nadu
O002322,10829,2024-11-05,Cancelled,UPI,Chennai,Karnataka
O002323,11198,2024-05-06,Delivered,Credit Card,Ludhiana,Maharashtra
O002324,12500,2024-06-23,Delivered,COD,Hyderabad,Tamil Nadu
O002325,11719,2024-05-13,Delivered,UPI,Bengaluru,Haryana
O002326,12433,2024-03-06,Shipped,COD,Mumbai,West Bengal
O002327,11229,2025-01-27,Returned,COD,Kolkata,Karnataka
O002328,12411,2024-12-30,Delivered,Debit Card,Ahmedabad,West Bengal
O002329,11841,2024-10-05,Delivered,COD,Mumbai,Uttar Pradesh
O002330,10498,2024-12-28,Delivered,Net Banking,Chennai,Rajasthan
O002331,10537,2024-06-19,Delivered,Credit Card,Delhi,Gujarat
O002332,12064,2024-02-20,Shipped,Credit Card,Jaipur,West Bengal
O002333,11165,2024-11-23,Delivered,UPI,,Tamil Nadu
O002334,11972,2025-10-26,Delivered,UPI,Chennai,Telangana
O002335,10300,2025-08-14,Delivered,Debit Card,Ludhiana,Punjab
O002336,12387,2024-05-24,Delivered,Debit Card,Kolkata,Uttar Pradesh
O002337,10303,2024-09-30,Delivered,Net Banking,Jaipur,Maharashtra
O002338,10592,2024-06-03,Shipped,UPI,Delhi,Rajasthan
O002339,10076,2025-05-22,Delivered,Credit Card,Chennai,Kerala
O002340,10914,2024-12-28,Delivered,Net Banking,Gurugram,Telangana
O002341,10780,2024-11-20,Delivered,UPI,Delhi,Gujarat
O002342,10921,2025-10-16,Delivered,Net Banking,Lucknow,Maharashtra
O002343,11524,2024-10-24,Delivered,COD,Chennai,Punjab
O002344,11750,2025-05-08,Delivered,COD,Hyderabad,Karnataka
O002345,12036,2025-06-29,Delivered,Net Banking,Chennai,Haryana
O002346,12414,2024-10-30,Delivered,UPI,Lucknow,Kerala
O002347,11006,2025-04-11,Shipped,COD,Mumbai,Tamil Nadu
O002348,11702,2024-08-26,Delivered,COD,Gurugram,Telangana
O002349,12444,2025-10-11,Delivered,Net Banking,Bengaluru,West Bengal
O002350,10804,2025-05-31,Delivered,COD,Ahmedabad,Tamil Nadu
O002351,11052,2024-06-24,Shipped,Credit Card,Mumbai,Karnataka
O002352,10872,2025-02-13,Delivered,COD,Ludhiana,Haryana
O002353,10115,2025-12-26,Delivered,Net Banking,Gurugram,Gujarat
O002354,10373,2024-12-29,Delivered,COD,Gurugram,Punjab
O002355,10850,2024-01-23,Delivered,COD,Gurugram,Punjab
O002356,12138,2024-11-13,Shipped,Debit Card,Lucknow,Karnataka
O002357,10757,2025-06-08,Cancelled,Net Banking,Bengaluru,Karnataka
O002358,11322,2024-10-02,Delivered,Net Banking,Hyderabad,West Bengal
O002359,10031,2025-08-26,Shipped,Debit Card,Kolkata,Karnataka
O002360,11853,2025-09-11,Delivered,Debit Card,Gurugram,Punjab
O002361,12406,2024-08-16,Delivered,Credit Card,Hyderabad,Delhi
O002362,11806,2025-10-25,Shipped,COD,Kolkata,Maharashtra
O002363,12318,2024-04-17,Delivered,UPI,Ahmedabad,Haryana
O002364,11437,2024-06-24,Delivered,UPI,Hyderabad,Rajasthan
O002365,12257,2024-11-15,Cancelled,Debit Card,Ahmedabad,Gujarat
O002366,10690,2024-10-12,Delivered,Net Banking,Kolkata,Karnataka
O002367,11215,2024-11-24,Delivered,Net Banking,Bengaluru,Haryana
O002368,10457,2025-10-18,Delivered,Credit Card,Ahmedabad,Telangana
O002369,10449,2024-12-21,Shipped,UPI,Ludhiana,Telangana
O002370,10068,2024-01-14,Cancelled,Net Banking,Bengaluru,Punjab
O002371,11863,2024-10-01,Delivered,Credit Card,Mumbai,Gujarat
O002372,11803,2024-03-11,Shipped,Credit Card,Bengaluru,Gujarat
O002373,11806,2024-07-13,Delivered,Debit Card,Ludhiana,Tamil Nadu
O002374,10874,2025-06-06,Delivered,UPI,Ahmedabad,Karnataka
O002375,10467,2024-04-15,Shipped,Credit Card,Chennai,Tamil Nadu
O002376,10128,2024-07-14,Delivered,Credit Card,Bengaluru,West Bengal
O002377,11800,2024-05-24,Delivered,Credit Card,Ludhiana,Kerala
O002378,10733,2024-12-15,Delivered,UPI,Gurugram,Gujarat
O002379,11268,2025-02-27,Delivered,Debit Card,Kochi,West Bengal
O002380,11929,2025-04-15,Delivered,COD,Bengaluru,West Bengal
O002381,11043,2025-11-16,Delivered,Net Banking,Chennai,Delhi
O002382,11420,2024-08-03,Delivered,UPI,Lucknow,Tamil Nadu
O002383,10368,2024-04-02,Delivered,UPI,Lucknow,Rajasthan
O002384,12106,2024-09-16,Delivered,UPI,Bengaluru,Gujarat
O002385,12096,2025-07-28,Shipped,COD,Ahmedabad,Uttar Pradesh
O002386,10812,2025-06-24,Cancelled,Net Banking,Delhi,Gujarat
O002387,10059,2024-10-11,Shipped,Net Banking,Ahmedabad,Delhi
O002388,10161,2025-04-28,Delivered,Credit Card,Gurugram,Maharashtra
O002389,10103,2025-01-06,Shipped,Credit Card,Ahmedabad,Kerala
O002390,10846,2024-03-10,Delivered,Debit Card,Bengaluru,Maharashtra
O002391,10412,2025-01-13,Delivered,UPI,Chennai,Telangana
O002392,10786,2024-10-05,Delivered,Debit Card,Ahmedabad,Maharashtra
O002393,10183,2024-10-28,Delivered,UPI,Kolkata,Uttar Pradesh
O002394,12465,2024-09-11,Shipped,Net Banking,Mumbai,Telangana
O002395,12047,2025-11-14,Delivered,Debit Card,Chennai,Kerala
O002396,12447,2025-11-22,Delivered,Net Banking,Mumbai,Delhi
O002397,10957,2024-09-20,Cancelled,Credit Card,Kochi,Uttar Pradesh
O002398,10437,2025-11-25,Delivered,Net Banking,Chennai,Rajasthan
O002399,12366,2025-12-17,Shipped,COD,Bengaluru,Kerala
O002400,11840,2025-02-27,Shipped,Debit Card,Jaipur,Tamil Nadu
O002401,10606,2024-07-31,Delivered,UPI,Chennai,Punjab
O002402,11471,2025-11-01,Delivered,Net Banking,Delhi,Maharashtra
O002403,10497,2024-04-09,Delivered,Debit Card,Lucknow,Haryana
O002404,11367,2024-04-21,Delivered,UPI,Delhi,Rajasthan
O002405,12475,2024-11-03,Delivered,Debit Card,Gurugram,Gujarat
O002406,11852,2025-11-08,Delivered,Debit Card,Bengaluru,Tamil Nadu
O002407,11023,2025-04-19,Cancelled,COD,Hyderabad,Punjab
O002408,12288,2025-07-01,Cancelled,Net Banking,Lucknow,Maharashtra
O002409,12251,2024-04-21,Delivered,COD,Bengaluru,Karnataka
O002410,11773,2024-03-27,Delivered,Credit Card,Mumbai,Delhi
O002411,11490,2024-07-01,Delivered,Debit Card,Ahmedabad,Rajasthan
O002412,11320,2025-08-19,Delivered,Net Banking,Kolkata,Rajasthan
O002413,12335,2024-06-13,Delivered,Credit Card,Mumbai,Delhi
O002414,12121,2024-03-30,Shipped,Credit Card,Hyderabad,Kerala
O002415,10337,2025-03-30,Cancelled,COD,Ahmedabad,Maharashtra
O002416,10203,2024-08-25,Delivered,Credit Card,Chennai,Maharashtra
O002417,10231,2025-06-17,Delivered,UPI,Lucknow,Kerala
O002418,12328,2025-11-09,Delivered,UPI,Hyderabad,Haryana
O002419,10809,2025-12-27,Delivered,UPI,Lucknow,Gujarat
O002420,11329,2024-02-27,Delivered,Credit Card,Bengaluru,Gujarat
O002421,10466,2025-06-25,Delivered,Debit Card,Ahmedabad,Kerala
O002422,11198,2025-09-09,Delivered,Net Banking,Kochi,Uttar Pradesh
O002423,10804,2025-02-05,Delivered,UPI,Delhi,Gujarat
O002424,10266,2025-11-09,Delivered,UPI,Jaipur,Delhi
O002425,12295,2025-10-27,Delivered,UPI,Delhi,Haryana
O002426,12126,2025-06-02,Delivered,COD,Jaipur,Tamil Nadu
O002427,11671,2024-07-15,Shipped,COD,Ahmedabad,Delhi
O002428,12301,2024-02-15,Returned,UPI,Lucknow,Kerala
O002429,10176,2025-06-13,Cancelled,UPI,Hyderabad,West Bengal
O002430,11445,2025-01-31,Shipped,COD,Bengaluru,Tamil Nadu
O002431,11596,2025-10-26,Delivered,Net Banking,Gurugram,Uttar Pradesh
O002432,10254,2024-03-14,Delivered,Debit Card,Gurugram,Delhi
O002433,11544,2025-02-19,Delivered,Net Banking,Jaipur,Punjab
O002434,10903,2025-10-18,Delivered,Debit Card,Lucknow,Uttar Pradesh
O002435,12155,2025-09-05,Shipped,Credit Card,Delhi,Telangana
O002436,11195,2024-11-30,Shipped,Credit Card,Jaipur,West Bengal
O002437,12106,2025-09-24,Delivered,Net Banking,Bengaluru,Punjab
O002438,11361,2025-11-18,Delivered,COD,Ludhiana,Maharashtra
O002439,10084,2025-07-28,Delivered,UPI,Hyderabad,Haryana
O002440,11141,2024-10-22,Delivered,Credit Card,Chennai,Haryana
O002441,10712,2024-03-24,Delivered,COD,Chennai,Maharashtra
O002442,11558,2024-01-15,Delivered,COD,Lucknow,Uttar Pradesh
O002443,11762,2024-05-13,Returned,Debit Card,Jaipur,Haryana
O002444,11941,2025-04-22,Delivered,Credit Card,Ahmedabad,Kerala
O002445,11807,2025-09-24,Delivered,Net Banking,Bengaluru,Karnataka
O002446,10901,2024-11-14,Delivered,COD,Bengaluru,Telangana
O002447,10657,2025-01-26,Returned,Net Banking,Lucknow,Tamil Nadu
O002448,10659,2025-04-23,Cancelled,Net Banking,Mumbai,Telangana
O002449,10851,2025-10-01,Delivered,Credit Card,Ahmedabad,Punjab
O002450,12314,2025-01-02,Returned,Net Banking,Lucknow,Delhi
O002451,10141,2025-01-01,Delivered,Net Banking,Delhi,Tamil Nadu
O002452,12454,2024-10-14,Delivered,UPI,Mumbai,Tamil Nadu
O002453,12341,2025-01-12,Delivered,Net Banking,Kochi,West Bengal
O002454,11930,2025-11-22,Delivered,UPI,Jaipur,Uttar Pradesh
O002455,11055,2025-04-07,Delivered,Credit Card,Ahmedabad,Delhi
O002456,12403,2025-08-16,Returned,Net Banking,Kochi,Rajasthan
O002457,12253,2024-01-13,Shipped,COD,Kochi,Maharashtra
O002458,11502,2025-06-19,Delivered,Net Banking,Ahmedabad,Punjab
O002459,12339,2024-06-16,Delivered,UPI,Bengaluru,Haryana
O002460,10111,2024-09-26,Delivered,COD,Kolkata,Maharashtra
O002461,11092,2024-03-10,Delivered,Credit Card,Mumbai,Rajasthan
O002462,11719,2024-11-13,Delivered,Debit Card,Kochi,Karnataka
O002463,12421,2025-01-10,Delivered,Debit Card,Bengaluru,Tamil Nadu
O002464,10196,2024-03-29,Delivered,UPI,Ahmedabad,Karnataka
O002465,10126,2025-12-01,Shipped,Credit Card,Hyderabad,Karnataka
O002466,10262,2024-09-13,Delivered,Credit Card,Delhi,Punjab
O002467,10924,2024-08-04,Delivered,Net Banking,Jaipur,Telangana
O002468,11822,2025-03-25,Delivered,Debit Card,Bengaluru,Maharashtra
O002469,12203,2025-06-27,Delivered,Net Banking,Gurugram,Rajasthan
O002470,11605,2024-05-20,Delivered,Credit Card,Chennai,Uttar Pradesh
O002471,10108,2024-06-09,Delivered,UPI,Lucknow,Gujarat
O002472,12083,2024-02-01,Delivered,UPI,Bengaluru,Gujarat
O002473,10655,2024-05-31,Cancelled,COD,Bengaluru,Maharashtra
O002474,12014,2024-09-16,Delivered,UPI,Chennai,Tamil Nadu
O002475,10998,2025-12-28,Shipped,Debit Card,Jaipur,Gujarat
O002476,12464,2024-10-05,Delivered,COD,Ahmedabad,Gujarat
O002477,10285,2024-10-11,Cancelled,Debit Card,Ludhiana,Tamil Nadu
O002478,11471,2025-09-01,Delivered,Net Banking,Delhi,Maharashtra
O002479,10027,2025-06-25,Delivered,Net Banking,Kolkata,Gujarat
O002480,12275,2025-08-24,Delivered,UPI,Ahmedabad,Punjab
O002481,11592,2024-05-27,Delivered,COD,Lucknow,Rajasthan
O002482,11392,2025-10-17,Delivered,Debit Card,Kolkata,West Bengal
O002483,10848,2024-03-07,Returned,Debit Card,Kolkata,Rajasthan
O002484,11129,2025-07-23,Shipped,Credit Card,Mumbai,Uttar Pradesh
O002485,10018,2024-10-05,Delivered,UPI,Mumbai,Tamil Nadu
O002486,12091,2025-03-18,Delivered,Net Banking,Gurugram,West Bengal
O002487,12137,2025-02-02,Delivered,Credit Card,Ahmedabad,Gujarat
O002488,10157,2024-05-07,Shipped,Net Banking,Delhi,Punjab
O002489,11290,2024-12-02,Shipped,Net Banking,Kochi,Tamil Nadu
O002490,12182,2025-04-26,Delivered,Debit Card,Kochi,Karnataka
O002491,11625,2025-12-21,Delivered,Net Banking,Gurugram,Haryana
O002492,11772,2024-07-04,Shipped,COD,Jaipur,Haryana
O002493,11156,2024-06-17,Delivered,Net Banking,Kolkata,Rajasthan
O002494,11058,2025-11-14,Delivered,COD,Chennai,Punjab
O002495,12131,2024-09-16,Delivered,Net Banking,Delhi,Uttar Pradesh
O002496,11156,2025-12-17,Cancelled,Credit Card,Kolkata,Maharashtra
O002497,10204,2025-10-08,Delivered,Debit Card,Ludhiana,Rajasthan
O002498,11823,2025-07-11,Returned,Credit Card,Jaipur,Rajasthan
O002499,11360,2025-05-21,Delivered,Debit Card,Delhi,Rajasthan
O002500,10962,2025-06-04,Delivered,Credit Card,Hyderabad,Maharashtra
O002501,10442,2025-04-15,Delivered,UPI,Chennai,Kerala
O002502,11316,2024-06-09,Returned,Net Banking,Jaipur,Rajasthan
O002503,11149,2024-10-15,Delivered,Net Banking,Hyderabad,Karnataka
O002504,11687,2024-12-05,Delivered,UPI,Lucknow,Kerala
O002505,10871,2025-05-16,Delivered,UPI,Jaipur,Haryana
O002506,11199,2024-04-15,Delivered,COD,Jaipur,Haryana
O002507,11908,2025-04-19,Cancelled,Credit Card,Ahmedabad,Punjab
O002508,11516,2025-08-22,Delivered,Net Banking,Ludhiana,Uttar Pradesh
O002509,10080,2025-04-07,Shipped,COD,Bengaluru,Haryana
O002510,11329,2025-04-27,Cancelled,Net Banking,Kochi,Delhi
O002511,11368,2025-12-04,Delivered,UPI,Kolkata,Telangana
O002512,10570,2024-06-01,Shipped,COD,Mumbai,Maharashtra
O002513,11115,2025-10-10,Delivered,COD,Chennai,Maharashtra
O002514,12217,2024-05-28,Delivered,COD,Kolkata,Uttar Pradesh
O002515,12284,2024-07-06,Delivered,Credit Card,Jaipur,Telangana
O002516,10399,2025-10-14,Delivered,COD,Delhi,Tamil Nadu
O002517,10821,2024-05-10,Delivered,Net Banking,Jaipur,Punjab
O002518,10845,2025-03-27,Delivered,Credit Card,Lucknow,Rajasthan
O002519,11277,2025-05-30,Cancelled,Net Banking,Jaipur,Tamil Nadu
O002520,10358,2025-05-05,Shipped,COD,Kochi,Karnataka
O002521,11423,2025-04-20,Delivered,COD,Hyderabad,Gujarat
O002522,10521,2024-09-19,Delivered,Net Banking,Kolkata,Karnataka
O002523,10393,2025-06-21,Delivered,Debit Card,Ludhiana,Delhi
O002524,11667,2025-04-03,Delivered,COD,Delhi,Maharashtra
O002525,11396,2025-06-19,Delivered,COD,Kochi,Maharashtra
O002526,12201,2025-09-28,Delivered,Credit Card,Kochi,Haryana
O002527,10893,2025-11-14,Delivered,Net Banking,Bengaluru,Punjab
O002528,10984,2024-10-21,Shipped,COD,Hyderabad,Karnataka
O002529,10583,2025-03-10,Delivered,Net Banking,Gurugram,Delhi
O002530,11956,2024-10-01,Delivered,Credit Card,Chennai,Punjab
O002531,10020,2025-08-10,Delivered,Net Banking,Ahmedabad,Kerala
O002532,11974,2024-11-03,Delivered,Net Banking,Ahmedabad,Tamil Nadu
O002533,12276,2025-12-26,Delivered,Credit Card,Jaipur,Haryana
O002534,10019,2025-01-10,Delivered,COD,Kochi,Delhi
O002535,12492,2024-06-06,Delivered,Net Banking,Jaipur,Delhi
O002536,12416,2024-07-22,Delivered,Debit Card,Delhi,Karnataka
O002537,11643,2025-10-22,Delivered,COD,Mumbai,Gujarat
O002538,10889,2024-03-15,Delivered,Credit Card,Gurugram,Punjab
O002539,11884,2025-01-14,Delivered,UPI,Jaipur,Telangana
O002540,10726,2024-10-30,Delivered,Debit Card,Kochi,Punjab
O002541,10147,2024-03-02,Delivered,COD,Ahmedabad,Gujarat
O002542,11717,2025-07-23,Delivered,Credit Card,Ludhiana,Rajasthan
O002543,11528,2024-04-17,Returned,Debit Card,Delhi,Telangana
O002544,12478,2024-07-05,Delivered,COD,Lucknow,Maharashtra
O002545,10848,2024-08-16,Shipped,UPI,Kolkata,Karnataka
O002546,11464,2024-02-17,Shipped,COD,Gurugram,Haryana
O002547,12246,2024-09-24,Returned,UPI,Chennai,Tamil Nadu
O002548,11311,2025-12-27,Delivered,UPI,Kochi,Telangana
O002549,10565,2024-09-10,Shipped,Net Banking,Ahmedabad,Maharashtra
O002550,10369,2024-03-27,Cancelled,Credit Card,Gurugram,Telangana
O002551,11264,2024-06-29,Delivered,Net Banking,Kochi,Telangana
O002552,11311,2024-01-25,Delivered,UPI,Ahmedabad,Rajasthan
O002553,11819,2025-01-22,Returned,Credit Card,Jaipur,Kerala
O002554,11888,2024-08-09,Delivered,Credit Card,Kochi,Kerala
O002555,10060,2025-01-31,Delivered,Credit Card,Chennai,Punjab
O002556,10545,2025-05-25,Shipped,Debit Card,Chennai,Tamil Nadu
O002557,12351,2025-07-14,Delivered,COD,Delhi,Kerala
O002558,11268,2025-03-15,Delivered,UPI,Bengaluru,Tamil Nadu
O002559,11708,2024-06-23,Delivered,Credit Card,Bengaluru,Telangana
O002560,11231,2024-11-06,Delivered,Debit Card,Chennai,Tamil Nadu
O002561,12331,2024-09-30,Shipped,Debit Card,Kolkata,Maharashtra
O002562,11046,2024-02-04,Delivered,UPI,Kochi,West Bengal
O002563,10559,2024-08-04,Shipped,Net Banking,Hyderabad,Rajasthan
O002564,12397,2025-12-21,Delivered,Debit Card,Hyderabad,Gujarat
O002565,11513,2025-11-02,Delivered,UPI,Ahmedabad,Haryana
O002566,11968,2025-02-11,Delivered,Debit Card,Kolkata,Delhi
O002567,10670,2025-06-02,Delivered,UPI,Kolkata,Punjab
O002568,10258,2024-09-25,Cancelled,Credit Card,Gurugram,Tamil Nadu
O002569,11071,2025-09-29,Delivered,Net Banking,Bengaluru,Kerala
O002570,11051,2025-04-19,Shipped,Debit Card,Bengaluru,Gujarat
O002571,11051,2024-11-20,Delivered,Debit Card,Delhi,Kerala
O002572,12005,2024-12-21,Delivered,Debit Card,Ahmedabad,Kerala
O002573,10145,2024-03-30,Delivered,COD,Kolkata,Haryana
O002574,10801,2024-02-11,Shipped,COD,Kolkata,Karnataka
O002575,11486,2024-12-30,Delivered,Credit Card,Hyderabad,Delhi
O002576,12430,2025-11-01,Delivered,Debit Card,Jaipur,Rajasthan
O002577,10673,2024-07-20,Delivered,Net Banking,Kochi,West Bengal
O002578,10327,2024-12-31,Delivered,COD,Bengaluru,Punjab
O002579,11415,2024-10-14,Delivered,UPI,Chennai,Gujarat
O002580,10630,2025-08-25,Delivered,UPI,Ahmedabad,West Bengal
O002581,12020,2025-04-25,Returned,UPI,Bengaluru,Telangana
O002582,12132,2025-09-28,Delivered,Credit Card,Ludhiana,West Bengal
O002583,12194,2025-05-15,Delivered,Debit Card,Delhi,Tamil Nadu
O002584,12029,2025-09-29,Delivered,Debit Card,Mumbai,Haryana
O002585,11195,2024-02-21,Delivered,COD,Hyderabad,West Bengal
O002586,12025,2024-04-12,Delivered,UPI,Gurugram,Gujarat
O002587,11358,2024-12-26,Returned,Credit Card,Delhi,Telangana
O002588,12472,2025-02-27,Cancelled,Net Banking,Bengaluru,Tamil Nadu
O002589,11550,2025-11-29,Delivered,Debit Card,Jaipur,Maharashtra
O002590,10569,2024-07-23,Delivered,Debit Card,Jaipur,Uttar Pradesh
O002591,12395,2024-01-14,Shipped,Credit Card,Gurugram,Rajasthan
O002592,11946,2025-09-07,Cancelled,COD,Hyderabad,Haryana
O002593,10347,2025-09-20,Delivered,Credit Card,Ludhiana,Kerala
O002594,10408,2025-04-14,Delivered,COD,Bengaluru,Rajasthan
O002595,10133,2025-04-10,Cancelled,Debit Card,Gurugram,Kerala
O002596,10614,2024-10-30,Delivered,COD,Bengaluru,West Bengal
O002597,10106,2025-08-27,Delivered,COD,Chennai,Kerala
O002598,12219,2025-03-02,Cancelled,COD,Mumbai,Gujarat
O002599,10262,2025-10-17,Shipped,COD,Chennai,Punjab
O002600,10494,2024-04-19,Delivered,UPI,Lucknow,Haryana
O002601,11475,2025-11-05,Delivered,UPI,Jaipur,Telangana
O002602,10290,2025-07-18,Delivered,UPI,Kolkata,Kerala
O002603,11869,2025-05-29,Cancelled,UPI,Chennai,Tamil Nadu
O002604,11338,2024-03-08,Returned,Credit Card,Hyderabad,Rajasthan
O002605,12133,2024-09-02,Shipped,Net Banking,Bengaluru,Tamil Nadu
O002606,11439,2025-01-23,Delivered,COD,Ludhiana,Rajasthan
O002607,11353,2025-10-11,Delivered,Credit Card,Mumbai,Gujarat
O002608,10045,2024-11-03,Delivered,UPI,Hyderabad,Delhi
O002609,10815,2024-12-17,Delivered,COD,Kolkata,Kerala
O002610,12381,2024-03-06,Delivered,Net Banking,Mumbai,Haryana
O002611,10465,2025-04-04,Delivered,COD,Kolkata,Haryana
O002612,10200,2024-12-12,Delivered,Debit Card,Ludhiana,Telangana
O002613,10329,2024-11-20,Returned,Debit Card,Kolkata,Rajasthan
O002614,12288,2025-10-28,Delivered,Credit Card,Ahmedabad,Tamil Nadu
O002615,11908,2025-08-21,Delivered,Net Banking,Lucknow,Delhi
O002616,10798,2024-02-02,Delivered,Credit Card,Lucknow,Telangana
O002617,10702,2024-03-08,Delivered,COD,Bengaluru,Maharashtra
O002618,12022,2024-07-05,Delivered,Net Banking,Chennai,Kerala
O002619,11925,2024-07-10,Delivered,Credit Card,Gurugram,Punjab
O002620,12408,2024-07-31,Delivered,COD,Chennai,Uttar Pradesh
O002621,11402,2025-08-22,Delivered,UPI,Chennai,Telangana
O002622,12433,2025-03-03,Delivered,COD,Hyderabad,Delhi
O002623,12413,2024-12-16,Shipped,Credit Card,Mumbai,Delhi
O002624,12120,2024-04-17,Delivered,Net Banking,Gurugram,Delhi
O002625,11438,2024-08-27,Delivered,Net Banking,Kolkata,Rajasthan
O002626,10127,2024-08-03,Delivered,UPI,Kolkata,Telangana
O002627,11511,2024-06-25,Delivered,Credit Card,Jaipur,Telangana
O002628,11621,2025-07-18,Shipped,UPI,Ludhiana,Tamil Nadu
O002629,10482,2024-11-25,Delivered,Debit Card,Mumbai,Telangana
O002630,11336,2025-07-14,Delivered,COD,Bengaluru,Telangana
O002631,10283,2025-09-17,Shipped,Debit Card,Ahmedabad,Rajasthan
O002632,12122,2025-03-25,Delivered,Debit Card,Ahmedabad,Delhi
O002633,12395,2025-08-29,Delivered,UPI,Chennai,Delhi
O002634,12045,2025-03-22,Delivered,UPI,Lucknow,Rajasthan
O002635,12372,2025-06-20,Delivered,COD,Jaipur,Tamil Nadu
O002636,10239,2025-10-05,Delivered,UPI,Lucknow,Karnataka
O002637,11421,2024-06-27,Delivered,UPI,Chennai,West Bengal
O002638,12385,2025-01-29,Shipped,UPI,Ahmedabad,Tamil Nadu
O002639,10341,2024-05-24,Delivered,UPI,Chennai,Karnataka
O002640,10892,2024-07-16,Delivered,UPI,Ludhiana,Gujarat
O002641,11487,2024-03-24,Delivered,Debit Card,Kolkata,Kerala
O002642,10462,2025-10-30,Delivered,Debit Card,Kochi,Maharashtra
O002643,11317,2024-03-25,Shipped,COD,Chennai,Haryana
O002644,10798,2025-04-01,Delivered,Net Banking,Ahmedabad,Kerala
O002645,10733,2025-04-20,Cancelled,COD,Chennai,Rajasthan
O002646,10162,2024-09-09,Returned,Credit Card,Hyderabad,Kerala
O002647,12496,2024-03-12,Delivered,COD,Kochi,Uttar Pradesh
O002648,11479,2024-08-10,Shipped,COD,Jaipur,Haryana
O002649,12313,2024-10-02,Delivered,UPI,Delhi,Kerala
O002650,11010,2024-09-02,Delivered,UPI,Delhi,Delhi
O002651,10132,2024-12-06,Delivered,UPI,Hyderabad,Delhi
O002652,11858,2025-07-26,Delivered,Net Banking,Delhi,Tamil Nadu
O002653,12168,2025-04-15,Returned,UPI,Chennai,Delhi
O002654,11916,2025-03-29,Delivered,Credit Card,Hyderabad,Uttar Pradesh
O002655,11243,2024-01-07,Delivered,Debit Card,Gurugram,Uttar Pradesh
O002656,10672,2024-07-06,Delivered,Credit Card,Ahmedabad,Gujarat
O002657,10505,2024-01-04,Delivered,Net Banking,Gurugram,Rajasthan
O002658,12157,2025-10-06,Delivered,UPI,Ludhiana,Telangana
O002659,11262,2024-05-04,Shipped,COD,Hyderabad,Maharashtra
O002660,10293,2024-01-15,Delivered,Debit Card,Hyderabad,Karnataka
O002661,12011,2025-06-08,Cancelled,Net Banking,Chennai,Haryana
O002662,10828,2025-09-21,Cancelled,Credit Card,Kolkata,Haryana
O002663,10187,2024-08-27,Delivered,UPI,Hyderabad,Maharashtra
O002664,11060,2024-12-25,Delivered,Net Banking,Hyderabad,Kerala
O002665,12304,2025-06-01,Delivered,Net Banking,Kolkata,Rajasthan
O002666,11459,2024-11-15,Cancelled,COD,Bengaluru,Rajasthan
O002667,11643,2024-08-18,Delivered,COD,Kolkata,Rajasthan
O002668,11032,2024-01-30,Delivered,COD,Mumbai,Uttar Pradesh
O002669,11202,2025-06-17,Delivered,Credit Card,Delhi,Punjab
O002670,12089,2024-06-04,Delivered,COD,Hyderabad,Kerala
O002671,12161,2025-09-21,Delivered,Net Banking,Gurugram,Telangana
O002672,10854,2025-12-05,Delivered,Net Banking,Bengaluru,Rajasthan
O002673,12126,2025-02-02,Delivered,Net Banking,Mumbai,Haryana
O002674,10719,2024-12-11,Delivered,Debit Card,Delhi,Tamil Nadu
O002675,11847,2024-07-13,Delivered,Debit Card,Lucknow,Punjab
O002676,10878,2024-06-16,Delivered,Credit Card,Hyderabad,Gujarat
O002677,10402,2025-01-11,Shipped,COD,Lucknow,Delhi
O002678,10064,2025-05-03,Delivered,Net Banking,Kolkata,Maharashtra
O002679,11449,2024-12-27,Delivered,COD,Delhi,Maharashtra
O002680,10373,2025-04-26,Delivered,Net Banking,Lucknow,Maharashtra
O002681,10306,2024-08-31,Delivered,Debit Card,Jaipur,Uttar Pradesh
O002682,12257,2025-08-03,Delivered,Net Banking,Kochi,Karnataka
O002683,10932,2025-08-29,Delivered,Credit Card,Chennai,Uttar Pradesh
O002684,11991,2025-08-11,Cancelled,UPI,Delhi,Haryana
O002685,11416,2024-06-19,Delivered,Net Banking,Mumbai,Rajasthan
O002686,10362,2025-05-27,Delivered,Credit Card,Bengaluru,Kerala
O002687,11288,2025-02-09,Returned,Debit Card,Ludhiana,Haryana
O002688,10716,2025-07-27,Delivered,Debit Card,Hyderabad,Karnataka
O002689,11646,2024-07-25,Delivered,UPI,Chennai,Telangana
O002690,10543,2024-06-02,Delivered,COD,Kochi,Uttar Pradesh
O002691,11548,2024-02-17,Returned,COD,Hyderabad,Haryana
O002692,11663,2025-10-10,Delivered,Net Banking,Kolkata,Tamil Nadu
O002693,12242,2024-01-01,Delivered,Debit Card,Ahmedabad,Uttar Pradesh
O002694,10652,2025-02-10,Delivered,Credit Card,Kolkata,Maharashtra
O002695,11051,2024-04-16,Cancelled,UPI,Mumbai,Rajasthan
O002696,11070,2024-06-21,Delivered,COD,Kolkata,Haryana
O002697,10647,2025-05-20,Delivered,Net Banking,Jaipur,Telangana
O002698,11853,2024-05-09,Delivered,Net Banking,Ludhiana,Maharashtra
O002699,11082,2025-02-01,Delivered,Debit Card,Kochi,Maharashtra
O002700,10949,2024-10-20,Delivered,Credit Card,Delhi,Delhi
O002701,10961,2025-07-05,Shipped,Credit Card,Lucknow,Kerala
O002702,12097,2025-03-22,Delivered,COD,Bengaluru,Delhi
O002703,10803,2024-01-16,Delivered,Net Banking,Ludhiana,Delhi
O002704,11681,2025-09-30,Delivered,Debit Card,Lucknow,Karnataka
O002705,11608,2024-12-14,Delivered,Credit Card,Jaipur,Punjab
O002706,11403,2024-07-21,Delivered,Net Banking,Lucknow,Rajasthan
O002707,12058,2024-05-13,Returned,Credit Card,Delhi,Punjab
O002708,10726,2025-06-09,Delivered,UPI,Mumbai,Rajasthan
O002709,12272,2025-05-22,Delivered,Credit Card,Hyderabad,Kerala
O002710,11405,2024-03-06,Delivered,Credit Card,Mumbai,Kerala
O002711,10203,2025-04-24,Delivered,Net Banking,Delhi,Karnataka
O002712,10942,2025-04-03,Delivered,Credit Card,Delhi,Rajasthan
O002713,10589,2024-12-07,Delivered,Credit Card,Bengaluru,Kerala
O002714,10571,2025-12-07,Delivered,UPI,Ludhiana,Karnataka
O002715,10196,2025-09-17,Delivered,Credit Card,Lucknow,Maharashtra
O002716,11346,2024-06-07,Delivered,Credit Card,Lucknow,Uttar Pradesh
O002717,10418,2024-06-09,Delivered,Net Banking,Hyderabad,Tamil Nadu
O002718,11643,2024-09-10,Shipped,Debit Card,Gurugram,Maharashtra
O002719,11366,2025-06-10,Delivered,UPI,Kolkata,Maharashtra
O002720,10009,2025-07-02,Cancelled,Credit Card,Chennai,Kerala
O002721,10532,2024-06-03,Delivered,Debit Card,Chennai,Rajasthan
O002722,10149,2025-04-30,Delivered,Net Banking,Ahmedabad,Karnataka
O002723,12431,2025-03-07,Returned,UPI,Mumbai,Maharashtra
O002724,11553,2024-01-27,Delivered,Net Banking,Chennai,Gujarat
O002725,11036,2024-01-12,Delivered,Debit Card,Chennai,Kerala
O002726,10476,2024-03-07,Delivered,UPI,Kochi,Kerala
O002727,11618,2025-06-25,Shipped,Credit Card,Ahmedabad,Karnataka
O002728,11980,2024-04-05,Delivered,Debit Card,Chennai,Rajasthan
O002729,11077,2024-08-02,Delivered,Net Banking,Ahmedabad,Gujarat
O002730,10206,2024-07-12,Delivered,UPI,Ludhiana,Gujarat
O002731,10745,2025-10-08,Shipped,Debit Card,Kochi,Gujarat
O002732,10913,2024-10-16,Delivered,Debit Card,Bengaluru,Maharashtra
O002733,10054,2025-06-27,Delivered,Net Banking,Delhi,Karnataka
O002734,11604,2024-02-08,Delivered,Net Banking,Jaipur,Gujarat
O002735,11827,2024-07-24,Shipped,Credit Card,Ludhiana,Punjab
O002736,10344,2025-07-08,Delivered,Credit Card,Bengaluru,Punjab
O002737,11193,2025-04-28,Delivered,Debit Card,Hyderabad,Tamil Nadu
O002738,11933,2024-12-02,Shipped,Net Banking,Lucknow,Uttar Pradesh
O002739,11185,2025-05-10,Delivered,Debit Card,Lucknow,Haryana
O002740,10703,2024-09-05,Delivered,COD,Lucknow,Punjab
O002741,11311,2024-03-14,Returned,Net Banking,Bengaluru,Delhi
O002742,11899,2025-01-07,Cancelled,COD,Kochi,Delhi
O002743,12460,2025-12-02,Delivered,COD,Lucknow,Haryana
O002744,10199,2024-05-17,Delivered,Net Banking,Ludhiana,Kerala
O002745,10389,2025-04-01,Delivered,Credit Card,Mumbai,Maharashtra
O002746,10474,2025-03-19,Returned,Debit Card,Kochi,Telangana
O002747,11405,2024-12-18,Returned,UPI,Kolkata,Rajasthan
O002748,10765,2025-02-14,Delivered,UPI,Gurugram,Delhi
O002749,11655,2025-11-08,Delivered,Net Banking,Kolkata,Delhi
O002750,10592,2025-06-21,Cancelled,Credit Card,Hyderabad,West Bengal
O002751,11849,2025-03-28,Delivered,Credit Card,Ahmedabad,Kerala
O002752,11096,2025-02-22,Delivered,Credit Card,Gurugram,Tamil Nadu
O002753,10982,2025-03-25,Delivered,UPI,Kolkata,Delhi
O002754,10168,2025-08-07,Delivered,COD,Mumbai,Rajasthan
O002755,10284,2024-04-24,Cancelled,UPI,Gurugram,Delhi
O002756,11199,2024-02-20,Cancelled,Credit Card,Gurugram,Karnataka
O002757,11244,2025-01-03,Delivered,UPI,Kolkata,Rajasthan
O002758,10891,2025-11-13,Delivered,UPI,Gurugram,Delhi
O002759,12182,2025-05-29,Delivered,Debit Card,Hyderabad,Karnataka
O002760,11655,2024-07-28,Shipped,Net Banking,Chennai,Uttar Pradesh
O002761,10122,2025-09-18,Delivered,COD,Chennai,Karnataka
O002762,10833,2025-11-09,Delivered,Debit Card,Bengaluru,Rajasthan
O002763,11923,2025-03-10,Delivered,Net Banking,Kolkata,Telangana
O002764,11022,2024-08-14,Delivered,Credit Card,Lucknow,Tamil Nadu
O002765,11994,2025-10-24,Delivered,Debit Card,Kochi,Telangana
O002766,10895,2024-09-24,Returned,Net Banking,Hyderabad,Uttar Pradesh
O002767,11516,2024-04-25,Delivered,Debit Card,Jaipur,Karnataka
O002768,10289,2025-08-22,Delivered,UPI,Gurugram,Rajasthan
O002769,11077,2024-12-25,Delivered,UPI,Kolkata,Uttar Pradesh
O002770,11372,2024-11-24,Delivered,Debit Card,Kolkata,Telangana
O002771,11075,2024-02-09,Delivered,Debit Card,Hyderabad,Kerala
O002772,10839,2024-06-30,Delivered,COD,Lucknow,Tamil Nadu
O002773,10040,2025-05-04,Cancelled,Credit Card,Hyderabad,Kerala
O002774,12298,2024-07-27,Delivered,UPI,Gurugram,Rajasthan
O002775,12266,2024-09-29,Delivered,Debit Card,Kolkata,Telangana
O002776,10179,2024-04-28,Delivered,Net Banking,Hyderabad,Uttar Pradesh
O002777,10183,2025-01-16,Shipped,Credit Card,Hyderabad,Rajasthan
O002778,11760,2025-06-19,Delivered,Net Banking,Jaipur,Karnataka
O002779,11188,2024-09-14,Shipped,Credit Card,Delhi,Gujarat
O002780,11770,2025-04-27,Delivered,Net Banking,Chennai,Maharashtra
O002781,11401,2025-05-23,Delivered,UPI,Kochi,Delhi
O002782,10705,2024-04-01,Delivered,Debit Card,Ludhiana,Maharashtra
O002783,10497,2024-06-09,Returned,Debit Card,Lucknow,Karnataka
O002784,10597,2024-05-28,Delivered,COD,Bengaluru,Uttar Pradesh
O002785,10474,2024-04-26,Delivered,Debit Card,Gurugram,Gujarat
O002786,10685,2025-04-02,Delivered,UPI,Mumbai,Uttar Pradesh
O002787,11061,2025-07-18,Delivered,Credit Card,Kochi,Kerala
O002788,11623,2024-02-14,Delivered,Credit Card,Bengaluru,Rajasthan
O002789,11665,2024-08-21,Delivered,Debit Card,Chennai,Delhi
O002790,10319,2025-01-09,Delivered,Net Banking,Bengaluru,Maharashtra
O002791,11436,2025-06-30,Delivered,Debit Card,Kochi,Kerala
O002792,12404,2024-07-15,Delivered,Credit Card,Gurugram,Rajasthan
O002793,11695,2024-01-25,Delivered,COD,Mumbai,Gujarat
O002794,11989,2025-01-29,Delivered,Credit Card,Hyderabad,Delhi
O002795,10229,2025-12-14,Delivered,Net Banking,Jaipur,West Bengal
O002796,10729,2024-02-05,Delivered,Net Banking,Gurugram,Gujarat
O002797,11288,2025-04-18,Delivered,COD,Lucknow,Gujarat
O002798,11511,2024-08-10,Delivered,Net Banking,Hyderabad,Uttar Pradesh
O002799,10561,2025-06-13,Delivered,Debit Card,Delhi,West Bengal
O002800,11376,2024-07-06,Delivered,Debit Card,Ludhiana,Rajasthan
O002801,11466,2025-02-05,Delivered,Credit Card,Chennai,Gujarat
O002802,10025,2024-09-13,Delivered,UPI,Hyderabad,Telangana
O002803,11155,2025-10-15,Delivered,Debit Card,Hyderabad,Punjab
O002804,10370,2024-05-15,Delivered,Debit Card,Bengaluru,Kerala
O002805,11460,2025-08-13,Delivered,COD,Kochi,Telangana
O002806,11012,2025-03-19,Delivered,Debit Card,Kolkata,Uttar Pradesh
O002807,10611,2025-02-21,Delivered,Credit Card,Kolkata,Karnataka
O002808,11376,2024-10-18,Shipped,COD,Ludhiana,Maharashtra
O002809,11826,2025-07-27,Delivered,Debit Card,Lucknow,Gujarat
O002810,12036,2024-05-08,Returned,Credit Card,Chennai,Karnataka
O002811,11221,2024-12-06,Delivered,COD,Delhi,Rajasthan
O002812,12157,2024-09-13,Shipped,UPI,Kochi,Uttar Pradesh
O002813,11884,2025-12-24,Delivered,Credit Card,Bengaluru,Delhi
O002814,11947,2025-07-19,Cancelled,Debit Card,Kochi,Tamil Nadu
O002815,10720,2025-11-17,Delivered,COD,Hyderabad,Kerala
O002816,11106,2024-04-09,Delivered,UPI,Gurugram,Gujarat
O002817,11561,2024-02-08,Delivered,Credit Card,Lucknow,Kerala
O002818,12480,2024-09-19,Returned,UPI,Ludhiana,Karnataka
O002819,11921,2024-05-29,Returned,Credit Card,Kolkata,Delhi
O002820,10636,2025-09-24,Delivered,Debit Card,Chennai,Telangana
O002821,11173,2025-11-20,Delivered,Credit Card,Kochi,Gujarat
O002822,11754,2024-11-25,Delivered,Debit Card,Jaipur,Haryana
O002823,12415,2024-04-29,Delivered,Credit Card,Ludhiana,Uttar Pradesh
O002824,12462,2025-08-06,Delivered,COD,Kochi,Karnataka
O002825,11927,2024-08-06,Returned,Credit Card,Hyderabad,Rajasthan
O002826,10356,2024-05-02,Delivered,Credit Card,Ludhiana,Maharashtra
O002827,12059,2024-08-31,Delivered,Net Banking,Delhi,Kerala
O002828,11440,2025-08-09,Delivered,Net Banking,Delhi,Haryana
O002829,11595,2025-06-01,Delivered,Credit Card,Hyderabad,Gujarat
O002830,11676,2024-01-21,Delivered,Net Banking,Bengaluru,Kerala
O002831,11871,2024-07-08,Delivered,Debit Card,Kolkata,West Bengal
O002832,11146,2024-08-12,Delivered,Net Banking,Kochi,West Bengal
O002833,12113,2025-09-06,Delivered,Credit Card,Ludhiana,Kerala
O002834,10125,2025-04-10,Delivered,UPI,Kochi,West Bengal
O002835,10312,2024-04-08,Delivered,UPI,Bengaluru,Telangana
O002836,10775,2024-12-28,Cancelled,Credit Card,Mumbai,Maharashtra
O002837,11474,2024-03-23,Delivered,Credit Card,Ahmedabad,Karnataka
O002838,11832,2025-11-23,Shipped,UPI,Ludhiana,Kerala
O002839,10694,2025-10-25,Delivered,COD,Delhi,Punjab
O002840,11183,2024-02-25,Delivered,Net Banking,Bengaluru,Haryana
O002841,11377,2025-12-02,Delivered,COD,Kochi,Tamil Nadu
O002842,11844,2024-01-22,Delivered,Debit Card,Delhi,Tamil Nadu
O002843,10990,2025-08-02,Cancelled,UPI,Jaipur,Kerala
O002844,11753,2024-07-03,Delivered,UPI,Bengaluru,Kerala
O002845,12454,2025-06-05,Delivered,COD,Hyderabad,Gujarat
O002846,11717,2025-07-31,Delivered,Debit Card,Lucknow,Maharashtra
O002847,11627,2024-09-20,Delivered,COD,Chennai,West Bengal
O002848,10890,2024-08-12,Delivered,Debit Card,Gurugram,Rajasthan
O002849,11379,2025-09-26,Delivered,Credit Card,Hyderabad,Rajasthan
O002850,10489,2024-02-07,Delivered,Credit Card,Bengaluru,Kerala
O002851,12287,2024-05-02,Delivered,UPI,Chennai,Rajasthan
O002852,10180,2024-06-04,Delivered,Credit Card,Delhi,Telangana
O002853,11443,2024-10-27,Delivered,COD,Delhi,Gujarat
O002854,11708,2024-03-07,Delivered,Debit Card,Gurugram,Kerala
O002855,12365,2025-10-06,Delivered,UPI,Gurugram,Maharashtra
O002856,11268,2025-01-28,Delivered,Credit Card,Kolkata,Punjab
O002857,10232,2025-10-13,Delivered,UPI,Ahmedabad,Rajasthan
O002858,11813,2025-08-16,Delivered,UPI,Kolkata,Karnataka
O002859,11613,2025-07-23,Returned,Debit Card,Hyderabad,Punjab
O002860,11327,2025-10-22,Delivered,COD,Mumbai,Maharashtra
O002861,10331,2025-02-08,Delivered,COD,Lucknow,Delhi
O002862,10561,2025-03-24,Shipped,Net Banking,Kochi,Maharashtra
O002863,10248,2024-05-10,Delivered,COD,Mumbai,West Bengal
O002864,10283,2024-03-09,Delivered,Credit Card,Lucknow,Delhi
O002865,11311,2024-12-10,Delivered,Net Banking,Ludhiana,Maharashtra
O002866,10940,2024-11-15,Shipped,Net Banking,Delhi,Tamil Nadu
O002867,12080,2024-06-25,Shipped,Net Banking,Kolkata,Uttar Pradesh
O002868,11524,2025-08-06,Delivered,Net Banking,Bengaluru,Telangana
O002869,10530,2025-06-12,Delivered,COD,Hyderabad,Punjab
O002870,10381,2024-06-08,Delivered,Net Banking,Kochi,Haryana
O002871,10063,2025-08-04,Delivered,Credit Card,Bengaluru,Karnataka
O002872,10128,2025-09-16,Delivered,Credit Card,Mumbai,Gujarat
O002873,11552,2025-06-16,Delivered,UPI,Bengaluru,Punjab
O002874,12211,2024-05-14,Delivered,Credit Card,Ahmedabad,Tamil Nadu
O002875,10295,2024-04-20,Shipped,UPI,Kolkata,Delhi
O002876,10179,2024-10-09,Delivered,Credit Card,Delhi,Delhi
O002877,10229,2025-06-03,Delivered,Net Banking,Hyderabad,Delhi
O002878,10883,2025-12-19,Shipped,Debit Card,Hyderabad,Gujarat
O002879,10394,2024-07-12,Cancelled,Net Banking,Ludhiana,Punjab
O002880,10072,2024-02-16,Delivered,COD,Gurugram,Tamil Nadu
O002881,10318,2024-12-07,Delivered,UPI,Delhi,Telangana
O002882,10595,2024-08-29,Delivered,Debit Card,Kolkata,Telangana
O002883,10379,2025-06-05,Shipped,Credit Card,,Kerala
O002884,10907,2025-01-04,Delivered,Net Banking,Ludhiana,Gujarat
O002885,10136,2024-05-10,Delivered,UPI,Chennai,West Bengal
O002886,11402,2024-09-26,Delivered,UPI,Mumbai,Uttar Pradesh
O002887,11143,2024-03-01,Delivered,Credit Card,Kolkata,Karnataka
O002888,10906,2024-06-12,Shipped,UPI,,Rajasthan
O002889,10530,2025-06-08,Delivered,Credit Card,Mumbai,Delhi
O002890,10523,2024-09-28,Delivered,Credit Card,Bengaluru,Punjab
O002891,10387,2025-12-20,Delivered,Net Banking,Ahmedabad,Haryana
O002892,10573,2024-05-12,Delivered,UPI,Hyderabad,Gujarat
O002893,10644,2024-08-31,Delivered,COD,Gurugram,Haryana
O002894,11293,2025-03-09,Shipped,COD,Mumbai,Delhi
O002895,10547,2024-02-07,Returned,Net Banking,Kochi,Punjab
O002896,11510,2025-07-21,Delivered,Net Banking,Kochi,Karnataka
O002897,12486,2024-11-14,Delivered,Credit Card,Lucknow,Telangana
O002898,11587,2025-05-24,Returned,COD,Ahmedabad,Telangana
O002899,10555,2025-01-10,Delivered,UPI,Mumbai,Punjab
O002900,11764,2025-07-13,Returned,COD,Gurugram,Telangana
O002901,12159,2025-09-08,Delivered,Net Banking,Kochi,Telangana
O002902,12225,2025-04-18,Delivered,Net Banking,Delhi,Kerala
O002903,11575,2024-02-28,Delivered,Credit Card,Ahmedabad,Rajasthan
O002904,10624,2025-08-11,Shipped,UPI,Gurugram,Telangana
O002905,11989,2025-05-13,Cancelled,Net Banking,Jaipur,Kerala
O002906,10944,2024-08-05,Delivered,UPI,Lucknow,Kerala
O002907,10473,2025-07-20,Delivered,COD,Jaipur,Punjab
O002908,11587,2025-07-20,Delivered,Credit Card,Chennai,Kerala
O002909,10994,2024-05-08,Delivered,COD,Kochi,Punjab
O002910,11122,2025-01-17,Delivered,Net Banking,Chennai,Maharashtra
O002911,11435,2025-01-22,Delivered,Net Banking,Jaipur,West Bengal
O002912,10170,2024-03-25,Delivered,UPI,Kochi,Telangana
O002913,11014,2025-05-24,Delivered,Net Banking,Lucknow,Kerala
O002914,10056,2025-12-26,Delivered,UPI,Kolkata,West Bengal
O002915,11757,2025-09-18,Delivered,Debit Card,Delhi,Telangana
O002916,12373,2025-03-12,Delivered,Net Banking,Kochi,Gujarat
O002917,10658,2024-10-19,Cancelled,COD,Gurugram,Haryana
O002918,10957,2024-02-18,Delivered,COD,Jaipur,Kerala
O002919,10260,2024-03-07,Delivered,UPI,Mumbai,Uttar Pradesh
O002920,10641,2024-05-08,Delivered,Debit Card,Jaipur,Punjab
O002921,12388,2024-01-29,Cancelled,Net Banking,Hyderabad,Delhi
O002922,10404,2024-12-08,Delivered,Credit Card,Bengaluru,Karnataka
O002923,10795,2025-06-28,Delivered,Credit Card,Lucknow,Karnataka
O002924,11562,2024-04-28,Returned,COD,Ahmedabad,Haryana
O002925,11184,2025-11-22,Delivered,Net Banking,Hyderabad,Karnataka
O002926,10714,2025-10-24,Delivered,Credit Card,Hyderabad,Punjab
O002927,12392,2024-05-12,Delivered,UPI,Chennai,West Bengal
O002928,11397,2024-11-22,Shipped,Net Banking,Ahmedabad,Maharashtra
O002929,11958,2024-07-03,Delivered,COD,Gurugram,Kerala
O002930,12094,2025-05-20,Delivered,Debit Card,Jaipur,Maharashtra
O002931,11753,2025-10-07,Delivered,UPI,Bengaluru,Gujarat
O002932,10904,2025-11-19,Delivered,UPI,Ahmedabad,Tamil Nadu
O002933,12103,2025-06-17,Returned,Net Banking,Hyderabad,Karnataka
O002934,11102,2024-08-28,Delivered,Debit Card,Mumbai,Kerala
O002935,11695,2025-08-11,Delivered,UPI,Mumbai,Uttar Pradesh
O002936,10856,2025-12-16,Returned,Debit Card,Delhi,Haryana
O002937,11296,2025-05-30,Delivered,COD,Delhi,Karnataka
O002938,10660,2024-06-13,Delivered,UPI,Kochi,West Bengal
O002939,10111,2025-10-01,Delivered,Credit Card,Lucknow,Maharashtra
O002940,11039,2025-07-10,Delivered,COD,Jaipur,Haryana
O002941,12126,2024-08-05,Delivered,COD,Mumbai,Karnataka
O002942,10501,2025-10-09,Delivered,UPI,Ludhiana,Punjab
O002943,10418,2025-11-10,Delivered,Credit Card,Jaipur,Uttar Pradesh
O002944,11864,2025-08-27,Delivered,Debit Card,Hyderabad,Gujarat
O002945,10275,2024-01-05,Delivered,Credit Card,Gurugram,Haryana
O002946,11221,2025-10-29,Delivered,COD,Hyderabad,Punjab
O002947,11755,2024-03-21,Delivered,UPI,Delhi,Maharashtra
O002948,11769,2024-09-03,Delivered,Credit Card,Kochi,Delhi
O002949,11134,2025-05-07,Delivered,Credit Card,Delhi,Karnataka
O002950,12242,2025-10-10,Returned,COD,Jaipur,Gujarat
O002951,11543,2025-01-20,Returned,Debit Card,Ahmedabad,Uttar Pradesh
O002952,11968,2025-07-28,Delivered,Credit Card,Delhi,Delhi
O002953,10799,2024-11-02,Returned,Credit Card,Mumbai,Telangana
O002954,11964,2025-09-19,Returned,Net Banking,Delhi,Haryana
O002955,12349,2025-09-16,Delivered,COD,Kolkata,Delhi
O002956,12197,2025-06-26,Delivered,Net Banking,Kolkata,Gujarat
O002957,10769,2024-01-07,Returned,COD,Jaipur,Gujarat
O002958,11485,2025-05-29,Delivered,COD,Mumbai,Uttar Pradesh
O002959,10139,2025-07-21,Delivered,Net Banking,Jaipur,Tamil Nadu
O002960,10861,2024-03-13,Delivered,Debit Card,Kolkata,Punjab
O002961,11860,2024-01-10,Delivered,Debit Card,Jaipur,Delhi
O002962,12340,2025-07-26,Delivered,COD,Chennai,Kerala
O002963,10335,2025-07-15,Delivered,Net Banking,Gurugram,Rajasthan
O002964,11859,2024-05-01,Delivered,Credit Card,Ludhiana,Tamil Nadu
O002965,11208,2025-11-17,Delivered,COD,Kolkata,Punjab
O002966,12355,2025-05-27,Cancelled,COD,Kolkata,Tamil Nadu
O002967,10925,2025-03-16,Delivered,UPI,Lucknow,Karnataka
O002968,10981,2024-02-07,Delivered,Debit Card,Kolkata,Maharashtra
O002969,11286,2025-12-02,Delivered,Net Banking,Kolkata,Telangana
O002970,11334,2025-08-13,Delivered,Credit Card,Gurugram,Tamil Nadu
O002971,10344,2024-12-10,Returned,Credit Card,Delhi,Rajasthan
O002972,10657,2024-12-03,Delivered,COD,Mumbai,West Bengal
O002973,11797,2025-12-02,Delivered,Credit Card,Kochi,Haryana
O002974,11850,2024-07-02,Delivered,Credit Card,Bengaluru,Uttar Pradesh
O002975,10261,2024-03-07,Delivered,COD,Ahmedabad,Punjab
O002976,11386,2024-01-17,Delivered,Debit Card,Mumbai,Punjab
O002977,10169,2025-01-17,Delivered,UPI,Ludhiana,Tamil Nadu
O002978,10660,2025-01-02,Delivered,Debit Card,Kolkata,Kerala
O002979,10200,2024-11-11,Delivered,Debit Card,Kolkata,Punjab
O002980,11409,2025-05-11,Cancelled,UPI,Kochi,Punjab
O002981,10582,2025-12-21,Delivered,COD,Bengaluru,Rajasthan
O002982,10566,2024-12-10,Delivered,Debit Card,Kochi,Haryana
O002983,12443,2025-07-06,Shipped,Net Banking,Ahmedabad,Gujarat
O002984,12399,2025-04-17,Shipped,Net Banking,Ludhiana,Karnataka
O002985,10028,2024-04-24,Delivered,UPI,Kochi,Uttar Pradesh
O002986,11899,2024-04-09,Returned,Net Banking,Ahmedabad,Maharashtra
O002987,10632,2025-03-13,Delivered,COD,Ahmedabad,Rajasthan
O002988,12428,2024-12-10,Delivered,Credit Card,Hyderabad,Uttar Pradesh
O002989,11626,2024-12-14,Delivered,COD,Hyderabad,West Bengal
O002990,12037,2024-05-18,Delivered,UPI,Ludhiana,Gujarat
O002991,11311,2024-11-19,Delivered,Credit Card,Bengaluru,West Bengal
O002992,11766,2024-10-28,Delivered,Net Banking,Jaipur,Karnataka
O002993,10807,2024-10-20,Delivered,Debit Card,Kolkata,West Bengal
O002994,12275,2025-06-12,Shipped,Net Banking,Ludhiana,Punjab
O002995,12075,2024-10-18,Delivered,COD,Jaipur,Delhi
O002996,11141,2024-03-14,Delivered,COD,Lucknow,Uttar Pradesh
O002997,10089,2025-04-28,Delivered,UPI,Kochi,Tamil Nadu
O002998,11759,2024-01-16,Delivered,Debit Card,Bengaluru,Rajasthan
O002999,10122,2025-06-09,Shipped,Debit Card,Jaipur,Gujarat
O003000,11918,2024-12-01,Delivered,Credit Card,Bengaluru,Punjab
O003001,10866,2025-05-30,Delivered,Credit Card,Lucknow,Kerala
O003002,10033,2024-05-06,Delivered,COD,Kolkata,Karnataka
O003003,10603,2025-06-01,Delivered,UPI,Mumbai,Tamil Nadu
O003004,10696,2024-05-08,Delivered,COD,Hyderabad,Telangana
O003005,10525,2025-05-25,Delivered,Debit Card,Ahmedabad,Karnataka
O003006,11048,2025-02-26,Delivered,Debit Card,Ludhiana,Maharashtra
O003007,11349,2025-01-19,Cancelled,COD,Kochi,Kerala
O003008,12082,2024-08-19,Delivered,Debit Card,Kolkata,West Bengal
O003009,10247,2024-07-13,Returned,Credit Card,Mumbai,Rajasthan
O003010,12097,2024-03-05,Delivered,Debit Card,Mumbai,Tamil Nadu
O003011,11963,2025-09-06,Delivered,Credit Card,Bengaluru,Karnataka
O003012,12228,2024-10-03,Delivered,Net Banking,Bengaluru,Tamil Nadu
O003013,11394,2025-10-31,Delivered,UPI,Delhi,Delhi
O003014,11908,2024-08-11,Shipped,UPI,Ahmedabad,Telangana
O003015,12024,2024-10-04,Cancelled,Debit Card,Mumbai,Delhi
O003016,10738,2025-11-24,Delivered,UPI,Jaipur,Delhi
O003017,11969,2024-12-31,Delivered,Net Banking,Kochi,Gujarat
O003018,12479,2025-05-30,Returned,Debit Card,Bengaluru,Uttar Pradesh
O003019,11437,2024-08-02,Delivered,Credit Card,Chennai,Tamil Nadu
O003020,10364,2025-03-14,Shipped,Net Banking,Chennai,Uttar Pradesh
O003021,12358,2025-03-03,Returned,Net Banking,Mumbai,Telangana
O003022,10982,2025-12-29,Delivered,UPI,Chennai,Delhi
O003023,11303,2025-01-30,Shipped,Credit Card,Bengaluru,Gujarat
O003024,10227,2024-07-27,Delivered,COD,Gurugram,Gujarat
O003025,11267,2025-05-15,Delivered,Net Banking,Jaipur,Delhi
O003026,12058,2025-04-07,Delivered,UPI,Jaipur,Punjab
O003027,11416,2025-08-08,Delivered,Net Banking,Mumbai,Haryana
O003028,12096,2024-08-14,Delivered,Credit Card,Bengaluru,Telangana
O003029,11648,2025-01-09,Cancelled,Credit Card,Kolkata,Telangana
O003030,12252,2025-05-14,Delivered,Debit Card,Delhi,Tamil Nadu
O003031,10157,2024-04-02,Delivered,COD,Ludhiana,Gujarat
O003032,12074,2025-04-04,Delivered,COD,Ahmedabad,Karnataka
O003033,12469,2025-07-30,Delivered,UPI,Delhi,Karnataka
O003034,11702,2024-11-16,Delivered,COD,Kolkata,Gujarat
O003035,10761,2024-01-10,Delivered,Credit Card,Bengaluru,Maharashtra
O003036,10774,2024-10-29,Delivered,COD,Ludhiana,West Bengal
O003037,12312,2024-11-17,Delivered,UPI,Kolkata,Kerala
O003038,11553,2025-03-31,Cancelled,Net Banking,Kolkata,Uttar Pradesh
O003039,10958,2024-10-04,Delivered,COD,Hyderabad,Uttar Pradesh
O003040,10254,2025-08-20,Delivered,COD,Mumbai,Rajasthan
O003041,11570,2025-06-21,Returned,Credit Card,Ludhiana,West Bengal
O003042,10118,2025-12-30,Shipped,Credit Card,Gurugram,Punjab
O003043,10550,2025-01-27,Delivered,Net Banking,Lucknow,Rajasthan
O003044,10911,2024-04-04,Delivered,Debit Card,Gurugram,Telangana
O003045,10870,2024-04-16,Shipped,COD,Jaipur,Tamil Nadu
O003046,10808,2025-01-24,Delivered,Credit Card,Bengaluru,West Bengal
O003047,11673,2025-06-09,Shipped,Debit Card,Bengaluru,Rajasthan
O003048,10821,2025-11-03,Delivered,COD,Bengaluru,Tamil Nadu
O003049,11782,2024-03-11,Delivered,COD,Lucknow,Rajasthan
O003050,11222,2025-10-25,Delivered,Debit Card,Ahmedabad,Delhi
O003051,11602,2025-08-09,Delivered,Credit Card,Ahmedabad,Maharashtra
O003052,12462,2025-01-10,Delivered,Net Banking,Delhi,Maharashtra
O003053,10880,2025-12-27,Delivered,COD,Gurugram,Karnataka
O003054,10993,2025-01-02,Delivered,UPI,Ahmedabad,Uttar Pradesh
O003055,10001,2024-02-20,Returned,UPI,Ahmedabad,Kerala
O003056,10167,2024-05-22,Delivered,UPI,Kolkata,Delhi
O003057,12064,2025-02-22,Delivered,Net Banking,Ludhiana,Uttar Pradesh
O003058,10112,2025-07-01,Shipped,COD,Mumbai,Telangana
O003059,11126,2025-05-14,Delivered,Credit Card,Kolkata,Karnataka
O003060,11430,2024-06-15,Delivered,Credit Card,Bengaluru,Uttar Pradesh
O003061,12006,2024-09-16,Delivered,Net Banking,Hyderabad,Rajasthan
O003062,12044,2024-07-10,Delivered,COD,Kolkata,Maharashtra
O003063,10507,2024-07-20,Delivered,Debit Card,Ahmedabad,West Bengal
O003064,11635,2024-07-03,Cancelled,Debit Card,Ahmedabad,Delhi
O003065,10671,2024-06-06,Delivered,COD,Hyderabad,Gujarat
O003066,11691,2025-09-13,Delivered,COD,Ahmedabad,West Bengal
O003067,10965,2024-04-08,Delivered,Credit Card,Hyderabad,Gujarat
O003068,10281,2024-08-28,Delivered,Net Banking,Chennai,Kerala
O003069,10351,2025-05-05,Shipped,Net Banking,Ludhiana,Rajasthan
O003070,12382,2024-07-20,Delivered,Credit Card,Ludhiana,Maharashtra
O003071,11950,2025-09-25,Delivered,UPI,Jaipur,Haryana
O003072,11967,2025-05-23,Delivered,Debit Card,Ludhiana,Punjab
O003073,11548,2025-09-20,Delivered,COD,Kochi,Delhi
O003074,11307,2024-04-05,Delivered,Debit Card,Kochi,Haryana
O003075,11965,2025-05-04,Delivered,Debit Card,Kolkata,Maharashtra
O003076,10728,2025-08-01,Delivered,Net Banking,Jaipur,Telangana
O003077,10823,2024-08-05,Cancelled,Credit Card,Mumbai,Gujarat
O003078,11438,2025-06-10,Delivered,UPI,Chennai,Rajasthan
O003079,12062,2024-09-29,Delivered,UPI,Ahmedabad,Punjab
O003080,11080,2024-08-06,Delivered,Credit Card,Mumbai,Punjab
O003081,12390,2025-10-20,Delivered,Debit Card,Chennai,Punjab
O003082,10199,2024-11-27,Delivered,Credit Card,Lucknow,Kerala
O003083,11884,2025-03-28,Shipped,Credit Card,Delhi,West Bengal
O003084,10678,2024-05-31,Delivered,COD,Ludhiana,Delhi
O003085,11465,2024-12-12,Delivered,COD,Kolkata,Punjab
O003086,10078,2025-02-17,Returned,Debit Card,Bengaluru,Telangana
O003087,12160,2025-06-10,Delivered,Net Banking,Gurugram,Telangana
O003088,10535,2025-03-06,Delivered,UPI,Hyderabad,Kerala
O003089,11399,2025-01-13,Delivered,COD,Lucknow,Tamil Nadu
O003090,11166,2025-03-03,Delivered,Debit Card,Delhi,Karnataka
O003091,11221,2024-03-24,Delivered,Credit Card,Ahmedabad,Kerala
O003092,10790,2024-07-10,Delivered,COD,Hyderabad,Kerala
O003093,11564,2024-02-10,Delivered,Credit Card,Kochi,Telangana
O003094,11323,2024-11-04,Delivered,Credit Card,Hyderabad,Punjab
O003095,11100,2025-01-12,Shipped,COD,Kolkata,Telangana
O003096,12148,2024-05-15,Delivered,Debit Card,Kolkata,Maharashtra
O003097,11503,2024-04-15,Delivered,UPI,Hyderabad,Haryana
O003098,11492,2025-06-02,Delivered,Debit Card,Ahmedabad,Tamil Nadu
O003099,11660,2025-06-25,Delivered,Net Banking,Ludhiana,Punjab
O003100,11901,2024-05-05,Delivered,Net Banking,Hyderabad,Karnataka
O003101,11316,2024-12-22,Delivered,UPI,Chennai,Delhi
O003102,10125,2025-02-03,Delivered,Net Banking,Chennai,Haryana
O003103,10519,2024-03-19,Delivered,Credit Card,Ludhiana,Tamil Nadu
O003104,12071,2025-01-23,Shipped,Net Banking,Gurugram,Punjab
O003105,10162,2025-08-01,Delivered,COD,Kochi,Kerala
O003106,10882,2025-06-18,Returned,Credit Card,Chennai,West Bengal
O003107,11045,2025-12-01,Shipped,Debit Card,Lucknow,Telangana
O003108,11788,2024-03-14,Delivered,UPI,Hyderabad,Kerala
O003109,11862,2024-01-05,Delivered,COD,Delhi,Telangana
O003110,10483,2025-04-07,Delivered,COD,Kochi,Maharashtra
O003111,11526,2024-03-22,Delivered,UPI,Chennai,West Bengal
O003112,11967,2025-06-20,Delivered,Net Banking,Gurugram,Punjab
O003113,12357,2025-02-08,Delivered,UPI,Ahmedabad,West Bengal
O003114,10874,2025-05-28,Delivered,UPI,Bengaluru,Gujarat
O003115,11577,2024-10-04,Delivered,Net Banking,Kolkata,Karnataka
O003116,12251,2024-08-11,Returned,Debit Card,Delhi,Telangana
O003117,10142,2025-08-06,Delivered,UPI,Mumbai,Karnataka
O003118,11880,2024-03-08,Delivered,Net Banking,Bengaluru,Kerala
O003119,11004,2024-11-15,Delivered,COD,Delhi,Haryana
O003120,12155,2025-08-28,Cancelled,UPI,Lucknow,Karnataka
O003121,12015,2024-01-19,Delivered,UPI,Kochi,Delhi
O003122,10529,2025-10-01,Shipped,Debit Card,Bengaluru,Haryana
O003123,10969,2024-12-08,Shipped,Debit Card,Gurugram,Kerala
O003124,11773,2025-08-16,Shipped,COD,Kochi,Delhi
O003125,12339,2024-12-08,Delivered,Debit Card,Hyderabad,Delhi
O003126,10805,2024-04-06,Delivered,COD,Kochi,Punjab
O003127,11335,2024-02-21,Delivered,UPI,Ludhiana,Uttar Pradesh
O003128,10668,2024-06-23,Delivered,Net Banking,Ahmedabad,Gujarat
O003129,10385,2024-12-03,Delivered,Debit Card,Delhi,Telangana
O003130,11609,2025-11-24,Delivered,COD,Mumbai,Maharashtra
O003131,10013,2024-12-18,Delivered,Debit Card,Chennai,Karnataka
O003132,12208,2025-01-25,Delivered,Debit Card,Chennai,Maharashtra
O003133,11308,2024-04-24,Delivered,Credit Card,Jaipur,Punjab
O003134,12056,2024-12-13,Delivered,UPI,Lucknow,West Bengal
O003135,10072,2024-01-01,Shipped,Debit Card,Kochi,Karnataka
O003136,12146,2024-03-03,Delivered,Net Banking,Ahmedabad,Rajasthan
O003137,12135,2024-08-13,Delivered,Credit Card,Lucknow,Haryana
O003138,11866,2025-02-26,Delivered,COD,Kochi,Delhi
O003139,10101,2024-01-19,Returned,COD,Bengaluru,Kerala
O003140,10281,2024-01-31,Shipped,Net Banking,Ahmedabad,Uttar Pradesh
O003141,10883,2025-09-24,Delivered,Net Banking,Lucknow,Kerala
O003142,11313,2024-01-24,Delivered,UPI,Chennai,Delhi
O003143,12244,2024-07-29,Delivered,Net Banking,Jaipur,Gujarat
O003144,12439,2024-06-09,Delivered,COD,Jaipur,Maharashtra
O003145,10609,2024-09-11,Shipped,UPI,Mumbai,West Bengal
O003146,10450,2025-07-24,Delivered,Net Banking,Ludhiana,Karnataka
O003147,11285,2024-04-23,Delivered,Net Banking,Ludhiana,Rajasthan
O003148,11536,2025-05-18,Delivered,COD,Delhi,Kerala
O003149,10121,2025-11-02,Shipped,UPI,Jaipur,Karnataka
O003150,12380,2024-08-07,Delivered,Credit Card,Gurugram,West Bengal
O003151,11076,2024-12-22,Shipped,Credit Card,Mumbai,Telangana
O003152,10318,2024-06-17,Delivered,UPI,Kochi,Rajasthan
O003153,10702,2025-06-07,Delivered,Net Banking,Mumbai,Tamil Nadu
O003154,11017,2024-08-29,Delivered,Net Banking,Lucknow,Karnataka
O003155,10021,2025-01-09,Delivered,UPI,Ludhiana,Punjab
O003156,12447,2024-05-18,Cancelled,Credit Card,Kochi,West Bengal
O003157,11739,2024-04-06,Shipped,Debit Card,Chennai,Rajasthan
O003158,12250,2024-05-26,Delivered,COD,Hyderabad,Gujarat
O003159,10896,2024-06-30,Delivered,UPI,Gurugram,Rajasthan
O003160,11183,2024-02-26,Delivered,Debit Card,Ahmedabad,Karnataka
O003161,12358,2024-02-11,Delivered,COD,Delhi,Kerala
O003162,12074,2025-12-11,Delivered,Debit Card,Jaipur,Maharashtra
O003163,10066,2025-06-26,Delivered,Debit Card,Jaipur,Haryana
O003164,10263,2025-11-22,Shipped,COD,Mumbai,Telangana
O003165,10472,2024-01-02,Delivered,Debit Card,Ludhiana,Maharashtra
O003166,12215,2024-10-14,Delivered,Credit Card,Ludhiana,Karnataka
O003167,10343,2024-05-17,Shipped,UPI,Delhi,Delhi
O003168,10718,2025-09-08,Delivered,Credit Card,Ludhiana,Rajasthan
O003169,12461,2025-05-26,Delivered,Credit Card,Gurugram,Kerala
O003170,11695,2025-12-30,Delivered,COD,Gurugram,Rajasthan
O003171,11239,2024-08-09,Delivered,COD,Ahmedabad,Maharashtra
O003172,12026,2024-11-26,Cancelled,COD,Lucknow,West Bengal
O003173,11056,2025-09-08,Shipped,Debit Card,Bengaluru,Maharashtra
O003174,10015,2025-02-07,Delivered,Debit Card,Gurugram,Rajasthan
O003175,11870,2025-05-22,Delivered,UPI,Ludhiana,Tamil Nadu
O003176,10017,2024-05-06,Delivered,Debit Card,Chennai,Rajasthan
O003177,11780,2024-09-21,Delivered,UPI,Chennai,Haryana
O003178,11950,2025-12-12,Cancelled,Credit Card,Ludhiana,Telangana
O003179,10081,2024-01-15,Returned,UPI,Mumbai,Tamil Nadu
O003180,12484,2024-08-13,Delivered,,Chennai,Haryana
O003181,11019,2024-04-14,Shipped,COD,Ahmedabad,Tamil Nadu
O003182,10780,2025-05-07,Delivered,Debit Card,Ludhiana,Rajasthan
O003183,11825,2024-11-14,Delivered,Net Banking,Chennai,Uttar Pradesh
O003184,12234,2024-08-06,Delivered,Net Banking,Bengaluru,Delhi
O003185,12470,2024-10-03,Shipped,COD,Jaipur,Rajasthan
O003186,12131,2024-12-06,Delivered,Credit Card,Hyderabad,Telangana
O003187,10325,2025-03-27,Cancelled,Credit Card,Delhi,West Bengal
O003188,12099,2025-01-03,Delivered,Credit Card,Jaipur,Karnataka
O003189,11051,2025-04-18,Delivered,UPI,Bengaluru,Delhi
O003190,10677,2024-07-08,Delivered,Debit Card,Lucknow,Maharashtra
O003191,12030,2025-02-22,Shipped,Credit Card,Bengaluru,Maharashtra
O003192,12012,2025-12-10,Delivered,Net Banking,Ludhiana,Punjab
O003193,10793,2025-05-09,Shipped,UPI,Bengaluru,Delhi
O003194,11195,2024-02-08,Delivered,Credit Card,Hyderabad,Rajasthan
O003195,12165,2024-06-10,Delivered,Credit Card,Ludhiana,Kerala
O003196,10905,2024-04-30,Shipped,Debit Card,Chennai,Haryana
O003197,10502,2025-02-02,Delivered,Debit Card,Hyderabad,Uttar Pradesh
O003198,10799,2024-09-18,Shipped,UPI,Kochi,Maharashtra
O003199,11124,2025-12-28,Delivered,Net Banking,Kochi,Kerala
O003200,11143,2025-07-14,Delivered,COD,Mumbai,Tamil Nadu
O003201,12117,2025-08-26,Delivered,Net Banking,Lucknow,Kerala
O003202,10221,2024-05-08,Cancelled,Debit Card,Lucknow,Tamil Nadu
O003203,12271,2025-06-23,Delivered,Debit Card,Kolkata,Punjab
O003204,12259,2024-12-21,Delivered,COD,Gurugram,Karnataka
O003205,10931,2025-10-21,Delivered,Net Banking,Ludhiana,Karnataka
O003206,10886,2025-03-07,Delivered,Net Banking,Hyderabad,Rajasthan
O003207,10262,2024-03-05,Delivered,COD,Kolkata,Punjab
O003208,11272,2024-08-05,Delivered,Debit Card,Mumbai,Tamil Nadu
O003209,10798,2025-07-16,Shipped,UPI,Delhi,West Bengal
O003210,11281,2025-03-02,Shipped,Net Banking,Kochi,Haryana
O003211,10417,2024-03-14,Delivered,Credit Card,Mumbai,Karnataka
O003212,12101,2025-04-04,Shipped,Net Banking,Jaipur,Rajasthan
O003213,11788,2025-02-28,Delivered,Net Banking,Lucknow,Karnataka
O003214,10038,2025-12-11,Delivered,Net Banking,Kolkata,Maharashtra
O003215,12356,2024-07-10,Cancelled,Debit Card,Ahmedabad,Karnataka
O003216,10846,2024-07-07,Shipped,Credit Card,Gurugram,West Bengal
O003217,10898,2024-01-12,Delivered,Net Banking,Ludhiana,Delhi
O003218,10053,2024-08-26,Shipped,UPI,Hyderabad,Kerala
O003219,10606,2025-08-15,Delivered,Credit Card,Bengaluru,Gujarat
O003220,10452,2025-03-28,Cancelled,COD,Jaipur,Haryana
O003221,10461,2025-01-17,Delivered,UPI,Bengaluru,Punjab
O003222,10775,2024-02-17,Shipped,COD,Ahmedabad,Maharashtra
O003223,11859,2024-11-12,Delivered,Net Banking,Ludhiana,Telangana
O003224,11161,2024-07-27,Delivered,Debit Card,Kochi,Delhi
O003225,11396,2025-06-30,Delivered,Net Banking,Kolkata,Rajasthan
O003226,12443,2024-04-28,Delivered,Net Banking,Ahmedabad,Uttar Pradesh
O003227,11061,2025-07-30,Delivered,COD,Kochi,Punjab
O003228,11678,2024-11-10,Cancelled,Net Banking,Gurugram,Gujarat
O003229,12311,2024-02-05,Shipped,UPI,Hyderabad,Telangana
O003230,11283,2025-04-07,Delivered,Debit Card,Chennai,Delhi
O003231,11347,2025-07-07,Shipped,COD,Kolkata,Punjab
O003232,12349,2025-08-03,Delivered,Credit Card,Delhi,Rajasthan
O003233,11889,2025-02-06,Delivered,Net Banking,Delhi,Uttar Pradesh
O003234,10485,2024-04-16,Cancelled,COD,Hyderabad,West Bengal
O003235,10092,2024-02-08,Delivered,Net Banking,Chennai,Punjab
O003236,11188,2025-08-03,Cancelled,Net Banking,Bengaluru,Maharashtra
O003237,11359,2024-06-28,Shipped,COD,Kolkata,Maharashtra
O003238,12363,2024-01-12,Delivered,UPI,Bengaluru,Telangana
O003239,11938,2024-12-04,Delivered,Credit Card,Ludhiana,Karnataka
O003240,12286,2025-12-16,Delivered,Net Banking,Bengaluru,Rajasthan
O003241,11710,2025-07-01,Returned,UPI,Kochi,Telangana
O003242,12131,2024-05-05,Delivered,Net Banking,Lucknow,Telangana
O003243,11990,2024-03-03,Delivered,Net Banking,Lucknow,Tamil Nadu
O003244,10178,2024-03-22,Delivered,UPI,Kochi,Tamil Nadu
O003245,10250,2024-10-25,Delivered,Net Banking,Kolkata,Telangana
O003246,10765,2024-02-03,Shipped,Credit Card,Gurugram,Maharashtra
O003247,10091,2025-08-31,Delivered,COD,Lucknow,Telangana
O003248,10339,2024-02-18,Returned,UPI,Kolkata,Karnataka
O003249,11662,2025-10-19,Delivered,Debit Card,Kolkata,Karnataka
O003250,11873,2025-09-28,Delivered,Net Banking,Lucknow,Telangana
O003251,10169,2025-12-01,Delivered,COD,Jaipur,Uttar Pradesh
O003252,10780,2024-02-26,Returned,Credit Card,Bengaluru,Kerala
O003253,10170,2024-04-18,Delivered,Credit Card,Delhi,Haryana
O003254,12410,2025-05-31,Delivered,Debit Card,Kochi,Kerala
O003255,12292,2024-01-24,Delivered,Credit Card,Hyderabad,Gujarat
O003256,10138,2024-08-08,Delivered,COD,Kochi,West Bengal
O003257,10519,2024-11-10,Delivered,Debit Card,Gurugram,Kerala
O003258,11422,2024-10-20,Delivered,UPI,Kolkata,Rajasthan
O003259,12381,2024-01-10,Delivered,Debit Card,Hyderabad,Uttar Pradesh
O003260,12474,2025-11-07,Delivered,UPI,Ahmedabad,Karnataka
O003261,11160,2025-04-25,Shipped,Credit Card,Ahmedabad,Maharashtra
O003262,10709,2025-12-27,Delivered,COD,Gurugram,Maharashtra
O003263,11291,2025-09-29,Delivered,Net Banking,Ahmedabad,Punjab
O003264,12036,2024-09-23,Delivered,Debit Card,Mumbai,Kerala
O003265,10107,2024-03-28,Delivered,Credit Card,Lucknow,Telangana
O003266,12186,2025-03-30,Delivered,COD,Kolkata,Tamil Nadu
O003267,12095,2025-09-17,Delivered,Net Banking,Ahmedabad,Punjab
O003268,12013,2025-06-16,Delivered,Debit Card,Kolkata,Karnataka
O003269,11689,2024-05-27,Delivered,COD,Chennai,Maharashtra
O003270,12416,2025-12-29,Delivered,Credit Card,Bengaluru,Uttar Pradesh
O003271,10006,2025-03-06,Returned,Debit Card,Lucknow,Telangana
O003272,10523,2024-08-29,Returned,Debit Card,Kolkata,Maharashtra
O003273,11679,2025-12-02,Shipped,UPI,Hyderabad,Karnataka
O003274,10066,2024-03-06,Delivered,UPI,Ahmedabad,Rajasthan
O003275,12468,2025-01-12,Delivered,Debit Card,Hyderabad,Rajasthan
O003276,10498,2025-01-22,Shipped,COD,Kolkata,Delhi
O003277,11493,2024-07-27,Delivered,Credit Card,Jaipur,Rajasthan
O003278,12379,2025-02-18,Delivered,Net Banking,Kolkata,Karnataka
O003279,11001,2024-01-16,Delivered,UPI,Kolkata,Tamil Nadu
O003280,11663,2024-10-23,Delivered,Credit Card,Lucknow,Gujarat
O003281,12018,2024-08-07,Shipped,Debit Card,Jaipur,Telangana
O003282,11743,2025-01-01,Shipped,Credit Card,Chennai,Kerala
O003283,11625,2024-08-16,Shipped,Credit Card,Mumbai,Punjab
O003284,12291,2025-09-22,Shipped,Credit Card,Chennai,Maharashtra
O003285,12398,2025-03-15,Delivered,Debit Card,Ludhiana,Maharashtra
O003286,11041,2025-11-20,Shipped,UPI,Mumbai,Kerala
O003287,11490,2025-06-15,Delivered,Net Banking,Mumbai,Delhi
O003288,10363,2025-03-25,Delivered,COD,Lucknow,Karnataka
O003289,11635,2024-02-05,Delivered,UPI,Ludhiana,Telangana
O003290,10525,2025-02-25,Delivered,Net Banking,Gurugram,Punjab
O003291,10831,2025-09-11,Returned,Debit Card,Jaipur,Tamil Nadu
O003292,11723,2024-07-07,Delivered,Net Banking,Ahmedabad,Telangana
O003293,10420,2024-06-26,Delivered,Debit Card,Jaipur,Gujarat
O003294,10133,2025-08-30,Delivered,Net Banking,Hyderabad,Telangana
O003295,12062,2024-11-10,Delivered,UPI,Ahmedabad,Telangana
O003296,11068,2024-01-20,Delivered,Debit Card,Ahmedabad,Rajasthan
O003297,11401,2025-11-06,Shipped,Credit Card,Bengaluru,Telangana
O003298,12343,2025-01-16,Delivered,Debit Card,Delhi,Uttar Pradesh
O003299,11420,2025-08-31,Delivered,Debit Card,Kolkata,Punjab
O003300,12493,2024-05-22,Delivered,Net Banking,Lucknow,West Bengal
O003301,11845,2024-03-02,Delivered,Debit Card,Hyderabad,Delhi
O003302,12460,2024-08-29,Delivered,Net Banking,Chennai,Rajasthan
O003303,10630,2024-08-25,Shipped,UPI,Jaipur,Karnataka
O003304,10321,2024-05-10,Shipped,Debit Card,Ahmedabad,Rajasthan
O003305,11155,2025-08-27,Delivered,Credit Card,Ahmedabad,Rajasthan
O003306,11835,2025-08-25,Delivered,Credit Card,Lucknow,Karnataka
O003307,11223,2025-10-06,Delivered,UPI,Gurugram,West Bengal
O003308,10905,2024-05-02,Delivered,Credit Card,Jaipur,Kerala
O003309,10036,2025-03-15,Delivered,Net Banking,Jaipur,Rajasthan
O003310,12354,2024-12-07,Delivered,Debit Card,Chennai,Haryana
O003311,11591,2025-02-22,Shipped,COD,Chennai,Haryana
O003312,10012,2025-09-21,Delivered,Debit Card,Hyderabad,Kerala
O003313,12131,2025-03-30,Delivered,Debit Card,Delhi,Telangana
O003314,11432,2024-07-16,Delivered,COD,Kochi,Tamil Nadu
O003315,11987,2024-10-08,Delivered,Credit Card,Ahmedabad,Gujarat
O003316,11768,2024-01-01,Delivered,Credit Card,Ahmedabad,Telangana
O003317,11435,2025-12-23,Cancelled,Debit Card,Jaipur,Telangana
O003318,10957,2024-11-27,Delivered,Credit Card,Chennai,Telangana
O003319,10713,2024-07-30,Delivered,Net Banking,Bengaluru,Kerala
O003320,12043,2024-03-27,Delivered,Net Banking,Kochi,Delhi
O003321,11280,2025-10-26,Delivered,COD,Chennai,Kerala
O003322,10241,2025-11-29,Delivered,Debit Card,Kolkata,Kerala
O003323,11956,2024-03-01,Delivered,Net Banking,Kolkata,West Bengal
O003324,12013,2024-04-04,Delivered,UPI,Delhi,Haryana
O003325,10896,2025-07-06,Delivered,Credit Card,Hyderabad,Karnataka
O003326,11476,2024-05-26,Returned,Debit Card,Ludhiana,Karnataka
O003327,11025,2024-09-02,Delivered,Net Banking,Bengaluru,Kerala
O003328,10601,2025-10-05,Delivered,COD,Jaipur,Uttar Pradesh
O003329,12330,2024-10-23,Delivered,Net Banking,Hyderabad,West Bengal
O003330,10599,2024-05-02,Delivered,UPI,Ahmedabad,Karnataka
O003331,11885,2025-10-16,Delivered,Net Banking,Kolkata,Punjab
O003332,11143,2025-11-24,Delivered,Debit Card,Lucknow,Haryana
O003333,11012,2025-12-04,Delivered,COD,Ahmedabad,Tamil Nadu
O003334,11529,2025-03-31,Shipped,COD,Kolkata,Rajasthan
O003335,11104,2025-02-02,Delivered,UPI,Jaipur,Maharashtra
O003336,11647,2025-12-19,Cancelled,Debit Card,Ludhiana,Kerala
O003337,11701,2024-08-18,Shipped,UPI,Bengaluru,Gujarat
O003338,10957,2025-06-17,Delivered,UPI,Ahmedabad,Karnataka
O003339,10219,2025-02-05,Delivered,UPI,Bengaluru,Delhi
O003340,10727,2025-08-14,Delivered,Net Banking,Chennai,Punjab
O003341,11731,2024-05-09,Delivered,Credit Card,Hyderabad,Tamil Nadu
O003342,11490,2024-10-18,Delivered,Net Banking,Kochi,Haryana
O003343,11818,2024-10-02,Delivered,Debit Card,Jaipur,Tamil Nadu
O003344,10518,2025-01-10,Cancelled,UPI,Gurugram,Punjab
O003345,10812,2024-02-24,Delivered,UPI,Ludhiana,Haryana
O003346,12106,2025-07-31,Delivered,Credit Card,Mumbai,West Bengal
O003347,11361,2024-01-26,Delivered,COD,Jaipur,Maharashtra
O003348,10814,2025-03-16,Delivered,UPI,Lucknow,Uttar Pradesh
O003349,10614,2024-07-15,Shipped,Net Banking,Mumbai,Uttar Pradesh
O003350,10426,2025-10-03,Delivered,UPI,Hyderabad,Maharashtra
O003351,11584,2024-08-30,Delivered,Debit Card,Kolkata,Tamil Nadu
O003352,11435,2025-12-24,Cancelled,Credit Card,Gurugram,Gujarat
O003353,11812,2024-07-08,Shipped,COD,Jaipur,Maharashtra
O003354,10883,2025-07-21,Shipped,Debit Card,Delhi,Telangana
O003355,11699,2025-07-20,Cancelled,Net Banking,Chennai,West Bengal
O003356,10432,2024-10-02,Delivered,Debit Card,Ludhiana,Uttar Pradesh
O003357,11401,2025-02-12,Delivered,UPI,Delhi,Tamil Nadu
O003358,10948,2024-12-05,Delivered,Credit Card,Hyderabad,Gujarat
O003359,11389,2024-06-01,Delivered,UPI,Kochi,Telangana
O003360,11668,2025-07-18,Delivered,Credit Card,Gurugram,Gujarat
O003361,12453,2025-02-01,Cancelled,Net Banking,Gurugram,Tamil Nadu
O003362,12114,2025-03-19,Delivered,Debit Card,Mumbai,Delhi
O003363,10912,2025-09-14,Cancelled,Credit Card,Chennai,Telangana
O003364,10391,2025-03-02,Delivered,Debit Card,Mumbai,Punjab
O003365,10083,2025-05-01,Delivered,Credit Card,Delhi,West Bengal
O003366,11003,2024-07-22,Delivered,UPI,Kochi,Telangana
O003367,10481,2024-04-21,Delivered,Credit Card,Gurugram,Rajasthan
O003368,10777,2024-11-20,Delivered,Credit Card,Kochi,Rajasthan
O003369,11755,2024-09-14,Delivered,COD,Hyderabad,Maharashtra
O003370,11249,2025-06-11,Delivered,Net Banking,Hyderabad,Karnataka
O003371,11137,2024-12-15,Returned,UPI,Mumbai,Haryana
O003372,11536,2025-11-08,Delivered,UPI,Kolkata,Gujarat
O003373,11912,2025-03-10,Delivered,Debit Card,Delhi,Uttar Pradesh
O003374,10523,2025-03-01,Delivered,Credit Card,Mumbai,Karnataka
O003375,11933,2024-10-06,Delivered,Credit Card,Ludhiana,Rajasthan
O003376,11695,2025-01-05,Shipped,Credit Card,Gurugram,West Bengal
O003377,12253,2025-10-31,Shipped,UPI,Kolkata,Punjab
O003378,10742,2024-09-05,Cancelled,COD,Delhi,Delhi
O003379,12367,2024-06-29,Delivered,Debit Card,Kolkata,Telangana
O003380,10278,2025-12-03,Delivered,Credit Card,Chennai,Maharashtra
O003381,10148,2025-10-12,Cancelled,COD,Jaipur,Punjab
O003382,10778,2024-03-18,Returned,Net Banking,Mumbai,Rajasthan
O003383,11107,2024-12-01,Returned,UPI,Mumbai,Haryana
O003384,10419,2024-02-19,Delivered,Net Banking,Lucknow,West Bengal
O003385,12440,2024-03-25,Delivered,UPI,Chennai,Delhi
O003386,11157,2025-11-25,Delivered,Debit Card,Mumbai,Rajasthan
O003387,10940,2025-11-25,Shipped,Net Banking,Jaipur,Punjab
O003388,12020,2024-01-04,Cancelled,Debit Card,Ahmedabad,Delhi
O003389,11628,2024-11-12,Shipped,Debit Card,Ludhiana,West Bengal
O003390,10242,2024-04-20,Delivered,Debit Card,Mumbai,Punjab
O003391,10999,2024-11-29,Delivered,Net Banking,Gurugram,Karnataka
O003392,11224,2024-05-12,Delivered,Net Banking,Gurugram,Haryana
O003393,11243,2025-09-03,Delivered,Net Banking,Chennai,Punjab
O003394,12291,2025-11-14,Delivered,Credit Card,Mumbai,Uttar Pradesh
O003395,11818,2024-04-28,Cancelled,Debit Card,Ludhiana,West Bengal
O003396,11853,2024-12-15,Delivered,Credit Card,Hyderabad,Uttar Pradesh
O003397,10684,2025-11-17,Delivered,UPI,Kochi,Rajasthan
O003398,11412,2025-06-25,Delivered,Net Banking,Ahmedabad,Karnataka
O003399,11233,2024-02-24,Delivered,COD,Lucknow,Haryana
O003400,10617,2024-12-26,Delivered,UPI,Bengaluru,Telangana
O003401,12028,2025-12-08,Returned,Debit Card,Kochi,Uttar Pradesh
O003402,12074,2025-03-28,Delivered,Debit Card,Mumbai,Kerala
O003403,12127,2025-07-06,Delivered,Credit Card,Delhi,Rajasthan
O003404,11012,2025-11-15,Shipped,Net Banking,Ahmedabad,West Bengal
O003405,12018,2024-11-25,Delivered,Net Banking,Jaipur,Karnataka
O003406,10128,2024-08-06,Delivered,UPI,Kochi,Kerala
O003407,10413,2024-07-26,Delivered,UPI,Bengaluru,Uttar Pradesh
O003408,12185,2025-10-31,Delivered,UPI,Bengaluru,Tamil Nadu
O003409,11358,2024-03-25,Delivered,COD,Mumbai,Uttar Pradesh
O003410,12436,2025-11-15,Delivered,COD,Hyderabad,Haryana
O003411,10571,2024-09-01,Shipped,Debit Card,Chennai,Haryana
O003412,12469,2025-11-15,Delivered,Debit Card,Hyderabad,Rajasthan
O003413,10141,2024-11-30,Delivered,Debit Card,Chennai,Kerala
O003414,11940,2024-07-30,Delivered,Net Banking,Mumbai,Tamil Nadu
O003415,10051,2025-08-18,Delivered,Debit Card,Jaipur,Kerala
O003416,11429,2025-11-15,Delivered,Credit Card,Bengaluru,Delhi
O003417,11361,2024-07-01,Shipped,UPI,Jaipur,Haryana
O003418,10366,2024-05-12,Delivered,Net Banking,Kolkata,Karnataka
O003419,11935,2024-12-15,Delivered,COD,Ludhiana,Rajasthan
O003420,12004,2024-10-08,Cancelled,UPI,Jaipur,Haryana
O003421,10258,2024-10-19,Delivered,Debit Card,Ahmedabad,West Bengal
O003422,10045,2024-09-25,Delivered,COD,Hyderabad,Maharashtra
O003423,10269,2024-07-15,Delivered,COD,Jaipur,Delhi
O003424,11335,2025-06-20,Delivered,COD,Bengaluru,Uttar Pradesh
O003425,10672,2025-10-14,Delivered,UPI,Kolkata,Maharashtra
O003426,11302,2024-01-20,Delivered,Net Banking,Kolkata,Kerala
O003427,12193,2025-12-13,Delivered,UPI,Jaipur,Karnataka
O003428,11990,2025-02-08,Delivered,Credit Card,Kolkata,Kerala
O003429,10235,2024-04-24,Delivered,Debit Card,Ludhiana,Uttar Pradesh
O003430,11469,2025-12-01,Delivered,Net Banking,Kochi,Kerala
O003431,12401,2024-01-26,Delivered,Net Banking,Delhi,Delhi
O003432,11418,2025-07-19,Delivered,Debit Card,Ludhiana,Maharashtra
O003433,10994,2025-11-12,Delivered,Credit Card,Lucknow,West Bengal
O003434,10275,2025-01-29,Delivered,COD,Gurugram,Maharashtra
O003435,10910,2025-01-15,Delivered,Debit Card,Ludhiana,Haryana
O003436,10440,2025-06-06,Delivered,COD,Jaipur,Uttar Pradesh
O003437,11087,2025-06-22,Delivered,Debit Card,Ahmedabad,Punjab
O003438,11897,2024-03-23,Delivered,UPI,Bengaluru,Delhi
O003439,11751,2025-07-03,Shipped,Credit Card,Bengaluru,Karnataka
O003440,10872,2025-03-20,Delivered,Credit Card,Kochi,Tamil Nadu
O003441,10651,2024-03-27,Returned,Debit Card,Ahmedabad,Punjab
O003442,10034,2025-01-21,Shipped,Credit Card,Delhi,Delhi
O003443,10867,2025-10-29,Returned,COD,Lucknow,Rajasthan
O003444,10832,2025-02-01,Cancelled,Credit Card,Mumbai,Kerala
O003445,11111,2024-10-12,Delivered,Credit Card,Jaipur,West Bengal
O003446,10462,2025-11-28,Delivered,Credit Card,Chennai,Karnataka
O003447,12129,2025-11-24,Delivered,Net Banking,Kochi,Rajasthan
O003448,10322,2025-01-03,Shipped,Debit Card,Jaipur,Maharashtra
O003449,10415,2025-10-16,Delivered,UPI,Ludhiana,Tamil Nadu
O003450,11875,2025-02-25,Delivered,UPI,Lucknow,Rajasthan
O003451,12238,2025-12-18,Delivered,Net Banking,Kolkata,Telangana
O003452,11257,2025-10-15,Delivered,Net Banking,Mumbai,Uttar Pradesh
O003453,12440,2025-11-27,Delivered,UPI,Bengaluru,West Bengal
O003454,10168,2025-03-18,Delivered,COD,Lucknow,West Bengal
O003455,11174,2025-06-03,Delivered,UPI,Ludhiana,Tamil Nadu
O003456,11410,2025-08-06,Cancelled,UPI,Chennai,West Bengal
O003457,12429,2024-10-14,Cancelled,Debit Card,Mumbai,Uttar Pradesh
O003458,11833,2024-04-04,Shipped,UPI,Bengaluru,Rajasthan
O003459,12025,2025-10-30,Delivered,UPI,Delhi,Delhi
O003460,11641,2024-02-10,Cancelled,Credit Card,Hyderabad,Telangana
O003461,10898,2024-11-26,Delivered,Net Banking,Chennai,West Bengal
O003462,12110,2024-06-03,Cancelled,UPI,Kochi,Gujarat
O003463,10862,2025-05-18,Delivered,UPI,Mumbai,Rajasthan
O003464,10150,2024-10-01,Delivered,COD,Mumbai,Maharashtra
O003465,12164,2025-10-27,Shipped,UPI,Delhi,Haryana
O003466,10824,2025-07-18,Delivered,Debit Card,Ahmedabad,Haryana
O003467,12113,2024-06-27,Delivered,COD,Kochi,Telangana
O003468,11453,2024-05-16,Delivered,UPI,Chennai,Kerala
O003469,12358,2024-06-28,Delivered,Debit Card,Ahmedabad,Haryana
O003470,11454,2024-06-30,Delivered,Net Banking,Kochi,West Bengal
O003471,10306,2024-09-15,Delivered,UPI,Jaipur,Telangana
O003472,11385,2024-08-30,Delivered,Net Banking,Jaipur,Maharashtra
O003473,11575,2024-04-05,Delivered,UPI,Lucknow,Delhi
O003474,10873,2024-07-15,Delivered,COD,Gurugram,Delhi
O003475,10169,2025-06-09,Delivered,COD,Lucknow,Rajasthan
O003476,11483,2025-09-23,Delivered,Debit Card,Gurugram,Maharashtra
O003477,11604,2025-01-21,Delivered,Credit Card,Chennai,Haryana
O003478,11031,2025-02-11,Delivered,Debit Card,Hyderabad,Gujarat
O003479,11735,2024-09-25,Delivered,UPI,Mumbai,Uttar Pradesh
O003480,10347,2024-06-19,Returned,Net Banking,Jaipur,Tamil Nadu
O003481,10735,2025-08-06,Shipped,Net Banking,Ludhiana,Maharashtra
O003482,11277,2025-11-21,Delivered,UPI,Chennai,West Bengal
O003483,12458,2024-06-18,Delivered,Credit Card,Chennai,Karnataka
O003484,10543,2024-06-07,Delivered,Credit Card,Hyderabad,Punjab
O003485,10355,2025-05-23,Delivered,Credit Card,Ludhiana,Maharashtra
O003486,10713,2025-03-22,Delivered,UPI,Gurugram,Karnataka
O003487,10584,2025-10-27,Cancelled,COD,Jaipur,West Bengal
O003488,10511,2024-03-22,Delivered,COD,Ludhiana,Rajasthan
O003489,10947,2024-02-26,Delivered,UPI,Jaipur,Punjab
O003490,11199,2025-06-02,Delivered,COD,Kochi,Telangana
O003491,10078,2024-04-21,Delivered,Credit Card,Kochi,West Bengal
O003492,10440,2024-02-17,Delivered,COD,Gurugram,West Bengal
O003493,11776,2025-08-14,Delivered,UPI,Kochi,Haryana
O003494,12448,2025-01-10,Delivered,COD,Chennai,Telangana
O003495,11217,2024-02-02,Delivered,COD,Ahmedabad,Uttar Pradesh
O003496,11291,2025-05-18,Delivered,COD,Ludhiana,Punjab
O003497,10126,2025-09-18,Shipped,COD,Chennai,Telangana
O003498,11739,2024-01-03,Shipped,UPI,Chennai,Rajasthan
O003499,10502,2025-04-30,Shipped,Debit Card,Bengaluru,Rajasthan
O003500,10387,2025-05-30,Delivered,COD,Gurugram,Kerala
O003501,10412,2024-02-11,Delivered,Debit Card,Kolkata,Karnataka
O003502,11370,2024-01-09,Returned,UPI,Ahmedabad,Maharashtra
O003503,12007,2025-10-18,Delivered,Net Banking,Chennai,West Bengal
O003504,11118,2025-08-31,Delivered,Debit Card,Mumbai,Rajasthan
O003505,12376,2024-05-21,Delivered,UPI,Jaipur,Karnataka
O003506,12148,2025-03-11,Delivered,Net Banking,Kolkata,Punjab
O003507,11339,2024-01-27,Delivered,COD,Chennai,Punjab
O003508,12073,2024-02-12,Delivered,UPI,Hyderabad,Telangana
O003509,11942,2024-05-10,Delivered,Credit Card,Ahmedabad,Maharashtra
O003510,10353,2024-08-03,Delivered,Net Banking,Kolkata,Tamil Nadu
O003511,10869,2025-08-28,Delivered,Credit Card,Lucknow,Karnataka
O003512,12247,2025-06-03,Delivered,COD,Ludhiana,Kerala
O003513,11303,2025-08-20,Delivered,COD,Gurugram,Karnataka
O003514,10847,2024-12-10,Delivered,Debit Card,Jaipur,Tamil Nadu
O003515,11103,2025-05-22,Delivered,COD,Lucknow,Haryana
O003516,11448,2025-10-11,Delivered,Debit Card,Bengaluru,Karnataka
O003517,10526,2025-02-16,Delivered,Net Banking,Chennai,Telangana
O003518,11680,2024-09-02,Delivered,Credit Card,Hyderabad,Kerala
O003519,11879,2025-03-24,Delivered,Net Banking,Hyderabad,Kerala
O003520,10010,2024-01-21,Delivered,Credit Card,Hyderabad,West Bengal
O003521,11284,2025-02-11,Delivered,UPI,Ahmedabad,West Bengal
O003522,11620,2025-04-01,Delivered,Net Banking,Bengaluru,Gujarat
O003523,11884,2025-03-19,Cancelled,UPI,Chennai,Tamil Nadu
O003524,11059,2024-09-21,Delivered,Credit Card,Gurugram,Rajasthan
O003525,12223,2025-10-21,Delivered,Debit Card,Ahmedabad,Rajasthan
O003526,12490,2024-07-02,Delivered,Net Banking,Kochi,Telangana
O003527,11171,2024-08-14,Shipped,Net Banking,Gurugram,Kerala
O003528,11593,2025-07-01,Delivered,Debit Card,Ahmedabad,Karnataka
O003529,11928,2024-09-02,Delivered,Debit Card,Kolkata,Delhi
O003530,12294,2024-03-13,Cancelled,COD,Gurugram,Gujarat
O003531,10675,2024-05-29,Delivered,COD,Ahmedabad,Telangana
O003532,11879,2025-05-27,Delivered,Credit Card,Jaipur,Telangana
O003533,12162,2024-03-09,Delivered,Net Banking,Ahmedabad,Delhi
O003534,11012,2024-08-17,Shipped,Debit Card,Ahmedabad,Kerala
O003535,10794,2025-12-23,Delivered,Debit Card,Ahmedabad,Uttar Pradesh
O003536,10233,2024-03-12,Delivered,UPI,Kochi,Delhi
O003537,11702,2025-08-30,Cancelled,COD,Delhi,Delhi
O003538,11346,2025-01-31,Delivered,UPI,Kochi,Karnataka
O003539,12174,2024-03-24,Delivered,Debit Card,Kochi,Maharashtra
O003540,10511,2024-10-25,Delivered,Net Banking,Hyderabad,Tamil Nadu
O003541,11508,2024-10-19,Returned,Net Banking,Ahmedabad,Gujarat
O003542,12329,2024-08-10,Delivered,UPI,Kochi,Haryana
O003543,10798,2024-08-03,Returned,COD,Mumbai,Haryana
O003544,11307,2024-08-18,Delivered,Credit Card,Ahmedabad,Maharashtra
O003545,10392,2025-02-08,Shipped,Net Banking,Hyderabad,Kerala
O003546,10382,2024-06-17,Delivered,Credit Card,Kolkata,Haryana
O003547,12264,2024-11-24,Shipped,COD,Chennai,Maharashtra
O003548,10606,2025-03-01,Delivered,UPI,Hyderabad,Maharashtra
O003549,10116,2025-07-07,Delivered,COD,Lucknow,Karnataka
O003550,10509,2024-07-14,Delivered,Debit Card,Mumbai,Delhi
O003551,12319,2025-08-30,Delivered,COD,Jaipur,Telangana
O003552,11464,2025-06-09,Delivered,UPI,Delhi,Gujarat
O003553,11048,2025-09-16,Cancelled,UPI,Ludhiana,Kerala
O003554,10776,2024-03-17,Delivered,COD,Bengaluru,Rajasthan
O003555,11067,2024-10-03,Delivered,UPI,Hyderabad,Maharashtra
O003556,11194,2025-04-10,Delivered,Debit Card,Ahmedabad,Uttar Pradesh
O003557,10340,2025-03-23,Delivered,Credit Card,Mumbai,West Bengal
O003558,10169,2024-11-15,Shipped,COD,Gurugram,Tamil Nadu
O003559,11839,2024-06-08,Shipped,UPI,Ahmedabad,Uttar Pradesh
O003560,11562,2025-05-06,Returned,Credit Card,Mumbai,Maharashtra
O003561,12191,2024-11-08,Delivered,Debit Card,Hyderabad,Kerala
O003562,10575,2025-09-22,Delivered,COD,Chennai,Tamil Nadu
O003563,11629,2024-06-09,Delivered,UPI,Kochi,Kerala
O003564,11743,2024-11-03,Delivered,Credit Card,Kochi,Tamil Nadu
O003565,10475,2024-05-25,Returned,Debit Card,Kochi,Karnataka
O003566,12359,2025-11-05,Delivered,Net Banking,Ahmedabad,Punjab
O003567,10531,2025-01-30,Delivered,UPI,Mumbai,Karnataka
O003568,10991,2025-11-21,Delivered,Debit Card,Lucknow,Maharashtra
O003569,12121,2024-03-29,Delivered,Credit Card,Lucknow,Delhi
O003570,11418,2024-11-03,Delivered,COD,Mumbai,Haryana
O003571,10869,2025-06-29,Shipped,Credit Card,Gurugram,Tamil Nadu
O003572,12442,2025-01-05,Delivered,COD,Chennai,Karnataka
O003573,11782,2025-03-26,Returned,Debit Card,Gurugram,Delhi
O003574,10313,2024-06-15,Delivered,Debit Card,Gurugram,Rajasthan
O003575,11462,2025-01-26,Delivered,Credit Card,Delhi,Kerala
O003576,10952,2025-09-28,Delivered,Credit Card,Kolkata,Punjab
O003577,12372,2025-05-05,Delivered,COD,Ahmedabad,Punjab
O003578,11013,2024-05-29,Delivered,UPI,Kolkata,Punjab
O003579,10965,2025-04-12,Delivered,Credit Card,Lucknow,Delhi
O003580,12135,2025-12-01,Delivered,UPI,Ludhiana,Rajasthan
O003581,10359,2024-02-12,Delivered,UPI,Kolkata,Karnataka
O003582,10695,2024-01-29,Delivered,UPI,Kochi,Kerala
O003583,12245,2025-09-23,Delivered,Debit Card,Jaipur,Karnataka
O003584,11409,2024-01-31,Returned,Debit Card,Chennai,Punjab
O003585,11142,2025-11-23,Shipped,UPI,Ludhiana,Kerala
O003586,10498,2025-11-04,Delivered,UPI,Kochi,Rajasthan
O003587,10908,2024-05-07,Delivered,Debit Card,Delhi,Uttar Pradesh
O003588,10462,2024-10-20,Delivered,COD,Ahmedabad,Gujarat
O003589,11618,2025-03-16,Delivered,Net Banking,Mumbai,Rajasthan
O003590,12282,2025-01-22,Delivered,Credit Card,Ludhiana,Gujarat
O003591,10417,2025-10-03,Delivered,UPI,Bengaluru,Kerala
O003592,11491,2025-06-07,Delivered,Debit Card,Chennai,Uttar Pradesh
O003593,11506,2025-06-30,Delivered,UPI,Jaipur,Tamil Nadu
O003594,11389,2025-12-10,Shipped,UPI,Mumbai,Haryana
O003595,12201,2024-04-19,Delivered,UPI,Mumbai,Gujarat
O003596,10272,2024-11-23,Delivered,UPI,Hyderabad,West Bengal
O003597,10392,2025-02-08,Shipped,COD,Ludhiana,Telangana
O003598,10725,2024-09-01,Shipped,Credit Card,Kochi,Rajasthan
O003599,11747,2024-06-11,Delivered,Credit Card,Ahmedabad,Tamil Nadu
O003600,11675,2025-07-13,Cancelled,Debit Card,Ahmedabad,Maharashtra
O003601,12237,2025-02-02,Delivered,COD,Chennai,West Bengal
O003602,10395,2025-08-05,Delivered,COD,Gurugram,Gujarat
O003603,10662,2025-02-02,Delivered,Credit Card,Delhi,Rajasthan
O003604,10853,2025-05-07,Shipped,Debit Card,Hyderabad,Gujarat
O003605,12238,2025-10-07,Delivered,COD,Delhi,Haryana
O003606,12282,2024-08-26,Delivered,Debit Card,Bengaluru,Gujarat
O003607,11712,2025-04-09,Delivered,Credit Card,Kochi,Maharashtra
O003608,12280,2025-08-02,Delivered,UPI,Hyderabad,Karnataka
O003609,12406,2024-02-01,Delivered,COD,Gurugram,Tamil Nadu
O003610,12031,2024-05-02,Delivered,Debit Card,Kolkata,Rajasthan
O003611,10237,2025-06-17,Delivered,UPI,Chennai,Punjab
O003612,11057,2025-10-28,Delivered,Credit Card,Kolkata,Telangana
O003613,12261,2024-04-19,Delivered,Net Banking,Jaipur,Uttar Pradesh
O003614,11596,2024-09-27,Shipped,COD,Bengaluru,Tamil Nadu
O003615,12427,2025-01-14,Delivered,COD,Gurugram,Rajasthan
O003616,11026,2024-10-26,Delivered,Debit Card,Ludhiana,West Bengal
O003617,10909,2025-09-18,Returned,Credit Card,Bengaluru,West Bengal
O003618,10450,2024-09-05,Delivered,Credit Card,Mumbai,Karnataka
O003619,10569,2025-06-04,Delivered,COD,Mumbai,Karnataka
O003620,11674,2024-02-03,Delivered,COD,Ludhiana,Rajasthan
O003621,12327,2024-08-15,Delivered,Debit Card,Gurugram,Telangana
O003622,10214,2025-08-07,Delivered,Debit Card,Hyderabad,West Bengal
O003623,11775,2025-02-02,Delivered,Net Banking,Chennai,Haryana
O003624,11309,2025-12-24,Delivered,UPI,Lucknow,Uttar Pradesh
O003625,10718,2025-08-06,Delivered,Debit Card,Ludhiana,Maharashtra
O003626,10970,2025-07-23,Delivered,UPI,Ludhiana,Uttar Pradesh
O003627,11666,2024-08-07,Cancelled,COD,Bengaluru,Karnataka
O003628,12486,2025-01-05,Shipped,Net Banking,Delhi,Delhi
O003629,10904,2025-06-11,Delivered,Net Banking,Delhi,Punjab
O003630,11451,2024-03-15,Delivered,Net Banking,Ahmedabad,Kerala
O003631,11456,2025-09-09,Delivered,Credit Card,Ludhiana,Haryana
O003632,12437,2024-05-15,Delivered,COD,Chennai,Karnataka
O003633,10135,2024-03-14,Shipped,Credit Card,Mumbai,Haryana
O003634,10532,2024-09-10,Delivered,Credit Card,Lucknow,Tamil Nadu
O003635,12268,2024-01-18,Delivered,Net Banking,Lucknow,Uttar Pradesh
O003636,10333,2024-02-12,Delivered,Credit Card,Jaipur,Maharashtra
O003637,11154,2024-02-19,Delivered,COD,Kochi,Uttar Pradesh
O003638,11626,2025-05-29,Delivered,COD,Lucknow,Haryana
O003639,11449,2025-07-24,Delivered,Credit Card,Bengaluru,Maharashtra
O003640,11322,2025-07-29,Delivered,COD,Bengaluru,Punjab
O003641,11528,2025-08-04,Returned,UPI,Delhi,Maharashtra
O003642,11709,2024-10-29,Delivered,Credit Card,Hyderabad,Rajasthan
O003643,12405,2024-05-21,Cancelled,Net Banking,Delhi,Punjab
O003644,10401,2024-07-20,Shipped,Net Banking,Bengaluru,Uttar Pradesh
O003645,12012,2024-07-25,Delivered,COD,Delhi,Rajasthan
O003646,11479,2025-02-18,Delivered,COD,Kolkata,Delhi
O003647,11915,2024-08-08,Delivered,Net Banking,Kolkata,Punjab
O003648,11058,2024-12-27,Delivered,UPI,Gurugram,West Bengal
O003649,12296,2024-03-21,Delivered,Net Banking,Kolkata,Rajasthan
O003650,10042,2025-07-16,Delivered,Credit Card,Ahmedabad,Kerala
O003651,10801,2024-10-11,Delivered,Net Banking,Lucknow,Tamil Nadu
O003652,12171,2025-01-03,Shipped,Debit Card,Kochi,Kerala
O003653,10027,2025-05-06,Returned,UPI,Delhi,Maharashtra
O003654,11171,2024-12-11,Delivered,UPI,Kolkata,Telangana
O003655,10711,2024-07-22,Delivered,Net Banking,Gurugram,Maharashtra
O003656,12424,2024-01-25,Cancelled,Debit Card,Mumbai,Tamil Nadu
O003657,12019,2025-07-06,Delivered,Credit Card,Kolkata,Karnataka
O003658,10665,2024-03-09,Delivered,Net Banking,Chennai,Telangana
O003659,10783,2025-05-30,Delivered,Credit Card,Mumbai,Rajasthan
O003660,11980,2025-05-06,Cancelled,Debit Card,Kochi,Rajasthan
O003661,12048,2024-08-27,Delivered,Net Banking,Chennai,Haryana
O003662,11107,2024-12-26,Delivered,Net Banking,Ludhiana,Delhi
O003663,11559,2025-03-16,Delivered,Credit Card,Gurugram,Punjab
O003664,11723,2024-01-31,Cancelled,Net Banking,Mumbai,Tamil Nadu
O003665,11652,2025-09-20,Returned,Debit Card,Delhi,Delhi
O003666,11127,2025-12-07,Delivered,Net Banking,Ludhiana,Uttar Pradesh
O003667,11779,2025-08-24,Returned,COD,Ahmedabad,Telangana
O003668,12410,2025-11-20,Delivered,Debit Card,Jaipur,Kerala
O003669,10684,2025-10-18,Delivered,UPI,Hyderabad,Haryana
O003670,11280,2025-12-14,Returned,Credit Card,Gurugram,Maharashtra
O003671,12295,2024-11-17,Delivered,Debit Card,Delhi,Karnataka
O003672,12011,2024-12-09,Delivered,UPI,Kochi,Delhi
O003673,11216,2025-12-15,Delivered,UPI,Jaipur,Tamil Nadu
O003674,11650,2025-06-19,Shipped,Debit Card,Chennai,Gujarat
O003675,11894,2024-12-20,Shipped,UPI,Jaipur,Kerala
O003676,10314,2025-04-15,Cancelled,UPI,Delhi,Delhi
O003677,11397,2024-04-14,Delivered,COD,Lucknow,Telangana
O003678,10444,2024-11-17,Cancelled,Net Banking,Bengaluru,Kerala
O003679,11672,2025-07-25,Delivered,COD,Hyderabad,West Bengal
O003680,11814,2025-06-10,Delivered,Net Banking,Lucknow,Delhi
O003681,10582,2025-05-18,Shipped,UPI,Ahmedabad,Haryana
O003682,11384,2024-03-25,Delivered,Net Banking,Hyderabad,Gujarat
O003683,10548,2025-12-09,Delivered,COD,Delhi,Gujarat
O003684,11132,2024-08-22,Delivered,Credit Card,Ludhiana,Gujarat
O003685,10465,2024-09-19,Delivered,Credit Card,Kolkata,West Bengal
O003686,11046,2024-01-06,Delivered,Net Banking,Kolkata,Delhi
O003687,11865,2025-05-08,Delivered,Credit Card,Bengaluru,Delhi
O003688,10716,2024-10-15,Delivered,Debit Card,Jaipur,West Bengal
O003689,10892,2025-07-23,Delivered,Credit Card,Bengaluru,Telangana
O003690,10501,2025-10-18,Shipped,Net Banking,Hyderabad,Gujarat
O003691,10407,2025-07-07,Delivered,UPI,Gurugram,Haryana
O003692,11354,2024-12-15,Delivered,COD,Jaipur,West Bengal
O003693,10703,2024-07-18,Delivered,Credit Card,Delhi,Gujarat
O003694,12334,2025-11-16,Cancelled,Net Banking,Kolkata,Kerala
O003695,12195,2024-11-30,Delivered,COD,Delhi,Karnataka
O003696,12010,2025-08-29,Delivered,Debit Card,Mumbai,Maharashtra
O003697,10384,2024-08-04,Returned,UPI,Jaipur,Punjab
O003698,12059,2025-09-14,Delivered,COD,Hyderabad,Karnataka
O003699,12324,2024-12-18,Returned,COD,Ludhiana,Maharashtra
O003700,10886,2025-11-22,Delivered,Net Banking,Gurugram,Uttar Pradesh
O003701,11592,2025-11-05,Delivered,Debit Card,Delhi,Uttar Pradesh
O003702,10964,2025-09-22,Delivered,Credit Card,Lucknow,Telangana
O003703,10303,2024-11-20,Delivered,Debit Card,Gurugram,Kerala
O003704,12252,2024-08-15,Cancelled,UPI,Delhi,Karnataka
O003705,10345,2024-05-24,Returned,Credit Card,Kolkata,Gujarat
O003706,11784,2024-11-03,Returned,Debit Card,Hyderabad,Punjab
O003707,10826,2025-10-15,Cancelled,UPI,Kochi,Karnataka
O003708,11290,2025-09-25,Cancelled,COD,Kolkata,Karnataka
O003709,10022,2024-10-11,Delivered,COD,Ahmedabad,Gujarat
O003710,11730,2025-01-26,Shipped,COD,Ludhiana,Delhi
O003711,11120,2024-12-25,Delivered,COD,Gurugram,Telangana
O003712,11469,2024-06-13,Delivered,Credit Card,Kochi,Uttar Pradesh
O003713,10263,2025-08-03,Delivered,COD,Mumbai,Rajasthan
O003714,12431,2024-08-11,Cancelled,Credit Card,Chennai,Rajasthan
O003715,11574,2024-05-03,Delivered,Credit Card,Kolkata,Rajasthan
O003716,10392,2024-12-09,Shipped,Debit Card,Mumbai,Delhi
O003717,10540,2025-06-07,Delivered,COD,Chennai,Telangana
O003718,11116,2024-02-21,Delivered,Net Banking,Lucknow,West Bengal
O003719,11183,2024-05-08,Returned,COD,Hyderabad,Telangana
O003720,10884,2024-05-14,Delivered,Net Banking,Ludhiana,Gujarat
O003721,10228,2025-10-18,Returned,COD,Hyderabad,Uttar Pradesh
O003722,12420,2024-05-06,Delivered,Credit Card,Mumbai,Haryana
O003723,11400,2024-03-11,Delivered,COD,Jaipur,Telangana
O003724,11577,2024-09-29,Cancelled,COD,Lucknow,Gujarat
O003725,12085,2024-07-05,Delivered,COD,Chennai,West Bengal
O003726,11958,2024-01-03,Delivered,COD,Gurugram,West Bengal
O003727,10691,2024-10-11,Delivered,Debit Card,Gurugram,Delhi
O003728,11061,2024-01-22,Delivered,Debit Card,Gurugram,Gujarat
O003729,12149,2024-06-14,Delivered,Credit Card,Kochi,West Bengal
O003730,11214,2024-11-05,Delivered,Credit Card,Bengaluru,Haryana
O003731,11536,2025-04-21,Returned,Net Banking,Ludhiana,Delhi
O003732,10658,2025-05-12,Delivered,Credit Card,Ludhiana,Delhi
O003733,10090,2025-03-09,Delivered,Debit Card,Hyderabad,Tamil Nadu
O003734,11163,2024-08-21,Returned,Credit Card,Jaipur,Uttar Pradesh
O003735,10095,2025-10-31,Cancelled,Net Banking,Lucknow,Uttar Pradesh
O003736,11655,2025-10-24,Delivered,Net Banking,Ahmedabad,Tamil Nadu
O003737,11902,2025-12-25,Delivered,Debit Card,Ahmedabad,Uttar Pradesh
O003738,12171,2025-01-10,Delivered,Credit Card,Chennai,Uttar Pradesh
O003739,10366,2025-12-30,Delivered,Net Banking,Mumbai,Karnataka
O003740,11514,2024-09-02,Delivered,Credit Card,Ludhiana,West Bengal
O003741,12373,2024-10-29,Shipped,Credit Card,Ludhiana,West Bengal
O003742,12455,2025-02-08,Delivered,Debit Card,Delhi,Maharashtra
O003743,10996,2025-10-24,Delivered,Debit Card,Ludhiana,Haryana
O003744,10519,2025-12-08,Delivered,Credit Card,Hyderabad,Gujarat
O003745,10896,2024-01-21,Delivered,COD,Bengaluru,Maharashtra
O003746,11848,2024-09-13,Delivered,COD,Chennai,Delhi
O003747,12125,2025-02-02,Shipped,UPI,Delhi,Delhi
O003748,12282,2025-06-12,Delivered,UPI,Delhi,Gujarat
O003749,10830,2024-02-20,Delivered,UPI,Hyderabad,West Bengal
O003750,10271,2025-03-22,Delivered,Debit Card,Hyderabad,Delhi
O003751,10469,2024-09-26,Delivered,Credit Card,Delhi,Uttar Pradesh
O003752,10719,2025-08-17,Delivered,Net Banking,Delhi,Gujarat
O003753,11008,2025-09-27,Delivered,Credit Card,Chennai,Kerala
O003754,12318,2024-09-18,Delivered,Credit Card,Jaipur,Haryana
O003755,10605,2024-12-30,Cancelled,UPI,Ahmedabad,Haryana
O003756,10378,2024-02-18,Delivered,Credit Card,Hyderabad,Haryana
O003757,10177,2025-06-01,Delivered,UPI,Hyderabad,Karnataka
O003758,12322,2025-09-20,Delivered,Credit Card,Kolkata,Maharashtra
O003759,11715,2024-04-27,Delivered,Net Banking,Chennai,Tamil Nadu
O003760,10637,2025-03-28,Delivered,COD,Hyderabad,Karnataka
O003761,12075,2025-10-02,Delivered,COD,Delhi,Karnataka
O003762,10060,2025-01-31,Delivered,Debit Card,Hyderabad,Gujarat
O003763,10661,2025-11-13,Delivered,Net Banking,Kolkata,Telangana
O003764,10270,2024-01-27,Delivered,Credit Card,Kochi,Rajasthan
O003765,10245,2025-12-11,Delivered,Net Banking,Jaipur,Gujarat
O003766,10660,2025-01-06,Delivered,Credit Card,Hyderabad,Gujarat
O003767,10085,2024-04-06,Shipped,Net Banking,Kolkata,Maharashtra
O003768,10907,2025-06-12,Delivered,Net Banking,Kolkata,Delhi
O003769,11876,2025-11-15,Delivered,COD,Chennai,Karnataka
O003770,12137,2025-09-04,Cancelled,Net Banking,Hyderabad,Rajasthan
O003771,10854,2024-07-04,Delivered,Debit Card,Kolkata,Haryana
O003772,10507,2025-11-26,Delivered,Credit Card,Mumbai,Delhi
O003773,10408,2024-08-02,Delivered,UPI,Chennai,Rajasthan
O003774,11295,2024-09-07,Delivered,Net Banking,Kochi,Rajasthan
O003775,10524,2024-08-03,Shipped,UPI,Ludhiana,Telangana
O003776,11518,2024-01-29,Delivered,COD,Kolkata,Karnataka
O003777,12496,2024-04-11,Delivered,UPI,Chennai,Karnataka
O003778,12398,2024-05-02,Delivered,Debit Card,Ludhiana,Karnataka
O003779,10328,2024-02-23,Delivered,Debit Card,Hyderabad,Punjab
O003780,11836,2024-10-09,Delivered,COD,Kochi,Telangana
O003781,11310,2025-09-05,Delivered,Debit Card,Ahmedabad,Punjab
O003782,10623,2024-04-26,Delivered,Credit Card,Kolkata,Kerala
O003783,11855,2025-09-07,Delivered,Debit Card,Gurugram,West Bengal
O003784,12042,2025-07-10,Delivered,Net Banking,Mumbai,Karnataka
O003785,11884,2024-04-23,Returned,Debit Card,Kochi,Kerala
O003786,12193,2025-06-26,Cancelled,Credit Card,Ahmedabad,Tamil Nadu
O003787,10756,2025-11-06,Returned,COD,Jaipur,Maharashtra
O003788,10146,2025-12-01,Delivered,Debit Card,Ahmedabad,Tamil Nadu
O003789,11021,2024-10-19,Delivered,Credit Card,Lucknow,Rajasthan
O003790,11628,2024-07-13,Delivered,Net Banking,Jaipur,Gujarat
O003791,10828,2024-10-18,Delivered,UPI,Gurugram,West Bengal
O003792,11859,2024-09-17,Delivered,UPI,Delhi,Rajasthan
O003793,10627,2024-07-25,Delivered,COD,Chennai,Punjab
O003794,11296,2025-07-17,Delivered,COD,Kochi,Maharashtra
O003795,10630,2024-02-18,Delivered,UPI,Jaipur,Delhi
O003796,12463,2024-01-06,Delivered,UPI,Delhi,Uttar Pradesh
O003797,10257,2025-01-13,Delivered,COD,Kolkata,Kerala
O003798,12135,2025-01-28,Delivered,UPI,Hyderabad,West Bengal
O003799,10905,2024-08-11,Delivered,Debit Card,Lucknow,Karnataka
O003800,11460,2024-01-23,Delivered,Credit Card,Bengaluru,West Bengal
O003801,10108,2025-10-18,Shipped,COD,Lucknow,Rajasthan
O003802,11043,2024-04-19,Delivered,Credit Card,Lucknow,Delhi
O003803,11389,2025-12-24,Shipped,Net Banking,Ludhiana,Karnataka
O003804,11677,2025-07-06,Delivered,Net Banking,Lucknow,Gujarat
O003805,11403,2025-02-02,Delivered,Debit Card,Kolkata,Punjab
O003806,10160,2024-06-20,Delivered,Net Banking,Ludhiana,Telangana
O003807,10100,2025-11-28,Returned,COD,Bengaluru,Maharashtra
O003808,10265,2025-12-26,Delivered,Debit Card,Bengaluru,Uttar Pradesh
O003809,10677,2024-11-01,Delivered,Debit Card,Hyderabad,Delhi
O003810,10799,2025-07-17,Delivered,COD,Kolkata,Kerala
O003811,11083,2025-08-04,Delivered,UPI,Ludhiana,Haryana
O003812,12231,2025-12-08,Delivered,Credit Card,Bengaluru,Maharashtra
O003813,11471,2024-05-30,Delivered,COD,Chennai,Telangana
O003814,11325,2025-03-03,Delivered,UPI,Hyderabad,Delhi
O003815,10608,2025-09-12,Delivered,UPI,Kochi,West Bengal
O003816,11579,2025-04-11,Shipped,Net Banking,Chennai,Rajasthan
O003817,11793,2025-09-21,Delivered,Debit Card,Ludhiana,Gujarat
O003818,11237,2025-08-29,Delivered,Debit Card,Ahmedabad,Gujarat
O003819,12395,2025-07-09,Cancelled,Net Banking,Kochi,Tamil Nadu
O003820,10801,2024-03-07,Delivered,Net Banking,Lucknow,Uttar Pradesh
O003821,11161,2024-06-04,Delivered,Debit Card,Mumbai,Delhi
O003822,11054,2024-07-24,Delivered,COD,Kolkata,Kerala
O003823,12194,2024-06-03,Delivered,COD,Ludhiana,Gujarat
O003824,11848,2025-11-21,Delivered,COD,Lucknow,Kerala
O003825,11492,2025-05-23,Cancelled,COD,Chennai,West Bengal
O003826,12022,2025-07-25,Delivered,Net Banking,Delhi,Tamil Nadu
O003827,10503,2024-03-14,Delivered,Credit Card,Hyderabad,Maharashtra
O003828,11215,2024-02-18,Returned,Credit Card,Mumbai,Uttar Pradesh
O003829,10471,2025-04-11,Returned,Debit Card,Bengaluru,Delhi
O003830,11369,2025-08-07,Delivered,Credit Card,Mumbai,Haryana
O003831,12049,2025-12-08,Delivered,COD,Chennai,Telangana
O003832,10110,2024-06-27,Delivered,Net Banking,Kochi,Karnataka
O003833,11874,2024-02-17,Delivered,COD,Lucknow,Punjab
O003834,10894,2024-03-12,Cancelled,UPI,Hyderabad,Karnataka
O003835,11770,2024-04-22,Delivered,Net Banking,Chennai,Karnataka
O003836,11088,2024-06-07,Delivered,UPI,Chennai,Haryana
O003837,10756,2024-01-30,Delivered,UPI,Ahmedabad,Haryana
O003838,10053,2024-04-06,Delivered,Debit Card,Gurugram,West Bengal
O003839,12310,2024-09-07,Delivered,UPI,Ludhiana,Rajasthan
O003840,11326,2025-06-02,Shipped,Credit Card,Kochi,Delhi
O003841,12029,2024-04-01,Delivered,Credit Card,Gurugram,West Bengal
O003842,11992,2024-04-22,Delivered,UPI,Bengaluru,Kerala
O003843,12282,2024-09-15,Shipped,Debit Card,Gurugram,Uttar Pradesh
O003844,10073,2024-04-16,Delivered,UPI,Ludhiana,Tamil Nadu
O003845,11381,2025-07-28,Delivered,Net Banking,Bengaluru,Uttar Pradesh
O003846,10951,2025-01-24,Delivered,Net Banking,Bengaluru,Rajasthan
O003847,11627,2024-12-23,Delivered,Net Banking,Ahmedabad,West Bengal
O003848,10484,2024-07-17,Delivered,Net Banking,Jaipur,Karnataka
O003849,11030,2025-03-02,Shipped,UPI,Mumbai,Rajasthan
O003850,10877,2025-04-22,Delivered,COD,Delhi,Karnataka
O003851,12006,2025-05-17,Delivered,COD,Lucknow,Maharashtra
O003852,11832,2025-10-19,Delivered,Net Banking,Jaipur,Gujarat
O003853,10859,2025-07-26,Delivered,Debit Card,Delhi,Rajasthan
O003854,12021,2024-04-29,Delivered,Debit Card,Lucknow,Rajasthan
O003855,11858,2025-07-26,Delivered,UPI,Chennai,Gujarat
O003856,12185,2024-11-04,Cancelled,COD,Mumbai,Maharashtra
O003857,10779,2025-06-21,Delivered,UPI,Bengaluru,Telangana
O003858,10628,2025-09-18,Delivered,Credit Card,Jaipur,Haryana
O003859,10410,2025-04-19,Delivered,Net Banking,Kochi,Uttar Pradesh
O003860,11060,2025-07-05,Shipped,Credit Card,Ahmedabad,Karnataka
O003861,12278,2024-12-09,Delivered,Credit Card,Kochi,Uttar Pradesh
O003862,12310,2025-09-19,Delivered,Debit Card,Mumbai,West Bengal
O003863,11155,2024-05-15,Delivered,COD,Kolkata,West Bengal
O003864,11601,2024-10-03,Delivered,Net Banking,Gurugram,West Bengal
O003865,10892,2025-06-16,Delivered,UPI,Chennai,Kerala
O003866,10448,2024-01-31,Shipped,Net Banking,Kochi,Gujarat
O003867,12234,2024-09-03,Returned,UPI,Kochi,Uttar Pradesh
O003868,11653,2025-02-14,Delivered,UPI,Jaipur,Punjab
O003869,11298,2024-01-27,Delivered,COD,Mumbai,Uttar Pradesh
O003870,11687,2024-03-13,Delivered,Credit Card,Bengaluru,Maharashtra
O003871,10352,2024-04-06,Delivered,UPI,Delhi,Delhi
O003872,11437,2025-11-03,Delivered,COD,Hyderabad,Punjab
O003873,12432,2024-12-11,Delivered,Credit Card,Jaipur,Maharashtra
O003874,12374,2025-04-20,Delivered,Credit Card,Lucknow,Delhi
O003875,10465,2024-10-26,Delivered,Net Banking,Hyderabad,Telangana
O003876,11158,2024-10-25,Delivered,Net Banking,Hyderabad,Uttar Pradesh
O003877,12210,2024-10-13,Delivered,Net Banking,Chennai,Karnataka
O003878,10556,2025-03-24,Delivered,Debit Card,Kochi,West Bengal
O003879,10300,2024-07-30,Delivered,Credit Card,Lucknow,Uttar Pradesh
O003880,10356,2024-03-16,Delivered,Debit Card,Kolkata,Haryana
O003881,11264,2025-02-04,Delivered,Net Banking,Delhi,Tamil Nadu
O003882,10564,2025-10-16,Cancelled,COD,Ahmedabad,Karnataka
O003883,10793,2024-02-03,Delivered,Net Banking,Bengaluru,Gujarat
O003884,11023,2025-05-12,Delivered,UPI,Hyderabad,Haryana
O003885,11191,2025-05-30,Delivered,COD,Hyderabad,West Bengal
O003886,12188,2024-11-23,Delivered,COD,Bengaluru,Delhi
O003887,11905,2024-04-07,Delivered,Credit Card,Kochi,Punjab
O003888,12283,2024-12-31,Delivered,Debit Card,Mumbai,Kerala
O003889,12037,2025-12-29,Delivered,UPI,Jaipur,Delhi
O003890,11027,2025-04-07,Delivered,COD,Delhi,Gujarat
O003891,10256,2024-01-28,Delivered,Debit Card,Mumbai,Telangana
O003892,12419,2025-12-13,Delivered,Debit Card,Ahmedabad,Gujarat
O003893,12326,2025-01-20,Delivered,UPI,Chennai,Rajasthan
O003894,11806,2024-09-29,Delivered,UPI,Hyderabad,Gujarat
O003895,11236,2024-05-06,Shipped,Net Banking,Bengaluru,Telangana
O003896,10270,2024-07-20,Delivered,Net Banking,Bengaluru,Uttar Pradesh
O003897,11552,2025-06-04,Returned,COD,Bengaluru,Telangana
O003898,10928,2024-10-13,Delivered,COD,Jaipur,Haryana
O003899,10064,2025-03-25,Delivered,COD,Delhi,Haryana
O003900,10460,2024-03-28,Delivered,,Bengaluru,Gujarat
O003901,11040,2024-11-13,Delivered,COD,Jaipur,Delhi
O003902,11043,2024-01-19,Cancelled,COD,Ahmedabad,Maharashtra
O003903,11349,2025-08-15,Delivered,Net Banking,Gurugram,Telangana
O003904,10908,2024-04-16,Delivered,Net Banking,Hyderabad,Gujarat
O003905,10093,2025-04-02,Delivered,COD,Jaipur,Punjab
O003906,10773,2024-11-06,Delivered,COD,Kochi,Rajasthan
O003907,10810,2025-02-15,Delivered,Debit Card,Lucknow,Maharashtra
O003908,12042,2025-09-15,Delivered,Credit Card,Mumbai,Maharashtra
O003909,11647,2025-09-26,Delivered,Net Banking,Gurugram,Kerala
O003910,10840,2025-05-12,Delivered,Credit Card,Kochi,Karnataka
O003911,10488,2024-08-31,Delivered,Net Banking,Ludhiana,Tamil Nadu
O003912,11748,2025-11-20,Cancelled,Debit Card,Hyderabad,West Bengal
O003913,10749,2025-07-30,Shipped,Credit Card,Bengaluru,Delhi
O003914,10528,2025-01-14,Delivered,Debit Card,Delhi,Haryana
O003915,11168,2025-05-29,Cancelled,UPI,Kochi,Haryana
O003916,10554,2024-07-25,Delivered,Credit Card,Ludhiana,Tamil Nadu
O003917,10515,2025-01-28,Delivered,Credit Card,Lucknow,Karnataka
O003918,10377,2024-01-21,Delivered,Credit Card,Chennai,West Bengal
O003919,11709,2025-06-10,Delivered,UPI,Ludhiana,Telangana
O003920,10484,2024-12-08,Delivered,UPI,Gurugram,Telangana
O003921,10452,2025-12-18,Delivered,Debit Card,Kolkata,Kerala
O003922,11560,2024-07-20,Delivered,UPI,Hyderabad,Tamil Nadu
O003923,11099,2024-04-29,Delivered,Net Banking,Kochi,Maharashtra
O003924,10302,2025-10-10,Delivered,COD,Lucknow,Maharashtra
O003925,11576,2025-01-23,Shipped,Credit Card,Chennai,Haryana
O003926,11774,2025-06-20,Delivered,Debit Card,Kochi,Telangana
O003927,11527,2024-08-21,Delivered,Debit Card,Kolkata,Gujarat
O003928,10999,2025-09-24,Delivered,Debit Card,Hyderabad,Uttar Pradesh
O003929,12066,2025-08-24,Returned,Debit Card,Kolkata,Tamil Nadu
O003930,10398,2024-11-15,Delivered,Credit Card,Chennai,Telangana
O003931,11007,2025-12-12,Delivered,Debit Card,Kolkata,Gujarat
O003932,12237,2024-06-28,Delivered,Credit Card,Hyderabad,West Bengal
O003933,11804,2025-01-02,Shipped,Debit Card,Chennai,Karnataka
O003934,12152,2024-03-16,Delivered,Debit Card,Chennai,Uttar Pradesh
O003935,11947,2025-10-10,Delivered,COD,Mumbai,Telangana
O003936,11395,2025-10-11,Delivered,Net Banking,Hyderabad,Maharashtra
O003937,10033,2025-05-10,Returned,UPI,Kolkata,Telangana
O003938,12422,2025-06-05,Delivered,UPI,Ahmedabad,Kerala
O003939,11845,2024-07-19,Delivered,UPI,Gurugram,West Bengal
O003940,11805,2024-12-11,Delivered,Net Banking,Delhi,Haryana
O003941,10890,2025-04-27,Delivered,Credit Card,Hyderabad,Rajasthan
O003942,11894,2024-08-06,Delivered,UPI,Ludhiana,Haryana
O003943,11667,2024-02-29,Shipped,UPI,Gurugram,Uttar Pradesh
O003944,10249,2025-10-20,Cancelled,UPI,Lucknow,Kerala
O003945,12496,2025-09-10,Delivered,Credit Card,Hyderabad,Gujarat
O003946,10980,2025-07-03,Delivered,Net Banking,Lucknow,Gujarat
O003947,11260,2025-10-07,Delivered,Net Banking,Kochi,Uttar Pradesh
O003948,12221,2024-08-08,Delivered,Credit Card,Kolkata,Punjab
O003949,11346,2025-05-16,Delivered,COD,Gurugram,Haryana
O003950,12419,2024-05-12,Delivered,Debit Card,Ahmedabad,Karnataka
O003951,11572,2024-02-22,Delivered,Credit Card,Gurugram,Rajasthan
O003952,10787,2025-03-25,Delivered,Debit Card,Gurugram,Tamil Nadu
O003953,10840,2024-03-02,Cancelled,Net Banking,Chennai,Rajasthan
O003954,12448,2024-01-23,Delivered,Debit Card,Kochi,Punjab
O003955,11899,2024-02-13,Delivered,UPI,Kolkata,Rajasthan
O003956,10408,2025-07-11,Returned,Debit Card,Lucknow,Kerala
O003957,10064,2025-10-20,Returned,Debit Card,Jaipur,West Bengal
O003958,12468,2025-12-28,Delivered,Net Banking,Gurugram,Karnataka
O003959,12194,2024-02-16,Delivered,COD,Bengaluru,Gujarat
O003960,10017,2024-01-24,Delivered,Debit Card,Kolkata,Haryana
O003961,12146,2025-10-18,Delivered,Net Banking,Ludhiana,Haryana
O003962,12500,2024-03-29,Delivered,UPI,Hyderabad,Rajasthan
O003963,10898,2024-06-22,Returned,Debit Card,Chennai,Haryana
O003964,11016,2025-07-29,Delivered,Debit Card,Ludhiana,Uttar Pradesh
O003965,11267,2024-04-28,Delivered,UPI,Bengaluru,Punjab
O003966,10479,2025-10-29,Delivered,Credit Card,Mumbai,Maharashtra
O003967,10201,2024-06-26,Shipped,COD,Kochi,Tamil Nadu
O003968,11973,2024-12-07,Delivered,UPI,Hyderabad,Telangana
O003969,10179,2025-07-21,Delivered,UPI,Jaipur,Maharashtra
O003970,10453,2024-02-28,Delivered,UPI,Ahmedabad,Tamil Nadu
O003971,12318,2025-03-13,Delivered,Credit Card,Kolkata,Kerala
O003972,10486,2025-03-03,Delivered,UPI,Bengaluru,Kerala
O003973,12024,2025-03-01,Delivered,Credit Card,Jaipur,Gujarat
O003974,10578,2025-01-15,Delivered,COD,Bengaluru,Maharashtra
O003975,10338,2025-04-30,Delivered,Credit Card,Ahmedabad,Telangana
O003976,10861,2024-07-03,Returned,COD,Ahmedabad,Maharashtra
O003977,12004,2025-07-12,Returned,COD,Kochi,Rajasthan
O003978,11472,2025-04-04,Delivered,COD,Jaipur,Telangana
O003979,12043,2024-04-11,Delivered,Net Banking,Mumbai,Telangana
O003980,11520,2025-07-09,Delivered,COD,Chennai,Telangana
O003981,12394,2024-01-15,Returned,Credit Card,Gurugram,West Bengal
O003982,10702,2024-02-20,Delivered,Net Banking,Ahmedabad,Karnataka
O003983,10293,2024-11-04,Delivered,UPI,Hyderabad,Telangana
O003984,11174,2024-02-03,Delivered,UPI,Lucknow,Maharashtra
O003985,11606,2025-09-27,Delivered,Debit Card,Ahmedabad,Rajasthan
O003986,11569,2025-08-11,Delivered,COD,Kochi,Kerala
O003987,11880,2025-09-26,Shipped,Debit Card,Kochi,Haryana
O003988,11022,2024-07-23,Delivered,COD,Hyderabad,Uttar Pradesh
O003989,11284,2024-03-10,Delivered,COD,Jaipur,Tamil Nadu
O003990,12125,2024-08-17,Delivered,Credit Card,Delhi,Delhi
O003991,11134,2025-04-24,Shipped,Credit Card,Mumbai,Maharashtra
O003992,10896,2025-06-16,Delivered,UPI,Kochi,West Bengal
O003993,10547,2024-04-17,Delivered,Net Banking,Lucknow,Karnataka
O003994,11447,2024-08-28,Delivered,UPI,Hyderabad,Tamil Nadu
O003995,12442,2024-09-07,Cancelled,COD,Kochi,Karnataka
O003996,12373,2024-05-14,Delivered,Net Banking,Mumbai,Punjab
O003997,10151,2024-03-30,Delivered,Debit Card,Kochi,Telangana
O003998,11660,2025-08-13,Delivered,COD,Chennai,Kerala
O003999,12044,2025-03-15,Cancelled,Credit Card,Mumbai,Gujarat
O004000,10879,2025-11-19,Delivered,UPI,Delhi,Tamil Nadu
O004001,12320,2024-10-24,Delivered,UPI,Jaipur,Telangana
O004002,11846,2025-02-10,Delivered,Debit Card,Chennai,Tamil Nadu
O004003,12416,2024-11-03,Delivered,UPI,Mumbai,Maharashtra
O004004,11516,2024-04-11,Delivered,UPI,Delhi,Punjab
O004005,10590,2024-12-26,Returned,Net Banking,Chennai,Rajasthan
O004006,10588,2025-09-15,Delivered,COD,Chennai,Telangana
O004007,11392,2025-11-23,Returned,Net Banking,Bengaluru,Maharashtra
O004008,12128,2025-09-07,Delivered,Net Banking,Jaipur,Maharashtra
O004009,11910,2025-06-11,Returned,UPI,Lucknow,Karnataka
O004010,11196,2025-08-30,Delivered,COD,Mumbai,Haryana
O004011,10258,2024-10-19,Delivered,UPI,Chennai,Haryana
O004012,12327,2024-05-25,Delivered,UPI,Lucknow,Delhi
O004013,11757,2025-02-07,Delivered,Net Banking,Mumbai,Uttar Pradesh
O004014,11609,2024-01-02,Delivered,Credit Card,Chennai,Uttar Pradesh
O004015,10566,2024-04-28,Delivered,Credit Card,Jaipur,Delhi
O004016,11757,2025-08-28,Delivered,Net Banking,Chennai,Delhi
O004017,11361,2024-07-09,Delivered,Net Banking,Kolkata,Telangana
O004018,12374,2024-01-03,Shipped,UPI,Kolkata,Uttar Pradesh
O004019,11196,2025-05-01,Delivered,COD,Lucknow,Delhi
O004020,12132,2025-09-14,Returned,UPI,Bengaluru,Delhi
O004021,11548,2024-06-25,Returned,UPI,Bengaluru,Delhi
O004022,11505,2024-09-13,Delivered,Debit Card,Ahmedabad,Telangana
O004023,11568,2025-06-17,Delivered,UPI,Kolkata,West Bengal
O004024,12368,2025-04-21,Delivered,COD,Bengaluru,Uttar Pradesh
O004025,12352,2025-02-01,Delivered,UPI,Hyderabad,West Bengal
O004026,12455,2025-05-10,Delivered,Net Banking,Delhi,Rajasthan
O004027,11261,2024-08-07,Delivered,COD,Hyderabad,Telangana
O004028,11334,2024-06-21,Delivered,Net Banking,Mumbai,Gujarat
O004029,10233,2025-01-24,Delivered,Debit Card,Chennai,Gujarat
O004030,10549,2025-05-16,Delivered,Debit Card,Ahmedabad,Gujarat
O004031,10618,2025-07-30,Cancelled,COD,Ahmedabad,Telangana
O004032,11006,2024-09-16,Delivered,Credit Card,Ludhiana,Gujarat
O004033,12432,2024-05-10,Delivered,Credit Card,Chennai,Maharashtra
O004034,11017,2024-04-22,Delivered,COD,Gurugram,Tamil Nadu
O004035,10642,2025-12-23,Delivered,COD,Lucknow,Uttar Pradesh
O004036,10316,2024-01-20,Delivered,Net Banking,Bengaluru,Punjab
O004037,12304,2024-08-02,Delivered,Debit Card,Bengaluru,Uttar Pradesh
O004038,10441,2024-11-05,Delivered,COD,Kochi,Uttar Pradesh
O004039,11139,2024-09-07,Delivered,UPI,Hyderabad,Punjab
O004040,12347,2025-05-02,Delivered,Net Banking,Bengaluru,Maharashtra
O004041,10915,2025-01-16,Delivered,Debit Card,Kolkata,Tamil Nadu
O004042,11148,2025-02-12,Delivered,Net Banking,Gurugram,Telangana
O004043,12304,2024-09-27,Delivered,Debit Card,Jaipur,Rajasthan
O004044,11742,2025-02-10,Delivered,UPI,Bengaluru,Delhi
O004045,10047,2025-11-22,Shipped,Debit Card,Mumbai,Kerala
O004046,11753,2024-07-12,Delivered,Net Banking,Ludhiana,Tamil Nadu
O004047,11855,2025-03-16,Delivered,Debit Card,Gurugram,Uttar Pradesh
O004048,11147,2024-11-08,Delivered,Net Banking,Ahmedabad,Maharashtra
O004049,12079,2024-03-19,Shipped,COD,Mumbai,Haryana
O004050,12008,2024-06-28,Shipped,UPI,Lucknow,West Bengal
O004051,10055,2025-11-05,Shipped,Net Banking,Gurugram,Punjab
O004052,12201,2025-12-14,Delivered,Credit Card,Lucknow,Tamil Nadu
O004053,10456,2024-01-14,Shipped,Credit Card,Hyderabad,Kerala
O004054,12334,2024-09-02,Delivered,Debit Card,Bengaluru,Telangana
O004055,10036,2024-01-14,Delivered,COD,Ahmedabad,Telangana
O004056,10818,2024-04-08,Delivered,COD,Delhi,Telangana
O004057,11934,2024-02-02,Delivered,Credit Card,Lucknow,Telangana
O004058,11821,2025-03-11,Delivered,Debit Card,Ahmedabad,Maharashtra
O004059,11947,2024-09-13,Delivered,COD,Hyderabad,Haryana
O004060,10256,2024-02-03,Shipped,COD,Kochi,Haryana
O004061,12226,2024-01-19,Cancelled,Debit Card,Lucknow,Uttar Pradesh
O004062,10508,2025-10-25,Delivered,Net Banking,Bengaluru,Gujarat
O004063,10021,2024-09-16,Delivered,Credit Card,Lucknow,Telangana
O004064,12123,2025-11-06,Cancelled,COD,Jaipur,Rajasthan
O004065,10719,2025-08-11,Shipped,Net Banking,Mumbai,Haryana
O004066,10460,2025-02-19,Delivered,Net Banking,Delhi,Uttar Pradesh
O004067,12008,2024-05-16,Delivered,Net Banking,Ahmedabad,Haryana
O004068,11202,2024-12-24,Delivered,Net Banking,Kochi,Gujarat
O004069,11406,2025-12-20,Delivered,UPI,Ahmedabad,Punjab
O004070,11061,2025-08-01,Delivered,UPI,Lucknow,Telangana
O004071,11995,2024-04-25,Delivered,Debit Card,Hyderabad,Uttar Pradesh
O004072,12037,2025-02-07,Delivered,Credit Card,Gurugram,Karnataka
O004073,11939,2024-07-20,Delivered,Debit Card,Hyderabad,Punjab
O004074,12049,2025-01-10,Shipped,UPI,Chennai,West Bengal
O004075,11745,2024-09-06,Delivered,Debit Card,Lucknow,Telangana
O004076,12359,2025-03-21,Delivered,Debit Card,Kochi,Telangana
O004077,11232,2024-10-04,Shipped,Net Banking,Kolkata,Haryana
O004078,11178,2024-04-21,Delivered,COD,Bengaluru,Karnataka
O004079,10762,2025-04-17,Delivered,UPI,Lucknow,Tamil Nadu
O004080,10683,2025-11-18,Delivered,UPI,Chennai,Karnataka
O004081,12363,2025-01-26,Cancelled,Debit Card,Kolkata,Rajasthan
O004082,12355,2024-05-22,Returned,COD,Jaipur,Tamil Nadu
O004083,11528,2024-02-01,Delivered,Debit Card,Ahmedabad,West Bengal
O004084,10619,2024-06-29,Shipped,Credit Card,Kochi,Tamil Nadu
O004085,11544,2025-08-01,Delivered,UPI,Delhi,Kerala
O004086,11934,2025-05-30,Cancelled,Net Banking,Hyderabad,Delhi
O004087,10007,2024-09-25,Returned,Net Banking,Hyderabad,West Bengal
O004088,10349,2024-08-23,Delivered,Net Banking,Delhi,Haryana
O004089,11031,2024-10-03,Shipped,UPI,Gurugram,Telangana
O004090,10524,2025-07-06,Delivered,UPI,Kochi,Rajasthan
O004091,11876,2025-09-24,Delivered,Net Banking,Mumbai,Punjab
O004092,10590,2024-10-01,Cancelled,UPI,Ahmedabad,Punjab
O004093,12281,2024-03-26,Delivered,Net Banking,Bengaluru,Tamil Nadu
O004094,12415,2024-03-03,Delivered,Credit Card,Lucknow,Haryana
O004095,11844,2025-02-07,Delivered,Credit Card,Kochi,West Bengal
O004096,10056,2024-07-10,Cancelled,Credit Card,Kolkata,Maharashtra
O004097,12058,2024-10-19,Shipped,Debit Card,Bengaluru,Karnataka
O004098,11939,2024-01-31,Delivered,Debit Card,Delhi,Rajasthan
O004099,12195,2024-11-25,Delivered,COD,Hyderabad,Karnataka
O004100,10364,2025-10-19,Returned,COD,Kolkata,Maharashtra
O004101,10253,2024-04-16,Delivered,COD,Ludhiana,Delhi
O004102,11277,2025-09-13,Returned,Credit Card,Ludhiana,Karnataka
O004103,11467,2024-10-02,Shipped,Credit Card,Lucknow,Delhi
O004104,10736,2025-12-22,Delivered,Credit Card,Ludhiana,Tamil Nadu
O004105,10340,2025-10-12,Delivered,UPI,Kolkata,Uttar Pradesh
O004106,11377,2025-08-20,Delivered,UPI,Kolkata,Punjab
O004107,10624,2025-07-09,Delivered,Credit Card,Gurugram,Uttar Pradesh
O004108,10705,2024-03-22,Delivered,Net Banking,Kolkata,Rajasthan
O004109,10323,2024-03-04,Shipped,COD,Ludhiana,Gujarat
O004110,11164,2025-07-20,Shipped,Debit Card,Jaipur,Delhi
O004111,11975,2025-08-08,Delivered,COD,Bengaluru,Kerala
O004112,11469,2024-05-08,Delivered,Net Banking,Gurugram,Rajasthan
O004113,12143,2024-09-12,Delivered,UPI,Lucknow,Rajasthan
O004114,10553,2024-08-18,Delivered,Credit Card,Chennai,Maharashtra
O004115,11538,2025-05-11,Delivered,UPI,Delhi,Haryana
O004116,10790,2024-05-16,Cancelled,UPI,Delhi,West Bengal
O004117,11174,2025-03-30,Delivered,Net Banking,Kochi,Karnataka
O004118,10553,2024-12-20,Delivered,UPI,Bengaluru,Haryana
O004119,10116,2025-09-15,Delivered,UPI,Gurugram,Delhi
O004120,10632,2025-04-29,Delivered,COD,Chennai,West Bengal
O004121,10270,2024-05-25,Delivered,COD,Jaipur,Maharashtra
O004122,10861,2024-02-02,Delivered,Net Banking,Gurugram,Telangana
O004123,10291,2024-09-16,Shipped,Credit Card,Bengaluru,Karnataka
O004124,11458,2024-03-27,Delivered,COD,Hyderabad,Punjab
O004125,12057,2024-09-21,Delivered,UPI,Lucknow,Telangana
O004126,11775,2025-06-25,Delivered,Debit Card,Ludhiana,Rajasthan
O004127,10630,2025-01-26,Returned,COD,Chennai,Gujarat
O004128,11848,2024-08-19,Delivered,Debit Card,Ludhiana,Haryana
O004129,10475,2025-08-10,Shipped,Credit Card,Ahmedabad,Uttar Pradesh
O004130,10537,2025-03-22,Shipped,UPI,Kochi,Punjab
O004131,10685,2024-05-08,Delivered,COD,Mumbai,Karnataka
O004132,11761,2024-09-27,Shipped,Credit Card,Mumbai,Kerala
O004133,10613,2024-03-29,Delivered,Net Banking,Chennai,Kerala
O004134,11954,2025-04-10,Delivered,Credit Card,Hyderabad,Gujarat
O004135,12324,2024-06-18,Delivered,Net Banking,Kochi,Punjab
O004136,12418,2024-05-07,Shipped,Net Banking,Hyderabad,Telangana
O004137,12393,2024-06-22,Returned,COD,Jaipur,Tamil Nadu
O004138,12416,2024-01-26,Cancelled,Debit Card,Lucknow,Tamil Nadu
O004139,11335,2025-07-26,Delivered,Net Banking,Lucknow,Maharashtra
O004140,10731,2025-05-25,Delivered,UPI,Gurugram,Rajasthan
O004141,11625,2025-05-02,Delivered,COD,Mumbai,Karnataka
O004142,11509,2025-08-01,Delivered,Net Banking,Kochi,Haryana
O004143,10015,2025-02-09,Delivered,COD,Gurugram,Delhi
O004144,10758,2024-01-26,Delivered,UPI,Bengaluru,Punjab
O004145,10004,2024-03-23,Returned,COD,Kolkata,Uttar Pradesh
O004146,11870,2024-12-29,Delivered,COD,Chennai,Uttar Pradesh
O004147,11393,2025-01-01,Delivered,Net Banking,Ludhiana,Tamil Nadu
O004148,11489,2024-02-29,Delivered,Credit Card,Lucknow,Gujarat
O004149,10986,2025-07-04,Delivered,COD,Gurugram,Delhi
O004150,11161,2025-09-26,Returned,Net Banking,Ludhiana,Karnataka
O004151,10834,2024-10-18,Delivered,UPI,Ludhiana,Gujarat
O004152,12411,2024-07-09,Delivered,UPI,Chennai,Karnataka
O004153,11999,2025-04-05,Delivered,Credit Card,Hyderabad,Delhi
O004154,11955,2025-10-25,Returned,UPI,,Maharashtra
O004155,11240,2024-08-20,Delivered,Net Banking,Kochi,Gujarat
O004156,11392,2025-04-18,Delivered,Credit Card,Gurugram,Maharashtra
O004157,12165,2025-02-08,Delivered,Net Banking,Gurugram,Maharashtra
O004158,11203,2025-10-19,Delivered,Credit Card,Hyderabad,Maharashtra
O004159,12176,2024-09-27,Cancelled,Credit Card,Chennai,Maharashtra
O004160,11382,2024-05-13,Delivered,Net Banking,Chennai,West Bengal
O004161,10078,2024-06-19,Delivered,Credit Card,Hyderabad,Kerala
O004162,10082,2025-02-18,Delivered,Net Banking,Gurugram,Uttar Pradesh
O004163,10342,2024-01-28,Returned,UPI,Hyderabad,Telangana
O004164,11362,2024-05-15,Delivered,UPI,Delhi,Delhi
O004165,10096,2025-02-08,Shipped,COD,Lucknow,Rajasthan
O004166,10521,2025-05-19,Delivered,Debit Card,Delhi,Tamil Nadu
O004167,10996,2024-08-28,Cancelled,Debit Card,Bengaluru,Telangana
O004168,10357,2025-03-19,Returned,UPI,Hyderabad,Rajasthan
O004169,10186,2025-03-09,Delivered,COD,Gurugram,Rajasthan
O004170,11694,2024-08-15,Delivered,Debit Card,Kolkata,Karnataka
O004171,12199,2025-05-23,Delivered,Net Banking,Chennai,Haryana
O004172,11343,2024-10-29,Shipped,Net Banking,Chennai,Rajasthan
O004173,11692,2024-02-03,Delivered,Credit Card,Kolkata,Telangana
O004174,11083,2024-01-02,Delivered,Debit Card,Mumbai,Tamil Nadu
O004175,12058,2024-12-27,Delivered,Net Banking,Ahmedabad,Gujarat
O004176,10356,2024-07-13,Delivered,Debit Card,Lucknow,Punjab
O004177,12285,2025-08-28,Delivered,Credit Card,Kochi,Gujarat
O004178,12381,2024-11-03,Cancelled,UPI,Delhi,Punjab
O004179,10017,2025-10-08,Cancelled,COD,Kolkata,Punjab
O004180,10324,2025-12-16,Delivered,Credit Card,Delhi,Punjab
O004181,12071,2024-09-06,Delivered,Credit Card,Bengaluru,Kerala
O004182,10931,2024-05-26,Delivered,Credit Card,Gurugram,Kerala
O004183,10459,2024-12-11,Shipped,COD,Gurugram,Maharashtra
O004184,11484,2024-12-13,Delivered,Net Banking,Chennai,Delhi
O004185,10557,2024-09-10,Delivered,Debit Card,Chennai,Kerala
O004186,11445,2025-02-02,Delivered,UPI,Mumbai,Uttar Pradesh
O004187,10403,2024-11-29,Delivered,UPI,Mumbai,Karnataka
O004188,10457,2024-06-24,Delivered,COD,Delhi,Tamil Nadu
O004189,11507,2024-05-04,Delivered,UPI,Delhi,West Bengal
O004190,11522,2025-02-01,Delivered,COD,Bengaluru,Rajasthan
O004191,12445,2024-05-10,Delivered,COD,Bengaluru,Punjab
O004192,12188,2025-07-15,Delivered,Debit Card,Bengaluru,Tamil Nadu
O004193,10092,2025-08-27,Delivered,Debit Card,Gurugram,Rajasthan
O004194,12125,2025-02-10,Delivered,COD,Gurugram,Kerala
O004195,10852,2024-11-29,Shipped,Debit Card,Ludhiana,Kerala
O004196,11268,2024-01-20,Delivered,Net Banking,Delhi,Kerala
O004197,10845,2024-07-23,Delivered,Credit Card,Jaipur,West Bengal
O004198,10667,2025-08-25,Delivered,UPI,Hyderabad,Karnataka
O004199,11754,2024-12-20,Delivered,UPI,Mumbai,Gujarat
O004200,10959,2024-06-21,Delivered,UPI,Delhi,Haryana
O004201,10989,2024-07-07,Shipped,UPI,Mumbai,Maharashtra
O004202,10797,2024-01-02,Delivered,Net Banking,Chennai,Delhi
O004203,11686,2024-06-16,Cancelled,Net Banking,Chennai,Uttar Pradesh
O004204,11865,2025-01-02,Cancelled,Credit Card,Jaipur,Uttar Pradesh
O004205,10088,2025-06-19,Delivered,COD,Bengaluru,Kerala
O004206,11642,2025-08-02,Shipped,Debit Card,Gurugram,Punjab
O004207,11318,2025-01-04,Delivered,Credit Card,Ahmedabad,West Bengal
O004208,12143,2025-12-06,Delivered,UPI,Kochi,Delhi
O004209,10551,2025-08-18,Returned,Debit Card,Chennai,Maharashtra
O004210,12447,2025-03-12,Delivered,Credit Card,Ahmedabad,Maharashtra
O004211,11078,2024-07-25,Delivered,UPI,Delhi,Tamil Nadu
O004212,11952,2024-02-18,Delivered,Credit Card,Delhi,Maharashtra
O004213,12291,2025-06-27,Delivered,UPI,Delhi,Punjab
O004214,11134,2025-11-12,Delivered,UPI,Chennai,Karnataka
O004215,10624,2024-05-08,Cancelled,Net Banking,Bengaluru,Telangana
O004216,10701,2025-03-22,Delivered,UPI,Bengaluru,Haryana
O004217,10162,2025-09-05,Cancelled,Credit Card,Delhi,Delhi
O004218,11993,2024-02-04,Delivered,Debit Card,Bengaluru,Rajasthan
O004219,12083,2024-07-17,Delivered,Net Banking,Kolkata,Maharashtra
O004220,10037,2024-03-17,Delivered,Debit Card,Delhi,Haryana
O004221,10846,2025-01-03,Delivered,COD,Gurugram,Haryana
O004222,11201,2025-06-09,Delivered,Debit Card,Delhi,Uttar Pradesh
O004223,10105,2024-12-14,Returned,COD,Chennai,Telangana
O004224,12204,2025-05-20,Delivered,COD,Jaipur,Telangana
O004225,10336,2025-10-04,Delivered,Net Banking,Gurugram,Karnataka
O004226,11958,2024-08-25,Delivered,Debit Card,Chennai,West Bengal
O004227,12344,2024-10-06,Delivered,UPI,Ludhiana,Rajasthan
O004228,11561,2025-07-30,Delivered,Net Banking,Hyderabad,Punjab
O004229,10886,2025-03-07,Delivered,Net Banking,Delhi,Punjab
O004230,10069,2024-05-17,Cancelled,UPI,Mumbai,Tamil Nadu
O004231,11351,2024-09-25,Shipped,Debit Card,Delhi,West Bengal
O004232,10151,2024-07-19,Delivered,Net Banking,Kochi,Maharashtra
O004233,10662,2024-05-21,Delivered,COD,Delhi,West Bengal
O004234,11344,2025-09-03,Delivered,UPI,Mumbai,Karnataka
O004235,10757,2025-10-11,Delivered,Credit Card,Ludhiana,Maharashtra
O004236,12500,2025-11-10,Shipped,Net Banking,Bengaluru,Karnataka
O004237,11486,2025-09-02,Shipped,COD,Kolkata,West Bengal
O004238,11988,2024-12-20,Delivered,Debit Card,Lucknow,Karnataka
O004239,12410,2025-07-31,Delivered,Debit Card,Gurugram,West Bengal
O004240,10203,2024-11-24,Delivered,UPI,Hyderabad,Uttar Pradesh
O004241,11504,2025-07-12,Returned,COD,Kolkata,Gujarat
O004242,10004,2024-08-18,Returned,UPI,Lucknow,West Bengal
O004243,11153,2024-11-03,Delivered,Net Banking,Chennai,Maharashtra
O004244,10977,2025-10-19,Shipped,UPI,Delhi,Delhi
O004245,10027,2025-12-19,Returned,Credit Card,Gurugram,Karnataka
O004246,11066,2024-05-25,Delivered,UPI,Bengaluru,Haryana
O004247,10965,2024-05-31,Shipped,UPI,Kolkata,Gujarat
O004248,12112,2024-05-19,Delivered,Net Banking,Kochi,Gujarat
O004249,10072,2025-10-24,Delivered,COD,Mumbai,Rajasthan
O004250,11506,2024-01-21,Delivered,Credit Card,Kochi,Rajasthan
O004251,11897,2024-09-10,Delivered,UPI,Chennai,Kerala
O004252,12316,2024-03-04,Cancelled,Net Banking,Jaipur,Punjab
O004253,12143,2024-08-05,Delivered,Net Banking,Lucknow,Rajasthan
O004254,10395,2024-03-12,Delivered,Net Banking,Bengaluru,Gujarat
O004255,10869,2024-06-10,Delivered,COD,Kochi,Maharashtra
O004256,12412,2024-05-09,Delivered,UPI,Jaipur,Delhi
O004257,10117,2025-08-03,Delivered,Debit Card,Ahmedabad,West Bengal
O004258,12212,2024-08-12,Delivered,Credit Card,Ahmedabad,Kerala
O004259,10577,2025-08-02,Delivered,Debit Card,Chennai,Haryana
O004260,12354,2025-03-29,Shipped,COD,Kochi,West Bengal
O004261,10772,2025-01-18,Cancelled,UPI,Kolkata,Kerala
O004262,10200,2024-04-16,Delivered,Debit Card,Bengaluru,Haryana
O004263,11756,2025-09-12,Delivered,Debit Card,Kochi,Maharashtra
O004264,10180,2024-04-12,Cancelled,Debit Card,Lucknow,West Bengal
O004265,12406,2024-05-20,Delivered,Credit Card,Ludhiana,Punjab
O004266,12044,2025-07-30,Delivered,UPI,Bengaluru,Kerala
O004267,11897,2024-05-13,Shipped,Net Banking,Mumbai,Telangana
O004268,12478,2024-07-17,Delivered,UPI,Kolkata,Haryana
O004269,10653,2025-05-24,Delivered,Debit Card,Ahmedabad,Haryana
O004270,10678,2025-10-28,Cancelled,UPI,Gurugram,Tamil Nadu
O004271,12302,2024-03-19,Delivered,Net Banking,Bengaluru,Rajasthan
O004272,11689,2025-04-26,Cancelled,Credit Card,Kochi,Punjab
O004273,11603,2025-05-26,Delivered,UPI,Mumbai,Punjab
O004274,11120,2024-09-06,Delivered,UPI,Lucknow,Delhi
O004275,12215,2025-08-21,Delivered,Credit Card,Ahmedabad,Gujarat
O004276,10965,2025-08-22,Delivered,Credit Card,Hyderabad,Delhi
O004277,11912,2025-04-27,Shipped,Debit Card,Lucknow,Delhi
O004278,11086,2024-06-20,Delivered,Debit Card,Hyderabad,Telangana
O004279,10174,2024-01-17,Cancelled,Credit Card,Kochi,Gujarat
O004280,11277,2024-10-20,Delivered,Net Banking,Gurugram,West Bengal
O004281,10624,2025-01-28,Delivered,Debit Card,Gurugram,Uttar Pradesh
O004282,11239,2025-05-12,Returned,Net Banking,Ahmedabad,Karnataka
O004283,12463,2024-08-06,Delivered,Credit Card,Ludhiana,Delhi
O004284,10739,2024-08-21,Shipped,UPI,Chennai,Delhi
O004285,10675,2025-01-24,Delivered,Credit Card,Kolkata,Punjab
O004286,12174,2024-09-04,Shipped,Credit Card,Gurugram,Maharashtra
O004287,12301,2024-02-21,Delivered,COD,Chennai,Gujarat
O004288,11974,2024-01-15,Returned,Credit Card,Ludhiana,Kerala
O004289,12245,2024-11-19,Cancelled,Debit Card,Bengaluru,Maharashtra
O004290,11658,2025-03-16,Delivered,UPI,Mumbai,Maharashtra
O004291,10413,2024-04-21,Delivered,Net Banking,Chennai,Kerala
O004292,11480,2025-11-26,Delivered,COD,Kochi,Kerala
O004293,11383,2024-01-07,Delivered,Debit Card,Hyderabad,Kerala
O004294,11124,2025-07-16,Delivered,UPI,Kolkata,Karnataka
O004295,10234,2024-09-01,Delivered,,,Tamil Nadu
O004296,11086,2025-03-23,Delivered,UPI,Ahmedabad,Kerala
O004297,12244,2024-12-30,Delivered,Debit Card,Chennai,Tamil Nadu
O004298,11779,2025-01-01,Cancelled,UPI,Lucknow,West Bengal
O004299,11130,2025-11-28,Shipped,Credit Card,Mumbai,Punjab
O004300,12343,2024-10-13,Shipped,UPI,Chennai,Tamil Nadu
O004301,10645,2025-08-26,Delivered,Credit Card,Mumbai,Tamil Nadu
O004302,11558,2024-04-15,Delivered,Debit Card,Kolkata,Karnataka
O004303,12204,2024-01-13,Delivered,COD,Lucknow,Kerala
O004304,10406,2024-05-25,Returned,Credit Card,Mumbai,Gujarat
O004305,11707,2025-04-22,Delivered,UPI,Bengaluru,Punjab
O004306,10375,2025-09-22,Delivered,UPI,Lucknow,Uttar Pradesh
O004307,11613,2025-12-15,Delivered,UPI,Hyderabad,Haryana
O004308,10455,2025-10-14,Delivered,Debit Card,Delhi,Punjab
O004309,10202,2024-04-24,Delivered,Net Banking,Gurugram,Telangana
O004310,11756,2025-05-23,Delivered,UPI,Gurugram,Karnataka
O004311,11476,2024-05-31,Delivered,UPI,Kolkata,Haryana
O004312,10854,2024-02-26,Delivered,Credit Card,Hyderabad,Rajasthan
O004313,10724,2025-01-16,Delivered,COD,Kolkata,Tamil Nadu
O004314,11392,2024-06-05,Delivered,UPI,Bengaluru,Maharashtra
O004315,12388,2024-05-12,Shipped,Debit Card,Bengaluru,Punjab
O004316,10262,2024-06-11,Delivered,Net Banking,Ludhiana,Uttar Pradesh
O004317,10543,2024-10-01,Delivered,Net Banking,Lucknow,Tamil Nadu
O004318,10551,2025-11-25,Cancelled,Net Banking,Bengaluru,Telangana
O004319,11330,2024-03-17,Cancelled,Debit Card,Ludhiana,Tamil Nadu
O004320,11870,2024-02-13,Delivered,Net Banking,Gurugram,Tamil Nadu
O004321,10638,2025-12-18,Delivered,Net Banking,Gurugram,Karnataka
O004322,10165,2025-07-03,Shipped,Credit Card,Lucknow,Kerala
O004323,10621,2024-11-13,Delivered,Net Banking,Hyderabad,Telangana
O004324,11224,2025-06-17,Returned,Credit Card,Kochi,Delhi
O004325,10051,2025-08-07,Delivered,Credit Card,Hyderabad,Rajasthan
O004326,10489,2024-06-02,Returned,Credit Card,Hyderabad,Punjab
O004327,12246,2024-08-24,Delivered,Debit Card,Gurugram,Haryana
O004328,11047,2025-05-31,Shipped,UPI,Kochi,West Bengal
O004329,10665,2024-08-08,Delivered,COD,Gurugram,West Bengal
O004330,11247,2024-11-05,Returned,Net Banking,Chennai,Punjab
O004331,11966,2025-08-20,Delivered,COD,Jaipur,Rajasthan
O004332,11245,2024-06-25,Delivered,UPI,Kochi,Telangana
O004333,10266,2024-08-07,Delivered,Credit Card,Kolkata,Maharashtra
O004334,10073,2024-02-07,Returned,Credit Card,Chennai,Tamil Nadu
O004335,12125,2025-10-15,Delivered,Credit Card,Lucknow,Telangana
O004336,10881,2025-03-06,Delivered,Credit Card,Mumbai,Tamil Nadu
O004337,10435,2024-07-21,Delivered,Net Banking,Delhi,Uttar Pradesh
O004338,12029,2025-03-23,Cancelled,UPI,Chennai,Telangana
O004339,11089,2025-05-09,Delivered,UPI,Delhi,Gujarat
O004340,11985,2025-11-14,Delivered,UPI,Ahmedabad,Rajasthan
O004341,10357,2024-05-04,Delivered,COD,Bengaluru,Telangana
O004342,10936,2024-03-05,Shipped,Credit Card,Ahmedabad,Haryana
O004343,10018,2024-08-31,Delivered,Debit Card,Kolkata,Uttar Pradesh
O004344,11590,2025-06-10,Delivered,UPI,Bengaluru,West Bengal
O004345,11793,2024-08-13,Delivered,COD,Hyderabad,Maharashtra
O004346,10996,2025-04-09,Delivered,Net Banking,Delhi,Gujarat
O004347,11033,2025-10-04,Delivered,Credit Card,Kochi,West Bengal
O004348,11494,2025-12-07,Delivered,COD,Lucknow,Uttar Pradesh
O004349,11626,2024-10-19,Returned,Debit Card,Lucknow,Uttar Pradesh
O004350,12420,2025-12-21,Delivered,Debit Card,Jaipur,Karnataka
O004351,11848,2025-01-15,Shipped,Net Banking,Delhi,Maharashtra
O004352,11539,2025-09-16,Delivered,UPI,Gurugram,Haryana
O004353,11154,2024-06-14,Delivered,UPI,Jaipur,Delhi
O004354,11317,2025-12-03,Delivered,COD,Kolkata,Telangana
O004355,11720,2024-08-05,Returned,COD,Gurugram,Karnataka
O004356,11951,2024-10-01,Delivered,UPI,Ahmedabad,Rajasthan
O004357,12401,2024-02-21,Delivered,UPI,Bengaluru,Haryana
O004358,10224,2025-01-08,Delivered,COD,Delhi,Karnataka
O004359,12027,2025-10-31,Delivered,Credit Card,Lucknow,West Bengal
O004360,11548,2024-12-28,Delivered,Debit Card,Kolkata,West Bengal
O004361,12416,2025-07-20,Cancelled,Debit Card,Kolkata,Haryana
O004362,11690,2024-01-14,Shipped,Net Banking,Jaipur,Haryana
O004363,11524,2024-12-05,Delivered,Debit Card,Lucknow,Maharashtra
O004364,11114,2025-08-24,Cancelled,COD,Ahmedabad,Haryana
O004365,11973,2025-06-22,Delivered,Credit Card,Mumbai,Karnataka
O004366,11096,2024-03-29,Shipped,COD,Kolkata,Uttar Pradesh
O004367,10433,2024-02-10,Delivered,UPI,Mumbai,West Bengal
O004368,11372,2024-10-30,Cancelled,UPI,Chennai,Rajasthan
O004369,11287,2024-09-24,Shipped,Debit Card,Kochi,West Bengal
O004370,11295,2024-05-17,Cancelled,Credit Card,Ahmedabad,Rajasthan
O004371,10509,2024-01-06,Delivered,Net Banking,Chennai,Tamil Nadu
O004372,10508,2024-08-29,Delivered,COD,Ludhiana,Gujarat
O004373,10617,2024-06-10,Shipped,Net Banking,Gurugram,Haryana
O004374,10420,2025-11-22,Shipped,Net Banking,Kolkata,Uttar Pradesh
O004375,11096,2025-06-01,Delivered,Net Banking,Hyderabad,Tamil Nadu
O004376,10074,2025-02-04,Delivered,Net Banking,Delhi,Haryana
O004377,11679,2024-06-04,Delivered,COD,Delhi,Rajasthan
O004378,10146,2024-03-25,Delivered,UPI,Lucknow,Tamil Nadu
O004379,12094,2025-12-12,Cancelled,COD,Delhi,Delhi
O004380,11765,2024-01-10,Cancelled,UPI,Ludhiana,Kerala
O004381,11133,2024-05-17,Delivered,UPI,Gurugram,Tamil Nadu
O004382,10121,2025-12-13,Returned,COD,Kochi,Uttar Pradesh
O004383,11067,2024-06-04,Delivered,COD,Ahmedabad,Tamil Nadu
O004384,11964,2025-02-11,Delivered,COD,Gurugram,Telangana
O004385,12147,2024-08-12,Delivered,UPI,Bengaluru,Kerala
O004386,10706,2025-08-02,Cancelled,COD,Ludhiana,Telangana
O004387,12359,2024-07-02,Shipped,Credit Card,Hyderabad,West Bengal
O004388,11238,2024-07-13,Delivered,Debit Card,Ludhiana,Gujarat
O004389,12471,2025-07-07,Delivered,Debit Card,Kochi,Haryana
O004390,11935,2025-01-30,Delivered,Credit Card,Kolkata,Delhi
O004391,11883,2025-10-24,Delivered,Debit Card,Kochi,Karnataka
O004392,12320,2025-08-18,Delivered,UPI,Hyderabad,Punjab
O004393,11126,2024-05-13,Delivered,COD,Chennai,Haryana
O004394,10210,2024-11-04,Cancelled,COD,Mumbai,West Bengal
O004395,10739,2025-06-25,Delivered,COD,Kolkata,Telangana
O004396,11046,2024-01-09,Delivered,Credit Card,Jaipur,West Bengal
O004397,10159,2024-06-18,Delivered,Credit Card,Ludhiana,Haryana
O004398,10741,2024-10-16,Delivered,UPI,Ahmedabad,Delhi
O004399,11954,2024-06-16,Delivered,Credit Card,Mumbai,Uttar Pradesh
O004400,12391,2024-12-09,Delivered,COD,Lucknow,Punjab
O004401,11424,2025-05-11,Delivered,UPI,Ahmedabad,West Bengal
O004402,10699,2024-05-24,Delivered,UPI,Gurugram,Delhi
O004403,11874,2025-02-16,Delivered,COD,Delhi,Rajasthan
O004404,12445,2025-08-10,Delivered,Net Banking,Lucknow,Uttar Pradesh
O004405,10141,2025-11-19,Returned,COD,Kochi,Delhi
O004406,10240,2025-04-01,Delivered,UPI,Delhi,Rajasthan
O004407,10292,2025-12-01,Delivered,Net Banking,Chennai,Uttar Pradesh
O004408,10082,2024-10-28,Delivered,COD,Bengaluru,Punjab
O004409,12219,2024-02-15,Delivered,COD,Kochi,Kerala
O004410,11798,2024-01-17,Delivered,Net Banking,Gurugram,Uttar Pradesh
O004411,10977,2025-07-31,Delivered,Net Banking,Mumbai,Karnataka
O004412,10580,2024-12-25,Cancelled,Debit Card,Hyderabad,Maharashtra
O004413,12158,2024-09-17,Shipped,Net Banking,Chennai,Haryana
O004414,11800,2024-05-02,Delivered,Credit Card,Ahmedabad,Gujarat
O004415,11462,2024-08-18,Delivered,Net Banking,Ahmedabad,Punjab
O004416,10322,2025-09-28,Delivered,UPI,Kolkata,Punjab
O004417,10714,2024-04-21,Delivered,Net Banking,Ahmedabad,Telangana
O004418,12132,2025-08-15,Delivered,COD,Kolkata,Tamil Nadu
O004419,12424,2024-09-02,Delivered,Credit Card,Kolkata,Haryana
O004420,11891,2025-01-25,Delivered,Net Banking,Jaipur,Kerala
O004421,11280,2025-01-26,Delivered,Credit Card,Bengaluru,Telangana
O004422,11679,2024-11-23,Delivered,Debit Card,Hyderabad,Kerala
O004423,12148,2024-08-02,Delivered,Credit Card,Mumbai,Rajasthan
O004424,12177,2025-01-01,Delivered,COD,Ludhiana,Maharashtra
O004425,10918,2024-03-22,Delivered,Debit Card,Bengaluru,Punjab
O004426,12267,2024-03-16,Delivered,Net Banking,Bengaluru,Tamil Nadu
O004427,11807,2025-06-10,Delivered,Credit Card,Jaipur,Delhi
O004428,12070,2025-05-17,Delivered,Debit Card,Gurugram,Maharashtra
O004429,10560,2025-04-23,Delivered,Net Banking,Gurugram,Tamil Nadu
O004430,10629,2025-01-06,Delivered,Net Banking,Lucknow,Uttar Pradesh
O004431,11353,2024-09-21,Delivered,Credit Card,Kochi,Karnataka
O004432,11912,2024-09-20,Delivered,Credit Card,Jaipur,Haryana
O004433,11809,2024-04-19,Delivered,Debit Card,Ahmedabad,Telangana
O004434,12387,2024-11-02,Delivered,Credit Card,Kolkata,Punjab
O004435,11896,2024-07-18,Delivered,Net Banking,Bengaluru,Kerala
O004436,12227,2024-08-13,Delivered,COD,Ahmedabad,Delhi
O004437,12469,2024-07-03,Delivered,Debit Card,Ludhiana,Maharashtra
O004438,11007,2024-01-31,Returned,COD,Gurugram,Punjab
O004439,10049,2025-09-05,Shipped,COD,Kochi,Gujarat
O004440,11851,2024-04-08,Delivered,Net Banking,Delhi,Kerala
O004441,11930,2024-12-04,Delivered,COD,Ahmedabad,Telangana
O004442,12078,2024-09-22,Delivered,UPI,Kochi,Rajasthan
O004443,12133,2025-10-13,Delivered,Debit Card,Delhi,Tamil Nadu
O004444,11526,2024-12-15,Delivered,Net Banking,Bengaluru,West Bengal
O004445,11570,2025-12-28,Delivered,Credit Card,Ludhiana,Uttar Pradesh
O004446,10329,2025-06-27,Delivered,Net Banking,Delhi,Tamil Nadu
O004447,10434,2025-04-01,Delivered,Credit Card,Ahmedabad,Delhi
O004448,10588,2024-03-28,Delivered,Net Banking,Mumbai,Telangana
O004449,11711,2024-03-03,Returned,UPI,Hyderabad,Gujarat
O004450,11877,2025-01-21,Shipped,Debit Card,Delhi,Kerala
O004451,11273,2025-04-03,Shipped,COD,Gurugram,Rajasthan
O004452,11876,2025-08-08,Delivered,Net Banking,Jaipur,Telangana
O004453,12046,2025-09-27,Delivered,Debit Card,Ahmedabad,Haryana
O004454,11599,2024-09-25,Shipped,Debit Card,Bengaluru,Telangana
O004455,12473,2025-09-24,Returned,Debit Card,Mumbai,Rajasthan
O004456,10512,2024-12-11,Delivered,Debit Card,Kochi,Uttar Pradesh
O004457,11409,2025-12-24,Returned,Debit Card,Kochi,Telangana
O004458,11412,2025-10-21,Delivered,COD,Kolkata,Maharashtra
O004459,11839,2024-03-18,Delivered,COD,Hyderabad,Haryana
O004460,11012,2024-12-30,Delivered,Net Banking,Chennai,Tamil Nadu
O004461,11473,2024-01-14,Delivered,Credit Card,Kolkata,Haryana
O004462,10564,2024-05-15,Shipped,Net Banking,Mumbai,Rajasthan
O004463,10303,2024-10-30,Delivered,Debit Card,Ludhiana,Delhi
O004464,12147,2025-01-31,Cancelled,Credit Card,Chennai,Punjab
O004465,11330,2024-03-19,Delivered,Net Banking,Jaipur,Gujarat
O004466,12090,2025-12-05,Delivered,Credit Card,Gurugram,Uttar Pradesh
O004467,12488,2025-02-21,Shipped,COD,Delhi,Punjab
O004468,12375,2024-08-29,Delivered,Debit Card,Lucknow,Gujarat
O004469,12024,2024-02-20,Shipped,Credit Card,Kochi,West Bengal
O004470,12081,2025-01-18,Delivered,UPI,Jaipur,Gujarat
O004471,10412,2025-01-09,Delivered,Debit Card,Chennai,Tamil Nadu
O004472,11650,2025-12-30,Delivered,COD,Lucknow,Maharashtra
O004473,10508,2024-07-24,Cancelled,COD,Delhi,Kerala
O004474,10056,2025-05-03,Delivered,Net Banking,Ludhiana,Gujarat
O004475,11748,2025-01-15,Delivered,UPI,Kolkata,Uttar Pradesh
O004476,10196,2024-11-06,Shipped,Credit Card,Kolkata,Rajasthan
O004477,12461,2025-01-09,Delivered,Net Banking,Ahmedabad,Haryana
O004478,11791,2025-09-23,Shipped,COD,Ludhiana,Telangana
O004479,11681,2025-08-14,Delivered,Credit Card,Mumbai,Telangana
O004480,11107,2024-02-11,Delivered,COD,Mumbai,West Bengal
O004481,12185,2025-06-16,Delivered,COD,Ahmedabad,Punjab
O004482,10539,2025-06-05,Delivered,UPI,Bengaluru,Telangana
O004483,10689,2024-06-01,Delivered,Debit Card,Kochi,Gujarat
O004484,10719,2024-11-07,Delivered,Credit Card,Bengaluru,Uttar Pradesh
O004485,10306,2024-10-20,Delivered,UPI,Ahmedabad,Rajasthan
O004486,11335,2025-08-20,Delivered,COD,Jaipur,Uttar Pradesh
O004487,10388,2024-04-22,Delivered,COD,Lucknow,Telangana
O004488,10725,2025-12-01,Delivered,UPI,Delhi,Delhi
O004489,12040,2024-04-21,Delivered,Credit Card,Gurugram,Telangana
O004490,11890,2024-06-23,Shipped,COD,Gurugram,Gujarat
O004491,10915,2024-10-28,Delivered,Credit Card,Kolkata,Telangana
O004492,12436,2025-05-30,Delivered,UPI,Hyderabad,West Bengal
O004493,12341,2024-08-08,Delivered,COD,Kolkata,Punjab
O004494,10179,2024-06-19,Delivered,Net Banking,Ludhiana,Uttar Pradesh
O004495,11904,2024-11-13,Delivered,Net Banking,Kochi,Haryana
O004496,11705,2024-07-31,Shipped,COD,Mumbai,Tamil Nadu
O004497,10080,2024-09-09,Cancelled,Debit Card,Lucknow,Maharashtra
O004498,10447,2024-05-03,Shipped,COD,Kochi,Kerala
O004499,10766,2025-10-01,Delivered,COD,Bengaluru,Uttar Pradesh
O004500,11089,2024-07-31,Delivered,COD,Ahmedabad,Maharashtra
O004501,11396,2025-09-15,Cancelled,UPI,Ludhiana,Tamil Nadu
O004502,10570,2024-03-25,Delivered,COD,Gurugram,Tamil Nadu
O004503,10096,2025-05-30,Returned,COD,Ahmedabad,Telangana
O004504,11557,2024-03-05,Delivered,UPI,Ludhiana,Haryana
O004505,11284,2024-11-13,Returned,COD,Hyderabad,Punjab
O004506,10248,2024-12-11,Returned,Net Banking,Kochi,Karnataka
O004507,12175,2025-09-23,Delivered,Net Banking,Mumbai,Telangana
O004508,12094,2024-08-30,Delivered,COD,Mumbai,Maharashtra
O004509,10982,2024-05-16,Delivered,UPI,Delhi,Gujarat
O004510,10268,2024-09-03,Cancelled,COD,Ahmedabad,Delhi
O004511,11664,2025-03-16,Cancelled,COD,Kochi,Tamil Nadu
O004512,11566,2024-02-14,Delivered,Credit Card,Bengaluru,Maharashtra
O004513,12142,2025-10-19,Delivered,Debit Card,Gurugram,Haryana
O004514,10736,2025-11-18,Shipped,UPI,Gurugram,Telangana
O004515,12119,2025-07-07,Delivered,Debit Card,Kochi,Karnataka
O004516,10449,2024-03-29,Cancelled,Credit Card,Hyderabad,Uttar Pradesh
O004517,11934,2025-12-30,Shipped,Debit Card,Delhi,Gujarat
O004518,11836,2024-08-15,Cancelled,COD,Jaipur,West Bengal
O004519,10620,2024-10-17,Delivered,Net Banking,Ahmedabad,Kerala
O004520,10614,2025-02-25,Delivered,UPI,Kolkata,Karnataka
O004521,11434,2024-03-07,Delivered,UPI,Jaipur,Uttar Pradesh
O004522,12139,2024-09-07,Returned,COD,Jaipur,Punjab
O004523,11533,2024-02-10,Delivered,Debit Card,Chennai,Gujarat
O004524,10877,2024-04-08,Delivered,UPI,Lucknow,Delhi
O004525,11134,2024-11-01,Delivered,Credit Card,Kolkata,West Bengal
O004526,10775,2025-03-31,Delivered,Credit Card,Kolkata,Tamil Nadu
O004527,10672,2025-08-13,Shipped,Debit Card,Delhi,Karnataka
O004528,11631,2024-10-27,Shipped,Credit Card,Bengaluru,Telangana
O004529,12048,2024-07-17,Delivered,Net Banking,Hyderabad,Telangana
O004530,10361,2025-10-20,Delivered,COD,Ludhiana,Maharashtra
O004531,12426,2025-05-02,Cancelled,UPI,Ahmedabad,Haryana
O004532,12393,2024-04-15,Delivered,COD,Ludhiana,Telangana
O004533,10798,2025-02-04,Delivered,Debit Card,Hyderabad,Karnataka
O004534,11784,2025-12-05,Delivered,COD,Kochi,Telangana
O004535,10067,2025-04-21,Delivered,UPI,Ahmedabad,Haryana
O004536,11582,2024-05-01,Delivered,UPI,Ahmedabad,West Bengal
O004537,12091,2024-03-17,Delivered,Debit Card,Hyderabad,Haryana
O004538,12277,2024-11-07,Delivered,UPI,Chennai,Delhi
O004539,11975,2024-04-21,Delivered,Credit Card,Delhi,Haryana
O004540,11837,2025-11-12,Delivered,COD,Kochi,Uttar Pradesh
O004541,10234,2025-06-01,Cancelled,Net Banking,Ahmedabad,Kerala
O004542,11223,2024-07-15,Delivered,Net Banking,Jaipur,Maharashtra
O004543,11056,2024-04-07,Delivered,Net Banking,Hyderabad,Maharashtra
O004544,12161,2025-04-03,Delivered,Debit Card,Gurugram,Karnataka
O004545,10973,2024-08-17,Cancelled,Net Banking,Gurugram,Haryana
O004546,11854,2024-06-16,Delivered,COD,Ludhiana,Uttar Pradesh
O004547,10459,2024-01-08,Returned,UPI,Lucknow,Karnataka
O004548,11170,2024-06-20,Delivered,Credit Card,Jaipur,Maharashtra
O004549,11381,2024-12-25,Delivered,Net Banking,Ludhiana,Kerala
O004550,10006,2024-07-13,Delivered,Net Banking,Ludhiana,Maharashtra
O004551,10494,2024-09-25,Delivered,Net Banking,Bengaluru,Gujarat
O004552,12119,2024-01-19,Delivered,Credit Card,Mumbai,Delhi
O004553,10939,2024-12-19,Delivered,COD,Delhi,Delhi
O004554,11364,2024-02-18,Delivered,Net Banking,Bengaluru,Rajasthan
O004555,11057,2025-04-08,Delivered,UPI,Kochi,Delhi
O004556,10143,2024-12-21,Cancelled,Debit Card,Mumbai,Karnataka
O004557,10736,2024-06-06,Shipped,Credit Card,Gurugram,Kerala
O004558,11704,2024-03-06,Delivered,COD,Jaipur,Tamil Nadu
O004559,11885,2025-07-24,Delivered,UPI,Ludhiana,Punjab
O004560,12265,2024-11-03,Delivered,Credit Card,Bengaluru,Tamil Nadu
O004561,11925,2024-12-02,Delivered,Credit Card,Hyderabad,Kerala
O004562,12482,2025-11-01,Delivered,Debit Card,Ludhiana,Gujarat
O004563,11891,2024-04-30,Delivered,Debit Card,Ludhiana,Karnataka
O004564,10942,2025-02-07,Delivered,COD,Hyderabad,Tamil Nadu
O004565,11616,2025-10-08,Shipped,Net Banking,Kochi,Gujarat
O004566,11916,2025-07-21,Delivered,Debit Card,Hyderabad,Haryana
O004567,11969,2024-04-05,Delivered,COD,Delhi,Rajasthan
O004568,10055,2024-04-23,Delivered,Credit Card,Jaipur,Kerala
O004569,11472,2025-03-04,Returned,Net Banking,Jaipur,Maharashtra
O004570,11059,2025-06-23,Shipped,UPI,Delhi,Telangana
O004571,11007,2024-01-02,Delivered,Credit Card,Gurugram,Haryana
O004572,11221,2024-07-30,Delivered,COD,Kolkata,Karnataka
O004573,10566,2025-08-02,Delivered,UPI,,Tamil Nadu
O004574,10771,2025-10-01,Delivered,Credit Card,Ludhiana,Gujarat
O004575,11798,2024-11-28,Delivered,Debit Card,Kolkata,Maharashtra
O004576,11879,2024-01-24,Returned,COD,Lucknow,Rajasthan
O004577,10878,2025-01-02,Delivered,UPI,Kolkata,Rajasthan
O004578,10514,2025-05-20,Delivered,Debit Card,Mumbai,Rajasthan
O004579,11618,2024-06-24,Delivered,UPI,Kolkata,Tamil Nadu
O004580,10422,2025-03-04,Shipped,Net Banking,Hyderabad,Haryana
O004581,11976,2025-03-17,Delivered,Net Banking,Gurugram,Uttar Pradesh
O004582,10517,2025-07-01,Delivered,COD,Ludhiana,Uttar Pradesh
O004583,12033,2025-05-28,Delivered,UPI,Chennai,Telangana
O004584,10705,2024-12-26,Delivered,Net Banking,Delhi,Delhi
O004585,11674,2024-09-30,Cancelled,Credit Card,Lucknow,Telangana
O004586,12092,2024-06-25,Returned,Credit Card,Hyderabad,Rajasthan
O004587,10858,2024-09-20,Delivered,Net Banking,Kolkata,Maharashtra
O004588,10219,2024-07-04,Delivered,Net Banking,Kolkata,Uttar Pradesh
O004589,10568,2025-06-10,Shipped,COD,Ludhiana,Kerala
O004590,11778,2024-10-05,Delivered,COD,Lucknow,Maharashtra
O004591,10258,2025-12-06,Delivered,Credit Card,Ahmedabad,Haryana
O004592,11537,2024-07-16,Delivered,Debit Card,Mumbai,Punjab
O004593,10961,2024-12-14,Delivered,UPI,Ahmedabad,Karnataka
O004594,11401,2025-02-24,Returned,Debit Card,Ahmedabad,Maharashtra
O004595,10893,2024-10-31,Delivered,COD,Mumbai,Punjab
O004596,12337,2024-03-04,Delivered,Debit Card,Ludhiana,Maharashtra
O004597,10972,2024-10-16,Delivered,COD,Gurugram,Punjab
O004598,10103,2024-01-18,Shipped,Debit Card,Jaipur,Rajasthan
O004599,11108,2024-03-04,Delivered,Credit Card,Ahmedabad,Telangana
O004600,11956,2024-11-25,Delivered,COD,Chennai,Haryana
O004601,11050,2024-01-17,Shipped,Credit Card,Lucknow,Delhi
O004602,11759,2025-03-18,Delivered,Debit Card,Ludhiana,Rajasthan
O004603,11446,2024-05-20,Delivered,Net Banking,Mumbai,Haryana
O004604,11678,2024-11-03,Delivered,Net Banking,Chennai,Tamil Nadu
O004605,12350,2025-03-19,Delivered,UPI,Kochi,West Bengal
O004606,11322,2025-05-10,Returned,Net Banking,Kolkata,Uttar Pradesh
O004607,11079,2025-03-01,Delivered,UPI,,Uttar Pradesh
O004608,10056,2025-04-19,Returned,Debit Card,Delhi,Maharashtra
O004609,11015,2024-09-01,Delivered,UPI,Delhi,Punjab
O004610,12422,2025-03-25,Returned,UPI,Ludhiana,Karnataka
O004611,10831,2024-12-16,Delivered,UPI,Lucknow,Tamil Nadu
O004612,10920,2025-08-21,Delivered,Credit Card,Mumbai,Maharashtra
O004613,10457,2025-12-11,Delivered,UPI,Delhi,Gujarat
O004614,10132,2024-06-09,Delivered,COD,Lucknow,Kerala
O004615,10493,2024-05-19,Delivered,Debit Card,Hyderabad,Gujarat
O004616,11578,2025-05-07,Delivered,Credit Card,Jaipur,Delhi
O004617,11888,2025-08-10,Delivered,COD,Ahmedabad,Maharashtra
O004618,12158,2025-06-14,Delivered,Debit Card,Mumbai,Punjab
O004619,10582,2025-01-27,Delivered,Credit Card,Kochi,Uttar Pradesh
O004620,10796,2025-02-04,Delivered,Debit Card,Ahmedabad,West Bengal
O004621,11884,2024-02-19,Shipped,Net Banking,Chennai,Karnataka
O004622,11203,2024-10-21,Delivered,Debit Card,Kolkata,Karnataka
O004623,11949,2025-02-28,Cancelled,Net Banking,Lucknow,Punjab
O004624,10810,2024-01-12,Delivered,Net Banking,Ahmedabad,Telangana
O004625,10773,2024-11-30,Returned,Debit Card,Ludhiana,Karnataka
O004626,11125,2024-01-15,Delivered,Net Banking,,Haryana
O004627,10573,2024-01-28,Returned,Credit Card,Mumbai,Kerala
O004628,11207,2025-01-22,Delivered,Net Banking,Chennai,Delhi
O004629,10809,2024-10-18,Shipped,UPI,Delhi,Punjab
O004630,10879,2024-09-06,Shipped,Credit Card,Chennai,Rajasthan
O004631,12461,2025-05-19,Delivered,Credit Card,Delhi,Delhi
O004632,11742,2024-04-07,Delivered,Credit Card,Mumbai,Gujarat
O004633,10830,2024-12-02,Shipped,UPI,Kolkata,Maharashtra
O004634,11716,2024-02-08,Delivered,UPI,Bengaluru,Gujarat
O004635,12152,2024-02-07,Delivered,UPI,Ahmedabad,Telangana
O004636,11150,2024-10-26,Delivered,UPI,Hyderabad,Haryana
O004637,11570,2024-06-27,Delivered,UPI,Bengaluru,Punjab
O004638,10677,2025-08-31,Shipped,COD,Jaipur,Tamil Nadu
O004639,10945,2025-04-13,Delivered,COD,Ludhiana,Delhi
O004640,11834,2024-10-08,Delivered,UPI,Chennai,Gujarat
O004641,12318,2024-06-12,Delivered,Credit Card,Ludhiana,Kerala
O004642,10801,2025-03-28,Delivered,Net Banking,Ludhiana,Rajasthan
O004643,11142,2024-04-06,Returned,Net Banking,Ahmedabad,West Bengal
O004644,11116,2024-11-04,Delivered,COD,Gurugram,Telangana
O004645,11636,2024-09-18,Delivered,UPI,Delhi,Gujarat
O004646,12032,2024-10-19,Delivered,Debit Card,Ludhiana,Telangana
O004647,11509,2024-09-05,Shipped,Net Banking,Ludhiana,West Bengal
O004648,11111,2024-09-01,Delivered,Net Banking,Ahmedabad,West Bengal
O004649,10234,2024-09-07,Delivered,Credit Card,Kolkata,Maharashtra
O004650,10913,2024-05-02,Delivered,Net Banking,Jaipur,Gujarat
O004651,11148,2024-11-20,Delivered,COD,Bengaluru,Kerala
O004652,11227,2025-11-11,Delivered,UPI,Delhi,West Bengal
O004653,11056,2025-05-15,Delivered,UPI,Bengaluru,Delhi
O004654,12405,2025-11-17,Shipped,Net Banking,Mumbai,Rajasthan
O004655,11575,2025-12-16,Returned,Debit Card,Mumbai,Punjab
O004656,10094,2024-03-06,Shipped,COD,Mumbai,Karnataka
O004657,11546,2024-02-28,Delivered,Net Banking,Delhi,Karnataka
O004658,11751,2025-05-12,Delivered,COD,Kochi,Haryana
O004659,12292,2025-01-07,Delivered,Debit Card,Hyderabad,Karnataka
O004660,10058,2024-09-22,Shipped,COD,Ahmedabad,Karnataka
O004661,12368,2025-10-14,Delivered,COD,Bengaluru,Telangana
O004662,11043,2024-08-23,Cancelled,COD,Bengaluru,Punjab
O004663,10357,2024-08-05,Delivered,UPI,Delhi,Rajasthan
O004664,12165,2025-06-10,Shipped,Debit Card,Hyderabad,Telangana
O004665,11160,2025-03-16,Delivered,UPI,Ludhiana,Uttar Pradesh
O004666,10296,2025-10-11,Delivered,Credit Card,Gurugram,Gujarat
O004667,10525,2025-02-09,Delivered,Net Banking,Jaipur,Maharashtra
O004668,11125,2025-08-23,Returned,UPI,Chennai,Haryana
O004669,11618,2025-08-11,Cancelled,COD,Bengaluru,Kerala
O004670,11624,2025-10-09,Delivered,Credit Card,Kolkata,Haryana
O004671,11129,2025-04-13,Delivered,Debit Card,Lucknow,Haryana
O004672,11666,2024-04-19,Cancelled,Debit Card,Delhi,Karnataka
O004673,11550,2024-12-18,Delivered,UPI,Ahmedabad,Punjab
O004674,10401,2024-03-31,Delivered,COD,Ludhiana,Karnataka
O004675,11596,2025-02-17,Delivered,COD,Ludhiana,Karnataka
O004676,11990,2025-12-02,Delivered,Debit Card,Bengaluru,Punjab
O004677,10529,2024-03-13,Delivered,COD,Bengaluru,Kerala
O004678,12408,2025-11-15,Shipped,Net Banking,Gurugram,Maharashtra
O004679,10064,2025-06-30,Delivered,UPI,Kolkata,West Bengal
O004680,10102,2025-12-22,Delivered,UPI,Hyderabad,Karnataka
O004681,11181,2024-10-24,Delivered,COD,Ludhiana,Telangana
O004682,11819,2025-10-06,Delivered,Debit Card,Bengaluru,Maharashtra
O004683,11414,2024-10-09,Delivered,Net Banking,Kochi,Uttar Pradesh
O004684,10399,2025-05-19,Delivered,Net Banking,Mumbai,Gujarat
O004685,10405,2024-07-16,Delivered,Net Banking,Jaipur,Gujarat
O004686,12083,2024-02-01,Delivered,Credit Card,Gurugram,Uttar Pradesh
O004687,12468,2025-10-09,Delivered,COD,Bengaluru,Karnataka
O004688,10377,2024-12-06,Delivered,Net Banking,Kolkata,Delhi
O004689,10220,2025-10-19,Delivered,COD,Ahmedabad,Telangana
O004690,11922,2024-11-29,Delivered,Debit Card,Mumbai,Kerala
O004691,11541,2024-05-22,Delivered,Debit Card,Ludhiana,Delhi
O004692,11607,2025-02-13,Delivered,Debit Card,Bengaluru,Gujarat
O004693,12390,2024-02-13,Delivered,Credit Card,Bengaluru,Maharashtra
O004694,10753,2024-02-01,Delivered,Debit Card,Gurugram,Uttar Pradesh
O004695,11887,2024-01-28,Delivered,COD,Ahmedabad,Kerala
O004696,12464,2025-02-26,Shipped,UPI,Mumbai,Punjab
O004697,10680,2025-05-05,Delivered,UPI,Lucknow,Uttar Pradesh
O004698,10748,2024-06-08,Cancelled,COD,Ahmedabad,Kerala
O004699,11322,2024-07-25,Shipped,UPI,Bengaluru,Gujarat
O004700,12360,2024-01-18,Shipped,Net Banking,Kolkata,West Bengal
O004701,11767,2024-04-12,Delivered,UPI,Mumbai,Telangana
O004702,10055,2025-08-04,Shipped,Credit Card,Jaipur,Karnataka
O004703,10694,2025-09-22,Delivered,Debit Card,Chennai,Punjab
O004704,10534,2025-10-12,Delivered,UPI,Gurugram,Kerala
O004705,11819,2025-11-02,Delivered,UPI,Gurugram,Maharashtra
O004706,10105,2024-08-19,Returned,Credit Card,Kolkata,Maharashtra
O004707,12342,2025-10-21,Delivered,Credit Card,Lucknow,Punjab
O004708,10911,2025-02-27,Cancelled,UPI,Hyderabad,Karnataka
O004709,12423,2025-06-30,Delivered,Net Banking,Jaipur,Tamil Nadu
O004710,10450,2024-08-26,Cancelled,UPI,Delhi,Tamil Nadu
O004711,11469,2024-11-29,Cancelled,Net Banking,Hyderabad,Maharashtra
O004712,11416,2024-05-28,Returned,Debit Card,Ahmedabad,Rajasthan
O004713,10812,2025-09-14,Delivered,COD,Chennai,Maharashtra
O004714,10390,2025-02-11,Cancelled,Debit Card,Ludhiana,West Bengal
O004715,11236,2024-01-17,Returned,UPI,Lucknow,Gujarat
O004716,11709,2024-08-13,Delivered,UPI,Delhi,Delhi
O004717,11745,2025-10-13,Delivered,Net Banking,Lucknow,Telangana
O004718,11146,2025-10-17,Delivered,Credit Card,Delhi,Kerala
O004719,12189,2024-09-16,Delivered,Net Banking,Chennai,Kerala
O004720,11476,2025-12-29,Shipped,Credit Card,Kolkata,Uttar Pradesh
O004721,11856,2025-11-04,Delivered,Credit Card,Lucknow,West Bengal
O004722,11750,2025-08-26,Delivered,Credit Card,Ahmedabad,Tamil Nadu
O004723,11584,2024-06-22,Delivered,Credit Card,Kochi,Uttar Pradesh
O004724,11320,2024-07-23,Delivered,UPI,Chennai,Delhi
O004725,10843,2025-02-18,Delivered,COD,Bengaluru,Rajasthan
O004726,11605,2025-05-22,Shipped,COD,Mumbai,Rajasthan
O004727,11306,2024-06-01,Delivered,Debit Card,Lucknow,Rajasthan
O004728,10952,2024-04-12,Shipped,Debit Card,Bengaluru,Punjab
O004729,10552,2025-12-14,Shipped,Debit Card,Chennai,Punjab
O004730,12005,2024-03-05,Delivered,Net Banking,Gurugram,Kerala
O004731,11120,2024-04-26,Delivered,Debit Card,Kochi,Uttar Pradesh
O004732,12022,2025-10-26,Delivered,Debit Card,Mumbai,Maharashtra
O004733,12421,2024-06-04,Delivered,Debit Card,Mumbai,Kerala
O004734,11097,2025-11-06,Delivered,UPI,Chennai,Tamil Nadu
O004735,11837,2024-03-22,Delivered,Debit Card,Kolkata,Rajasthan
O004736,11809,2025-06-01,Returned,COD,Jaipur,Haryana
O004737,11705,2024-03-07,Delivered,UPI,Gurugram,West Bengal
O004738,12381,2024-08-25,Delivered,Credit Card,Lucknow,Gujarat
O004739,12441,2025-08-06,Returned,Net Banking,Chennai,Telangana
O004740,11125,2025-08-29,Cancelled,UPI,Ahmedabad,Delhi
O004741,11383,2024-11-21,Cancelled,UPI,Gurugram,Maharashtra
O004742,11771,2025-08-12,Shipped,COD,Kochi,West Bengal
O004743,11642,2024-03-07,Delivered,Debit Card,Kolkata,Punjab
O004744,12443,2024-06-24,Cancelled,Credit Card,Jaipur,Gujarat
O004745,10035,2025-11-14,Returned,COD,Ahmedabad,Rajasthan
O004746,12205,2025-04-22,Delivered,COD,Kochi,Punjab
O004747,10904,2024-09-11,Delivered,UPI,Chennai,Kerala
O004748,10396,2024-03-03,Delivered,Credit Card,Bengaluru,Tamil Nadu
O004749,10207,2025-02-06,Delivered,COD,Gurugram,Kerala
O004750,11781,2024-07-10,Delivered,,Ludhiana,Delhi
O004751,11629,2024-11-24,Delivered,Net Banking,Kochi,West Bengal
O004752,11330,2024-03-11,Delivered,COD,Gurugram,Tamil Nadu
O004753,11650,2024-03-03,Delivered,UPI,Mumbai,Maharashtra
O004754,11560,2024-10-23,Delivered,Net Banking,Kolkata,Tamil Nadu
O004755,10805,2024-09-01,Shipped,UPI,Ahmedabad,Delhi
O004756,10252,2025-06-02,Delivered,Debit Card,Gurugram,Uttar Pradesh
O004757,11291,2025-01-27,Delivered,Debit Card,Chennai,Rajasthan
O004758,10209,2025-08-23,Delivered,UPI,Hyderabad,Kerala
O004759,10955,2024-06-25,Delivered,COD,Mumbai,Rajasthan
O004760,12028,2024-07-22,Delivered,Debit Card,Ahmedabad,Haryana
O004761,10835,2025-10-07,Delivered,Debit Card,Kochi,Kerala
O004762,10956,2025-08-16,Shipped,Net Banking,Jaipur,Karnataka
O004763,10514,2025-06-16,Delivered,COD,Delhi,Uttar Pradesh
O004764,10580,2024-05-07,Delivered,UPI,Chennai,Karnataka
O004765,11938,2024-07-13,Delivered,Debit Card,Kolkata,Telangana
O004766,11172,2024-07-12,Delivered,COD,Kochi,West Bengal
O004767,11998,2024-07-02,Cancelled,Debit Card,Ahmedabad,Gujarat
O004768,11666,2024-09-03,Delivered,Net Banking,Kochi,Rajasthan
O004769,12131,2024-11-19,Shipped,COD,Bengaluru,Delhi
O004770,12204,2024-06-08,Delivered,Credit Card,Ahmedabad,West Bengal
O004771,11643,2025-12-06,Delivered,Net Banking,Bengaluru,Kerala
O004772,11212,2025-09-13,Cancelled,UPI,Mumbai,Uttar Pradesh
O004773,10617,2024-03-06,Shipped,COD,Jaipur,West Bengal
O004774,11498,2024-09-10,Cancelled,Debit Card,Kolkata,Rajasthan
O004775,10507,2024-10-09,Delivered,COD,Jaipur,Maharashtra
O004776,11295,2024-02-29,Cancelled,UPI,Mumbai,Haryana
O004777,10622,2024-04-27,Delivered,COD,Ahmedabad,Uttar Pradesh
O004778,11952,2025-02-26,Cancelled,Debit Card,Kolkata,Gujarat
O004779,11460,2025-07-09,Delivered,Net Banking,Gurugram,Gujarat
O004780,10293,2025-12-22,Delivered,Net Banking,Delhi,Kerala
O004781,10655,2024-02-05,Cancelled,Debit Card,Ludhiana,Haryana
O004782,12108,2025-06-14,Delivered,Credit Card,Ludhiana,Telangana
O004783,11622,2024-03-31,Delivered,Credit Card,Hyderabad,Rajasthan
O004784,12375,2024-10-27,Shipped,Net Banking,Chennai,Gujarat
O004785,10785,2025-12-24,Delivered,UPI,Ludhiana,Uttar Pradesh
O004786,10767,2024-08-04,Delivered,COD,Delhi,Gujarat
O004787,10519,2024-04-07,Delivered,Debit Card,Gurugram,Haryana
O004788,12131,2025-03-31,Delivered,UPI,Lucknow,Punjab
O004789,10028,2025-06-14,Delivered,COD,Kochi,Uttar Pradesh
O004790,10266,2025-06-21,Delivered,Net Banking,Lucknow,Rajasthan
O004791,11307,2024-01-28,Delivered,Debit Card,Lucknow,Gujarat
O004792,12445,2025-07-29,Delivered,UPI,Bengaluru,Tamil Nadu
O004793,10980,2024-11-19,Delivered,COD,Chennai,Tamil Nadu
O004794,11724,2024-08-10,Shipped,Net Banking,Delhi,Karnataka
O004795,10811,2024-03-20,Delivered,Net Banking,Bengaluru,Gujarat
O004796,10581,2025-07-16,Shipped,COD,Delhi,West Bengal
O004797,11862,2025-04-02,Delivered,Credit Card,Delhi,Tamil Nadu
O004798,10611,2025-09-05,Delivered,Credit Card,Jaipur,Rajasthan
O004799,10193,2024-06-24,Delivered,COD,Ahmedabad,Gujarat
O004800,12275,2025-06-05,Cancelled,COD,Kochi,Kerala
O004801,10451,2025-04-01,Delivered,COD,Delhi,Uttar Pradesh
O004802,11206,2025-02-26,Cancelled,Net Banking,Kochi,Kerala
O004803,10932,2024-04-09,Delivered,Debit Card,Jaipur,West Bengal
O004804,11351,2025-02-06,Shipped,Net Banking,Hyderabad,Karnataka
O004805,11629,2025-07-29,Delivered,Net Banking,Ludhiana,Maharashtra
O004806,10203,2025-01-14,Shipped,Credit Card,Kochi,Karnataka
O004807,10402,2025-06-14,Delivered,COD,Bengaluru,Tamil Nadu
O004808,12028,2024-11-27,Delivered,Net Banking,Kochi,Tamil Nadu
O004809,11668,2024-11-13,Delivered,Net Banking,Hyderabad,Tamil Nadu
O004810,11670,2025-10-14,Delivered,COD,Mumbai,Rajasthan
O004811,10890,2025-06-20,Delivered,Debit Card,Mumbai,Punjab
O004812,10179,2024-03-29,Delivered,Credit Card,Bengaluru,Uttar Pradesh
O004813,11722,2025-08-26,Delivered,UPI,Bengaluru,Uttar Pradesh
O004814,11980,2025-05-25,Returned,Net Banking,Ahmedabad,Gujarat
O004815,11570,2024-02-11,Delivered,Debit Card,Ludhiana,Kerala
O004816,10926,2025-01-23,Cancelled,UPI,Jaipur,Karnataka
O004817,11427,2024-03-21,Returned,COD,Ahmedabad,Kerala
O004818,12045,2025-02-05,Returned,UPI,Kochi,Punjab
O004819,11417,2024-04-16,Cancelled,COD,Gurugram,Delhi
O004820,12348,2024-04-20,Cancelled,Debit Card,Mumbai,Punjab
O004821,10351,2024-10-03,Delivered,UPI,Ahmedabad,Punjab
O004822,10187,2024-08-01,Delivered,Credit Card,Gurugram,Punjab
O004823,11433,2025-05-20,Delivered,Debit Card,Gurugram,West Bengal
O004824,12119,2024-04-30,Delivered,UPI,Chennai,Punjab
O004825,11968,2024-05-13,Delivered,Net Banking,Delhi,West Bengal
O004826,10309,2025-12-20,Delivered,UPI,Bengaluru,Delhi
O004827,12225,2025-01-05,Delivered,UPI,Ahmedabad,Punjab
O004828,10427,2024-09-13,Cancelled,Credit Card,Chennai,Punjab
O004829,10531,2025-11-27,Delivered,Debit Card,Hyderabad,Gujarat
O004830,12466,2024-06-28,Delivered,Net Banking,Hyderabad,West Bengal
O004831,10248,2024-02-17,Delivered,Debit Card,Chennai,Haryana
O004832,12257,2025-08-21,Delivered,Debit Card,Kochi,Haryana
O004833,10216,2024-01-19,Returned,Net Banking,Jaipur,Tamil Nadu
O004834,10713,2024-02-15,Delivered,Net Banking,Chennai,Maharashtra
O004835,10438,2025-03-26,Delivered,Credit Card,Gurugram,Rajasthan
O004836,11793,2024-02-25,Delivered,COD,Delhi,Uttar Pradesh
O004837,11642,2025-10-18,Delivered,Credit Card,Ahmedabad,Maharashtra
O004838,12359,2024-04-01,Delivered,Net Banking,Ahmedabad,Haryana
O004839,10383,2024-03-22,Delivered,UPI,Gurugram,Haryana
O004840,10981,2024-03-19,Delivered,UPI,Bengaluru,Karnataka
O004841,11295,2025-10-23,Delivered,Debit Card,Delhi,Punjab
O004842,10121,2024-10-09,Cancelled,Debit Card,Jaipur,Tamil Nadu
O004843,10407,2024-11-06,Delivered,COD,Lucknow,Uttar Pradesh
O004844,10245,2024-06-08,Delivered,COD,Kolkata,Uttar Pradesh
O004845,10066,2024-11-11,Delivered,COD,Ahmedabad,Uttar Pradesh
O004846,10228,2025-10-29,Delivered,COD,Kolkata,Karnataka
O004847,10882,2024-06-04,Cancelled,UPI,Bengaluru,Punjab
O004848,12185,2025-12-14,Delivered,Net Banking,Kolkata,Haryana
O004849,12242,2025-04-12,Returned,COD,Delhi,Haryana
O004850,10706,2025-04-06,Delivered,Credit Card,Kolkata,Kerala
O004851,10658,2024-04-26,Shipped,COD,Chennai,Kerala
O004852,11513,2025-10-27,Delivered,UPI,Hyderabad,Kerala
O004853,10930,2024-12-29,Delivered,Debit Card,Ahmedabad,Tamil Nadu
O004854,11728,2025-09-22,Delivered,Credit Card,Jaipur,Delhi
O004855,11181,2025-12-11,Delivered,COD,Kolkata,West Bengal
O004856,10958,2025-04-10,Delivered,UPI,Ludhiana,Rajasthan
O004857,11040,2024-07-02,Delivered,Debit Card,Delhi,West Bengal
O004858,11102,2025-10-21,Shipped,COD,Ludhiana,Gujarat
O004859,12100,2024-06-14,Delivered,UPI,Ahmedabad,West Bengal
O004860,10514,2024-03-15,Delivered,UPI,Mumbai,Kerala
O004861,10744,2024-09-28,Cancelled,Net Banking,Lucknow,Karnataka
O004862,11406,2025-11-21,Delivered,UPI,Ahmedabad,Maharashtra
O004863,11833,2025-05-17,Shipped,COD,Kochi,Karnataka
O004864,10543,2025-07-16,Delivered,UPI,Lucknow,Punjab
O004865,12458,2025-08-09,Delivered,Credit Card,Kochi,West Bengal
O004866,12203,2025-10-17,Delivered,UPI,Lucknow,Haryana
O004867,12099,2024-12-08,Cancelled,UPI,Ahmedabad,Rajasthan
O004868,11712,2025-11-30,Cancelled,Credit Card,Ahmedabad,Punjab
O004869,11928,2025-09-26,Returned,COD,Hyderabad,Gujarat
O004870,10355,2024-09-07,Delivered,Debit Card,Delhi,Punjab
O004871,11229,2024-05-09,Shipped,Net Banking,Kolkata,Tamil Nadu
O004872,11755,2024-12-23,Delivered,Debit Card,Jaipur,Karnataka
O004873,12304,2025-11-22,Delivered,COD,Bengaluru,Karnataka
O004874,10248,2025-02-11,Shipped,COD,Kochi,Karnataka
O004875,10533,2025-05-09,Delivered,Credit Card,Mumbai,Delhi
O004876,12089,2025-09-13,Delivered,Debit Card,Delhi,Kerala
O004877,10790,2025-04-26,Delivered,UPI,Ludhiana,Haryana
O004878,11301,2024-03-18,Shipped,Credit Card,Chennai,Gujarat
O004879,11948,2025-05-28,Delivered,Credit Card,Bengaluru,Tamil Nadu
O004880,12243,2024-11-16,Delivered,Net Banking,Jaipur,Delhi
O004881,11095,2024-10-16,Returned,Credit Card,Ahmedabad,Punjab
O004882,11359,2024-10-23,Delivered,Debit Card,Delhi,Punjab
O004883,10308,2025-11-11,Delivered,COD,Kochi,Delhi
O004884,11451,2025-04-19,Delivered,Net Banking,Mumbai,Telangana
O004885,12124,2024-01-23,Shipped,UPI,Bengaluru,Maharashtra
O004886,10787,2024-06-20,Delivered,Debit Card,Bengaluru,Tamil Nadu
O004887,11549,2024-11-13,Delivered,UPI,Delhi,West Bengal
O004888,11899,2024-07-11,Delivered,Credit Card,Ahmedabad,West Bengal
O004889,11665,2025-11-11,Delivered,Debit Card,Ahmedabad,Rajasthan
O004890,12278,2024-04-27,Delivered,Net Banking,Kolkata,Kerala
O004891,12133,2024-01-06,Delivered,Net Banking,Gurugram,Rajasthan
O004892,11186,2025-04-27,Delivered,UPI,Lucknow,West Bengal
O004893,12445,2024-05-11,Returned,COD,Ludhiana,Rajasthan
O004894,11395,2024-04-02,Delivered,Net Banking,Hyderabad,Delhi
O004895,10215,2025-06-05,Returned,UPI,Lucknow,Telangana
O004896,10377,2025-07-16,Delivered,COD,Mumbai,Delhi
O004897,12460,2024-10-20,Delivered,Debit Card,Delhi,Maharashtra
O004898,11207,2025-10-02,Delivered,Net Banking,Chennai,Rajasthan
O004899,10410,2025-01-26,Cancelled,Net Banking,Jaipur,Kerala
O004900,10216,2024-09-05,Delivered,UPI,Kolkata,Rajasthan
O004901,10752,2025-09-05,Returned,Net Banking,Lucknow,Haryana
O004902,10349,2025-08-17,Delivered,UPI,Chennai,Delhi
O004903,10654,2025-12-03,Delivered,Net Banking,Ahmedabad,Tamil Nadu
O004904,11775,2025-02-20,Delivered,UPI,Gurugram,Uttar Pradesh
O004905,10003,2024-05-22,Delivered,Net Banking,Ahmedabad,Tamil Nadu
O004906,11118,2024-08-24,Delivered,Debit Card,Kolkata,Tamil Nadu
O004907,11083,2024-10-13,Delivered,Debit Card,Kolkata,Telangana
O004908,10407,2024-10-03,Delivered,UPI,Delhi,Karnataka
O004909,12066,2025-01-21,Delivered,Debit Card,Hyderabad,Gujarat
O004910,11518,2025-01-16,Delivered,UPI,Delhi,Rajasthan
O004911,10751,2025-03-25,Delivered,UPI,Gurugram,Karnataka
O004912,11896,2024-10-17,Delivered,Credit Card,Kolkata,Haryana
O004913,10888,2024-06-17,Delivered,Debit Card,Lucknow,Tamil Nadu
O004914,12380,2025-03-18,Delivered,Credit Card,Hyderabad,Uttar Pradesh
O004915,11013,2025-10-17,Cancelled,Credit Card,Ludhiana,Punjab
O004916,10169,2024-07-02,Delivered,Net Banking,Hyderabad,Maharashtra
O004917,11696,2024-02-14,Returned,UPI,Ludhiana,Haryana
O004918,10849,2024-09-24,Delivered,COD,Jaipur,Tamil Nadu
O004919,11705,2025-04-20,Delivered,Credit Card,Jaipur,Delhi
O004920,10941,2024-09-09,Delivered,Net Banking,Delhi,Uttar Pradesh
O004921,10206,2025-01-30,Delivered,Debit Card,Lucknow,Telangana
O004922,11893,2024-10-15,Delivered,COD,Delhi,Punjab
O004923,10521,2024-07-30,Delivered,UPI,Delhi,Karnataka
O004924,11018,2025-11-19,Delivered,Net Banking,Bengaluru,West Bengal
O004925,12352,2024-01-21,Delivered,COD,Kolkata,Haryana
O004926,12163,2024-11-11,Shipped,UPI,Jaipur,Tamil Nadu
O004927,12135,2025-07-17,Delivered,UPI,Bengaluru,Delhi
O004928,10743,2025-03-13,Delivered,COD,Bengaluru,Delhi
O004929,12476,2025-02-26,Returned,Net Banking,Kolkata,Delhi
O004930,11722,2024-08-20,Delivered,COD,Lucknow,Karnataka
O004931,10450,2024-05-02,Delivered,Credit Card,Bengaluru,Maharashtra
O004932,10786,2025-09-03,Shipped,UPI,Kochi,Kerala
O004933,10002,2024-08-01,Delivered,Debit Card,Kolkata,Kerala
O004934,11102,2025-10-08,Delivered,COD,Ludhiana,Gujarat
O004935,11348,2025-12-30,Delivered,COD,Delhi,Kerala
O004936,11122,2025-08-22,Delivered,UPI,Gurugram,West Bengal
O004937,12158,2024-02-09,Delivered,UPI,Lucknow,Kerala
O004938,10679,2024-11-27,Delivered,COD,Hyderabad,Uttar Pradesh
O004939,11833,2025-10-09,Delivered,Debit Card,Chennai,Telangana
O004940,10371,2024-06-30,Delivered,UPI,Bengaluru,Kerala
O004941,11046,2024-09-21,Shipped,UPI,Bengaluru,Delhi
O004942,10722,2025-11-24,Shipped,Credit Card,Jaipur,Karnataka
O004943,10305,2025-06-16,Shipped,Net Banking,Chennai,West Bengal
O004944,10924,2025-03-07,Cancelled,Credit Card,Delhi,Haryana
O004945,11296,2024-07-14,Delivered,Debit Card,Delhi,Punjab
O004946,10836,2025-12-24,Cancelled,Net Banking,Jaipur,Delhi
O004947,12494,2025-05-23,Delivered,COD,Lucknow,Rajasthan
O004948,12326,2025-03-22,Delivered,Debit Card,Hyderabad,Maharashtra
O004949,12425,2025-06-11,Delivered,Debit Card,Delhi,Haryana
O004950,12280,2024-07-20,Delivered,Credit Card,Lucknow,Haryana
O004951,10426,2025-12-30,Shipped,Net Banking,Hyderabad,West Bengal
O004952,11993,2025-08-27,Delivered,Debit Card,Delhi,Kerala
O004953,11827,2024-05-12,Delivered,Net Banking,Hyderabad,Uttar Pradesh
O004954,12489,2024-05-18,Delivered,COD,Ludhiana,Karnataka
O004955,12082,2025-10-30,Delivered,Net Banking,Mumbai,West Bengal
O004956,12377,2025-05-07,Cancelled,Credit Card,Delhi,Delhi
O004957,10454,2024-03-10,Returned,Credit Card,Ludhiana,Rajasthan
O004958,10764,2024-01-15,Delivered,Debit Card,Bengaluru,Karnataka
O004959,11149,2024-07-30,Delivered,Net Banking,Lucknow,Tamil Nadu
O004960,10523,2024-02-29,Delivered,Credit Card,Ludhiana,Tamil Nadu
O004961,10482,2024-09-08,Shipped,UPI,Hyderabad,Karnataka
O004962,12365,2025-03-21,Delivered,Credit Card,Jaipur,West Bengal
O004963,10122,2024-01-02,Returned,COD,Kochi,Telangana
O004964,10581,2024-12-01,Delivered,UPI,Hyderabad,Maharashtra
O004965,12173,2024-01-19,Cancelled,Net Banking,Gurugram,Delhi
O004966,11835,2025-07-14,Delivered,Debit Card,Ahmedabad,Kerala
O004967,11101,2024-03-18,Delivered,UPI,Bengaluru,West Bengal
O004968,10718,2025-04-16,Delivered,Credit Card,Ludhiana,Rajasthan
O004969,10406,2024-01-28,Shipped,Debit Card,Kochi,Rajasthan
O004970,11267,2025-07-13,Shipped,Debit Card,Chennai,Uttar Pradesh
O004971,11485,2025-08-30,Delivered,Debit Card,Gurugram,Haryana
O004972,10277,2024-06-13,Delivered,Debit Card,Ahmedabad,Uttar Pradesh
O004973,11493,2025-04-02,Returned,Net Banking,Ahmedabad,Uttar Pradesh
O004974,11249,2024-06-24,Returned,Net Banking,Kochi,Gujarat
O004975,11125,2025-08-07,Delivered,Net Banking,Ahmedabad,Kerala
O004976,11658,2024-01-29,Delivered,Credit Card,Kolkata,Uttar Pradesh
O004977,11754,2025-10-30,Delivered,Net Banking,Gurugram,Telangana
O004978,10507,2024-10-05,Cancelled,Debit Card,Kolkata,Tamil Nadu
O004979,10237,2024-10-09,Delivered,UPI,Gurugram,Tamil Nadu
O004980,10752,2025-04-23,Delivered,UPI,Bengaluru,Delhi
O004981,10165,2025-06-02,Delivered,UPI,Hyderabad,Uttar Pradesh
O004982,11693,2024-10-31,Delivered,UPI,Kolkata,Tamil Nadu
O004983,11957,2025-11-24,Delivered,UPI,Kochi,Kerala
O004984,11769,2024-04-18,Delivered,COD,Chennai,Gujarat
O004985,12424,2024-11-19,Delivered,UPI,Mumbai,Delhi
O004986,11456,2024-07-24,Shipped,UPI,Hyderabad,Delhi
O004987,12131,2024-08-21,Returned,UPI,Chennai,Tamil Nadu
O004988,10431,2025-04-02,Delivered,Credit Card,Kolkata,Tamil Nadu
O004989,10783,2024-07-05,Delivered,COD,Chennai,Gujarat
O004990,12417,2025-04-26,Delivered,UPI,Ahmedabad,Delhi
O004991,10955,2025-02-10,Shipped,Net Banking,Lucknow,Kerala
O004992,11993,2025-05-23,Shipped,Credit Card,Kochi,Maharashtra
O004993,11660,2025-06-03,Delivered,COD,Bengaluru,Karnataka
O004994,10141,2024-02-22,Cancelled,Net Banking,Gurugram,Karnataka
O004995,10720,2025-02-01,Delivered,Net Banking,Ludhiana,Haryana
O004996,11651,2024-07-17,Delivered,Credit Card,Delhi,Maharashtra
O004997,11977,2025-01-25,Delivered,Net Banking,Ludhiana,Kerala
O004998,11016,2025-10-10,Shipped,Debit Card,Kochi,Telangana
O004999,10288,2025-05-12,Delivered,Credit Card,Lucknow,Punjab
O005000,12403,2024-06-20,Returned,Credit Card,Mumbai,Punjab
O005001,10343,2024-03-26,Shipped,Debit Card,Gurugram,Delhi
O005002,12197,2025-07-11,Delivered,Credit Card,Delhi,Rajasthan
O005003,12258,2024-07-04,Delivered,Net Banking,Jaipur,Kerala
O005004,10976,2024-06-04,Delivered,Net Banking,Ludhiana,Gujarat
O005005,11824,2025-05-07,Shipped,Net Banking,Kochi,Haryana
O005006,10331,2025-06-04,Delivered,Debit Card,Jaipur,Delhi
O005007,10365,2025-09-18,Delivered,Net Banking,Mumbai,Tamil Nadu
O005008,10011,2025-10-27,Cancelled,Debit Card,Jaipur,Rajasthan
O005009,10509,2024-05-09,Cancelled,Debit Card,Mumbai,Haryana
O005010,11469,2024-03-21,Delivered,Debit Card,Jaipur,Karnataka
O005011,11114,2025-01-18,Shipped,Credit Card,Delhi,Rajasthan
O005012,10622,2025-10-20,Delivered,COD,Hyderabad,Rajasthan
O005013,10901,2024-10-21,Delivered,Debit Card,Hyderabad,Haryana
O005014,11472,2024-09-25,Delivered,Net Banking,Kolkata,West Bengal
O005015,10327,2025-10-06,Shipped,Debit Card,Hyderabad,Haryana
O005016,10074,2025-07-15,Delivered,UPI,Kochi,Punjab
O005017,10251,2025-06-18,Delivered,Credit Card,Bengaluru,Karnataka
O005018,12498,2025-01-12,Delivered,Net Banking,Kolkata,Haryana
O005019,10906,2025-01-10,Returned,Credit Card,Ludhiana,Delhi
O005020,12403,2024-03-28,Delivered,Credit Card,Ahmedabad,Tamil Nadu
O005021,10533,2025-09-15,Delivered,UPI,Bengaluru,Punjab
O005022,10296,2024-04-20,Delivered,Debit Card,Bengaluru,Haryana
O005023,10298,2025-08-06,Delivered,Net Banking,Mumbai,Telangana
O005024,11352,2024-06-02,Delivered,COD,Gurugram,Tamil Nadu
O005025,10302,2025-04-07,Shipped,Credit Card,Hyderabad,Rajasthan
O005026,10512,2025-07-22,Delivered,COD,Hyderabad,West Bengal
O005027,10585,2024-06-04,Returned,COD,Jaipur,Rajasthan
O005028,12422,2025-09-16,Delivered,Debit Card,Kochi,Delhi
O005029,11118,2024-11-13,Delivered,COD,Bengaluru,Telangana
O005030,12180,2025-07-12,Delivered,Net Banking,Hyderabad,Karnataka
O005031,11635,2024-08-25,Delivered,Debit Card,Bengaluru,West Bengal
O005032,10910,2024-11-29,Returned,COD,Mumbai,Telangana
O005033,11934,2024-04-15,Shipped,Debit Card,Mumbai,West Bengal
O005034,10053,2025-04-26,Delivered,Net Banking,Gurugram,Tamil Nadu
O005035,11520,2025-11-29,Delivered,Credit Card,Hyderabad,Telangana
O005036,12277,2025-11-01,Delivered,UPI,Ludhiana,Punjab
O005037,10791,2025-12-10,Delivered,Debit Card,Bengaluru,Tamil Nadu
O005038,11528,2025-01-16,Shipped,UPI,Jaipur,Gujarat
O005039,10495,2025-11-19,Shipped,Credit Card,Kochi,West Bengal
O005040,10853,2024-09-17,Delivered,Net Banking,Jaipur,Karnataka
O005041,11095,2024-10-19,Delivered,Credit Card,Jaipur,Delhi
O005042,12237,2024-11-30,Delivered,UPI,Kolkata,Karnataka
O005043,10663,2025-10-16,Cancelled,Net Banking,Jaipur,Kerala
O005044,10008,2025-12-09,Delivered,COD,Ahmedabad,Telangana
O005045,12380,2025-04-20,Delivered,COD,Hyderabad,Karnataka
O005046,10666,2024-08-12,Delivered,Debit Card,Bengaluru,Uttar Pradesh
O005047,10669,2025-07-08,Delivered,COD,Ludhiana,Rajasthan
O005048,11286,2025-03-29,Delivered,UPI,Hyderabad,Kerala
O005049,10161,2025-10-24,Shipped,COD,Ahmedabad,Tamil Nadu
O005050,12399,2024-10-22,Returned,Debit Card,Hyderabad,West Bengal
O005051,12365,2025-07-28,Delivered,Net Banking,Mumbai,Uttar Pradesh
O005052,10937,2025-10-03,Delivered,COD,Kolkata,Gujarat
O005053,10018,2025-04-07,Delivered,Debit Card,Lucknow,Karnataka
O005054,12415,2024-08-01,Shipped,COD,Lucknow,Maharashtra
O005055,10351,2025-08-07,Delivered,COD,Delhi,Rajasthan
O005056,10872,2025-09-07,Cancelled,UPI,Gurugram,Rajasthan
O005057,11459,2024-06-06,Shipped,Debit Card,Kochi,Gujarat
O005058,12318,2024-09-28,Delivered,Debit Card,Mumbai,Telangana
O005059,11092,2024-08-25,Delivered,Credit Card,Ludhiana,Uttar Pradesh
O005060,11054,2024-10-29,Delivered,Credit Card,Gurugram,Maharashtra
O005061,10316,2025-10-31,Delivered,Debit Card,Jaipur,Tamil Nadu
O005062,11845,2025-09-12,Delivered,UPI,Jaipur,Haryana
O005063,10737,2025-06-04,Delivered,COD,Lucknow,Uttar Pradesh
O005064,12212,2024-11-16,Delivered,Net Banking,Hyderabad,West Bengal
O005065,10320,2024-02-28,Shipped,COD,Jaipur,Punjab
O005066,11038,2024-12-23,Delivered,Net Banking,Gurugram,Telangana
O005067,12327,2025-12-04,Delivered,UPI,Bengaluru,Delhi
O005068,10432,2025-10-09,Shipped,Credit Card,Mumbai,Kerala
O005069,10634,2024-09-07,Delivered,Debit Card,Kolkata,Maharashtra
O005070,11706,2025-03-11,Shipped,UPI,Hyderabad,Uttar Pradesh
O005071,12406,2024-05-25,Delivered,Net Banking,Delhi,West Bengal
O005072,11037,2024-12-17,Delivered,Debit Card,Delhi,Telangana
O005073,10725,2025-07-23,Delivered,Net Banking,Lucknow,Haryana
O005074,10673,2025-11-19,Returned,COD,Hyderabad,Kerala
O005075,12280,2024-09-01,Shipped,COD,Lucknow,Gujarat
O005076,10471,2025-07-13,Delivered,COD,Kochi,Telangana
O005077,10602,2024-10-27,Returned,Debit Card,Lucknow,Rajasthan
O005078,11383,2025-03-13,Shipped,Credit Card,Mumbai,Telangana
O005079,12303,2024-04-09,Delivered,Credit Card,Kochi,Haryana
O005080,11539,2025-12-25,Delivered,Net Banking,Ludhiana,Gujarat
O005081,10280,2025-04-24,Delivered,Credit Card,Jaipur,Maharashtra
O005082,12165,2025-02-18,Delivered,Credit Card,Mumbai,Tamil Nadu
O005083,11186,2024-06-13,Delivered,Net Banking,Kochi,Rajasthan
O005084,11911,2025-09-29,Delivered,Net Banking,Chennai,Uttar Pradesh
O005085,12014,2024-10-28,Delivered,Net Banking,Kochi,Uttar Pradesh
O005086,12346,2024-04-30,Delivered,Debit Card,Kochi,Kerala
O005087,10916,2024-03-28,Delivered,Net Banking,Gurugram,Haryana
O005088,11618,2024-08-04,Delivered,Debit Card,Kolkata,West Bengal
O005089,11382,2025-07-26,Delivered,Debit Card,Kolkata,Rajasthan
O005090,11684,2024-06-27,Delivered,Debit Card,Chennai,Maharashtra
O005091,12426,2025-12-02,Returned,Net Banking,Mumbai,Punjab
O005092,10426,2024-06-11,Delivered,Credit Card,Hyderabad,Rajasthan
O005093,11788,2025-08-15,Delivered,Credit Card,Gurugram,West Bengal
O005094,10553,2024-06-18,Delivered,Net Banking,Bengaluru,Kerala
O005095,10169,2024-10-27,Delivered,Credit Card,Ahmedabad,West Bengal
O005096,10515,2025-01-08,Delivered,Net Banking,Jaipur,Kerala
O005097,11707,2025-12-08,Delivered,Debit Card,Hyderabad,Delhi
O005098,10430,2024-07-21,Delivered,COD,Ludhiana,Haryana
O005099,12131,2024-02-16,Delivered,UPI,Ludhiana,Kerala
O005100,12378,2025-04-07,Delivered,Net Banking,Ludhiana,Maharashtra
O005101,10691,2025-10-31,Delivered,Debit Card,Gurugram,Telangana
O005102,10353,2025-02-11,Delivered,COD,Jaipur,Gujarat
O005103,12392,2024-07-12,Delivered,Debit Card,Lucknow,Telangana
O005104,11118,2025-03-02,Shipped,UPI,Ludhiana,Maharashtra
O005105,11406,2024-11-12,Delivered,Credit Card,Hyderabad,Tamil Nadu
O005106,11319,2025-04-23,Delivered,Credit Card,Delhi,Punjab
O005107,12246,2025-02-24,Delivered,Debit Card,Mumbai,Rajasthan
O005108,10079,2024-09-25,Returned,UPI,Gurugram,Uttar Pradesh
O005109,10678,2025-04-25,Delivered,Debit Card,Kolkata,Karnataka
O005110,10551,2025-12-11,Delivered,Credit Card,Bengaluru,Uttar Pradesh
O005111,10820,2024-09-19,Delivered,Debit Card,Jaipur,Telangana
O005112,10214,2025-03-01,Delivered,COD,Kolkata,Rajasthan
O005113,11667,2024-06-14,Delivered,UPI,Chennai,Rajasthan
O005114,10669,2025-11-22,Returned,Credit Card,Chennai,Punjab
O005115,10989,2025-03-03,Delivered,Debit Card,Bengaluru,Uttar Pradesh
O005116,10894,2025-12-04,Cancelled,UPI,Chennai,Haryana
O005117,10159,2025-01-31,Delivered,Debit Card,Mumbai,Punjab
O005118,12249,2024-08-03,Shipped,Credit Card,Chennai,Kerala
O005119,10022,2024-04-16,Delivered,UPI,Mumbai,Maharashtra
O005120,11765,2024-04-07,Delivered,Credit Card,Chennai,West Bengal
O005121,11930,2025-04-26,Cancelled,COD,Hyderabad,Karnataka
O005122,11262,2025-05-13,Delivered,COD,Lucknow,Uttar Pradesh
O005123,11173,2024-08-17,Returned,Net Banking,Kochi,Haryana
O005124,10785,2024-09-13,Delivered,UPI,Kochi,Maharashtra
O005125,11603,2024-02-12,Returned,COD,Bengaluru,West Bengal
O005126,12055,2024-08-29,Delivered,Net Banking,Jaipur,Tamil Nadu
O005127,11257,2025-07-07,Shipped,UPI,Hyderabad,Rajasthan
O005128,11893,2024-04-04,Delivered,Credit Card,Jaipur,Telangana
O005129,10579,2024-07-06,Delivered,Debit Card,Ahmedabad,Punjab
O005130,11101,2025-01-19,Shipped,Debit Card,Lucknow,Maharashtra
O005131,10489,2025-02-03,Shipped,Credit Card,Gurugram,Karnataka
O005132,10926,2025-05-20,Delivered,COD,Gurugram,Telangana
O005133,12135,2024-06-15,Delivered,Debit Card,Chennai,West Bengal
O005134,11788,2024-05-04,Delivered,Credit Card,Delhi,West Bengal
O005135,11991,2025-11-03,Delivered,Net Banking,Ludhiana,Karnataka
O005136,10222,2024-03-27,Delivered,Net Banking,Kolkata,Rajasthan
O005137,12461,2025-05-03,Shipped,Credit Card,Ludhiana,Haryana
O005138,12250,2024-08-13,Delivered,UPI,Lucknow,Karnataka
O005139,12269,2025-10-18,Delivered,COD,Hyderabad,Delhi
O005140,12205,2024-12-10,Returned,COD,Jaipur,Punjab
O005141,11749,2025-06-01,Delivered,Credit Card,Kolkata,Delhi
O005142,12177,2024-01-31,Delivered,Debit Card,Bengaluru,Rajasthan
O005143,11267,2025-12-09,Shipped,COD,Lucknow,Telangana
O005144,11196,2024-10-22,Shipped,COD,Lucknow,Delhi
O005145,11527,2025-02-17,Delivered,Net Banking,Bengaluru,Karnataka
O005146,11504,2024-05-14,Shipped,Net Banking,Kolkata,Rajasthan
O005147,10877,2025-06-08,Delivered,Net Banking,Kochi,Delhi
O005148,12318,2024-01-04,Delivered,COD,Jaipur,Rajasthan
O005149,10163,2024-06-26,Shipped,COD,Ahmedabad,Karnataka
O005150,10955,2024-09-15,Delivered,COD,Bengaluru,Haryana
O005151,10024,2025-10-13,Delivered,Debit Card,Bengaluru,Kerala
O005152,10193,2024-03-05,Shipped,Debit Card,Delhi,Uttar Pradesh
O005153,10878,2024-12-28,Delivered,Debit Card,Jaipur,Haryana
O005154,10390,2025-12-17,Delivered,UPI,Ahmedabad,Punjab
O005155,10964,2024-01-17,Returned,COD,Kolkata,West Bengal
O005156,12177,2024-07-18,Shipped,COD,Gurugram,West Bengal
O005157,12409,2025-06-27,Returned,Credit Card,Chennai,Rajasthan
O005158,10765,2024-07-30,Returned,Credit Card,Kochi,Punjab
O005159,11974,2025-03-10,Delivered,UPI,Jaipur,Tamil Nadu
O005160,11239,2024-09-29,Shipped,Credit Card,Ahmedabad,West Bengal
O005161,12335,2024-10-16,Delivered,Debit Card,Chennai,Haryana
O005162,10768,2025-04-27,Shipped,UPI,Hyderabad,Haryana
O005163,12417,2024-08-21,Shipped,UPI,Hyderabad,West Bengal
O005164,11493,2025-02-11,Delivered,UPI,Ahmedabad,Telangana
O005165,10899,2025-11-24,Delivered,Net Banking,Delhi,West Bengal
O005166,11085,2024-05-25,Delivered,Credit Card,Chennai,Gujarat
O005167,12310,2025-07-15,Shipped,COD,Ludhiana,Rajasthan
O005168,10788,2025-03-05,Shipped,Net Banking,Kolkata,Telangana
O005169,10111,2025-03-07,Delivered,Debit Card,Kochi,Haryana
O005170,11853,2025-09-06,Delivered,Net Banking,Ludhiana,Haryana
O005171,10141,2025-06-28,Shipped,Debit Card,Kochi,Haryana
O005172,10745,2025-05-11,Delivered,COD,Kochi,Haryana
O005173,10079,2024-03-29,Delivered,COD,Ahmedabad,Gujarat
O005174,11518,2025-02-14,Delivered,Credit Card,Kolkata,Uttar Pradesh
O005175,10971,2024-08-28,Cancelled,Net Banking,Jaipur,Kerala
O005176,10066,2024-08-10,Shipped,COD,Kolkata,Kerala
O005177,11534,2025-10-26,Delivered,Debit Card,Mumbai,Uttar Pradesh
O005178,11395,2025-04-12,Delivered,COD,Lucknow,Punjab
O005179,10287,2025-07-22,Delivered,Credit Card,Mumbai,Karnataka
O005180,10123,2024-11-17,Shipped,Debit Card,Delhi,West Bengal
O005181,11004,2025-01-09,Delivered,UPI,Ahmedabad,Punjab
O005182,10004,2024-04-21,Delivered,,Gurugram,Haryana
O005183,11840,2025-06-10,Delivered,Credit Card,Lucknow,Telangana
O005184,10412,2025-02-15,Cancelled,UPI,Hyderabad,Kerala
O005185,10250,2024-09-25,Delivered,COD,Kochi,Karnataka
O005186,11511,2025-09-17,Delivered,Credit Card,Kochi,Maharashtra
O005187,11918,2024-09-08,Shipped,UPI,Ahmedabad,Haryana
O005188,11357,2025-01-08,Returned,UPI,Ludhiana,Karnataka
O005189,10158,2025-10-15,Delivered,Credit Card,Jaipur,Maharashtra
O005190,11601,2025-09-17,Delivered,Net Banking,Ludhiana,Kerala
O005191,11611,2025-03-25,Delivered,Credit Card,Delhi,Rajasthan
O005192,11464,2025-06-20,Delivered,Net Banking,Ahmedabad,Rajasthan
O005193,10978,2025-01-02,Delivered,COD,Kochi,Punjab
O005194,12383,2024-09-11,Delivered,UPI,Delhi,Karnataka
O005195,11262,2025-04-07,Delivered,Debit Card,Kolkata,Telangana
O005196,10153,2024-09-24,Cancelled,Credit Card,Kolkata,Telangana
O005197,11630,2024-05-05,Delivered,Debit Card,Ludhiana,Uttar Pradesh
O005198,11056,2025-01-27,Delivered,COD,Jaipur,Gujarat
O005199,10053,2024-11-29,Delivered,Credit Card,Kolkata,Tamil Nadu
O005200,11755,2025-07-18,Delivered,Debit Card,Bengaluru,Rajasthan
O005201,11329,2025-01-02,Delivered,COD,Ludhiana,Delhi
O005202,12393,2025-07-08,Cancelled,Net Banking,Chennai,Rajasthan
O005203,10001,2025-11-08,Delivered,COD,Gurugram,Haryana
O005204,10167,2025-07-07,Delivered,Credit Card,Kolkata,Gujarat
O005205,12365,2025-03-31,Delivered,Credit Card,Mumbai,Karnataka
O005206,10965,2025-11-18,Delivered,Credit Card,Kolkata,Delhi
O005207,11886,2024-03-07,Delivered,COD,Lucknow,Tamil Nadu
O005208,10273,2024-03-06,Delivered,Credit Card,Bengaluru,Tamil Nadu
O005209,11693,2025-08-17,Cancelled,COD,Kochi,Telangana
O005210,12421,2025-09-08,Cancelled,UPI,Ahmedabad,Karnataka
O005211,10900,2025-02-03,Delivered,UPI,Chennai,Telangana
O005212,12249,2024-10-13,Delivered,UPI,Delhi,Karnataka
O005213,12188,2024-07-04,Delivered,Debit Card,Mumbai,West Bengal
O005214,12354,2024-10-10,Returned,UPI,Mumbai,West Bengal
O005215,11220,2025-05-30,Delivered,UPI,Bengaluru,Maharashtra
O005216,10360,2025-10-11,Delivered,COD,Lucknow,Haryana
O005217,12355,2025-11-21,Delivered,COD,Kochi,Kerala
O005218,12040,2024-08-24,Delivered,Credit Card,Jaipur,West Bengal
O005219,12381,2024-01-18,Delivered,Credit Card,Jaipur,Maharashtra
O005220,10334,2025-02-17,Delivered,Credit Card,Bengaluru,Punjab
O005221,10731,2024-01-09,Delivered,COD,Hyderabad,West Bengal
O005222,11498,2025-02-23,Delivered,COD,Kochi,Tamil Nadu
O005223,11418,2024-01-29,Delivered,UPI,Kochi,Delhi
O005224,11744,2025-10-17,Delivered,Net Banking,Ahmedabad,Kerala
O005225,11601,2024-12-13,Delivered,COD,Jaipur,Punjab
O005226,11404,2025-10-22,Delivered,Net Banking,Delhi,Uttar Pradesh
O005227,10021,2025-07-29,Delivered,COD,Ludhiana,Kerala
O005228,11974,2025-03-25,Delivered,COD,Chennai,Tamil Nadu
O005229,10879,2025-01-14,Delivered,Debit Card,Delhi,Delhi
O005230,10177,2025-11-29,Delivered,Net Banking,Ludhiana,Gujarat
O005231,11387,2024-12-31,Delivered,Debit Card,Chennai,Karnataka
O005232,12070,2024-08-14,Delivered,UPI,Chennai,Tamil Nadu
O005233,12298,2024-04-27,Delivered,Debit Card,Ahmedabad,Rajasthan
O005234,10661,2025-02-15,Returned,Debit Card,Gurugram,Rajasthan
O005235,11200,2024-12-21,Delivered,UPI,Ahmedabad,West Bengal
O005236,10126,2024-09-10,Returned,Net Banking,Hyderabad,West Bengal
O005237,11270,2025-06-26,Shipped,Credit Card,Delhi,Kerala
O005238,10611,2025-11-03,Delivered,COD,Ludhiana,Telangana
O005239,11295,2025-12-27,Cancelled,Net Banking,Gurugram,West Bengal
O005240,11010,2025-03-19,Delivered,UPI,Lucknow,Maharashtra
O005241,12092,2025-11-11,Delivered,Debit Card,Bengaluru,Punjab
O005242,11758,2024-03-21,Delivered,Credit Card,Mumbai,Gujarat
O005243,11965,2024-02-15,Delivered,Debit Card,Gurugram,West Bengal
O005244,10548,2024-02-18,Delivered,COD,Delhi,Telangana
O005245,11192,2025-03-24,Delivered,UPI,Delhi,Tamil Nadu
O005246,12483,2025-02-10,Delivered,Credit Card,Delhi,Karnataka
O005247,11054,2024-10-09,Delivered,Net Banking,Delhi,Telangana
O005248,11621,2025-04-17,Delivered,Net Banking,Gurugram,Kerala
O005249,12405,2025-02-19,Delivered,UPI,Chennai,Karnataka
O005250,11823,2025-08-22,Returned,UPI,Chennai,Tamil Nadu
O005251,11272,2024-04-30,Delivered,Debit Card,Ludhiana,Kerala
O005252,11720,2024-01-03,Delivered,Credit Card,Hyderabad,Gujarat
O005253,10253,2024-11-11,Delivered,COD,Kolkata,Rajasthan
O005254,11560,2025-04-04,Shipped,UPI,Gurugram,Karnataka
O005255,10737,2024-08-14,Delivered,Credit Card,Lucknow,Haryana
O005256,12047,2024-03-19,Returned,UPI,Kochi,Delhi
O005257,10900,2025-10-18,Delivered,UPI,Kochi,West Bengal
O005258,11929,2025-06-27,Delivered,Net Banking,Mumbai,Uttar Pradesh
O005259,12171,2025-12-23,Returned,Credit Card,Gurugram,Haryana
O005260,11318,2024-03-11,Returned,Net Banking,Mumbai,Rajasthan
O005261,12191,2024-07-15,Delivered,Net Banking,Jaipur,Punjab
O005262,11003,2024-02-27,Delivered,Credit Card,Lucknow,West Bengal
O005263,11923,2025-02-27,Shipped,Net Banking,Lucknow,Uttar Pradesh
O005264,11972,2025-04-13,Delivered,Debit Card,Jaipur,Kerala
O005265,12105,2025-09-15,Delivered,COD,Chennai,Maharashtra
O005266,10042,2024-02-17,Delivered,COD,Ludhiana,Haryana
O005267,11848,2025-03-10,Delivered,Debit Card,Kochi,Kerala
O005268,10343,2024-07-03,Shipped,UPI,Lucknow,Karnataka
O005269,10332,2024-06-13,Delivered,Net Banking,Jaipur,Maharashtra
O005270,11461,2025-12-27,Returned,COD,Kochi,Telangana
O005271,10341,2024-11-26,Delivered,Credit Card,Chennai,West Bengal
O005272,12389,2024-11-25,Delivered,UPI,Gurugram,Rajasthan
O005273,12230,2024-04-30,Delivered,COD,Hyderabad,Rajasthan
O005274,11701,2024-07-31,Cancelled,Net Banking,Kochi,West Bengal
O005275,11288,2025-05-21,Returned,COD,Jaipur,Gujarat
O005276,11234,2025-07-06,Shipped,Net Banking,Mumbai,Rajasthan
O005277,12230,2024-06-16,Delivered,UPI,Mumbai,Punjab
O005278,11468,2025-06-29,Returned,Debit Card,Gurugram,Karnataka
O005279,12299,2025-03-02,Cancelled,Net Banking,Delhi,Maharashtra
O005280,10138,2025-12-09,Delivered,Net Banking,Bengaluru,Telangana
O005281,10087,2025-12-03,Delivered,UPI,Lucknow,Haryana
O005282,11834,2024-08-08,Delivered,UPI,Delhi,Tamil Nadu
O005283,12341,2024-01-10,Delivered,Credit Card,Lucknow,Punjab
O005284,12140,2024-04-29,Returned,UPI,Ahmedabad,Telangana
O005285,10208,2025-09-26,Delivered,COD,Ahmedabad,Rajasthan
O005286,12234,2024-09-03,Delivered,Net Banking,Lucknow,Rajasthan
O005287,11851,2024-12-25,Delivered,Debit Card,Lucknow,Punjab
O005288,11688,2024-08-08,Delivered,UPI,Lucknow,Karnataka
O005289,12204,2025-05-20,Shipped,Net Banking,Hyderabad,Maharashtra
O005290,12341,2024-02-27,Delivered,Debit Card,Jaipur,Rajasthan
O005291,12209,2025-04-04,Delivered,Credit Card,Jaipur,Tamil Nadu
O005292,11509,2024-05-07,Returned,COD,Delhi,West Bengal
O005293,11527,2025-11-29,Shipped,Credit Card,Chennai,Rajasthan
O005294,10851,2025-12-17,Delivered,UPI,Mumbai,Punjab
O005295,12204,2024-03-26,Delivered,COD,Hyderabad,Punjab
O005296,12191,2024-04-13,Delivered,Credit Card,Jaipur,Haryana
O005297,12083,2024-05-22,Shipped,Net Banking,Ahmedabad,Haryana
O005298,10224,2024-07-23,Shipped,UPI,Lucknow,Tamil Nadu
O005299,12441,2025-10-02,Delivered,Credit Card,Gurugram,Rajasthan
O005300,12456,2024-02-07,Delivered,COD,Delhi,West Bengal
O005301,11412,2024-12-28,Delivered,COD,Mumbai,Tamil Nadu
O005302,11720,2025-09-12,Delivered,Debit Card,Delhi,Rajasthan
O005303,10297,2024-11-04,Delivered,COD,Kochi,Telangana
O005304,10323,2024-02-21,Delivered,COD,Lucknow,Rajasthan
O005305,11878,2024-01-01,Delivered,UPI,Jaipur,Telangana
O005306,11512,2024-01-11,Shipped,COD,Kolkata,Delhi
O005307,12087,2025-10-01,Delivered,Debit Card,Delhi,West Bengal
O005308,10505,2024-08-01,Shipped,COD,Ahmedabad,West Bengal
O005309,11561,2025-07-09,Delivered,Debit Card,Gurugram,Uttar Pradesh
O005310,11366,2025-06-01,Shipped,Net Banking,Ludhiana,Kerala
O005311,12288,2025-10-29,Delivered,Debit Card,Ahmedabad,Maharashtra
O005312,10687,2025-02-18,Delivered,UPI,Chennai,Delhi
O005313,12018,2024-01-08,Delivered,Credit Card,Lucknow,Gujarat
O005314,11469,2024-01-05,Delivered,Credit Card,Ludhiana,Gujarat
O005315,10740,2024-12-27,Shipped,Net Banking,Jaipur,Maharashtra
O005316,10997,2025-11-24,Delivered,UPI,Chennai,Rajasthan
O005317,11435,2024-04-21,Delivered,Net Banking,Mumbai,Gujarat
O005318,11916,2024-09-29,Delivered,Net Banking,Gurugram,Gujarat
O005319,10623,2025-02-25,Returned,COD,Delhi,Kerala
O005320,10298,2024-09-21,Delivered,COD,Ahmedabad,Delhi
O005321,11076,2025-04-02,Delivered,UPI,Jaipur,West Bengal
O005322,10304,2024-07-30,Cancelled,Credit Card,Lucknow,Tamil Nadu
O005323,11312,2024-03-18,Delivered,Debit Card,Jaipur,Maharashtra
O005324,10664,2025-10-27,Delivered,COD,Kolkata,Maharashtra
O005325,11142,2024-08-08,Delivered,UPI,Ludhiana,Karnataka
O005326,11993,2025-01-03,Delivered,UPI,Kochi,Tamil Nadu
O005327,10209,2024-12-12,Delivered,Credit Card,Chennai,Kerala
O005328,11317,2024-01-25,Delivered,UPI,Ludhiana,Telangana
O005329,10519,2025-02-23,Cancelled,UPI,Jaipur,West Bengal
O005330,12125,2024-12-19,Shipped,Credit Card,Lucknow,West Bengal
O005331,10338,2025-12-20,Returned,COD,Gurugram,Maharashtra
O005332,11814,2025-02-20,Delivered,Credit Card,Delhi,Punjab
O005333,11870,2025-05-29,Delivered,Net Banking,Lucknow,Karnataka
O005334,10913,2024-08-02,Returned,COD,Ludhiana,Tamil Nadu
O005335,10807,2024-04-21,Delivered,,Kolkata,Tamil Nadu
O005336,11316,2025-12-04,Shipped,UPI,Gurugram,Kerala
O005337,11295,2025-07-12,Delivered,Net Banking,Delhi,Haryana
O005338,10572,2025-03-03,Shipped,Credit Card,Ahmedabad,Tamil Nadu
O005339,12472,2025-11-29,Returned,Credit Card,Gurugram,West Bengal
O005340,11680,2025-07-15,Delivered,Debit Card,Mumbai,West Bengal
O005341,11040,2025-12-09,Delivered,UPI,Mumbai,Uttar Pradesh
O005342,10926,2024-08-03,Delivered,Credit Card,Jaipur,Gujarat
O005343,11785,2025-02-16,Delivered,COD,Delhi,Tamil Nadu
O005344,10098,2025-01-14,Delivered,Credit Card,Bengaluru,Tamil Nadu
O005345,11640,2025-08-24,Delivered,COD,Delhi,Delhi
O005346,12348,2024-08-19,Delivered,UPI,Ludhiana,Punjab
O005347,10747,2024-09-14,Delivered,Debit Card,Kolkata,Delhi
O005348,11446,2025-10-26,Delivered,Debit Card,Jaipur,Kerala
O005349,11331,2024-09-12,Delivered,Net Banking,Ahmedabad,Uttar Pradesh
O005350,12322,2025-02-06,Delivered,Credit Card,Lucknow,Tamil Nadu
O005351,10261,2025-02-27,Delivered,UPI,Hyderabad,Gujarat
O005352,11263,2024-03-05,Cancelled,Net Banking,Jaipur,Punjab
O005353,10936,2024-07-08,Delivered,UPI,Hyderabad,Tamil Nadu
O005354,11798,2025-08-25,Delivered,UPI,Ludhiana,Tamil Nadu
O005355,10332,2024-06-21,Shipped,Net Banking,Hyderabad,Karnataka
O005356,10115,2025-09-19,Delivered,UPI,Bengaluru,Kerala
O005357,10268,2025-07-14,Delivered,Net Banking,Gurugram,Punjab
O005358,12060,2024-08-14,Delivered,Credit Card,Ahmedabad,Gujarat
O005359,10073,2025-08-03,Delivered,Net Banking,Chennai,Uttar Pradesh
O005360,11016,2025-01-22,Delivered,Credit Card,Bengaluru,Punjab
O005361,12454,2025-02-04,Returned,Debit Card,Chennai,Punjab
O005362,10178,2025-09-29,Delivered,Net Banking,Ahmedabad,Rajasthan
O005363,12000,2024-07-31,Cancelled,Debit Card,Delhi,Kerala
O005364,10772,2024-02-22,Delivered,Net Banking,Delhi,Haryana
O005365,10946,2025-09-15,Shipped,UPI,Hyderabad,Kerala
O005366,10400,2025-11-01,Delivered,Debit Card,Ahmedabad,Tamil Nadu
O005367,10270,2025-10-23,Delivered,COD,Ludhiana,Gujarat
O005368,11856,2024-05-18,Shipped,COD,Delhi,Tamil Nadu
O005369,11656,2025-02-21,Cancelled,COD,Kolkata,Rajasthan
O005370,10059,2025-09-16,Delivered,Debit Card,Kolkata,Karnataka
O005371,10887,2024-05-22,Shipped,Credit Card,Delhi,West Bengal
O005372,10266,2025-05-23,Delivered,Net Banking,Lucknow,Karnataka
O005373,12123,2025-10-11,Shipped,UPI,Hyderabad,Haryana
O005374,12023,2025-04-30,Delivered,UPI,Delhi,West Bengal
O005375,10505,2025-03-12,Delivered,Debit Card,Kolkata,Punjab
O005376,12405,2025-06-26,Delivered,COD,Kochi,West Bengal
O005377,12202,2024-10-19,Delivered,UPI,Kochi,Maharashtra
O005378,11924,2025-09-11,Returned,UPI,Jaipur,Tamil Nadu
O005379,10486,2024-10-10,Delivered,Credit Card,Kochi,Uttar Pradesh
O005380,11564,2025-11-01,Delivered,UPI,Delhi,Uttar Pradesh
O005381,11154,2024-01-14,Delivered,UPI,Kochi,Rajasthan
O005382,10066,2025-09-25,Delivered,Net Banking,Bengaluru,Karnataka
O005383,12428,2025-12-27,Delivered,UPI,Delhi,Uttar Pradesh
O005384,11337,2024-09-28,Delivered,Net Banking,Hyderabad,Tamil Nadu
O005385,10407,2024-01-25,Cancelled,COD,Kochi,Kerala
O005386,10277,2024-11-17,Delivered,Credit Card,Gurugram,Delhi
O005387,12362,2025-11-11,Delivered,UPI,Ahmedabad,Haryana
O005388,11273,2024-04-12,Returned,Credit Card,Delhi,Haryana
O005389,11969,2024-02-09,Delivered,Credit Card,Delhi,Rajasthan
O005390,10461,2024-08-22,Shipped,Credit Card,Ludhiana,Gujarat
O005391,12447,2024-03-29,Shipped,Debit Card,Mumbai,Punjab
O005392,12499,2024-04-09,Delivered,Net Banking,Gurugram,West Bengal
O005393,11668,2024-05-23,Delivered,Credit Card,Chennai,Delhi
O005394,11583,2024-03-22,Delivered,COD,Hyderabad,Gujarat
O005395,10956,2025-08-11,Delivered,UPI,Lucknow,Telangana
O005396,10707,2025-07-24,Delivered,Credit Card,Mumbai,West Bengal
O005397,10103,2024-08-16,Delivered,Credit Card,Hyderabad,Punjab
O005398,12376,2025-08-25,Delivered,UPI,Delhi,Telangana
O005399,12294,2025-01-29,Delivered,COD,Lucknow,Gujarat
O005400,12153,2025-05-27,Delivered,Credit Card,Gurugram,Delhi
O005401,10972,2024-07-15,Returned,Credit Card,Lucknow,Punjab
O005402,11326,2024-09-30,Delivered,COD,Bengaluru,Telangana
O005403,10153,2025-08-12,Delivered,Credit Card,Bengaluru,Karnataka
O005404,10957,2025-10-14,Returned,COD,Kochi,Rajasthan
O005405,11130,2025-08-05,Delivered,Credit Card,Mumbai,Punjab
O005406,10730,2025-07-15,Returned,UPI,Mumbai,Maharashtra
O005407,10074,2025-01-06,Delivered,COD,Mumbai,West Bengal
O005408,10856,2024-03-20,Cancelled,UPI,Kochi,Maharashtra
O005409,12333,2024-08-22,Delivered,UPI,Ludhiana,Tamil Nadu
O005410,11574,2024-10-13,Shipped,Credit Card,Ahmedabad,Kerala
O005411,10280,2025-10-28,Cancelled,COD,Delhi,Gujarat
O005412,10787,2025-07-25,Delivered,Debit Card,Gurugram,Telangana
O005413,10686,2025-06-28,Delivered,UPI,Lucknow,West Bengal
O005414,11580,2025-03-12,Shipped,UPI,Lucknow,Rajasthan
O005415,10969,2024-05-06,Delivered,UPI,Chennai,Delhi
O005416,12339,2025-12-12,Shipped,Credit Card,Kolkata,Kerala
O005417,12034,2025-02-20,Delivered,Credit Card,Ludhiana,Gujarat
O005418,11166,2025-09-29,Cancelled,UPI,Bengaluru,Kerala
O005419,10768,2024-02-10,Delivered,Credit Card,Hyderabad,West Bengal
O005420,12360,2025-04-13,Delivered,Credit Card,Kochi,Uttar Pradesh
O005421,10646,2024-10-23,Delivered,Credit Card,Kochi,Maharashtra
O005422,10026,2025-08-19,Delivered,Net Banking,Gurugram,Kerala
O005423,11935,2025-08-23,Delivered,COD,Gurugram,Uttar Pradesh
O005424,12303,2024-02-11,Delivered,Credit Card,Ahmedabad,Gujarat
O005425,11759,2025-09-23,Delivered,Net Banking,Bengaluru,Tamil Nadu
O005426,11080,2024-10-05,Cancelled,Net Banking,Delhi,West Bengal
O005427,12341,2025-04-03,Delivered,Credit Card,Hyderabad,Gujarat
O005428,10637,2024-02-02,Shipped,Net Banking,Kochi,Telangana
O005429,10230,2024-10-02,Delivered,Debit Card,Bengaluru,Rajasthan
O005430,12101,2025-10-26,Delivered,Net Banking,Hyderabad,Gujarat
O005431,10101,2024-03-30,Delivered,COD,Ludhiana,Rajasthan
O005432,11491,2025-09-07,Delivered,Net Banking,Jaipur,Rajasthan
O005433,10804,2025-06-07,Delivered,Credit Card,Ahmedabad,Rajasthan
O005434,10869,2024-06-08,Delivered,UPI,Jaipur,Gujarat
O005435,12315,2025-04-02,Delivered,Debit Card,Hyderabad,Telangana
O005436,11819,2025-12-08,Delivered,Net Banking,Kochi,Maharashtra
O005437,10002,2025-02-02,Delivered,Debit Card,Lucknow,Tamil Nadu
O005438,10022,2024-03-31,Delivered,COD,Kochi,Gujarat
O005439,12260,2025-12-09,Delivered,Net Banking,Gurugram,Kerala
O005440,11904,2025-08-03,Delivered,Net Banking,Hyderabad,Uttar Pradesh
O005441,12436,2025-04-10,Delivered,Debit Card,Ahmedabad,Uttar Pradesh
O005442,10014,2024-08-07,Delivered,Net Banking,Gurugram,Delhi
O005443,10519,2025-02-22,Delivered,Net Banking,Hyderabad,Tamil Nadu
O005444,11936,2025-01-13,Delivered,UPI,Bengaluru,Delhi
O005445,10616,2025-12-26,Delivered,Debit Card,Delhi,Maharashtra
O005446,10962,2025-03-22,Delivered,Credit Card,Mumbai,Gujarat
O005447,12451,2024-05-25,Shipped,Credit Card,Bengaluru,Karnataka
O005448,10287,2024-08-20,Delivered,COD,Delhi,Karnataka
O005449,12432,2025-01-05,Delivered,UPI,Hyderabad,Karnataka
O005450,11924,2024-08-21,Delivered,Debit Card,Kochi,West Bengal
O005451,11115,2025-12-26,Delivered,Debit Card,Kochi,Rajasthan
O005452,10826,2025-01-01,Cancelled,UPI,Kochi,Delhi
O005453,12360,2025-04-25,Shipped,UPI,Kolkata,Telangana
O005454,12091,2025-07-26,Delivered,COD,Kochi,Delhi
O005455,11098,2024-12-28,Returned,Credit Card,Jaipur,Rajasthan
O005456,10993,2025-08-12,Delivered,Debit Card,Mumbai,Gujarat
O005457,11585,2025-05-25,Delivered,UPI,Delhi,Karnataka
O005458,11904,2024-04-04,Delivered,Debit Card,Chennai,Haryana
O005459,10876,2024-08-03,Delivered,Credit Card,Ahmedabad,West Bengal
O005460,10734,2025-12-25,Cancelled,Debit Card,Ludhiana,Punjab
O005461,11886,2025-12-12,Cancelled,Debit Card,Ahmedabad,Kerala
O005462,10144,2025-06-26,Delivered,UPI,Chennai,Punjab
O005463,12257,2024-05-14,Delivered,UPI,Kochi,Telangana
O005464,11123,2024-03-23,Delivered,UPI,Kolkata,Haryana
O005465,10700,2025-01-25,Shipped,Credit Card,Jaipur,Gujarat
O005466,10114,2024-02-16,Delivered,Net Banking,Ahmedabad,Rajasthan
O005467,12223,2025-01-26,Delivered,Credit Card,Chennai,Karnataka
O005468,10271,2025-12-18,Delivered,UPI,Ludhiana,Delhi
O005469,10063,2025-01-19,Cancelled,COD,Gurugram,Tamil Nadu
O005470,11008,2025-01-15,Shipped,Debit Card,Ludhiana,Maharashtra
O005471,11428,2024-03-17,Delivered,Debit Card,Chennai,Gujarat
O005472,12273,2024-09-15,Delivered,Debit Card,Hyderabad,West Bengal
O005473,11983,2025-08-26,Cancelled,Debit Card,Gurugram,Punjab
O005474,12209,2025-02-02,Shipped,COD,Lucknow,Gujarat
O005475,12429,2024-04-09,Delivered,UPI,Bengaluru,Gujarat
O005476,10318,2025-05-15,Delivered,Net Banking,Lucknow,West Bengal
O005477,11293,2025-01-17,Cancelled,Debit Card,Lucknow,Punjab
O005478,12392,2025-12-07,Cancelled,Net Banking,Ludhiana,Gujarat
O005479,11064,2024-07-10,Shipped,Credit Card,Ludhiana,Karnataka
O005480,10414,2025-08-02,Delivered,Credit Card,Chennai,Haryana
O005481,11246,2025-08-24,Shipped,Debit Card,Kolkata,Telangana
O005482,11305,2024-12-10,Delivered,UPI,Kolkata,Maharashtra
O005483,10225,2024-01-10,Cancelled,COD,Gurugram,Rajasthan
O005484,11481,2024-09-20,Delivered,Debit Card,Kochi,Karnataka
O005485,11178,2024-09-24,Delivered,Credit Card,Chennai,Haryana
O005486,12328,2025-09-21,Delivered,Credit Card,Ludhiana,Kerala
O005487,11377,2025-07-24,Shipped,Net Banking,Mumbai,Delhi
O005488,10621,2024-07-13,Delivered,COD,Ahmedabad,Telangana
O005489,11008,2025-07-15,Delivered,Debit Card,Jaipur,Delhi
O005490,11969,2025-02-10,Delivered,UPI,Gurugram,Delhi
O005491,11222,2024-10-22,Delivered,Net Banking,Gurugram,Haryana
O005492,11300,2024-04-06,Delivered,COD,Kochi,Uttar Pradesh
O005493,11196,2025-04-06,Returned,Net Banking,Gurugram,Kerala
O005494,10508,2025-09-30,Delivered,UPI,Kochi,Maharashtra
O005495,10405,2024-03-27,Delivered,Credit Card,Ludhiana,Punjab
O005496,11295,2024-03-17,Delivered,Debit Card,Hyderabad,West Bengal
O005497,11959,2025-12-16,Shipped,Debit Card,Bengaluru,Tamil Nadu
O005498,10664,2025-04-27,Shipped,UPI,Jaipur,Kerala
O005499,12179,2024-05-25,Delivered,Debit Card,Delhi,Punjab
O005500,11650,2025-10-22,Returned,Debit Card,Gurugram,Kerala
O005501,11409,2024-04-20,Delivered,Net Banking,Mumbai,Telangana
O005502,11758,2025-10-02,Delivered,UPI,Hyderabad,West Bengal
O005503,11874,2025-11-08,Shipped,Net Banking,Lucknow,Karnataka
O005504,11320,2024-10-23,Delivered,Debit Card,Gurugram,West Bengal
O005505,11407,2025-03-01,Delivered,COD,Gurugram,Karnataka
O005506,11419,2025-10-10,Returned,COD,Kochi,Punjab
O005507,11578,2024-11-29,Delivered,Net Banking,Chennai,Gujarat
O005508,11284,2025-06-06,Delivered,Credit Card,Bengaluru,Punjab
O005509,10281,2025-08-05,Delivered,Credit Card,Ludhiana,Haryana
O005510,12468,2025-11-01,Delivered,UPI,Bengaluru,Punjab
O005511,11216,2025-12-28,Cancelled,COD,Kochi,Uttar Pradesh
O005512,10637,2025-06-21,Delivered,COD,Kochi,Tamil Nadu
O005513,11452,2024-06-10,Delivered,Net Banking,Lucknow,Gujarat
O005514,10808,2025-03-05,Shipped,Debit Card,Kolkata,Maharashtra
O005515,12396,2025-09-05,Delivered,UPI,Bengaluru,Gujarat
O005516,10429,2024-03-09,Delivered,Net Banking,Lucknow,Haryana
O005517,11416,2024-05-12,Shipped,Credit Card,Delhi,Uttar Pradesh
O005518,12450,2024-07-07,Shipped,Debit Card,Kochi,Punjab
O005519,10665,2025-12-23,Shipped,UPI,Kochi,Tamil Nadu
O005520,10750,2025-11-08,Delivered,Debit Card,Hyderabad,Tamil Nadu
O005521,10637,2025-07-26,Delivered,Credit Card,Kochi,Gujarat
O005522,12135,2024-10-05,Delivered,Net Banking,Delhi,Telangana
O005523,10515,2025-03-05,Delivered,Net Banking,Delhi,Rajasthan
O005524,11004,2025-09-16,Delivered,COD,Gurugram,Karnataka
O005525,11321,2025-06-25,Delivered,Net Banking,Kochi,Uttar Pradesh
O005526,12499,2024-06-09,Delivered,COD,Mumbai,Rajasthan
O005527,11367,2025-03-28,Delivered,Net Banking,Delhi,Kerala
O005528,10341,2024-06-18,Delivered,UPI,Kolkata,Punjab
O005529,11485,2025-11-28,Delivered,Credit Card,Mumbai,Karnataka
O005530,11416,2024-02-26,Delivered,Debit Card,Jaipur,Tamil Nadu
O005531,11561,2024-08-27,Delivered,Credit Card,Ahmedabad,Haryana
O005532,11575,2024-12-23,Delivered,Credit Card,Kolkata,West Bengal
O005533,12469,2024-07-19,Shipped,COD,Chennai,Uttar Pradesh
O005534,12429,2025-03-19,Cancelled,COD,Mumbai,Kerala
O005535,12053,2024-10-28,Delivered,UPI,Kochi,Telangana
O005536,12028,2024-04-15,Delivered,Debit Card,Hyderabad,Uttar Pradesh
O005537,10316,2024-04-10,Delivered,Net Banking,Bengaluru,Delhi
O005538,11846,2024-04-06,Delivered,Net Banking,Delhi,Haryana
O005539,11102,2025-10-26,Shipped,Credit Card,Bengaluru,Karnataka
O005540,10531,2024-01-29,Delivered,UPI,Delhi,Delhi
O005541,12403,2025-05-20,Delivered,Debit Card,Kolkata,Telangana
O005542,11860,2025-10-26,Delivered,Net Banking,Jaipur,Punjab
O005543,10662,2025-03-13,Delivered,Credit Card,Jaipur,Punjab
O005544,11296,2025-01-13,Shipped,UPI,Hyderabad,West Bengal
O005545,11220,2024-03-13,Delivered,Debit Card,Lucknow,Haryana
O005546,10127,2024-09-10,Delivered,Credit Card,Hyderabad,Telangana
O005547,10349,2025-05-30,Delivered,Credit Card,Delhi,Haryana
O005548,11767,2025-07-03,Delivered,UPI,Delhi,Haryana
O005549,11068,2024-01-20,Shipped,UPI,Mumbai,Maharashtra
O005550,10728,2025-09-16,Delivered,UPI,Mumbai,Gujarat
O005551,10244,2025-06-18,Shipped,UPI,Ludhiana,Gujarat
O005552,12057,2025-02-24,Delivered,Debit Card,Hyderabad,Uttar Pradesh
O005553,11786,2025-03-21,Delivered,UPI,Mumbai,Karnataka
O005554,10712,2024-05-15,Shipped,UPI,Bengaluru,Karnataka
O005555,10086,2025-05-19,Returned,UPI,Ludhiana,West Bengal
O005556,11509,2024-10-27,Delivered,Debit Card,Bengaluru,Rajasthan
O005557,10271,2025-08-31,Delivered,Net Banking,Hyderabad,Tamil Nadu
O005558,11798,2024-02-02,Delivered,Credit Card,Delhi,Telangana
O005559,11044,2025-10-08,Delivered,COD,Gurugram,Maharashtra
O005560,12178,2024-10-04,Delivered,Credit Card,Mumbai,Gujarat
O005561,10838,2024-05-12,Delivered,Debit Card,Kochi,Haryana
O005562,11777,2025-06-10,Delivered,UPI,Delhi,Haryana
O005563,10937,2024-05-05,Cancelled,Debit Card,Hyderabad,Telangana
O005564,11334,2024-12-10,Delivered,Net Banking,Ahmedabad,Punjab
O005565,11833,2024-01-17,Returned,COD,Ahmedabad,Kerala
O005566,11651,2025-07-15,Shipped,Net Banking,Lucknow,Karnataka
O005567,12386,2025-10-08,Cancelled,UPI,Jaipur,Telangana
O005568,10319,2025-09-21,Returned,Debit Card,Gurugram,West Bengal
O005569,11537,2025-01-12,Shipped,Debit Card,Ahmedabad,Telangana
O005570,11049,2024-02-29,Shipped,UPI,Hyderabad,Maharashtra
O005571,10143,2025-09-28,Delivered,UPI,Chennai,Haryana
O005572,11733,2025-04-11,Delivered,COD,Kochi,Gujarat
O005573,11173,2025-09-19,Returned,Net Banking,Kolkata,Haryana
O005574,11717,2025-01-25,Delivered,UPI,Gurugram,Telangana
O005575,10363,2025-11-15,Delivered,UPI,Kolkata,Gujarat
O005576,10650,2024-07-05,Shipped,Net Banking,Jaipur,Kerala
O005577,12257,2025-05-12,Delivered,UPI,Kolkata,Karnataka
O005578,10549,2025-08-22,Shipped,COD,Chennai,West Bengal
O005579,11136,2025-12-15,Delivered,COD,Bengaluru,Tamil Nadu
O005580,10263,2024-12-26,Delivered,Net Banking,Delhi,Maharashtra
O005581,11202,2025-03-24,Delivered,Credit Card,Ahmedabad,West Bengal
O005582,10766,2025-11-24,Cancelled,COD,Ahmedabad,Kerala
O005583,12049,2025-11-10,Delivered,Debit Card,Lucknow,Gujarat
O005584,12196,2024-06-29,Cancelled,Debit Card,Hyderabad,Uttar Pradesh
O005585,10876,2024-05-09,Delivered,Credit Card,Ludhiana,Karnataka
O005586,11860,2024-05-28,Delivered,COD,Jaipur,Telangana
O005587,11153,2025-04-16,Delivered,UPI,Hyderabad,Maharashtra
O005588,11923,2025-12-21,Delivered,Credit Card,Delhi,Kerala
O005589,10629,2025-09-14,Delivered,UPI,Chennai,Haryana
O005590,11526,2025-05-14,Delivered,Debit Card,Chennai,Telangana
O005591,11725,2025-10-10,Delivered,Credit Card,Bengaluru,Karnataka
O005592,10653,2024-12-20,Delivered,COD,Mumbai,Tamil Nadu
O005593,12037,2024-07-29,Cancelled,Debit Card,Ahmedabad,Gujarat
O005594,11129,2025-10-19,Delivered,COD,Delhi,Delhi
O005595,10466,2025-08-18,Delivered,UPI,Bengaluru,Uttar Pradesh
O005596,10764,2024-01-30,Delivered,COD,Chennai,Karnataka
O005597,11020,2025-07-30,Cancelled,Credit Card,Ludhiana,Rajasthan
O005598,10929,2024-01-24,Cancelled,UPI,Lucknow,West Bengal
O005599,11382,2025-12-23,Cancelled,Credit Card,Mumbai,Delhi
O005600,10675,2024-08-09,Delivered,UPI,Ludhiana,Tamil Nadu
O005601,11009,2025-08-24,Cancelled,Credit Card,Delhi,Kerala
O005602,11227,2025-09-09,Shipped,Debit Card,Kochi,Maharashtra
O005603,11636,2025-11-14,Cancelled,Credit Card,Lucknow,Telangana
O005604,10281,2025-08-11,Delivered,Debit Card,Ahmedabad,Karnataka
O005605,11281,2025-08-02,Cancelled,Net Banking,Bengaluru,Uttar Pradesh
O005606,10324,2025-02-04,Delivered,COD,Bengaluru,Telangana
O005607,11686,2025-08-26,Delivered,UPI,Hyderabad,Punjab
O005608,11086,2025-05-26,Delivered,COD,Hyderabad,Delhi
O005609,12235,2024-03-28,Delivered,Debit Card,Gurugram,Delhi
O005610,10542,2025-04-09,Delivered,Debit Card,Lucknow,Delhi
O005611,11328,2024-02-19,Delivered,Debit Card,Jaipur,Gujarat
O005612,11811,2024-04-12,Shipped,Credit Card,Jaipur,Haryana
O005613,10639,2025-01-02,Delivered,COD,Delhi,Tamil Nadu
O005614,10436,2025-05-06,Delivered,Debit Card,Delhi,Delhi
O005615,12261,2025-07-11,Delivered,Net Banking,Lucknow,Haryana
O005616,11430,2025-11-21,Returned,Debit Card,Kochi,Telangana
O005617,10962,2024-09-24,Delivered,COD,Mumbai,Rajasthan
O005618,11158,2025-01-31,Delivered,Debit Card,Kolkata,Uttar Pradesh
O005619,10917,2024-11-15,Shipped,Debit Card,Jaipur,Punjab
O005620,12469,2025-06-03,Delivered,UPI,Ludhiana,Telangana
O005621,12367,2025-03-24,Delivered,Debit Card,Kolkata,Gujarat
O005622,12236,2025-04-20,Delivered,COD,Hyderabad,Delhi
O005623,11500,2025-08-12,Delivered,UPI,Ahmedabad,Haryana
O005624,12210,2024-08-27,Delivered,UPI,Ludhiana,Karnataka
O005625,10129,2024-09-14,Delivered,Debit Card,Bengaluru,West Bengal
O005626,10304,2025-12-08,Returned,Debit Card,Chennai,Kerala
O005627,10917,2025-10-04,Delivered,Net Banking,Chennai,Delhi
O005628,11186,2025-01-24,Delivered,COD,Kolkata,Gujarat
O005629,10922,2024-12-08,Returned,COD,Kolkata,Kerala
O005630,11060,2025-01-21,Delivered,Credit Card,Jaipur,Delhi
O005631,11251,2025-01-28,Delivered,Credit Card,Hyderabad,Kerala
O005632,12199,2025-11-13,Delivered,COD,Gurugram,Tamil Nadu
O005633,10593,2025-10-20,Delivered,Debit Card,Jaipur,Kerala
O005634,12095,2024-09-26,Delivered,UPI,Delhi,Rajasthan
O005635,10940,2024-05-28,Returned,Net Banking,Lucknow,Uttar Pradesh
O005636,12279,2025-01-14,Delivered,Debit Card,Ahmedabad,Punjab
O005637,11563,2024-01-28,Delivered,UPI,Chennai,Tamil Nadu
O005638,11002,2024-05-28,Returned,COD,Kolkata,Kerala
O005639,12213,2025-02-23,Returned,Debit Card,Bengaluru,Tamil Nadu
O005640,11611,2024-10-06,Delivered,Net Banking,Bengaluru,Delhi
O005641,11628,2024-06-30,Shipped,Credit Card,Kolkata,Rajasthan
O005642,11598,2024-06-14,Delivered,UPI,Delhi,Punjab
O005643,11104,2024-01-17,Delivered,Debit Card,Chennai,Rajasthan
O005644,12188,2024-05-29,Delivered,Net Banking,Bengaluru,Uttar Pradesh
O005645,12448,2024-12-04,Delivered,Debit Card,Chennai,Karnataka
O005646,11956,2024-02-14,Delivered,COD,Bengaluru,Tamil Nadu
O005647,10130,2025-05-16,Delivered,UPI,Mumbai,Karnataka
O005648,12494,2024-07-07,Delivered,COD,Gurugram,West Bengal
O005649,10029,2025-10-12,Delivered,COD,Ludhiana,Kerala
O005650,11226,2024-03-01,Delivered,Credit Card,Ludhiana,Telangana
O005651,11261,2024-10-20,Returned,COD,Delhi,Maharashtra
O005652,11632,2024-02-02,Delivered,Net Banking,Ludhiana,Rajasthan
O005653,10799,2024-10-25,Delivered,UPI,Kolkata,Rajasthan
O005654,11363,2025-02-18,Cancelled,Credit Card,Jaipur,Kerala
O005655,11423,2025-09-15,Delivered,Debit Card,Ludhiana,Kerala
O005656,12337,2025-07-02,Delivered,COD,Gurugram,Uttar Pradesh
O005657,10100,2025-03-06,Delivered,Debit Card,Chennai,Maharashtra
O005658,11940,2025-05-09,Delivered,Credit Card,Hyderabad,Delhi
O005659,10422,2024-04-09,Shipped,Debit Card,Jaipur,Kerala
O005660,10694,2024-01-23,Returned,Net Banking,Bengaluru,Karnataka
O005661,10706,2025-02-23,Delivered,Credit Card,Lucknow,Telangana
O005662,10018,2025-02-27,Delivered,UPI,Chennai,Haryana
O005663,11031,2025-05-01,Delivered,UPI,Chennai,Maharashtra
O005664,12467,2025-12-30,Delivered,UPI,Hyderabad,Haryana
O005665,10380,2024-03-29,Shipped,UPI,Kolkata,Maharashtra
O005666,10114,2024-07-27,Delivered,Credit Card,Ahmedabad,Rajasthan
O005667,11620,2024-09-27,Delivered,Credit Card,Ludhiana,West Bengal
O005668,10851,2025-02-09,Shipped,Credit Card,Kochi,West Bengal
O005669,11897,2025-12-21,Delivered,COD,Ludhiana,Gujarat
O005670,10976,2024-10-04,Returned,Credit Card,Mumbai,Delhi
O005671,10093,2024-07-24,Delivered,Credit Card,Kochi,Rajasthan
O005672,11516,2025-08-12,Delivered,Credit Card,Delhi,Maharashtra
O005673,11126,2024-11-23,Delivered,UPI,Kochi,Telangana
O005674,10493,2025-09-01,Delivered,Net Banking,Gurugram,West Bengal
O005675,11509,2024-12-01,Shipped,UPI,Delhi,Haryana
O005676,12036,2025-08-28,Delivered,Net Banking,Bengaluru,Punjab
O005677,10167,2025-08-14,Cancelled,Net Banking,Mumbai,Karnataka
O005678,10140,2024-02-07,Delivered,Net Banking,Kolkata,Delhi
O005679,10094,2024-08-15,Returned,UPI,Kolkata,Gujarat
O005680,10576,2025-04-27,Returned,COD,Kochi,West Bengal
O005681,10606,2024-05-13,Delivered,Debit Card,Kolkata,Haryana
O005682,11819,2025-12-08,Delivered,COD,Gurugram,Tamil Nadu
O005683,11156,2025-01-24,Shipped,UPI,Ahmedabad,Haryana
O005684,10584,2025-09-04,Delivered,Net Banking,Gurugram,Punjab
O005685,10816,2025-02-28,Cancelled,Debit Card,Chennai,Karnataka
O005686,11928,2025-08-09,Delivered,COD,Chennai,West Bengal
O005687,11536,2025-05-24,Shipped,Credit Card,Lucknow,Karnataka
O005688,10963,2025-12-20,Delivered,COD,Jaipur,Gujarat
O005689,11076,2025-08-17,Shipped,UPI,Gurugram,Maharashtra
O005690,12048,2025-03-02,Delivered,Debit Card,Delhi,Haryana
O005691,11314,2025-10-16,Shipped,Credit Card,Ludhiana,Karnataka
O005692,10446,2025-04-18,Delivered,Debit Card,Delhi,Haryana
O005693,12285,2025-07-21,Delivered,Debit Card,Ludhiana,Haryana
O005694,11515,2024-12-26,Returned,COD,Lucknow,Delhi
O005695,11068,2024-07-29,Shipped,Net Banking,Chennai,Kerala
O005696,10882,2024-06-27,Returned,COD,Hyderabad,Kerala
O005697,10937,2024-02-27,Delivered,Credit Card,Hyderabad,West Bengal
O005698,11949,2024-03-13,Delivered,UPI,Hyderabad,West Bengal
O005699,12407,2024-08-02,Delivered,COD,Bengaluru,Uttar Pradesh
O005700,11550,2024-03-13,Delivered,Net Banking,Delhi,Tamil Nadu
O005701,10462,2025-04-11,Delivered,Net Banking,Bengaluru,Telangana
O005702,10101,2024-09-27,Delivered,COD,Delhi,Karnataka
O005703,12316,2025-05-13,Cancelled,Credit Card,Lucknow,Karnataka
O005704,10408,2024-12-19,Delivered,Net Banking,Ludhiana,Tamil Nadu
O005705,11740,2024-08-21,Returned,Net Banking,Delhi,Rajasthan
O005706,10259,2024-11-14,Delivered,Credit Card,Jaipur,Maharashtra
O005707,10509,2024-01-19,Returned,Credit Card,Kolkata,Maharashtra
O005708,11691,2025-09-16,Delivered,Credit Card,Chennai,Haryana
O005709,10309,2025-07-28,Shipped,Credit Card,Ahmedabad,Karnataka
O005710,10625,2025-01-06,Delivered,COD,Kolkata,Gujarat
O005711,12158,2024-07-02,Cancelled,COD,Ludhiana,Maharashtra
O005712,10679,2024-10-03,Delivered,Debit Card,Kolkata,West Bengal
O005713,11284,2025-11-04,Delivered,Debit Card,Delhi,Gujarat
O005714,11681,2024-05-24,Delivered,Debit Card,Delhi,West Bengal
O005715,10742,2025-10-19,Delivered,Net Banking,Gurugram,Telangana
O005716,10907,2024-03-21,Cancelled,Credit Card,Lucknow,Punjab
O005717,10268,2024-11-17,Delivered,COD,Delhi,Telangana
O005718,12031,2025-03-10,Shipped,COD,Hyderabad,Karnataka
O005719,10940,2024-02-12,Delivered,Credit Card,Kolkata,Haryana
O005720,10811,2024-11-08,Returned,Debit Card,Kolkata,Maharashtra
O005721,11201,2024-10-19,Returned,Net Banking,Hyderabad,Punjab
O005722,12152,2025-11-18,Delivered,COD,Kolkata,Maharashtra
O005723,11260,2024-03-09,Delivered,UPI,Bengaluru,Kerala
O005724,11117,2024-02-25,Delivered,Net Banking,Lucknow,Gujarat
O005725,12249,2025-09-22,Delivered,Net Banking,Chennai,Haryana
O005726,11835,2024-07-22,Delivered,Debit Card,Jaipur,Karnataka
O005727,10899,2025-02-23,Delivered,Credit Card,Kochi,Tamil Nadu
O005728,10925,2025-07-20,Delivered,UPI,Ahmedabad,Telangana
O005729,11791,2025-07-03,Delivered,Debit Card,Mumbai,Uttar Pradesh
O005730,11059,2024-08-30,Delivered,Credit Card,Hyderabad,Kerala
O005731,10688,2024-07-19,Delivered,UPI,Ludhiana,Punjab
O005732,11482,2025-04-18,Delivered,COD,Delhi,Karnataka
O005733,11495,2025-06-10,Delivered,UPI,Kochi,Uttar Pradesh
O005734,11959,2025-10-17,Delivered,Debit Card,Kochi,Maharashtra
O005735,10788,2024-03-17,Delivered,UPI,Lucknow,Gujarat
O005736,10399,2025-04-22,Cancelled,UPI,Mumbai,Kerala
O005737,12165,2025-03-15,Delivered,UPI,Lucknow,Punjab
O005738,10362,2024-09-19,Shipped,COD,Bengaluru,Telangana
O005739,10204,2024-07-03,Delivered,Credit Card,Ludhiana,Punjab
O005740,12492,2024-02-24,Delivered,UPI,Chennai,Telangana
O005741,10727,2024-11-03,Delivered,Net Banking,Hyderabad,Karnataka
O005742,12039,2025-05-30,Delivered,Debit Card,Kolkata,West Bengal
O005743,11641,2024-10-25,Shipped,Net Banking,Hyderabad,Gujarat
O005744,11605,2025-07-05,Delivered,Credit Card,Ahmedabad,Delhi
O005745,10767,2024-08-17,Returned,Debit Card,Ahmedabad,Tamil Nadu
O005746,11255,2025-01-11,Delivered,Credit Card,Bengaluru,Karnataka
O005747,11227,2024-10-12,Delivered,Debit Card,Hyderabad,Delhi
O005748,12410,2024-05-17,Delivered,Net Banking,Gurugram,Karnataka
O005749,10395,2025-04-22,Delivered,Net Banking,Kolkata,Rajasthan
O005750,10248,2025-09-06,Delivered,COD,Chennai,Haryana
O005751,10914,2024-01-07,Delivered,Credit Card,Gurugram,West Bengal
O005752,11420,2025-11-06,Shipped,Net Banking,Chennai,Telangana
O005753,11819,2025-02-22,Shipped,Debit Card,Chennai,Tamil Nadu
O005754,10356,2025-04-16,Delivered,UPI,Chennai,Gujarat
O005755,10241,2025-02-23,Delivered,UPI,Lucknow,Kerala
O005756,11911,2024-10-02,Delivered,UPI,Chennai,Telangana
O005757,12277,2025-07-14,Delivered,COD,Kolkata,Karnataka
O005758,10621,2025-08-30,Shipped,Net Banking,Lucknow,Rajasthan
O005759,11563,2025-07-24,Delivered,Credit Card,Mumbai,Kerala
O005760,10855,2025-11-19,Shipped,Credit Card,Gurugram,Punjab
O005761,12315,2024-03-30,Returned,COD,Bengaluru,Uttar Pradesh
O005762,12268,2024-10-08,Delivered,Debit Card,Ludhiana,Rajasthan
O005763,11106,2025-07-01,Delivered,Net Banking,Lucknow,Kerala
O005764,11351,2024-06-19,Delivered,Net Banking,Mumbai,Telangana
O005765,11061,2025-09-29,Delivered,Debit Card,Bengaluru,Karnataka
O005766,10382,2024-12-20,Delivered,Debit Card,Mumbai,Kerala
O005767,11936,2024-07-22,Shipped,Net Banking,Mumbai,Delhi
O005768,12087,2024-10-15,Delivered,Net Banking,Lucknow,Karnataka
O005769,11133,2025-04-06,Shipped,UPI,Ludhiana,Rajasthan
O005770,12477,2025-08-31,Shipped,Credit Card,Mumbai,Tamil Nadu
O005771,12080,2024-06-21,Cancelled,UPI,Bengaluru,Uttar Pradesh
O005772,10945,2024-10-27,Delivered,UPI,,Uttar Pradesh
O005773,11745,2025-08-22,Cancelled,Credit Card,Chennai,Gujarat
O005774,10106,2025-06-12,Delivered,COD,Bengaluru,Haryana
O005775,10206,2024-05-19,Delivered,COD,Hyderabad,Kerala
O005776,10835,2024-10-04,Returned,COD,Ahmedabad,Haryana
O005777,10089,2025-10-24,Returned,COD,Mumbai,Gujarat
O005778,11073,2025-05-25,Delivered,Debit Card,Lucknow,Tamil Nadu
O005779,10896,2024-12-11,Cancelled,UPI,Gurugram,Haryana
O005780,11597,2024-05-19,Delivered,Debit Card,Kochi,Kerala
O005781,11195,2024-04-23,Delivered,Debit Card,Mumbai,West Bengal
O005782,10143,2025-08-02,Delivered,Credit Card,Kolkata,Telangana
O005783,10207,2025-05-21,Delivered,COD,Lucknow,Tamil Nadu
O005784,12053,2024-12-31,Delivered,Net Banking,Kochi,Delhi
O005785,10211,2025-11-21,Delivered,COD,Hyderabad,Tamil Nadu
O005786,10029,2025-09-28,Delivered,UPI,Chennai,Karnataka
O005787,11214,2025-01-31,Delivered,Debit Card,Lucknow,Karnataka
O005788,10188,2025-10-20,Delivered,UPI,Gurugram,Punjab
O005789,11861,2024-04-20,Delivered,Debit Card,Hyderabad,Punjab
O005790,11174,2024-12-23,Delivered,Debit Card,Lucknow,Uttar Pradesh
O005791,12033,2024-08-25,Delivered,Debit Card,Hyderabad,Tamil Nadu
O005792,11390,2024-01-03,Delivered,Net Banking,Kolkata,West Bengal
O005793,10157,2025-12-23,Delivered,COD,Ahmedabad,Punjab
O005794,12128,2025-02-07,Delivered,Debit Card,Lucknow,West Bengal
O005795,11892,2024-01-25,Delivered,Credit Card,Kochi,Delhi
O005796,11297,2025-05-23,Cancelled,Debit Card,Lucknow,Punjab
O005797,11742,2025-11-26,Delivered,COD,Jaipur,Karnataka
O005798,11814,2025-04-09,Delivered,COD,Bengaluru,Maharashtra
O005799,10232,2024-03-01,Delivered,Net Banking,Ahmedabad,Rajasthan
O005800,10160,2025-05-22,Delivered,Debit Card,Kochi,Uttar Pradesh
O005801,10344,2024-05-02,Delivered,Credit Card,Chennai,West Bengal
O005802,10205,2025-05-11,Returned,Net Banking,Lucknow,Kerala
O005803,10305,2024-02-24,Delivered,Net Banking,Ahmedabad,West Bengal
O005804,11384,2024-06-11,Delivered,Debit Card,Mumbai,Tamil Nadu
O005805,10400,2025-11-29,Delivered,Debit Card,Ahmedabad,Uttar Pradesh
O005806,12154,2024-02-08,Delivered,Net Banking,Ahmedabad,West Bengal
O005807,12390,2025-11-27,Returned,Net Banking,Lucknow,Karnataka
O005808,10986,2024-03-23,Delivered,Net Banking,Delhi,West Bengal
O005809,11806,2025-12-07,Delivered,UPI,Jaipur,Tamil Nadu
O005810,10952,2025-06-29,Delivered,Net Banking,Kochi,Kerala
O005811,11445,2024-04-22,Delivered,COD,Chennai,Uttar Pradesh
O005812,12097,2025-02-28,Delivered,Credit Card,Kochi,Haryana
O005813,10206,2024-08-17,Delivered,Credit Card,Lucknow,Uttar Pradesh
O005814,11242,2024-10-09,Delivered,Debit Card,Ludhiana,West Bengal
O005815,11842,2024-10-13,Delivered,Net Banking,Gurugram,Punjab
O005816,11460,2024-06-03,Delivered,Credit Card,Kolkata,Gujarat
O005817,11346,2024-06-13,Returned,Credit Card,Lucknow,Maharashtra
O005818,10231,2024-06-30,Delivered,COD,Lucknow,West Bengal
O005819,11511,2024-08-26,Delivered,COD,Lucknow,Rajasthan
O005820,10883,2025-10-10,Delivered,UPI,Jaipur,Maharashtra
O005821,12332,2024-12-04,Delivered,UPI,Hyderabad,Gujarat
O005822,11510,2025-05-26,Delivered,Credit Card,Hyderabad,Karnataka
O005823,12324,2024-09-22,Delivered,Debit Card,Lucknow,Kerala
O005824,10433,2024-07-05,Delivered,Credit Card,Hyderabad,Punjab
O005825,11209,2024-02-09,Delivered,Debit Card,Ludhiana,Maharashtra
O005826,12264,2025-05-07,Delivered,Credit Card,Bengaluru,Karnataka
O005827,12145,2025-11-09,Delivered,COD,Lucknow,Uttar Pradesh
O005828,11143,2025-01-25,Delivered,Net Banking,Mumbai,Gujarat
O005829,12413,2024-09-16,Delivered,Credit Card,Chennai,Karnataka
O005830,11818,2025-10-16,Cancelled,UPI,Mumbai,Maharashtra
O005831,11008,2025-12-16,Delivered,Debit Card,Gurugram,Maharashtra
O005832,10618,2024-06-24,Delivered,Debit Card,Delhi,Rajasthan
O005833,10397,2024-11-24,Delivered,Credit Card,Ludhiana,Haryana
O005834,10318,2024-07-18,Delivered,Debit Card,Ludhiana,Tamil Nadu
O005835,12430,2025-12-11,Delivered,UPI,Jaipur,Tamil Nadu
O005836,12190,2024-07-14,Delivered,COD,Lucknow,Karnataka
O005837,10457,2025-08-11,Delivered,Net Banking,Kochi,Telangana
O005838,10501,2025-06-14,Delivered,Net Banking,Mumbai,Karnataka
O005839,10323,2024-03-02,Returned,Debit Card,Delhi,Delhi
O005840,11000,2024-11-22,Delivered,Credit Card,Kochi,Punjab
O005841,12316,2024-10-07,Delivered,Debit Card,Jaipur,Haryana
O005842,10878,2024-08-14,Delivered,UPI,Delhi,Telangana
O005843,10679,2025-09-30,Delivered,Credit Card,Ludhiana,Rajasthan
O005844,12062,2024-02-27,Delivered,COD,Bengaluru,Maharashtra
O005845,11004,2025-04-21,Delivered,UPI,Lucknow,Rajasthan
O005846,10155,2025-01-10,Delivered,COD,Chennai,Uttar Pradesh
O005847,10101,2025-12-16,Delivered,Credit Card,Jaipur,Kerala
O005848,11067,2024-08-30,Shipped,COD,Ludhiana,Rajasthan
O005849,11335,2025-01-01,Returned,UPI,Bengaluru,Punjab
O005850,10621,2025-05-14,Delivered,UPI,Hyderabad,Punjab
O005851,11629,2024-09-08,Cancelled,Debit Card,Delhi,Rajasthan
O005852,11015,2024-11-17,Cancelled,Credit Card,Chennai,Tamil Nadu
O005853,12399,2025-01-10,Returned,Net Banking,Ludhiana,Tamil Nadu
O005854,12282,2025-02-12,Delivered,Net Banking,Mumbai,Punjab
O005855,11952,2025-12-11,Shipped,COD,Ahmedabad,Kerala
O005856,10403,2025-05-02,Delivered,Net Banking,Hyderabad,Gujarat
O005857,12399,2024-12-08,Delivered,Net Banking,Kochi,Karnataka
O005858,11172,2024-08-27,Delivered,UPI,Mumbai,West Bengal
O005859,12076,2024-05-18,Shipped,UPI,Delhi,Delhi
O005860,10259,2024-05-01,Delivered,UPI,Kochi,Rajasthan
O005861,10620,2025-02-23,Cancelled,Net Banking,Mumbai,Rajasthan
O005862,11466,2025-07-14,Delivered,COD,Mumbai,Gujarat
O005863,11974,2024-10-30,Delivered,Credit Card,Chennai,Delhi
O005864,11962,2024-04-24,Delivered,Debit Card,Chennai,Delhi
O005865,11653,2024-12-08,Cancelled,COD,Ahmedabad,Punjab
O005866,10876,2024-09-07,Returned,UPI,Mumbai,Maharashtra
O005867,11551,2024-01-07,Shipped,COD,Jaipur,Telangana
O005868,11235,2025-08-11,Delivered,Credit Card,Delhi,Punjab
O005869,10543,2024-06-27,Delivered,UPI,Delhi,Tamil Nadu
O005870,10453,2024-05-24,Delivered,Credit Card,Hyderabad,Uttar Pradesh
O005871,10404,2025-02-19,Delivered,Debit Card,Bengaluru,Maharashtra
O005872,11019,2025-10-27,Delivered,COD,Hyderabad,Punjab
O005873,11429,2024-04-30,Delivered,Debit Card,Ludhiana,Rajasthan
O005874,10883,2024-05-03,Delivered,Net Banking,Jaipur,West Bengal
O005875,11852,2024-05-29,Cancelled,COD,Delhi,Haryana
O005876,10575,2025-01-31,Delivered,Net Banking,Jaipur,Karnataka
O005877,11459,2025-01-15,Shipped,Credit Card,Chennai,Telangana
O005878,11500,2024-01-01,Delivered,Net Banking,Jaipur,Kerala
O005879,11492,2025-11-03,Delivered,Credit Card,Mumbai,Telangana
O005880,12471,2024-08-31,Delivered,Debit Card,Hyderabad,Punjab
O005881,11163,2025-02-01,Delivered,UPI,Ludhiana,Kerala
O005882,10111,2024-09-07,Delivered,Debit Card,Jaipur,Karnataka
O005883,12201,2025-07-29,Delivered,Net Banking,Bengaluru,Haryana
O005884,10682,2024-10-25,Shipped,Credit Card,Chennai,Delhi
O005885,10769,2024-10-23,Cancelled,Net Banking,Mumbai,Gujarat
O005886,10279,2025-05-14,Delivered,UPI,Jaipur,Tamil Nadu
O005887,10363,2024-04-24,Delivered,COD,Bengaluru,Haryana
O005888,11649,2024-01-01,Returned,COD,Delhi,Karnataka
O005889,11432,2025-07-06,Shipped,COD,Lucknow,Rajasthan
O005890,11199,2025-11-15,Delivered,Net Banking,Lucknow,Uttar Pradesh
O005891,10601,2025-08-22,Shipped,COD,Kochi,Gujarat
O005892,11159,2025-04-26,Delivered,Credit Card,Gurugram,Maharashtra
O005893,12342,2025-09-01,Delivered,UPI,Ludhiana,Punjab
O005894,11519,2025-08-22,Delivered,Debit Card,Lucknow,Telangana
O005895,11839,2025-05-24,Delivered,Credit Card,Hyderabad,West Bengal
O005896,10871,2024-11-30,Delivered,UPI,Hyderabad,Haryana
O005897,11443,2025-04-09,Delivered,Debit Card,Bengaluru,Uttar Pradesh
O005898,11342,2024-05-20,Cancelled,COD,Hyderabad,Telangana
O005899,12121,2025-08-05,Delivered,Debit Card,Ludhiana,Haryana
O005900,12307,2024-05-16,Delivered,Net Banking,Lucknow,Maharashtra
O005901,11382,2025-09-02,Delivered,Net Banking,Chennai,Delhi
O005902,11172,2025-10-24,Delivered,COD,Ludhiana,Telangana
O005903,11249,2025-11-17,Delivered,COD,Hyderabad,Tamil Nadu
O005904,11129,2024-06-15,Shipped,Credit Card,Bengaluru,Maharashtra
O005905,12404,2024-12-08,Shipped,Credit Card,Jaipur,Tamil Nadu
O005906,11562,2025-02-13,Delivered,Net Banking,Chennai,Gujarat
O005907,11285,2024-03-05,Delivered,UPI,Jaipur,Haryana
O005908,10571,2025-08-03,Shipped,Credit Card,Gurugram,Gujarat
O005909,11950,2024-03-07,Delivered,UPI,Hyderabad,Gujarat
O005910,11978,2025-03-08,Delivered,Net Banking,Ahmedabad,Maharashtra
O005911,11981,2024-02-19,Delivered,Credit Card,Mumbai,Tamil Nadu
O005912,10447,2024-11-09,Returned,UPI,Kochi,Uttar Pradesh
O005913,10783,2024-11-04,Delivered,UPI,Kolkata,Telangana
O005914,11281,2025-08-25,Cancelled,Credit Card,Gurugram,Gujarat
O005915,10944,2024-04-24,Delivered,COD,Ludhiana,Punjab
O005916,10637,2025-07-22,Delivered,Debit Card,Chennai,Punjab
O005917,10531,2024-12-07,Delivered,COD,Delhi,Gujarat
O005918,10119,2025-06-13,Delivered,Debit Card,Ludhiana,Telangana
O005919,10066,2025-10-03,Delivered,UPI,Mumbai,Tamil Nadu
O005920,12293,2025-05-09,Delivered,Credit Card,Gurugram,Uttar Pradesh
O005921,12105,2024-09-25,Delivered,Net Banking,Ludhiana,Karnataka
O005922,11068,2024-03-20,Delivered,Credit Card,Bengaluru,Karnataka
O005923,11914,2025-03-31,Shipped,COD,Jaipur,Rajasthan
O005924,10424,2024-10-25,Delivered,Debit Card,Jaipur,Punjab
O005925,10395,2024-07-20,Returned,Credit Card,Ahmedabad,Gujarat
O005926,12498,2025-05-17,Shipped,Debit Card,Gurugram,Maharashtra
O005927,11281,2025-11-01,Delivered,COD,Hyderabad,Gujarat
O005928,12041,2025-12-16,Delivered,COD,Kochi,Gujarat
O005929,10954,2025-10-10,Cancelled,Credit Card,Ahmedabad,Karnataka
O005930,11820,2025-04-29,Delivered,Net Banking,Chennai,Kerala
O005931,11860,2025-08-07,Delivered,Net Banking,Gurugram,Haryana
O005932,10763,2025-07-13,Shipped,Debit Card,Hyderabad,Telangana
O005933,11630,2024-01-18,Delivered,Credit Card,Delhi,Gujarat
O005934,11404,2025-04-22,Cancelled,UPI,Kochi,Tamil Nadu
O005935,10443,2025-05-02,Delivered,COD,Bengaluru,Rajasthan
O005936,11498,2025-03-21,Delivered,Debit Card,Mumbai,Kerala
O005937,10157,2024-12-05,Shipped,COD,Bengaluru,Gujarat
O005938,10089,2025-06-14,Delivered,Debit Card,Kolkata,Kerala
O005939,12250,2025-09-03,Returned,Credit Card,Mumbai,Telangana
O005940,10980,2024-04-25,Returned,Debit Card,Bengaluru,Kerala
O005941,10462,2024-03-14,Delivered,Debit Card,Kolkata,Punjab
O005942,10380,2024-09-25,Delivered,UPI,Lucknow,Tamil Nadu
O005943,10401,2025-09-28,Delivered,Debit Card,Hyderabad,Telangana
O005944,11103,2024-04-25,Delivered,Net Banking,Mumbai,Kerala
O005945,10551,2025-11-16,Cancelled,Debit Card,Bengaluru,Karnataka
O005946,11410,2025-11-23,Delivered,Debit Card,Hyderabad,Maharashtra
O005947,10445,2025-10-30,Delivered,,Chennai,Telangana
O005948,12100,2024-06-12,Delivered,Debit Card,Hyderabad,Karnataka
O005949,11968,2025-08-05,Delivered,UPI,Hyderabad,Punjab
O005950,11918,2024-08-09,Cancelled,Credit Card,Lucknow,Maharashtra
O005951,10329,2024-05-05,Delivered,COD,Lucknow,Rajasthan
O005952,11932,2025-10-18,Delivered,Net Banking,Kolkata,Maharashtra
O005953,11991,2024-06-24,Delivered,Net Banking,Mumbai,Gujarat
O005954,10770,2025-10-25,Shipped,COD,,Delhi
O005955,11483,2025-11-24,Shipped,Debit Card,Kochi,Tamil Nadu
O005956,10125,2025-01-09,Shipped,UPI,Lucknow,Karnataka
O005957,10204,2025-05-12,Delivered,UPI,Chennai,Maharashtra
O005958,10643,2024-03-25,Delivered,UPI,Lucknow,Uttar Pradesh
O005959,11045,2025-01-17,Returned,UPI,Chennai,Kerala
O005960,10590,2025-09-24,Returned,Debit Card,Ludhiana,Punjab
O005961,11587,2025-10-02,Delivered,COD,Delhi,Tamil Nadu
O005962,12410,2025-04-07,Delivered,COD,Ahmedabad,West Bengal
O005963,12409,2025-03-26,Returned,Net Banking,Delhi,Haryana
O005964,11140,2025-06-01,Delivered,COD,Chennai,Gujarat
O005965,10055,2025-11-25,Delivered,UPI,Delhi,Delhi
O005966,12340,2025-07-03,Delivered,Debit Card,Kochi,Karnataka
O005967,11075,2024-04-25,Returned,Credit Card,Mumbai,Gujarat
O005968,10842,2025-09-05,Delivered,Credit Card,Ludhiana,Gujarat
O005969,12302,2024-01-08,Shipped,UPI,Bengaluru,Tamil Nadu
O005970,10492,2024-08-05,Delivered,Net Banking,Hyderabad,Telangana
O005971,10985,2025-12-19,Delivered,Credit Card,Jaipur,Karnataka
O005972,10993,2025-08-12,Delivered,UPI,Kolkata,Uttar Pradesh
O005973,11995,2025-02-07,Returned,Debit Card,Ahmedabad,Uttar Pradesh
O005974,11933,2025-07-20,Delivered,Credit Card,,Tamil Nadu
O005975,10961,2024-10-30,Delivered,UPI,Hyderabad,Rajasthan
O005976,11887,2025-04-11,Returned,Credit Card,Mumbai,Telangana
O005977,12273,2024-03-28,Delivered,Debit Card,Ludhiana,Tamil Nadu
O005978,12046,2024-01-10,Shipped,COD,Ludhiana,Delhi
O005979,10103,2024-11-03,Delivered,COD,Delhi,Punjab
O005980,10970,2025-03-09,Delivered,Debit Card,Jaipur,Maharashtra
O005981,11072,2024-06-12,Delivered,Debit Card,Jaipur,Kerala
O005982,10737,2024-08-26,Returned,COD,Mumbai,Kerala
O005983,11366,2024-11-12,Delivered,Debit Card,Mumbai,Delhi
O005984,12281,2025-10-17,Cancelled,Debit Card,Chennai,Punjab
O005985,10228,2024-11-30,Delivered,Debit Card,Ludhiana,Rajasthan
O005986,11721,2024-01-18,Delivered,COD,Kolkata,Delhi
O005987,11616,2024-03-11,Delivered,COD,Kochi,Gujarat
O005988,12061,2024-06-23,Cancelled,Credit Card,Bengaluru,Karnataka
O005989,10445,2024-12-04,Delivered,COD,Delhi,Haryana
O005990,12388,2024-09-04,Delivered,Credit Card,Mumbai,Rajasthan
O005991,11348,2024-07-11,Shipped,COD,Jaipur,Gujarat
O005992,11620,2025-02-22,Delivered,Net Banking,Kolkata,Delhi
O005993,10598,2024-11-20,Delivered,Credit Card,Lucknow,Haryana
O005994,12205,2024-11-01,Delivered,Debit Card,Ludhiana,Punjab
O005995,11182,2024-07-22,Delivered,Net Banking,Mumbai,Uttar Pradesh
O005996,10798,2024-05-02,Delivered,COD,Kochi,Haryana
O005997,10835,2025-07-23,Cancelled,COD,Lucknow,Punjab
O005998,12033,2025-03-22,Delivered,Net Banking,Kochi,West Bengal
O005999,10357,2025-12-13,Delivered,UPI,Chennai,Gujarat
O006000,12410,2025-05-05,Shipped,Debit Card,Kolkata,Haryana
O006001,10008,2025-03-08,Delivered,Credit Card,Chennai,West Bengal
O006002,12220,2025-09-15,Returned,Net Banking,Bengaluru,Tamil Nadu
O006003,12144,2024-05-07,Delivered,Credit Card,Kolkata,Tamil Nadu
O006004,11330,2025-07-01,Delivered,COD,Jaipur,Gujarat
O006005,11974,2024-02-16,Delivered,UPI,Gurugram,Punjab
O006006,11489,2025-05-19,Delivered,UPI,Jaipur,Haryana
O006007,10614,2024-04-24,Delivered,Credit Card,Bengaluru,Tamil Nadu
O006008,10689,2025-02-19,Delivered,COD,Jaipur,Rajasthan
O006009,10898,2024-08-10,Delivered,UPI,Ahmedabad,West Bengal
O006010,11352,2025-09-27,Delivered,Debit Card,Ludhiana,Gujarat
O006011,10110,2025-05-17,Delivered,COD,Hyderabad,West Bengal
O006012,10710,2025-11-02,Delivered,Net Banking,Hyderabad,Delhi
O006013,11161,2024-04-05,Delivered,Net Banking,Hyderabad,Haryana
O006014,10649,2024-04-16,Delivered,Net Banking,Chennai,Tamil Nadu
O006015,12397,2025-09-23,Delivered,Debit Card,Kochi,Rajasthan
O006016,12004,2025-09-04,Delivered,COD,Jaipur,Rajasthan
O006017,11667,2025-09-06,Delivered,Credit Card,Gurugram,Karnataka
O006018,11528,2025-11-08,Delivered,Credit Card,Ahmedabad,Kerala
O006019,11914,2025-11-28,Delivered,COD,Gurugram,Haryana
O006020,10246,2024-02-01,Delivered,Debit Card,Mumbai,Tamil Nadu
O006021,11609,2025-05-07,Cancelled,COD,Kochi,Delhi
O006022,10798,2024-03-06,Delivered,Credit Card,Jaipur,Punjab
O006023,11074,2024-06-27,Delivered,COD,Ahmedabad,Punjab
O006024,10515,2025-03-18,Delivered,Net Banking,Ahmedabad,Kerala
O006025,12274,2025-07-02,Returned,COD,Jaipur,Kerala
O006026,10506,2024-07-19,Shipped,UPI,Lucknow,Gujarat
O006027,10155,2024-02-18,Delivered,COD,Delhi,Haryana
O006028,12007,2025-11-10,Delivered,Credit Card,Ludhiana,Punjab
O006029,11898,2024-09-19,Cancelled,Credit Card,Chennai,Karnataka
O006030,11504,2024-05-12,Delivered,Credit Card,Mumbai,Haryana
O006031,10111,2024-12-09,Delivered,Net Banking,Hyderabad,Kerala
O006032,12322,2024-06-24,Delivered,Credit Card,Mumbai,Delhi
O006033,12203,2025-01-25,Delivered,UPI,Mumbai,Telangana
O006034,11675,2024-01-11,Delivered,COD,Jaipur,Karnataka
O006035,11191,2024-07-19,Delivered,Debit Card,Jaipur,Haryana
O006036,11043,2024-01-03,Cancelled,Credit Card,Kochi,Uttar Pradesh
O006037,12393,2024-08-01,Delivered,COD,Bengaluru,Gujarat
O006038,11922,2024-11-02,Shipped,Net Banking,Lucknow,Uttar Pradesh
O006039,10294,2025-06-27,Delivered,COD,Bengaluru,Gujarat
O006040,11486,2025-07-13,Returned,Credit Card,Ahmedabad,Delhi
O006041,10338,2024-11-22,Cancelled,Credit Card,Chennai,Tamil Nadu
O006042,11828,2024-07-17,Delivered,Credit Card,Ahmedabad,Telangana
O006043,12500,2025-08-23,Delivered,UPI,Ahmedabad,Kerala
O006044,12392,2024-04-18,Delivered,COD,Bengaluru,Tamil Nadu
O006045,10717,2024-10-17,Delivered,Debit Card,Hyderabad,Karnataka
O006046,10631,2024-04-17,Delivered,UPI,Ahmedabad,Rajasthan
O006047,10765,2025-02-11,Shipped,Debit Card,Hyderabad,Delhi
O006048,10085,2025-07-05,Delivered,Credit Card,Bengaluru,Delhi
O006049,10737,2024-02-21,Delivered,Debit Card,Hyderabad,Maharashtra
O006050,11413,2024-04-21,Delivered,Debit Card,Ahmedabad,Haryana
O006051,10227,2024-10-21,Delivered,UPI,Kolkata,Maharashtra
O006052,11308,2025-08-02,Delivered,UPI,Jaipur,West Bengal
O006053,10109,2024-07-07,Returned,COD,Bengaluru,West Bengal
O006054,10135,2025-12-21,Delivered,Debit Card,Bengaluru,Delhi
O006055,10938,2024-03-05,Returned,UPI,Mumbai,Karnataka
O006056,10291,2025-07-27,Shipped,COD,Delhi,Gujarat
O006057,11826,2025-04-09,Shipped,Debit Card,Kolkata,Punjab
O006058,11737,2024-09-14,Delivered,Debit Card,Kochi,Telangana
O006059,11653,2025-10-07,Delivered,Credit Card,Kolkata,Gujarat
O006060,11868,2025-09-25,Delivered,UPI,Jaipur,Punjab
O006061,12442,2024-11-26,Delivered,Net Banking,Mumbai,Tamil Nadu
O006062,10027,2025-05-15,Returned,UPI,Bengaluru,Uttar Pradesh
O006063,12061,2025-11-13,Delivered,Credit Card,Ludhiana,Punjab
O006064,10554,2024-07-28,Delivered,COD,Chennai,Maharashtra
O006065,10933,2024-03-29,Delivered,UPI,Delhi,Karnataka
O006066,12493,2025-11-09,Delivered,Debit Card,Lucknow,Tamil Nadu
O006067,12272,2024-01-28,Delivered,Net Banking,Delhi,Karnataka
O006068,12069,2024-08-25,Delivered,COD,Kolkata,Gujarat
O006069,11672,2024-12-01,Shipped,UPI,Chennai,Delhi
O006070,11350,2024-03-03,Delivered,COD,Kolkata,Maharashtra
O006071,11757,2025-07-06,Delivered,Debit Card,Lucknow,Rajasthan
O006072,10467,2025-05-14,Delivered,Net Banking,Kochi,Delhi
O006073,11249,2025-06-24,Delivered,Debit Card,Ahmedabad,Haryana
O006074,11499,2025-04-13,Delivered,Net Banking,Ahmedabad,Telangana
O006075,10618,2025-08-14,Returned,COD,Delhi,Rajasthan
O006076,10458,2024-02-20,Delivered,UPI,Bengaluru,West Bengal
O006077,11237,2024-04-21,Delivered,Net Banking,Kolkata,Gujarat
O006078,10961,2024-10-27,Returned,Debit Card,Ahmedabad,Kerala
O006079,11505,2024-03-30,Shipped,Net Banking,Hyderabad,Karnataka
O006080,10180,2024-08-16,Delivered,COD,Delhi,Gujarat
O006081,12070,2024-05-29,Delivered,COD,Gurugram,Punjab
O006082,11369,2024-05-17,Cancelled,COD,Delhi,Uttar Pradesh
O006083,10763,2024-05-14,Delivered,UPI,Kolkata,West Bengal
O006084,10922,2025-04-01,Delivered,COD,Kolkata,Maharashtra
O006085,10745,2025-08-23,Delivered,UPI,Kochi,Tamil Nadu
O006086,11432,2025-05-08,Delivered,Credit Card,Lucknow,Karnataka
O006087,11511,2025-06-10,Delivered,Net Banking,Chennai,West Bengal
O006088,11440,2024-11-28,Delivered,Debit Card,Lucknow,Kerala
O006089,11296,2024-12-27,Delivered,UPI,Lucknow,Karnataka
O006090,10637,2024-06-22,Shipped,UPI,Chennai,Kerala
O006091,11024,2025-08-24,Delivered,Debit Card,Hyderabad,Delhi
O006092,10152,2024-07-31,Delivered,Net Banking,Ahmedabad,Gujarat
O006093,10013,2024-12-08,Delivered,COD,Ahmedabad,Karnataka
O006094,10715,2024-03-01,Delivered,Net Banking,Chennai,Kerala
O006095,10249,2024-03-01,Delivered,UPI,Gurugram,Gujarat
O006096,11145,2025-11-08,Shipped,COD,Ludhiana,Telangana
O006097,10387,2025-06-07,Delivered,Credit Card,Bengaluru,Punjab
O006098,10439,2024-08-03,Delivered,Debit Card,Gurugram,Delhi
O006099,12348,2025-08-11,Shipped,Net Banking,Gurugram,Maharashtra
O006100,10721,2025-09-15,Cancelled,COD,Hyderabad,Maharashtra
O006101,10473,2025-07-31,Delivered,Debit Card,Kochi,Telangana
O006102,11007,2025-11-24,Delivered,Net Banking,Mumbai,Uttar Pradesh
O006103,10633,2025-02-26,Delivered,UPI,Ludhiana,Haryana
O006104,12469,2025-12-16,Delivered,UPI,Kochi,Kerala
O006105,10024,2025-02-26,Delivered,UPI,Delhi,Karnataka
O006106,10538,2025-01-05,Delivered,Credit Card,Hyderabad,Tamil Nadu
O006107,11981,2024-07-24,Returned,UPI,Jaipur,Haryana
O006108,11811,2024-10-12,Cancelled,UPI,Ahmedabad,Tamil Nadu
O006109,10540,2024-04-14,Delivered,UPI,Delhi,Delhi
O006110,11727,2025-11-18,Delivered,COD,Delhi,Telangana
O006111,10421,2025-12-23,Shipped,Debit Card,Jaipur,Karnataka
O006112,10484,2025-06-26,Delivered,Credit Card,Kolkata,Rajasthan
O006113,11029,2024-08-29,Delivered,Net Banking,Delhi,Maharashtra
O006114,12205,2025-05-05,Delivered,Credit Card,Bengaluru,Gujarat
O006115,10052,2025-10-26,Delivered,Debit Card,Ahmedabad,West Bengal
O006116,10243,2025-12-08,Delivered,UPI,Ahmedabad,Uttar Pradesh
O006117,11687,2025-05-12,Returned,UPI,Kochi,Telangana
O006118,12468,2025-03-10,Delivered,Net Banking,Mumbai,Rajasthan
O006119,11841,2025-04-28,Delivered,Credit Card,Lucknow,Maharashtra
O006120,10425,2025-03-22,Delivered,Credit Card,Chennai,Haryana
O006121,12128,2025-01-18,Cancelled,Net Banking,Ludhiana,Karnataka
O006122,10695,2025-05-24,Cancelled,Credit Card,Lucknow,Uttar Pradesh
O006123,10354,2024-06-18,Delivered,Credit Card,Gurugram,Rajasthan
O006124,11690,2024-11-18,Cancelled,Credit Card,Gurugram,Gujarat
O006125,10293,2025-04-18,Delivered,Net Banking,Delhi,Maharashtra
O006126,10717,2024-08-19,Delivered,Net Banking,Kolkata,Maharashtra
O006127,10529,2025-11-26,Delivered,Debit Card,Chennai,Maharashtra
O006128,10480,2024-12-24,Delivered,Credit Card,Lucknow,Telangana
O006129,10477,2024-10-01,Delivered,Debit Card,Hyderabad,Punjab
O006130,10025,2024-02-01,Delivered,COD,Kolkata,Haryana
O006131,12479,2024-06-25,Delivered,COD,Kolkata,Gujarat
O006132,12365,2024-03-05,Delivered,Credit Card,Delhi,West Bengal
O006133,10638,2025-12-10,Delivered,UPI,Jaipur,Haryana
O006134,12406,2024-01-27,Delivered,COD,Kochi,Tamil Nadu
O006135,11300,2025-10-24,Delivered,UPI,Jaipur,Punjab
O006136,10690,2025-04-23,Delivered,Debit Card,Gurugram,Rajasthan
O006137,10344,2024-09-24,Shipped,Credit Card,Mumbai,Haryana
O006138,11455,2025-08-19,Cancelled,Debit Card,Kolkata,Telangana
O006139,10712,2024-03-06,Delivered,Debit Card,Gurugram,Uttar Pradesh
O006140,10439,2024-05-12,Delivered,Net Banking,Chennai,Punjab
O006141,11455,2024-12-31,Delivered,Credit Card,Chennai,Maharashtra
O006142,10143,2024-03-22,Returned,Net Banking,Jaipur,West Bengal
O006143,11784,2024-11-23,Delivered,Debit Card,Mumbai,Maharashtra
O006144,10868,2024-04-07,Cancelled,UPI,Ahmedabad,Maharashtra
O006145,12401,2025-08-07,Delivered,Credit Card,Delhi,Karnataka
O006146,11489,2024-11-22,Returned,Credit Card,Mumbai,West Bengal
O006147,10468,2025-06-25,Delivered,COD,Hyderabad,Uttar Pradesh
O006148,11488,2024-05-04,Returned,UPI,Gurugram,Maharashtra
O006149,10877,2024-07-28,Delivered,UPI,Lucknow,Haryana
O006150,11418,2025-12-25,Returned,Debit Card,Jaipur,Tamil Nadu
O006151,10919,2024-05-12,Delivered,Debit Card,Ludhiana,Punjab
O006152,11810,2025-05-17,Delivered,Debit Card,Jaipur,Punjab
O006153,11777,2024-06-05,Shipped,COD,Delhi,Karnataka
O006154,11082,2025-07-12,Shipped,UPI,Gurugram,Haryana
O006155,11150,2025-01-16,Delivered,Net Banking,Chennai,Rajasthan
O006156,10841,2024-01-22,Delivered,UPI,Mumbai,West Bengal
O006157,12100,2025-08-17,Shipped,Net Banking,Ludhiana,West Bengal
O006158,11012,2025-02-22,Returned,Credit Card,Kolkata,Tamil Nadu
O006159,10814,2025-04-16,Delivered,Net Banking,Kochi,Haryana
O006160,12317,2024-08-21,Delivered,Credit Card,Bengaluru,Uttar Pradesh
O006161,12144,2025-07-25,Cancelled,Debit Card,Kolkata,Kerala
O006162,10273,2025-03-29,Delivered,UPI,Kochi,Delhi
O006163,11717,2025-11-30,Shipped,Debit Card,Lucknow,Telangana
O006164,12181,2025-07-23,Cancelled,UPI,Mumbai,Karnataka
O006165,12137,2024-06-10,Shipped,Net Banking,Hyderabad,Punjab
O006166,10005,2024-10-27,Delivered,UPI,Ahmedabad,Maharashtra
O006167,10357,2024-11-01,Returned,Net Banking,Chennai,Karnataka
O006168,11367,2024-01-02,Cancelled,UPI,Mumbai,Maharashtra
O006169,10204,2024-09-27,Shipped,Credit Card,Delhi,Kerala
O006170,11597,2025-02-24,Delivered,Net Banking,Gurugram,Karnataka
O006171,10497,2024-05-22,Delivered,Debit Card,Kochi,Maharashtra
O006172,10702,2025-11-30,Delivered,Debit Card,Kolkata,Kerala
O006173,10837,2025-11-22,Delivered,Debit Card,Ludhiana,Punjab
O006174,10063,2025-06-18,Delivered,Debit Card,Ahmedabad,West Bengal
O006175,11580,2024-02-06,Delivered,Credit Card,Gurugram,Tamil Nadu
O006176,10239,2024-04-16,Delivered,Credit Card,Jaipur,West Bengal
O006177,10540,2024-10-23,Shipped,COD,Hyderabad,Punjab
O006178,10198,2024-04-06,Cancelled,COD,Ludhiana,Rajasthan
O006179,10781,2024-10-07,Cancelled,COD,Kochi,Telangana
O006180,10030,2024-04-19,Delivered,COD,Jaipur,Kerala
O006181,11233,2025-07-02,Delivered,UPI,Hyderabad,Punjab
O006182,11087,2025-07-05,Delivered,Net Banking,Gurugram,Maharashtra
O006183,11081,2025-08-19,Delivered,Debit Card,Chennai,West Bengal
O006184,11856,2024-07-06,Delivered,UPI,Lucknow,Karnataka
O006185,11599,2025-05-02,Delivered,Credit Card,Jaipur,Maharashtra
O006186,11629,2024-12-19,Delivered,Debit Card,Gurugram,Rajasthan
O006187,11018,2024-01-19,Delivered,Net Banking,Ludhiana,Kerala
O006188,11070,2025-01-27,Delivered,Net Banking,Jaipur,Karnataka
O006189,12125,2024-09-17,Delivered,Credit Card,Ahmedabad,Haryana
O006190,11193,2025-02-13,Delivered,Debit Card,Mumbai,Rajasthan
O006191,10814,2025-02-06,Delivered,COD,Ludhiana,West Bengal
O006192,11153,2025-10-31,Delivered,Debit Card,Gurugram,Maharashtra
O006193,11737,2025-04-28,Delivered,Debit Card,Kochi,West Bengal
O006194,11884,2024-10-30,Delivered,Net Banking,Ahmedabad,Haryana
O006195,10268,2025-09-15,Returned,Credit Card,Ahmedabad,Rajasthan
O006196,11774,2025-10-17,Delivered,Debit Card,Chennai,Uttar Pradesh
O006197,10585,2024-01-18,Delivered,UPI,Hyderabad,Uttar Pradesh
O006198,12467,2024-07-02,Cancelled,UPI,Chennai,Gujarat
O006199,11891,2025-02-08,Delivered,Credit Card,Gurugram,Delhi
O006200,11185,2024-05-10,Delivered,COD,Ludhiana,Tamil Nadu
O006201,11082,2025-04-23,Delivered,Debit Card,Jaipur,Punjab
O006202,10384,2024-01-08,Delivered,Debit Card,Ahmedabad,Gujarat
O006203,10430,2025-12-05,Delivered,Net Banking,Mumbai,Telangana
O006204,11050,2024-11-13,Delivered,Debit Card,Ludhiana,Karnataka
O006205,11834,2025-01-25,Cancelled,COD,Kolkata,Telangana
O006206,10798,2025-06-02,Delivered,Debit Card,Lucknow,Haryana
O006207,10372,2024-05-15,Cancelled,Debit Card,Ludhiana,Tamil Nadu
O006208,11060,2025-06-14,Returned,Net Banking,Chennai,Telangana
O006209,11814,2025-10-12,Returned,UPI,Mumbai,Delhi
O006210,11849,2025-01-01,Shipped,UPI,Delhi,Kerala
O006211,11291,2025-05-03,Delivered,COD,Hyderabad,Rajasthan
O006212,12188,2025-11-19,Delivered,Credit Card,Hyderabad,Kerala
O006213,10067,2024-01-11,Delivered,Credit Card,Lucknow,Tamil Nadu
O006214,11015,2025-07-06,Cancelled,Net Banking,Mumbai,Karnataka
O006215,11554,2025-03-21,Delivered,Debit Card,Kochi,Punjab
O006216,11393,2024-04-23,Delivered,Net Banking,Kochi,Haryana
O006217,12309,2025-11-22,Cancelled,UPI,Kochi,Karnataka
O006218,11702,2025-12-06,Delivered,COD,Lucknow,Karnataka
O006219,10579,2024-07-14,Delivered,Credit Card,Jaipur,Rajasthan
O006220,11606,2024-11-18,Delivered,Debit Card,Hyderabad,Gujarat
O006221,11227,2025-05-26,Delivered,Credit Card,Hyderabad,Telangana
O006222,11959,2025-09-19,Delivered,UPI,Chennai,Delhi
O006223,11979,2025-10-23,Delivered,Debit Card,Gurugram,Kerala
O006224,10410,2025-09-21,Cancelled,UPI,Jaipur,Maharashtra
O006225,11712,2024-06-13,Delivered,Credit Card,Kolkata,Kerala
O006226,12161,2024-09-08,Delivered,Credit Card,Chennai,Maharashtra
O006227,10840,2024-02-13,Shipped,UPI,Hyderabad,Haryana
O006228,10189,2025-04-14,Delivered,Debit Card,Hyderabad,Uttar Pradesh
O006229,10277,2025-05-03,Delivered,UPI,Lucknow,Tamil Nadu
O006230,11761,2024-06-29,Delivered,Debit Card,Bengaluru,Maharashtra
O006231,12151,2024-03-17,Delivered,Net Banking,Ludhiana,Rajasthan
O006232,12155,2025-01-08,Delivered,Net Banking,Jaipur,Uttar Pradesh
O006233,11940,2025-09-19,Delivered,Debit Card,Delhi,Punjab
O006234,11978,2024-03-07,Delivered,UPI,Chennai,Tamil Nadu
O006235,12221,2025-06-08,Delivered,Debit Card,Jaipur,Gujarat
O006236,10999,2024-04-01,Delivered,Credit Card,Bengaluru,Gujarat
O006237,10722,2025-10-12,Shipped,UPI,Kolkata,Haryana
O006238,11215,2024-08-31,Cancelled,Debit Card,Kochi,Delhi
O006239,11694,2024-12-06,Delivered,Credit Card,Kolkata,Punjab
O006240,12273,2024-10-30,Delivered,COD,Chennai,Kerala
O006241,11708,2025-02-01,Returned,Credit Card,Chennai,Gujarat
O006242,12182,2025-12-03,Delivered,Debit Card,Delhi,Kerala
O006243,11061,2025-03-23,Returned,UPI,Lucknow,Tamil Nadu
O006244,12141,2024-04-06,Delivered,UPI,Kochi,Punjab
O006245,12123,2024-11-26,Cancelled,Net Banking,Kolkata,Uttar Pradesh
O006246,12231,2024-07-23,Delivered,Debit Card,Mumbai,Uttar Pradesh
O006247,10717,2025-03-24,Delivered,Credit Card,Ahmedabad,Haryana
O006248,10459,2025-02-21,Returned,Credit Card,Chennai,Haryana
O006249,11702,2025-10-10,Returned,Debit Card,Jaipur,West Bengal
O006250,10627,2024-03-17,Delivered,Credit Card,Kochi,Gujarat
O006251,12457,2025-07-02,Returned,COD,Ahmedabad,Karnataka
O006252,10207,2025-02-28,Delivered,Net Banking,Delhi,Kerala
O006253,11357,2025-03-04,Delivered,UPI,Delhi,Uttar Pradesh
O006254,10673,2025-04-29,Delivered,Credit Card,Chennai,Maharashtra
O006255,11978,2024-05-14,Delivered,COD,Ludhiana,West Bengal
O006256,11940,2025-10-15,Shipped,Debit Card,Jaipur,Karnataka
O006257,10273,2024-09-10,Delivered,Credit Card,Ahmedabad,Haryana
O006258,12427,2025-07-13,Delivered,Debit Card,Ahmedabad,Rajasthan
O006259,11050,2024-09-11,Delivered,COD,Ahmedabad,Maharashtra
O006260,11878,2025-10-07,Delivered,COD,Delhi,Rajasthan
O006261,10091,2025-12-20,Delivered,UPI,Chennai,Gujarat
O006262,10476,2025-05-13,Delivered,Debit Card,Ludhiana,Rajasthan
O006263,12047,2025-09-04,Cancelled,Net Banking,Jaipur,Punjab
O006264,10726,2025-04-28,Delivered,UPI,Gurugram,Kerala
O006265,11212,2024-02-15,Delivered,Debit Card,Jaipur,Telangana
O006266,10534,2025-03-18,Delivered,Debit Card,Ludhiana,Punjab
O006267,10085,2025-08-04,Delivered,COD,Mumbai,Punjab
O006268,10841,2025-10-09,Delivered,COD,Bengaluru,Karnataka
O006269,10077,2025-08-01,Delivered,Debit Card,Gurugram,Haryana
O006270,12378,2024-01-04,Delivered,COD,Hyderabad,Delhi
O006271,12431,2024-01-01,Cancelled,Debit Card,Gurugram,Telangana
O006272,12425,2024-10-16,Delivered,Debit Card,Kolkata,Karnataka
O006273,12389,2024-04-18,Shipped,UPI,Ludhiana,Rajasthan
O006274,11201,2025-07-28,Delivered,UPI,Gurugram,Maharashtra
O006275,12472,2025-04-04,Delivered,Net Banking,Ludhiana,Karnataka
O006276,11991,2024-09-22,Delivered,UPI,Mumbai,Punjab
O006277,12222,2024-05-17,Delivered,Credit Card,Jaipur,Rajasthan
O006278,10406,2025-03-09,Delivered,Credit Card,Bengaluru,Tamil Nadu
O006279,12130,2024-02-13,Returned,COD,Ahmedabad,Uttar Pradesh
O006280,10021,2025-05-24,Delivered,Credit Card,Mumbai,Rajasthan
O006281,10398,2024-09-18,Delivered,UPI,Kochi,Tamil Nadu
O006282,12378,2025-12-28,Delivered,Net Banking,Gurugram,Delhi
O006283,12273,2025-09-24,Delivered,Debit Card,Chennai,Uttar Pradesh
O006284,11801,2024-05-31,Delivered,Net Banking,Kolkata,Punjab
O006285,11809,2024-07-31,Cancelled,UPI,Kochi,Maharashtra
O006286,10894,2024-08-21,Delivered,UPI,Ludhiana,Maharashtra
O006287,11945,2025-09-14,Shipped,UPI,Kochi,Punjab
O006288,10438,2024-12-26,Delivered,COD,Ahmedabad,Karnataka
O006289,11296,2024-11-15,Delivered,Credit Card,Bengaluru,Punjab
O006290,11304,2024-08-09,Delivered,UPI,Lucknow,West Bengal
O006291,10223,2024-07-28,Delivered,Debit Card,Ahmedabad,Delhi
O006292,11611,2025-01-30,Delivered,Credit Card,Kochi,West Bengal
O006293,11961,2025-08-05,Delivered,Credit Card,Kolkata,Uttar Pradesh
O006294,10509,2025-05-03,Delivered,COD,Lucknow,Gujarat
O006295,11066,2025-08-23,Shipped,Net Banking,Ahmedabad,Kerala
O006296,11200,2025-04-08,Delivered,Credit Card,Ludhiana,Karnataka
O006297,11269,2025-11-30,Shipped,Credit Card,Kolkata,Haryana
O006298,11277,2025-09-15,Delivered,UPI,Jaipur,Haryana
O006299,11298,2025-03-27,Cancelled,Debit Card,Kolkata,Maharashtra
O006300,10604,2025-02-16,Delivered,UPI,Delhi,Telangana
O006301,11035,2025-04-20,Delivered,Debit Card,Jaipur,Karnataka
O006302,12200,2024-09-12,Returned,Credit Card,Hyderabad,Gujarat
O006303,10189,2024-05-29,Delivered,Debit Card,Ludhiana,Maharashtra
O006304,10676,2024-05-06,Delivered,UPI,Chennai,Maharashtra
O006305,10638,2025-01-26,Delivered,UPI,Ludhiana,Maharashtra
O006306,12259,2025-04-24,Delivered,Net Banking,Ludhiana,Haryana
O006307,11997,2025-01-31,Returned,COD,Kolkata,Maharashtra
O006308,11845,2025-02-05,Cancelled,Net Banking,Ludhiana,Telangana
O006309,12387,2024-09-30,Shipped,Credit Card,Gurugram,Kerala
O006310,10047,2024-05-18,Returned,Debit Card,Kochi,Gujarat
O006311,10820,2024-04-12,Delivered,UPI,Ludhiana,Punjab
O006312,11081,2024-08-29,Delivered,UPI,Bengaluru,Tamil Nadu
O006313,11278,2024-04-26,Shipped,UPI,Mumbai,Karnataka
O006314,12218,2024-08-01,Delivered,UPI,Chennai,Maharashtra
O006315,11170,2025-04-28,Delivered,Credit Card,Mumbai,Delhi
O006316,11057,2025-06-12,Delivered,COD,Jaipur,Delhi
O006317,11539,2025-11-21,Returned,Net Banking,Lucknow,Punjab
O006318,10796,2024-08-11,Delivered,Net Banking,Lucknow,Punjab
O006319,12390,2024-09-26,Cancelled,UPI,Chennai,Haryana
O006320,10048,2024-05-13,Delivered,UPI,Kochi,West Bengal
O006321,12412,2024-04-23,Delivered,Debit Card,Mumbai,West Bengal
O006322,11422,2025-03-16,Cancelled,UPI,Ahmedabad,Tamil Nadu
O006323,11219,2025-10-05,Returned,Net Banking,Jaipur,Punjab
O006324,11761,2025-10-12,Delivered,Debit Card,Mumbai,Haryana
O006325,10725,2024-12-30,Delivered,Debit Card,Kochi,Punjab
O006326,11345,2024-08-19,Delivered,UPI,Ahmedabad,West Bengal
O006327,11818,2025-04-02,Shipped,Debit Card,Ahmedabad,Delhi
O006328,10138,2025-01-09,Delivered,COD,Lucknow,Uttar Pradesh
O006329,10355,2025-08-26,Delivered,UPI,Ahmedabad,Gujarat
O006330,11869,2025-09-02,Delivered,COD,Ludhiana,Telangana
O006331,11094,2024-07-25,Delivered,UPI,Chennai,Telangana
O006332,10811,2025-06-03,Delivered,COD,Mumbai,Gujarat
O006333,11606,2025-04-12,Cancelled,UPI,Ahmedabad,Tamil Nadu
O006334,11744,2025-03-18,Cancelled,Net Banking,Kolkata,Rajasthan
O006335,10059,2024-11-16,Returned,UPI,Jaipur,Kerala
O006336,10771,2024-04-02,Delivered,Net Banking,Ludhiana,Kerala
O006337,10389,2025-02-11,Cancelled,Credit Card,Gurugram,Karnataka
O006338,10339,2024-06-06,Shipped,Credit Card,Lucknow,Rajasthan
O006339,10757,2024-04-08,Delivered,UPI,Kolkata,Karnataka
O006340,10596,2024-08-12,Delivered,Net Banking,Ludhiana,Kerala
O006341,10436,2025-03-16,Delivered,Net Banking,Ahmedabad,Rajasthan
O006342,11474,2025-12-20,Delivered,Debit Card,Bengaluru,Haryana
O006343,10377,2025-08-07,Shipped,Debit Card,Jaipur,Karnataka
O006344,11983,2025-02-04,Shipped,COD,Hyderabad,Tamil Nadu
O006345,12439,2025-07-24,Delivered,Debit Card,Mumbai,Telangana
O006346,10114,2024-03-04,Delivered,UPI,Ludhiana,Maharashtra
O006347,10774,2025-07-13,Delivered,Debit Card,Ahmedabad,Maharashtra
O006348,11927,2024-10-05,Returned,Debit Card,Lucknow,Tamil Nadu
O006349,12220,2025-12-10,Delivered,UPI,Kolkata,Punjab
O006350,10018,2025-10-31,Delivered,UPI,Ludhiana,Haryana
O006351,10235,2025-06-02,Delivered,COD,Gurugram,Kerala
O006352,11334,2024-09-04,Delivered,Net Banking,Bengaluru,Tamil Nadu
O006353,11693,2025-01-02,Delivered,Debit Card,Gurugram,Kerala
O006354,10281,2025-09-09,Shipped,Credit Card,Jaipur,Delhi
O006355,10831,2024-04-07,Delivered,Net Banking,Lucknow,Maharashtra
O006356,11139,2024-09-24,Delivered,UPI,Kochi,Delhi
O006357,11696,2024-02-29,Delivered,Debit Card,Gurugram,Kerala
O006358,11691,2025-05-14,Delivered,COD,Ludhiana,Kerala
O006359,11587,2024-11-03,Returned,Credit Card,Ludhiana,Karnataka
O006360,10418,2025-05-07,Delivered,Net Banking,Hyderabad,Karnataka
O006361,12332,2025-02-14,Delivered,Debit Card,Jaipur,Uttar Pradesh
O006362,10585,2024-05-19,Returned,UPI,Jaipur,Karnataka
O006363,11352,2024-11-23,Delivered,Net Banking,Lucknow,Haryana
O006364,11365,2025-04-08,Delivered,Credit Card,Hyderabad,Tamil Nadu
O006365,12269,2025-12-02,Delivered,UPI,Ahmedabad,Tamil Nadu
O006366,12057,2025-09-28,Delivered,Credit Card,Bengaluru,Haryana
O006367,11933,2024-06-11,Delivered,Debit Card,Chennai,Delhi
O006368,10832,2024-02-29,Delivered,Net Banking,Hyderabad,Telangana
O006369,12423,2024-01-31,Cancelled,COD,Mumbai,Haryana
O006370,10534,2024-11-28,Cancelled,Debit Card,Ahmedabad,Gujarat
O006371,11123,2024-03-16,Delivered,Debit Card,Bengaluru,Haryana
O006372,11706,2024-11-12,Delivered,COD,Delhi,Telangana
O006373,11406,2025-02-20,Cancelled,COD,Ahmedabad,Haryana
O006374,11887,2024-07-08,Delivered,UPI,Lucknow,Tamil Nadu
O006375,10447,2025-05-03,Delivered,Credit Card,Ludhiana,Tamil Nadu
O006376,12392,2024-11-10,Delivered,Debit Card,Delhi,Telangana
O006377,12473,2024-10-22,Delivered,UPI,Delhi,Haryana
O006378,10625,2025-05-15,Delivered,UPI,Chennai,Gujarat
O006379,11864,2024-06-25,Delivered,Debit Card,Ahmedabad,Delhi
O006380,12354,2025-12-19,Delivered,Credit Card,Delhi,Delhi
O006381,12196,2024-08-02,Cancelled,COD,Jaipur,Maharashtra
O006382,10732,2025-10-14,Delivered,Debit Card,Gurugram,Maharashtra
O006383,10938,2025-08-19,Delivered,Credit Card,Mumbai,Tamil Nadu
O006384,12081,2025-11-24,Delivered,COD,Delhi,West Bengal
O006385,11756,2024-11-27,Shipped,Net Banking,Bengaluru,Punjab
O006386,11525,2024-05-07,Delivered,Debit Card,Ahmedabad,West Bengal
O006387,11721,2024-09-25,Delivered,Debit Card,Gurugram,West Bengal
O006388,11217,2025-07-04,Shipped,Credit Card,Hyderabad,Haryana
O006389,11204,2025-06-18,Delivered,UPI,Bengaluru,Uttar Pradesh
O006390,11891,2024-12-31,Delivered,UPI,Kochi,Maharashtra
O006391,11542,2025-09-10,Returned,Credit Card,Hyderabad,Haryana
O006392,10391,2024-12-13,Delivered,Debit Card,Ahmedabad,Punjab
O006393,12405,2024-05-21,Delivered,Debit Card,Delhi,Maharashtra
O006394,10099,2024-05-24,Delivered,Debit Card,Lucknow,Haryana
O006395,12196,2024-09-01,Shipped,Net Banking,Kolkata,Uttar Pradesh
O006396,10570,2025-03-17,Delivered,UPI,Hyderabad,Karnataka
O006397,10727,2025-12-03,Shipped,Net Banking,Hyderabad,Tamil Nadu
O006398,11002,2024-10-16,Shipped,Debit Card,Chennai,Telangana
O006399,11571,2025-11-21,Delivered,UPI,Hyderabad,Gujarat
O006400,10303,2024-04-21,Shipped,Debit Card,Delhi,Haryana
O006401,12052,2024-08-01,Delivered,Debit Card,Mumbai,Karnataka
O006402,12155,2025-10-11,Delivered,Credit Card,Ahmedabad,Delhi
O006403,12123,2024-07-18,Delivered,UPI,Lucknow,Uttar Pradesh
O006404,11064,2025-02-08,Delivered,Debit Card,Ludhiana,Uttar Pradesh
O006405,10639,2025-02-24,Delivered,COD,Lucknow,Uttar Pradesh
O006406,11143,2024-01-07,Delivered,COD,Ludhiana,Gujarat
O006407,12121,2025-06-08,Delivered,Debit Card,Chennai,Haryana
O006408,10552,2025-08-14,Delivered,Credit Card,Delhi,West Bengal
O006409,10977,2024-10-12,Shipped,Debit Card,Chennai,Punjab
O006410,10096,2025-11-01,Delivered,COD,Jaipur,Maharashtra
O006411,11192,2025-01-23,Cancelled,UPI,Delhi,Karnataka
O006412,12325,2025-02-19,Shipped,Credit Card,Mumbai,Rajasthan
O006413,12307,2025-12-13,Delivered,Debit Card,Bengaluru,Tamil Nadu
O006414,10046,2024-05-29,Delivered,COD,Kolkata,Tamil Nadu
O006415,10346,2025-03-03,Delivered,UPI,Delhi,Delhi
O006416,10847,2024-10-19,Cancelled,COD,Chennai,Rajasthan
O006417,11077,2024-11-29,Delivered,Credit Card,Gurugram,Kerala
O006418,11172,2024-09-28,Delivered,Net Banking,Jaipur,Gujarat
O006419,11557,2024-02-12,Delivered,Debit Card,Bengaluru,Kerala
O006420,10233,2025-04-12,Delivered,UPI,Ahmedabad,Rajasthan
O006421,10051,2024-11-14,Delivered,Credit Card,Ahmedabad,Delhi
O006422,10665,2025-05-06,Delivered,Credit Card,Jaipur,West Bengal
O006423,10451,2025-06-10,Delivered,Net Banking,Hyderabad,Haryana
O006424,11363,2024-06-20,Cancelled,Net Banking,Ahmedabad,Telangana
O006425,10351,2025-12-30,Returned,Debit Card,Hyderabad,Delhi
O006426,11309,2025-10-10,Delivered,Debit Card,Lucknow,Telangana
O006427,10583,2024-11-16,Shipped,Credit Card,Ahmedabad,Uttar Pradesh
O006428,10245,2024-02-13,Returned,Debit Card,Hyderabad,West Bengal
O006429,10550,2025-06-15,Delivered,Debit Card,Ahmedabad,Tamil Nadu
O006430,10728,2025-09-22,Delivered,Net Banking,Gurugram,Gujarat
O006431,10639,2025-03-29,Cancelled,Credit Card,Hyderabad,Haryana
O006432,10584,2024-03-23,Delivered,COD,Ahmedabad,West Bengal
O006433,12274,2025-06-26,Returned,COD,Jaipur,Kerala
O006434,10441,2024-11-17,Delivered,UPI,,Maharashtra
O006435,11468,2024-08-21,Delivered,Net Banking,Ahmedabad,Uttar Pradesh
O006436,11820,2025-06-23,Delivered,UPI,Ahmedabad,Rajasthan
O006437,10412,2024-09-08,Delivered,Credit Card,Chennai,Uttar Pradesh
O006438,10814,2025-03-24,Delivered,COD,Chennai,Tamil Nadu
O006439,10246,2024-08-26,Delivered,COD,Lucknow,Karnataka
O006440,10583,2025-05-04,Delivered,COD,Kochi,Delhi
O006441,11731,2025-04-08,Delivered,UPI,Kolkata,Telangana
O006442,10982,2024-11-09,Delivered,Debit Card,Jaipur,Tamil Nadu
O006443,11975,2024-06-23,Shipped,UPI,Gurugram,Tamil Nadu
O006444,10550,2025-12-06,Delivered,COD,Ludhiana,Rajasthan
O006445,12165,2024-06-28,Shipped,Net Banking,Delhi,Gujarat
O006446,11388,2025-01-19,Shipped,Net Banking,Chennai,Kerala
O006447,11938,2024-10-21,Delivered,UPI,Jaipur,Uttar Pradesh
O006448,10204,2024-08-02,Delivered,UPI,Ahmedabad,Karnataka
O006449,10351,2025-12-15,Cancelled,Credit Card,Ahmedabad,Kerala
O006450,10319,2024-03-15,Shipped,UPI,Gurugram,Maharashtra
O006451,11693,2024-12-09,Delivered,UPI,Hyderabad,Telangana
O006452,10107,2025-12-14,Delivered,COD,Ludhiana,Tamil Nadu
O006453,12220,2024-05-21,Delivered,Debit Card,Mumbai,Telangana
O006454,11879,2025-12-18,Delivered,COD,Lucknow,West Bengal
O006455,10958,2024-07-17,Delivered,Debit Card,Hyderabad,Rajasthan
O006456,12368,2024-06-19,Delivered,COD,Kolkata,Maharashtra
O006457,11061,2025-02-09,Returned,COD,Jaipur,Maharashtra
O006458,12313,2024-08-15,Cancelled,Credit Card,Jaipur,Maharashtra
O006459,11692,2025-02-14,Delivered,Debit Card,Kochi,Karnataka
O006460,11673,2025-11-21,Delivered,COD,Mumbai,Uttar Pradesh
O006461,10402,2024-03-02,Delivered,COD,Jaipur,Uttar Pradesh
O006462,10602,2024-11-22,Delivered,Debit Card,Kolkata,Rajasthan
O006463,10218,2025-12-16,Delivered,Credit Card,Lucknow,West Bengal
O006464,12378,2024-05-12,Delivered,Debit Card,Chennai,Karnataka
O006465,10186,2025-08-06,Delivered,Credit Card,Mumbai,West Bengal
O006466,12257,2025-08-12,Delivered,Credit Card,Ludhiana,Haryana
O006467,10288,2024-07-07,Returned,Net Banking,Hyderabad,Telangana
O006468,10088,2024-12-21,Returned,Credit Card,Jaipur,Uttar Pradesh
O006469,12184,2024-03-11,Delivered,Net Banking,Jaipur,Delhi
O006470,12206,2024-09-19,Delivered,UPI,Mumbai,Kerala
O006471,10155,2024-11-01,Delivered,Credit Card,Lucknow,Delhi
O006472,10220,2025-07-11,Delivered,Debit Card,Gurugram,Gujarat
O006473,11483,2024-08-11,Cancelled,Net Banking,Kochi,Uttar Pradesh
O006474,10322,2024-11-23,Delivered,UPI,Jaipur,Kerala
O006475,10841,2025-08-10,Delivered,UPI,Delhi,Uttar Pradesh
O006476,11586,2024-03-14,Delivered,Credit Card,Gurugram,Telangana
O006477,11837,2025-05-25,Returned,Debit Card,Kolkata,Rajasthan
O006478,12135,2024-05-21,Delivered,Credit Card,Kochi,Delhi
O006479,11569,2025-08-07,Delivered,COD,Lucknow,Rajasthan
O006480,12323,2024-04-11,Returned,UPI,Kolkata,Tamil Nadu
O006481,12189,2025-08-28,Delivered,COD,Kochi,Kerala
O006482,11760,2025-08-03,Delivered,COD,Chennai,Haryana
O006483,10625,2024-03-05,Delivered,Net Banking,Kolkata,Uttar Pradesh
O006484,10353,2024-07-11,Cancelled,COD,Ahmedabad,Maharashtra
O006485,11029,2024-03-02,Cancelled,UPI,Hyderabad,Telangana
O006486,12430,2025-06-15,Delivered,UPI,Gurugram,Kerala
O006487,11358,2024-08-28,Delivered,Debit Card,Ludhiana,Gujarat
O006488,10475,2025-12-15,Delivered,Credit Card,Jaipur,Delhi
O006489,12010,2025-02-13,Delivered,Debit Card,Lucknow,Uttar Pradesh
O006490,10928,2024-10-26,Delivered,Debit Card,Chennai,Uttar Pradesh
O006491,10030,2024-07-13,Delivered,Credit Card,Kolkata,Rajasthan
O006492,10495,2025-03-29,Delivered,UPI,Mumbai,Tamil Nadu
O006493,10388,2025-07-27,Returned,Net Banking,Jaipur,Delhi
O006494,10873,2025-09-10,Delivered,COD,Jaipur,Uttar Pradesh
O006495,10835,2025-09-28,Delivered,Net Banking,Mumbai,Gujarat
O006496,10630,2024-10-27,Delivered,COD,Ahmedabad,Karnataka
O006497,10030,2025-03-31,Delivered,Credit Card,Lucknow,Haryana
O006498,10807,2024-07-20,Delivered,Credit Card,Hyderabad,Uttar Pradesh
O006499,12390,2025-11-04,Delivered,Debit Card,Bengaluru,Uttar Pradesh
O006500,11833,2024-10-28,Shipped,Credit Card,Hyderabad,West Bengal
O006501,11311,2025-09-15,Returned,COD,Ludhiana,Gujarat
O006502,11969,2024-12-02,Delivered,Net Banking,Delhi,Karnataka
O006503,11961,2024-02-01,Delivered,Net Banking,Kochi,Rajasthan
O006504,10244,2024-04-07,Delivered,Net Banking,Chennai,Karnataka
O006505,10221,2024-07-09,Shipped,Net Banking,Hyderabad,Punjab
O006506,11180,2025-06-24,Delivered,Debit Card,Ludhiana,Haryana
O006507,11407,2024-02-17,Delivered,Net Banking,Jaipur,Rajasthan
O006508,11772,2024-09-06,Returned,COD,Kochi,Uttar Pradesh
O006509,11344,2024-08-13,Shipped,Debit Card,Bengaluru,Tamil Nadu
O006510,12421,2024-09-28,Cancelled,Debit Card,Ahmedabad,Uttar Pradesh
O006511,10531,2025-10-26,Cancelled,Debit Card,Ludhiana,West Bengal
O006512,12263,2025-04-29,Delivered,Credit Card,Chennai,Tamil Nadu
O006513,12415,2024-11-23,Shipped,Debit Card,Ludhiana,Maharashtra
O006514,12162,2024-06-28,Delivered,COD,Kolkata,Maharashtra
O006515,10025,2025-10-26,Returned,Net Banking,Kochi,Telangana
O006516,11145,2024-01-23,Delivered,Credit Card,Mumbai,Tamil Nadu
O006517,11766,2025-08-28,Delivered,Net Banking,Chennai,Tamil Nadu
O006518,10858,2025-01-04,Delivered,UPI,Lucknow,Rajasthan
O006519,11027,2024-09-01,Delivered,Credit Card,Chennai,West Bengal
O006520,10898,2024-06-08,Delivered,COD,Bengaluru,Punjab
O006521,10773,2025-01-07,Delivered,Credit Card,Chennai,West Bengal
O006522,12493,2024-10-11,Delivered,Debit Card,Bengaluru,Karnataka
O006523,10020,2025-06-04,Delivered,Credit Card,Hyderabad,Uttar Pradesh
O006524,11228,2025-03-25,Delivered,Debit Card,Jaipur,Telangana
O006525,10806,2025-11-27,Delivered,Net Banking,Kochi,Punjab
O006526,11381,2025-10-08,Delivered,Credit Card,Hyderabad,Rajasthan
O006527,12176,2025-09-13,Shipped,Credit Card,Ludhiana,Kerala
O006528,12406,2025-08-03,Delivered,COD,Bengaluru,Gujarat
O006529,10881,2024-05-15,Delivered,UPI,Delhi,West Bengal
O006530,11334,2024-04-05,Delivered,Credit Card,Ludhiana,Uttar Pradesh
O006531,11685,2024-04-28,Cancelled,Net Banking,Ahmedabad,Haryana
O006532,11606,2025-01-08,Delivered,Debit Card,Delhi,Karnataka
O006533,11108,2024-09-30,Delivered,Net Banking,Jaipur,Delhi
O006534,10444,2024-06-25,Cancelled,COD,Kolkata,Rajasthan
O006535,12043,2024-10-03,Shipped,Credit Card,Hyderabad,Delhi
O006536,11229,2024-05-17,Shipped,UPI,Chennai,Maharashtra
O006537,11512,2024-05-11,Delivered,UPI,Mumbai,Gujarat
O006538,10779,2024-02-13,Shipped,Credit Card,Chennai,Rajasthan
O006539,12300,2024-05-02,Delivered,UPI,Chennai,Karnataka
O006540,11747,2024-05-15,Shipped,Net Banking,Chennai,West Bengal
O006541,11879,2025-01-01,Cancelled,Debit Card,Gurugram,Telangana
O006542,11055,2025-01-07,Cancelled,Credit Card,Ludhiana,Rajasthan
O006543,10421,2024-05-05,Delivered,Debit Card,Kochi,Delhi
O006544,11852,2025-03-14,Cancelled,UPI,Hyderabad,Tamil Nadu
O006545,12109,2025-07-29,Delivered,COD,Bengaluru,Gujarat
O006546,10579,2024-02-20,Delivered,Debit Card,Mumbai,Kerala
O006547,11250,2024-05-16,Delivered,COD,Kolkata,Rajasthan
O006548,11987,2024-06-06,Delivered,Net Banking,Chennai,Maharashtra
O006549,11359,2024-02-25,Delivered,COD,Gurugram,Maharashtra
O006550,10111,2025-08-15,Delivered,Debit Card,Jaipur,Uttar Pradesh
O006551,10491,2025-03-03,Delivered,Debit Card,Chennai,Tamil Nadu
O006552,11296,2025-03-18,Delivered,Credit Card,Mumbai,Tamil Nadu
O006553,11837,2024-11-21,Cancelled,COD,Bengaluru,Rajasthan
O006554,12082,2025-10-01,Shipped,Net Banking,Mumbai,Rajasthan
O006555,12260,2025-09-29,Delivered,Credit Card,Bengaluru,Karnataka
O006556,11397,2024-03-20,Returned,Credit Card,Lucknow,Haryana
O006557,12173,2025-04-18,Delivered,Net Banking,Kolkata,Tamil Nadu
O006558,11742,2025-01-11,Shipped,Credit Card,Delhi,Punjab
O006559,10894,2024-11-28,Delivered,Net Banking,Jaipur,Tamil Nadu
O006560,12379,2024-06-23,Returned,UPI,Gurugram,Gujarat
O006561,11876,2025-10-18,Shipped,Credit Card,Jaipur,Karnataka
O006562,11950,2025-03-16,Delivered,Debit Card,Gurugram,Maharashtra
O006563,11594,2024-05-05,Delivered,UPI,Ludhiana,Uttar Pradesh
O006564,10412,2025-11-24,Delivered,Credit Card,Lucknow,Kerala
O006565,11423,2024-08-06,Delivered,Net Banking,Kochi,Tamil Nadu
O006566,11677,2024-10-04,Delivered,UPI,Jaipur,Uttar Pradesh
O006567,11187,2025-04-29,Delivered,UPI,Delhi,Delhi
O006568,11647,2025-08-17,Delivered,Debit Card,Ludhiana,Rajasthan
O006569,11089,2024-05-20,Delivered,Credit Card,Ahmedabad,Rajasthan
O006570,11240,2025-08-29,Shipped,Credit Card,Ludhiana,Karnataka
O006571,10603,2025-12-06,Shipped,Net Banking,Ahmedabad,Karnataka
O006572,11938,2024-04-19,Delivered,UPI,Ludhiana,Uttar Pradesh
O006573,10026,2024-02-21,Delivered,Debit Card,Bengaluru,Uttar Pradesh
O006574,10584,2025-09-06,Delivered,Net Banking,Kolkata,Karnataka
O006575,11068,2025-09-04,Delivered,Net Banking,Delhi,Uttar Pradesh
O006576,11114,2025-10-15,Delivered,Debit Card,Kolkata,West Bengal
O006577,11157,2025-12-13,Shipped,Credit Card,Chennai,Telangana
O006578,11185,2024-11-14,Cancelled,Debit Card,Bengaluru,Tamil Nadu
O006579,11768,2024-07-17,Delivered,Credit Card,Gurugram,Karnataka
O006580,10380,2025-12-29,Delivered,COD,Ludhiana,Haryana
O006581,11285,2024-02-15,Delivered,UPI,Delhi,Maharashtra
O006582,11407,2025-05-19,Returned,Debit Card,Gurugram,Telangana
O006583,10369,2025-06-23,Cancelled,Net Banking,Kochi,Kerala
O006584,11101,2025-05-28,Delivered,Credit Card,Gurugram,Uttar Pradesh
O006585,12257,2024-01-17,Delivered,UPI,Mumbai,Tamil Nadu
O006586,11037,2024-11-10,Delivered,UPI,Chennai,Karnataka
O006587,11945,2025-03-11,Delivered,Debit Card,Jaipur,Karnataka
O006588,11594,2025-01-22,Delivered,Net Banking,Gurugram,Maharashtra
O006589,11922,2024-03-17,Delivered,Debit Card,Kolkata,Rajasthan
O006590,10025,2025-01-05,Cancelled,Net Banking,Ahmedabad,Gujarat
O006591,10546,2024-06-13,Delivered,COD,Lucknow,Tamil Nadu
O006592,11164,2025-08-31,Returned,Debit Card,Kochi,Haryana
O006593,10275,2025-09-08,Delivered,Credit Card,Kochi,Telangana
O006594,12270,2024-01-24,Delivered,Debit Card,Lucknow,Rajasthan
O006595,11153,2025-12-12,Delivered,Debit Card,Ludhiana,Gujarat
O006596,11347,2024-02-04,Delivered,COD,Gurugram,Punjab
O006597,11457,2025-05-28,Shipped,COD,Chennai,Gujarat
O006598,12266,2025-04-05,Delivered,Debit Card,Ahmedabad,Telangana
O006599,11871,2024-05-17,Shipped,Net Banking,Mumbai,Punjab
O006600,11272,2025-07-27,Delivered,COD,Delhi,Punjab
O006601,10111,2025-12-09,Delivered,COD,Delhi,Karnataka
O006602,11756,2025-07-24,Cancelled,Net Banking,Ahmedabad,Delhi
O006603,10708,2024-09-21,Returned,UPI,Mumbai,Delhi
O006604,12195,2024-11-28,Delivered,COD,Ludhiana,Tamil Nadu
O006605,11368,2024-07-06,Returned,COD,Jaipur,Punjab
O006606,11529,2024-03-03,Delivered,Net Banking,Bengaluru,Rajasthan
O006607,10552,2024-10-05,Delivered,Net Banking,Gurugram,Rajasthan
O006608,10134,2025-06-25,Shipped,Debit Card,Delhi,Rajasthan
O006609,12014,2024-06-19,Delivered,Debit Card,,Uttar Pradesh
O006610,11187,2025-05-17,Delivered,UPI,Delhi,Gujarat
O006611,11085,2025-06-16,Delivered,UPI,Kochi,Punjab
O006612,11029,2024-10-25,Delivered,UPI,Gurugram,Telangana
O006613,11061,2024-07-19,Delivered,Credit Card,Ludhiana,Kerala
O006614,11761,2024-05-14,Delivered,Net Banking,Chennai,Punjab
O006615,12023,2024-09-28,Shipped,COD,Kochi,Delhi
O006616,11752,2025-06-18,Delivered,Net Banking,Hyderabad,Tamil Nadu
O006617,12187,2025-03-17,Delivered,Net Banking,Gurugram,Uttar Pradesh
O006618,10596,2024-03-27,Cancelled,UPI,Gurugram,Delhi
O006619,10011,2024-01-31,Delivered,Net Banking,Ludhiana,Telangana
O006620,12375,2024-04-30,Delivered,Credit Card,Mumbai,Maharashtra
O006621,11722,2024-03-09,Cancelled,COD,Ahmedabad,Kerala
O006622,12427,2025-10-07,Cancelled,UPI,Mumbai,Kerala
O006623,12279,2025-05-10,Delivered,Debit Card,Chennai,Uttar Pradesh
O006624,11165,2024-05-25,Delivered,COD,Jaipur,Haryana
O006625,10618,2024-11-28,Delivered,Debit Card,Jaipur,Karnataka
O006626,10765,2025-04-25,Delivered,Debit Card,Hyderabad,Telangana
O006627,10049,2024-09-19,Delivered,Net Banking,Gurugram,Uttar Pradesh
O006628,10451,2024-10-19,Delivered,COD,Ahmedabad,West Bengal
O006629,11799,2025-03-04,Delivered,Credit Card,Hyderabad,Punjab
O006630,10491,2024-03-26,Delivered,Net Banking,Kochi,Haryana
O006631,11893,2024-01-16,Delivered,Debit Card,Kochi,Delhi
O006632,11433,2025-12-28,Cancelled,COD,Kolkata,Tamil Nadu
O006633,12455,2025-09-19,Delivered,Net Banking,Hyderabad,Karnataka
O006634,11075,2024-04-27,Delivered,COD,Hyderabad,Karnataka
O006635,12223,2024-09-26,Delivered,UPI,Kolkata,Kerala
O006636,11285,2025-01-29,Delivered,Credit Card,Delhi,Maharashtra
O006637,11758,2024-06-10,Delivered,Credit Card,Lucknow,Punjab
O006638,10223,2025-11-30,Delivered,Credit Card,Bengaluru,Haryana
O006639,10269,2024-04-13,Delivered,Debit Card,Kolkata,Telangana
O006640,10901,2025-10-14,Shipped,Debit Card,Lucknow,Punjab
O006641,10919,2024-06-15,Delivered,Credit Card,Kochi,Rajasthan
O006642,12366,2024-10-26,Delivered,COD,Hyderabad,Rajasthan
O006643,10385,2024-01-28,Delivered,UPI,Kolkata,Uttar Pradesh
O006644,11610,2025-02-27,Delivered,Debit Card,Delhi,Haryana
O006645,10626,2025-07-15,Delivered,Net Banking,Ahmedabad,Uttar Pradesh
O006646,11224,2024-06-04,Delivered,Net Banking,Delhi,Karnataka
O006647,11908,2024-11-19,Returned,Debit Card,Ludhiana,West Bengal
O006648,11363,2024-12-13,Delivered,Credit Card,Kochi,Gujarat
O006649,11715,2024-04-30,Delivered,COD,Hyderabad,Tamil Nadu
O006650,12353,2025-10-13,Delivered,UPI,Jaipur,Kerala
O006651,11776,2025-06-11,Cancelled,Net Banking,Lucknow,Karnataka
O006652,11269,2025-07-14,Delivered,Debit Card,Hyderabad,Delhi
O006653,10842,2024-06-12,Delivered,COD,Delhi,Maharashtra
O006654,11653,2024-03-02,Cancelled,Credit Card,Lucknow,West Bengal
O006655,11232,2024-12-05,Returned,UPI,Lucknow,Punjab
O006656,11748,2025-10-27,Delivered,UPI,Ludhiana,Gujarat
O006657,11283,2024-11-07,Delivered,Net Banking,Mumbai,Haryana
O006658,12211,2025-01-10,Delivered,Net Banking,Ahmedabad,Tamil Nadu
O006659,10738,2024-12-11,Delivered,Debit Card,Gurugram,Tamil Nadu
O006660,10341,2024-05-29,Delivered,UPI,Lucknow,Karnataka
O006661,11952,2025-08-07,Shipped,Credit Card,Mumbai,Telangana
O006662,11782,2025-08-03,Shipped,Credit Card,Gurugram,Uttar Pradesh
O006663,10530,2024-06-25,Delivered,Debit Card,Gurugram,Kerala
O006664,10034,2024-12-19,Delivered,UPI,Mumbai,Kerala
O006665,10323,2025-05-28,Cancelled,Net Banking,Ludhiana,Haryana
O006666,11205,2024-11-04,Returned,Credit Card,Chennai,Kerala
O006667,11987,2024-04-28,Delivered,COD,Mumbai,West Bengal
O006668,10347,2025-06-02,Delivered,Debit Card,Gurugram,Uttar Pradesh
O006669,11730,2025-04-22,Delivered,Credit Card,Jaipur,Karnataka
O006670,11216,2025-02-17,Delivered,COD,Delhi,Telangana
O006671,11603,2025-08-09,Delivered,COD,Kochi,Maharashtra
O006672,11703,2024-12-16,Delivered,Credit Card,Jaipur,Gujarat
O006673,10245,2025-05-20,Delivered,Debit Card,Chennai,Maharashtra
O006674,11832,2024-07-13,Delivered,COD,Bengaluru,West Bengal
O006675,10133,2024-07-05,Delivered,COD,Mumbai,Telangana
O006676,11371,2025-03-25,Delivered,UPI,Kochi,Delhi
O006677,12097,2025-05-10,Delivered,UPI,Lucknow,Gujarat
O006678,11088,2025-05-29,Delivered,UPI,Lucknow,Telangana
O006679,11648,2025-11-26,Delivered,COD,Kolkata,Tamil Nadu
O006680,11892,2024-09-29,Delivered,COD,Kochi,Delhi
O006681,11721,2024-02-21,Returned,Debit Card,Kochi,Tamil Nadu
O006682,11128,2024-09-19,Delivered,Net Banking,Lucknow,Telangana
O006683,12261,2025-01-02,Delivered,UPI,Jaipur,Punjab
O006684,11541,2024-05-12,Delivered,Net Banking,Delhi,Punjab
O006685,10119,2024-08-12,Delivered,UPI,Jaipur,Haryana
O006686,10895,2024-11-05,Delivered,UPI,Mumbai,Uttar Pradesh
O006687,11266,2025-07-26,Delivered,Debit Card,Jaipur,Karnataka
O006688,12328,2024-01-16,Cancelled,Debit Card,Kochi,Karnataka
O006689,12472,2024-07-13,Shipped,Credit Card,Hyderabad,Rajasthan
O006690,10363,2025-03-18,Delivered,UPI,Lucknow,Delhi
O006691,11774,2024-10-29,Delivered,UPI,Hyderabad,Kerala
O006692,11741,2024-02-17,Delivered,UPI,Kolkata,Telangana
O006693,10314,2024-04-30,Delivered,Debit Card,Gurugram,Rajasthan
O006694,11537,2025-05-13,Shipped,UPI,Mumbai,Maharashtra
O006695,11707,2025-07-15,Delivered,Credit Card,Jaipur,Maharashtra
O006696,11087,2025-04-13,Delivered,COD,Ahmedabad,West Bengal
O006697,10272,2024-02-10,Delivered,Credit Card,Lucknow,Tamil Nadu
O006698,11061,2025-03-31,Delivered,COD,Mumbai,Uttar Pradesh
O006699,11790,2025-06-17,Cancelled,Debit Card,Bengaluru,Punjab
O006700,12391,2025-01-05,Delivered,Net Banking,Lucknow,Karnataka
O006701,12394,2024-06-30,Delivered,Debit Card,Hyderabad,Punjab
O006702,12281,2025-05-31,Delivered,Net Banking,Chennai,Karnataka
O006703,10990,2025-10-18,Delivered,COD,Lucknow,Karnataka
O006704,12464,2025-08-12,Delivered,Net Banking,Kolkata,Kerala
O006705,10905,2024-08-18,Delivered,COD,Kochi,Tamil Nadu
O006706,12315,2024-12-13,Delivered,Net Banking,Kochi,Kerala
O006707,10744,2025-04-23,Delivered,COD,Kolkata,Kerala
O006708,10911,2024-07-27,Delivered,Net Banking,Hyderabad,Karnataka
O006709,12491,2025-11-05,Delivered,COD,Kochi,Rajasthan
O006710,11886,2025-11-10,Delivered,Credit Card,Gurugram,Rajasthan
O006711,11746,2024-10-04,Delivered,UPI,Mumbai,West Bengal
O006712,12124,2025-11-18,Returned,Credit Card,Lucknow,Maharashtra
O006713,10247,2024-02-22,Delivered,Debit Card,Mumbai,Kerala
O006714,11852,2024-01-10,Delivered,Net Banking,Lucknow,Telangana
O006715,12361,2025-10-19,Shipped,COD,Ludhiana,Haryana
O006716,10576,2025-04-08,Delivered,Credit Card,Hyderabad,West Bengal
O006717,11616,2025-08-05,Shipped,Credit Card,Bengaluru,Rajasthan
O006718,12391,2024-06-06,Shipped,COD,Kochi,Haryana
O006719,11206,2024-01-19,Delivered,Net Banking,Ahmedabad,Punjab
O006720,10984,2024-02-24,Returned,Debit Card,Ahmedabad,West Bengal
O006721,12447,2025-12-27,Delivered,Debit Card,Kochi,Telangana
O006722,10924,2025-12-21,Delivered,Debit Card,Mumbai,Karnataka
O006723,10292,2024-01-21,Shipped,COD,Delhi,Uttar Pradesh
O006724,12102,2024-10-08,Delivered,Credit Card,Gurugram,Karnataka
O006725,11380,2025-06-23,Delivered,Debit Card,Jaipur,Delhi
O006726,10022,2025-02-20,Cancelled,Credit Card,Delhi,Punjab
O006727,11316,2025-12-23,Returned,Debit Card,Ahmedabad,Rajasthan
O006728,11053,2024-10-11,Delivered,Debit Card,Hyderabad,Maharashtra
O006729,11962,2025-06-15,Returned,Net Banking,Jaipur,Uttar Pradesh
O006730,12208,2025-06-15,Delivered,COD,Chennai,Tamil Nadu
O006731,10910,2025-05-25,Delivered,Net Banking,Kochi,West Bengal
O006732,10530,2025-01-30,Delivered,Credit Card,Mumbai,Punjab
O006733,10101,2024-04-29,Delivered,Credit Card,Kochi,Delhi
O006734,11314,2024-04-06,Delivered,COD,Chennai,Tamil Nadu
O006735,12391,2024-04-29,Delivered,Debit Card,Gurugram,Kerala
O006736,11952,2025-06-20,Delivered,COD,Chennai,Tamil Nadu
O006737,11902,2024-06-01,Delivered,Debit Card,Jaipur,Kerala
O006738,10579,2024-09-01,Returned,UPI,Ahmedabad,Maharashtra
O006739,11215,2025-05-30,Delivered,UPI,Gurugram,Rajasthan
O006740,10790,2025-01-27,Delivered,COD,Mumbai,Maharashtra
O006741,11367,2024-05-22,Shipped,UPI,Jaipur,Telangana
O006742,12173,2025-05-18,Delivered,UPI,Ludhiana,Tamil Nadu
O006743,11632,2024-08-07,Shipped,Credit Card,Hyderabad,Delhi
O006744,11384,2024-06-08,Delivered,Debit Card,Chennai,Haryana
O006745,10503,2024-03-16,Delivered,UPI,Jaipur,Uttar Pradesh
O006746,10173,2025-09-02,Delivered,Net Banking,Gurugram,Rajasthan
O006747,10887,2025-11-22,Delivered,Credit Card,Hyderabad,West Bengal
O006748,11418,2025-09-30,Delivered,Debit Card,Kochi,Haryana
O006749,12168,2024-02-01,Delivered,Credit Card,Hyderabad,Uttar Pradesh
O006750,10273,2024-11-29,Cancelled,Net Banking,Lucknow,Delhi
O006751,11410,2025-06-08,Delivered,Debit Card,Hyderabad,Karnataka
O006752,10858,2025-03-15,Delivered,COD,Jaipur,Punjab
O006753,11911,2024-12-17,Shipped,COD,Delhi,Uttar Pradesh
O006754,11958,2024-12-04,Delivered,Credit Card,Kolkata,Karnataka
O006755,10261,2025-02-03,Shipped,COD,Delhi,Gujarat
O006756,11353,2025-01-30,Delivered,Debit Card,Kolkata,Kerala
O006757,11148,2024-07-20,Delivered,Net Banking,Delhi,Rajasthan
O006758,11500,2025-06-13,Delivered,Net Banking,Bengaluru,Gujarat
O006759,10278,2024-04-02,Delivered,COD,Kochi,Haryana
O006760,12141,2024-12-23,Delivered,UPI,Kochi,Haryana
O006761,10823,2025-01-30,Returned,UPI,Bengaluru,Kerala
O006762,12176,2024-02-29,Delivered,UPI,Ahmedabad,Karnataka
O006763,10532,2025-04-21,Delivered,COD,Gurugram,Delhi
O006764,10167,2025-12-26,Delivered,COD,Gurugram,Kerala
O006765,10831,2025-09-03,Delivered,COD,Ludhiana,Telangana
O006766,10236,2024-01-01,Delivered,Debit Card,Bengaluru,Rajasthan
O006767,11056,2025-07-08,Delivered,UPI,Lucknow,Haryana
O006768,11255,2024-11-06,Delivered,Credit Card,Ludhiana,Gujarat
O006769,10191,2024-06-16,Delivered,Debit Card,Bengaluru,Haryana
O006770,10613,2024-07-10,Shipped,Debit Card,Ludhiana,Maharashtra
O006771,11532,2024-02-03,Delivered,COD,Jaipur,Gujarat
O006772,12303,2024-02-03,Delivered,COD,Ahmedabad,Gujarat
O006773,11724,2025-11-18,Shipped,Debit Card,Kochi,Haryana
O006774,10973,2025-02-20,Returned,COD,Kolkata,Punjab
O006775,10649,2025-12-08,Delivered,UPI,Chennai,Rajasthan
O006776,10106,2024-06-06,Cancelled,Debit Card,Bengaluru,Karnataka
O006777,11605,2025-05-14,Delivered,Debit Card,Bengaluru,Uttar Pradesh
O006778,10192,2024-12-31,Delivered,Debit Card,Jaipur,Rajasthan
O006779,11003,2024-12-05,Cancelled,COD,Gurugram,Kerala
O006780,11302,2024-11-30,Cancelled,Debit Card,Jaipur,Haryana
O006781,11568,2025-08-05,Delivered,Credit Card,Delhi,Maharashtra
O006782,12223,2024-11-22,Delivered,Credit Card,Bengaluru,Karnataka
O006783,11794,2024-04-23,Delivered,UPI,Bengaluru,Haryana
O006784,10635,2025-02-21,Delivered,Debit Card,Mumbai,Maharashtra
O006785,10085,2025-04-12,Shipped,Debit Card,Ludhiana,Maharashtra
O006786,12012,2024-05-22,Delivered,COD,Hyderabad,Rajasthan
O006787,10728,2025-08-31,Delivered,Net Banking,Kolkata,Maharashtra
O006788,11061,2024-11-04,Delivered,Net Banking,Delhi,Delhi
O006789,11688,2025-02-04,Cancelled,Debit Card,Ludhiana,Karnataka
O006790,11600,2024-11-15,Delivered,UPI,Mumbai,Rajasthan
O006791,10070,2024-07-30,Delivered,Credit Card,Jaipur,Rajasthan
O006792,10154,2024-11-12,Returned,Debit Card,Gurugram,Uttar Pradesh
O006793,11462,2024-07-03,Delivered,Debit Card,Hyderabad,Gujarat
O006794,12319,2024-07-23,Shipped,UPI,Ahmedabad,Uttar Pradesh
O006795,12020,2024-12-29,Delivered,UPI,Kolkata,Haryana
O006796,11098,2024-08-03,Delivered,Net Banking,Bengaluru,Telangana
O006797,10571,2024-09-02,Delivered,Debit Card,Mumbai,Rajasthan
O006798,10149,2024-08-26,Delivered,Debit Card,Ahmedabad,West Bengal
O006799,12058,2025-01-25,Delivered,COD,Kolkata,Haryana
O006800,12110,2025-06-03,Delivered,Credit Card,Chennai,Karnataka
O006801,11412,2025-08-12,Delivered,COD,Kolkata,Telangana
O006802,11919,2024-10-03,Delivered,COD,Ludhiana,Maharashtra
O006803,10774,2024-07-20,Delivered,Credit Card,Delhi,Telangana
O006804,11754,2024-08-01,Delivered,Debit Card,Ahmedabad,West Bengal
O006805,11872,2025-08-28,Delivered,Net Banking,Mumbai,Tamil Nadu
O006806,11574,2025-04-22,Delivered,Credit Card,Kochi,Gujarat
O006807,11713,2025-05-22,Delivered,UPI,Ludhiana,Delhi
O006808,12493,2024-03-15,Delivered,Debit Card,Kochi,Rajasthan
O006809,11345,2025-10-30,Delivered,Credit Card,Delhi,Tamil Nadu
O006810,11107,2025-10-26,Delivered,Credit Card,Lucknow,Haryana
O006811,10017,2024-05-21,Delivered,Credit Card,Jaipur,Gujarat
O006812,12417,2025-08-12,Delivered,Net Banking,Kolkata,West Bengal
O006813,11692,2024-11-17,Shipped,COD,Ahmedabad,Rajasthan
O006814,10583,2025-11-24,Delivered,COD,Mumbai,Haryana
O006815,10255,2025-04-05,Delivered,Credit Card,Delhi,Rajasthan
O006816,10561,2025-12-07,Delivered,Credit Card,Bengaluru,Uttar Pradesh
O006817,11416,2025-10-31,Returned,COD,Mumbai,West Bengal
O006818,10320,2024-05-25,Delivered,Net Banking,Gurugram,Haryana
O006819,10220,2024-02-23,Delivered,Debit Card,Ahmedabad,Kerala
O006820,10699,2024-12-21,Cancelled,COD,Lucknow,Rajasthan
O006821,11438,2024-10-03,Delivered,Credit Card,Hyderabad,Telangana
O006822,10032,2025-08-17,Delivered,Net Banking,Jaipur,Uttar Pradesh
O006823,10715,2025-02-03,Delivered,Net Banking,Gurugram,Uttar Pradesh
O006824,11040,2025-10-29,Delivered,Credit Card,Chennai,West Bengal
O006825,10409,2025-05-30,Delivered,UPI,Chennai,West Bengal
O006826,12221,2025-05-13,Delivered,Net Banking,Jaipur,Rajasthan
O006827,10936,2024-11-06,Shipped,COD,Mumbai,Karnataka
O006828,11128,2024-09-27,Delivered,UPI,Ludhiana,Punjab
O006829,11341,2025-07-29,Shipped,Debit Card,Kolkata,Telangana
O006830,10707,2025-03-24,Shipped,COD,Chennai,Delhi
O006831,10783,2024-04-21,Delivered,Credit Card,Jaipur,Tamil Nadu
O006832,11205,2024-08-26,Delivered,UPI,Gurugram,Karnataka
O006833,12180,2024-05-23,Delivered,COD,Gurugram,Rajasthan
O006834,11179,2025-01-08,Delivered,Net Banking,Ludhiana,Delhi
O006835,12407,2024-01-20,Delivered,Credit Card,Chennai,Delhi
O006836,11259,2025-07-29,Delivered,UPI,Gurugram,Delhi
O006837,10165,2024-10-15,Shipped,Net Banking,Lucknow,Punjab
O006838,12475,2025-08-15,Delivered,Credit Card,Mumbai,Tamil Nadu
O006839,10213,2024-07-15,Delivered,Credit Card,Ludhiana,Telangana
O006840,11949,2025-01-16,Shipped,UPI,Bengaluru,Uttar Pradesh
O006841,10766,2025-08-03,Delivered,UPI,Lucknow,Uttar Pradesh
O006842,12205,2025-11-28,Delivered,UPI,Ludhiana,Rajasthan
O006843,12483,2025-11-09,Delivered,COD,Chennai,Telangana
O006844,11202,2025-12-17,Delivered,Credit Card,Ludhiana,Karnataka
O006845,11820,2025-05-06,Delivered,Debit Card,Kolkata,West Bengal
O006846,10645,2024-06-12,Returned,Net Banking,Chennai,Kerala
O006847,11661,2025-08-28,Delivered,UPI,Mumbai,Rajasthan
O006848,12360,2024-09-05,Delivered,Credit Card,Jaipur,West Bengal
O006849,11856,2024-03-08,Delivered,Net Banking,Ahmedabad,Telangana
O006850,10127,2024-01-21,Delivered,Debit Card,Ludhiana,Gujarat
O006851,10377,2025-05-26,Delivered,Net Banking,Gurugram,Uttar Pradesh
O006852,10225,2025-08-19,Delivered,Debit Card,Kochi,Punjab
O006853,10497,2025-01-24,Delivered,UPI,Gurugram,Haryana
O006854,12017,2025-06-19,Delivered,COD,Hyderabad,Maharashtra
O006855,10473,2024-04-20,Delivered,Debit Card,Mumbai,Rajasthan
O006856,11889,2025-08-17,Returned,UPI,Lucknow,Kerala
O006857,11161,2025-04-04,Delivered,Net Banking,Hyderabad,Punjab
O006858,10217,2024-03-18,Delivered,Net Banking,Bengaluru,Tamil Nadu
O006859,10196,2025-03-09,Delivered,Net Banking,Bengaluru,Telangana
O006860,12249,2025-01-14,Delivered,COD,Gurugram,Kerala
O006861,10366,2025-10-13,Delivered,Credit Card,Ahmedabad,Rajasthan
O006862,11552,2025-03-15,Delivered,Debit Card,Chennai,Haryana
O006863,12448,2024-12-04,Returned,Credit Card,Kochi,Rajasthan
O006864,11549,2025-02-27,Shipped,Net Banking,Lucknow,Karnataka
O006865,10214,2024-06-17,Delivered,COD,Hyderabad,Haryana
O006866,12389,2025-12-09,Shipped,UPI,Chennai,Tamil Nadu
O006867,10119,2024-09-18,Delivered,COD,Delhi,Telangana
O006868,11717,2025-12-27,Delivered,Credit Card,Mumbai,Maharashtra
O006869,10842,2025-08-01,Delivered,Net Banking,Chennai,Gujarat
O006870,11673,2024-08-16,Delivered,Debit Card,Hyderabad,Uttar Pradesh
O006871,11203,2024-06-09,Delivered,COD,Delhi,Kerala
O006872,11456,2025-03-02,Delivered,Credit Card,Bengaluru,Karnataka
O006873,11744,2024-05-01,Delivered,Credit Card,Delhi,Tamil Nadu
O006874,10945,2024-05-28,Delivered,UPI,Lucknow,Tamil Nadu
O006875,12450,2025-12-05,Delivered,Debit Card,Bengaluru,Karnataka
O006876,10566,2024-04-20,Cancelled,Credit Card,Kochi,Karnataka
O006877,12472,2025-10-18,Delivered,Debit Card,Chennai,Telangana
O006878,10118,2024-08-08,Delivered,Net Banking,Chennai,Punjab
O006879,10368,2024-03-04,Delivered,COD,Hyderabad,Rajasthan
O006880,11130,2025-09-29,Delivered,Credit Card,Ahmedabad,Gujarat
O006881,11918,2025-12-30,Returned,Net Banking,Lucknow,Punjab
O006882,12196,2024-12-19,Delivered,UPI,Jaipur,Telangana
O006883,11890,2025-04-18,Delivered,Debit Card,Kolkata,Telangana
O006884,12198,2025-04-29,Delivered,Net Banking,Mumbai,Telangana
O006885,10816,2024-01-13,Cancelled,Debit Card,Bengaluru,Maharashtra
O006886,12304,2024-06-01,Cancelled,Debit Card,Gurugram,Uttar Pradesh
O006887,12130,2024-08-26,Cancelled,Credit Card,Lucknow,Haryana
O006888,12064,2024-07-08,Delivered,Debit Card,Kochi,West Bengal
O006889,10901,2025-10-24,Delivered,Net Banking,Chennai,Rajasthan
O006890,10193,2024-03-26,Delivered,UPI,Bengaluru,Maharashtra
O006891,11098,2024-01-21,Delivered,Credit Card,Kolkata,Rajasthan
O006892,11085,2025-11-24,Delivered,COD,Kochi,Telangana
O006893,10951,2024-11-14,Delivered,UPI,Lucknow,Haryana
O006894,12391,2024-06-06,Shipped,Net Banking,Chennai,Punjab
O006895,12443,2025-04-25,Delivered,Credit Card,Ahmedabad,Gujarat
O006896,10943,2024-03-16,Cancelled,Debit Card,Ahmedabad,Karnataka
O006897,10258,2024-11-24,Delivered,UPI,Ludhiana,West Bengal
O006898,11222,2025-02-19,Delivered,Credit Card,Lucknow,Delhi
O006899,12101,2024-07-21,Delivered,COD,Ludhiana,West Bengal
O006900,10651,2024-08-16,Delivered,COD,Chennai,Delhi
O006901,12319,2024-05-31,Delivered,COD,Bengaluru,Tamil Nadu
O006902,12249,2024-03-12,Cancelled,Credit Card,Lucknow,Karnataka
O006903,10396,2024-08-12,Delivered,UPI,Ahmedabad,West Bengal
O006904,12426,2025-04-17,Cancelled,Debit Card,Lucknow,Uttar Pradesh
O006905,11915,2025-10-04,Cancelled,UPI,Lucknow,Kerala
O006906,10923,2024-12-25,Delivered,Debit Card,Ludhiana,Gujarat
O006907,10398,2025-06-23,Cancelled,UPI,Mumbai,Delhi
O006908,11206,2025-08-31,Cancelled,UPI,Kochi,Gujarat
O006909,11307,2024-02-15,Returned,Credit Card,Bengaluru,Karnataka
O006910,10561,2024-01-01,Cancelled,COD,Gurugram,West Bengal
O006911,10190,2025-11-08,Shipped,COD,Bengaluru,Punjab
O006912,10205,2024-09-01,Delivered,COD,Lucknow,Gujarat
O006913,10044,2024-08-06,Delivered,COD,Kolkata,Haryana
O006914,11004,2025-09-05,Cancelled,UPI,Ludhiana,Haryana
O006915,11706,2024-10-17,Shipped,COD,Jaipur,Gujarat
O006916,11303,2025-04-02,Delivered,UPI,Lucknow,Maharashtra
O006917,10713,2024-07-22,Delivered,Debit Card,Ludhiana,Telangana
O006918,10311,2024-07-20,Delivered,Net Banking,Chennai,Tamil Nadu
O006919,10878,2025-07-19,Delivered,Net Banking,Gurugram,Punjab
O006920,10857,2025-04-26,Delivered,Debit Card,Jaipur,Rajasthan
O006921,12322,2025-05-25,Delivered,UPI,Kolkata,Delhi
O006922,11556,2024-10-04,Shipped,COD,Ahmedabad,Karnataka
O006923,10531,2024-01-16,Delivered,Credit Card,Lucknow,Haryana
O006924,10017,2025-06-08,Delivered,UPI,Kolkata,Haryana
O006925,10470,2024-12-21,Shipped,UPI,Lucknow,Maharashtra
O006926,10811,2024-12-21,Shipped,Debit Card,Ludhiana,Punjab
O006927,11328,2025-08-21,Delivered,Debit Card,Kochi,Haryana
O006928,10555,2024-03-18,Delivered,Credit Card,Kochi,Karnataka
O006929,12141,2024-03-07,Delivered,COD,Gurugram,Maharashtra
O006930,10882,2025-12-23,Shipped,Net Banking,Kochi,Tamil Nadu
O006931,10821,2024-08-01,Delivered,COD,Jaipur,Haryana
O006932,10584,2025-11-27,Delivered,COD,Chennai,Telangana
O006933,10846,2025-03-24,Cancelled,UPI,Ludhiana,Rajasthan
O006934,11997,2025-03-08,Returned,Credit Card,Ludhiana,Gujarat
O006935,10842,2025-06-28,Delivered,UPI,Ludhiana,Telangana
O006936,12376,2024-04-24,Delivered,Debit Card,Kochi,Punjab
O006937,11805,2025-02-23,Delivered,Net Banking,Jaipur,Uttar Pradesh
O006938,10730,2025-05-13,Delivered,Credit Card,Bengaluru,Punjab
O006939,10254,2025-12-10,Delivered,Credit Card,Bengaluru,Tamil Nadu
O006940,11464,2025-01-14,Delivered,COD,Kolkata,Uttar Pradesh
O006941,10851,2024-05-22,Delivered,UPI,Chennai,Telangana
O006942,12168,2025-09-23,Delivered,COD,Lucknow,Delhi
O006943,10822,2024-01-24,Cancelled,COD,Kochi,West Bengal
O006944,11573,2025-06-22,Delivered,Credit Card,Gurugram,Rajasthan
O006945,10979,2024-03-15,Delivered,Net Banking,Lucknow,Haryana
O006946,12145,2025-06-18,Returned,Debit Card,Lucknow,Tamil Nadu
O006947,10871,2025-11-03,Delivered,COD,Gurugram,Telangana
O006948,11394,2024-02-10,Returned,Net Banking,Mumbai,Rajasthan
O006949,10257,2025-07-21,Delivered,COD,Chennai,Gujarat
O006950,10128,2025-02-16,Delivered,Net Banking,Kolkata,West Bengal
O006951,11383,2025-02-18,Delivered,UPI,Kolkata,Haryana
O006952,11180,2025-03-24,Delivered,Debit Card,Bengaluru,Punjab
O006953,12105,2025-09-01,Delivered,Credit Card,Lucknow,Tamil Nadu
O006954,11972,2025-10-19,Delivered,UPI,Hyderabad,Tamil Nadu
O006955,10556,2025-03-11,Delivered,COD,Kolkata,Delhi
O006956,12206,2025-07-05,Delivered,COD,Mumbai,West Bengal
O006957,10085,2025-12-05,Delivered,Debit Card,Ludhiana,Rajasthan
O006958,10322,2024-08-26,Delivered,Debit Card,Kolkata,Kerala
O006959,12357,2024-02-11,Delivered,Debit Card,Delhi,Karnataka
O006960,11554,2025-12-08,Returned,COD,Bengaluru,West Bengal
O006961,10284,2024-01-10,Delivered,COD,Delhi,Tamil Nadu
O006962,11918,2024-09-21,Returned,Credit Card,Kolkata,Punjab
O006963,12182,2025-08-03,Delivered,Debit Card,Bengaluru,Telangana
O006964,10614,2025-03-20,Delivered,Net Banking,Ludhiana,Rajasthan
O006965,11428,2024-05-18,Delivered,Credit Card,Jaipur,Maharashtra
O006966,11517,2024-07-14,Shipped,Net Banking,Hyderabad,Kerala
O006967,10229,2024-03-14,Shipped,UPI,Hyderabad,Rajasthan
O006968,11830,2025-09-06,Shipped,Debit Card,Jaipur,Punjab
O006969,11330,2024-08-12,Delivered,Credit Card,Kolkata,Karnataka
O006970,11933,2025-09-26,Shipped,Credit Card,Mumbai,Telangana
O006971,10119,2024-04-11,Delivered,UPI,Lucknow,Karnataka
O006972,12372,2024-09-20,Delivered,UPI,Jaipur,Telangana
O006973,10921,2024-06-09,Delivered,UPI,Chennai,Tamil Nadu
O006974,12207,2024-08-20,Delivered,Credit Card,,Gujarat
O006975,12287,2025-05-05,Shipped,COD,Kochi,Haryana
O006976,12444,2024-11-06,Delivered,Net Banking,Ludhiana,Karnataka
O006977,10320,2025-10-12,Delivered,Net Banking,Ludhiana,Haryana
O006978,12357,2024-08-14,Delivered,UPI,Gurugram,Maharashtra
O006979,12297,2024-09-29,Returned,COD,Kolkata,West Bengal
O006980,10701,2024-11-12,Delivered,COD,Ludhiana,Delhi
O006981,12442,2024-03-26,Delivered,UPI,Chennai,Rajasthan
O006982,11018,2024-10-17,Delivered,Debit Card,Hyderabad,Punjab
O006983,10406,2025-04-13,Shipped,Credit Card,Ludhiana,Haryana
O006984,11205,2025-12-29,Returned,Debit Card,Jaipur,Uttar Pradesh
O006985,12069,2025-07-31,Delivered,COD,Hyderabad,West Bengal
O006986,11699,2025-10-08,Delivered,UPI,Delhi,Uttar Pradesh
O006987,11607,2025-02-07,Cancelled,Credit Card,Mumbai,Karnataka
O006988,10155,2025-03-02,Returned,Net Banking,Kochi,West Bengal
O006989,11852,2025-01-09,Delivered,COD,Kolkata,Haryana
O006990,10867,2025-07-20,Delivered,Credit Card,Gurugram,Karnataka
O006991,10559,2024-09-08,Shipped,Credit Card,Ahmedabad,Kerala
O006992,10194,2025-06-16,Delivered,Debit Card,Jaipur,Gujarat
O006993,12447,2024-11-02,Delivered,Net Banking,Jaipur,West Bengal
O006994,12328,2025-03-05,Delivered,Debit Card,Mumbai,Maharashtra
O006995,11034,2025-11-05,Delivered,Debit Card,Lucknow,Haryana
O006996,11400,2024-09-20,Delivered,Debit Card,Mumbai,West Bengal
O006997,12200,2024-03-08,Returned,Debit Card,Hyderabad,Gujarat
O006998,12032,2024-04-16,Delivered,COD,Chennai,Gujarat
O006999,10802,2025-02-03,Cancelled,Net Banking,Bengaluru,Uttar Pradesh
O007000,10553,2025-08-01,Shipped,Debit Card,Kochi,Karnataka
O007001,11448,2024-07-17,Delivered,COD,Bengaluru,Delhi
O007002,11547,2024-07-10,Cancelled,COD,Delhi,Tamil Nadu
O007003,10730,2025-05-28,Delivered,Credit Card,Hyderabad,Tamil Nadu
O007004,11013,2025-03-17,Delivered,Credit Card,Mumbai,Haryana
O007005,10171,2024-01-01,Delivered,UPI,Hyderabad,Kerala
O007006,10850,2024-12-23,Delivered,COD,Delhi,Tamil Nadu
O007007,10794,2024-04-24,Delivered,UPI,Bengaluru,Uttar Pradesh
O007008,11589,2025-08-22,Delivered,COD,Hyderabad,Karnataka
O007009,10125,2024-07-15,Delivered,Debit Card,Delhi,Delhi
O007010,10175,2025-08-26,Delivered,Debit Card,Chennai,Delhi
O007011,11801,2024-09-30,Returned,UPI,Kochi,Delhi
O007012,10106,2024-06-08,Returned,Debit Card,Ahmedabad,Maharashtra
O007013,11971,2024-06-21,Delivered,Debit Card,Chennai,Tamil Nadu
O007014,11661,2025-06-28,Delivered,Credit Card,Ahmedabad,Rajasthan
O007015,10038,2025-04-02,Delivered,Debit Card,Ludhiana,Tamil Nadu
O007016,10395,2025-08-07,Delivered,Credit Card,Delhi,West Bengal
O007017,10921,2025-03-08,Shipped,Net Banking,Mumbai,Tamil Nadu
O007018,11491,2025-04-25,Cancelled,COD,Gurugram,Maharashtra
O007019,10722,2025-03-30,Delivered,Credit Card,Hyderabad,Uttar Pradesh
O007020,12031,2024-07-14,Delivered,Credit Card,Bengaluru,Kerala
O007021,12363,2025-08-21,Delivered,Credit Card,Gurugram,Delhi
O007022,11309,2024-11-04,Delivered,COD,Kochi,Telangana
O007023,12030,2025-07-09,Shipped,COD,Chennai,Kerala
O007024,11704,2025-05-08,Delivered,COD,Hyderabad,Punjab
O007025,11634,2025-03-14,Shipped,Debit Card,Ahmedabad,West Bengal
O007026,11453,2025-10-11,Delivered,Credit Card,Lucknow,Tamil Nadu
O007027,10365,2024-12-24,Delivered,COD,Kochi,Rajasthan
O007028,12229,2024-02-05,Delivered,Net Banking,Ahmedabad,Maharashtra
O007029,10734,2024-02-03,Delivered,COD,Kochi,Kerala
O007030,10244,2024-03-28,Shipped,UPI,Hyderabad,West Bengal
O007031,10313,2025-10-19,Cancelled,UPI,Mumbai,Tamil Nadu
O007032,10076,2024-01-16,Shipped,Credit Card,Delhi,Rajasthan
O007033,12310,2025-02-24,Delivered,Credit Card,Ahmedabad,Telangana
O007034,10231,2025-07-06,Shipped,Credit Card,Mumbai,West Bengal
O007035,11412,2024-05-05,Delivered,Debit Card,Kochi,Maharashtra
O007036,11349,2024-01-08,Delivered,UPI,Chennai,Haryana
O007037,10842,2025-04-16,Delivered,UPI,Gurugram,Kerala
O007038,11480,2025-04-12,Delivered,Credit Card,Delhi,Gujarat
O007039,10516,2025-05-24,Shipped,UPI,Ahmedabad,Delhi
O007040,12490,2025-02-05,Delivered,UPI,Ahmedabad,Rajasthan
O007041,11573,2024-06-24,Delivered,Debit Card,Gurugram,Uttar Pradesh
O007042,12310,2025-01-01,Delivered,Net Banking,Kolkata,Telangana
O007043,10819,2025-05-02,Delivered,Credit Card,Hyderabad,Kerala
O007044,10608,2024-01-18,Delivered,Net Banking,Bengaluru,Punjab
O007045,10523,2024-02-25,Delivered,Net Banking,Gurugram,Uttar Pradesh
O007046,11802,2024-02-04,Shipped,Debit Card,Jaipur,Delhi
O007047,11213,2025-09-21,Delivered,UPI,Ahmedabad,Tamil Nadu
O007048,11037,2025-12-25,Shipped,Credit Card,Bengaluru,Delhi
O007049,10162,2025-07-26,Delivered,COD,Ahmedabad,Karnataka
O007050,11517,2025-08-22,Delivered,Net Banking,Ludhiana,Rajasthan
O007051,12053,2024-12-12,Delivered,Net Banking,Hyderabad,Maharashtra
O007052,12032,2024-02-01,Delivered,Debit Card,Kolkata,Rajasthan
O007053,10202,2024-05-12,Delivered,Net Banking,Ludhiana,Haryana
O007054,12464,2025-07-29,Delivered,Net Banking,Ludhiana,Maharashtra
O007055,11036,2024-07-17,Returned,Net Banking,Ludhiana,Karnataka
O007056,10948,2024-09-12,Delivered,Debit Card,Kolkata,Tamil Nadu
O007057,11421,2024-12-07,Returned,UPI,Kolkata,Punjab
O007058,11365,2025-10-28,Delivered,Net Banking,Jaipur,Kerala
O007059,10752,2024-08-18,Shipped,Credit Card,Kochi,West Bengal
O007060,10950,2024-10-27,Delivered,Net Banking,Lucknow,Haryana
O007061,12421,2025-06-30,Delivered,Net Banking,Bengaluru,Telangana
O007062,11249,2024-01-26,Delivered,Credit Card,Chennai,Haryana
O007063,11206,2025-06-18,Delivered,Debit Card,Bengaluru,Uttar Pradesh
O007064,11321,2025-10-14,Shipped,COD,Kochi,Karnataka
O007065,11331,2025-04-18,Cancelled,Credit Card,Ahmedabad,Uttar Pradesh
O007066,10431,2025-01-21,Delivered,COD,Ahmedabad,Rajasthan
O007067,12166,2024-10-11,Delivered,UPI,Jaipur,Punjab
O007068,10588,2025-03-25,Delivered,UPI,Chennai,Kerala
O007069,12275,2024-11-15,Delivered,Net Banking,Gurugram,Haryana
O007070,11264,2024-06-04,Delivered,Net Banking,Kolkata,Punjab
O007071,12396,2025-04-15,Delivered,Debit Card,Ahmedabad,Punjab
O007072,10141,2025-02-23,Delivered,COD,Gurugram,Tamil Nadu
O007073,10204,2024-04-22,Delivered,UPI,Kochi,Rajasthan
O007074,11004,2025-10-12,Delivered,UPI,Chennai,West Bengal
O007075,11666,2025-02-25,Delivered,Net Banking,Ahmedabad,Karnataka
O007076,10861,2025-12-21,Delivered,Net Banking,Jaipur,West Bengal
O007077,10845,2025-08-20,Delivered,Debit Card,Ahmedabad,West Bengal
O007078,12361,2024-10-11,Cancelled,Net Banking,Mumbai,Maharashtra
O007079,11939,2025-07-25,Delivered,Net Banking,Bengaluru,Tamil Nadu
O007080,10137,2024-02-23,Delivered,Debit Card,Mumbai,Haryana
O007081,11652,2025-08-27,Shipped,Net Banking,Kolkata,Karnataka
O007082,12399,2024-11-20,Delivered,Net Banking,Lucknow,Delhi
O007083,11691,2025-04-02,Delivered,Net Banking,Hyderabad,Telangana
O007084,12221,2024-09-21,Delivered,COD,Bengaluru,Kerala
O007085,11154,2025-01-16,Delivered,UPI,Ahmedabad,Haryana
O007086,10079,2024-07-31,Delivered,Credit Card,Hyderabad,Kerala
O007087,10979,2024-11-28,Delivered,UPI,Hyderabad,Telangana
O007088,10569,2024-01-10,Delivered,COD,Mumbai,Maharashtra
O007089,12105,2024-12-23,Delivered,Credit Card,Kochi,Gujarat
O007090,12411,2024-07-21,Delivered,UPI,Ludhiana,Haryana
O007091,10134,2025-12-08,Shipped,Debit Card,Jaipur,Haryana
O007092,12062,2024-02-27,Delivered,COD,Delhi,Uttar Pradesh
O007093,10283,2025-05-08,Delivered,Debit Card,Gurugram,Telangana
O007094,10127,2025-05-24,Delivered,Debit Card,Jaipur,West Bengal
O007095,12027,2024-08-10,Delivered,UPI,Chennai,Haryana
O007096,11796,2025-01-03,Shipped,Credit Card,Kolkata,Karnataka
O007097,11850,2025-11-22,Shipped,Net Banking,Bengaluru,Delhi
O007098,10218,2025-02-21,Delivered,Net Banking,Ludhiana,Rajasthan
O007099,10745,2025-06-30,Cancelled,COD,Bengaluru,Rajasthan
O007100,10260,2024-04-12,Delivered,Debit Card,Ludhiana,Telangana
O007101,11242,2024-06-09,Delivered,COD,Gurugram,Karnataka
O007102,11844,2024-07-18,Delivered,UPI,Jaipur,West Bengal
O007103,11682,2024-06-08,Delivered,Debit Card,Hyderabad,Karnataka
O007104,11513,2025-11-25,Delivered,Net Banking,Gurugram,Kerala
O007105,11467,2024-05-15,Delivered,UPI,Kolkata,Tamil Nadu
O007106,10099,2025-02-01,Delivered,UPI,Delhi,Karnataka
O007107,10182,2025-01-26,Returned,COD,Delhi,Maharashtra
O007108,12217,2024-04-15,Delivered,COD,Gurugram,Rajasthan
O007109,12281,2025-08-05,Delivered,Credit Card,Bengaluru,West Bengal
O007110,10956,2025-08-11,Delivered,Net Banking,Bengaluru,Tamil Nadu
O007111,11117,2024-02-23,Delivered,Net Banking,Mumbai,Rajasthan
O007112,10472,2024-10-03,Returned,COD,Bengaluru,Gujarat
O007113,11540,2024-04-20,Returned,Net Banking,Mumbai,Delhi
O007114,11109,2024-08-11,Delivered,Net Banking,Ludhiana,Maharashtra
O007115,10679,2024-03-15,Delivered,UPI,Ludhiana,Delhi
O007116,11543,2025-05-20,Delivered,Debit Card,Lucknow,Maharashtra
O007117,10381,2024-01-14,Delivered,Debit Card,Ahmedabad,Haryana
O007118,11256,2025-04-26,Delivered,Credit Card,Lucknow,Maharashtra
O007119,12299,2024-07-07,Delivered,Debit Card,Chennai,Rajasthan
O007120,12367,2024-12-29,Delivered,Net Banking,Mumbai,Delhi
O007121,12241,2024-08-26,Delivered,UPI,Kochi,Delhi
O007122,11659,2025-02-04,Delivered,Debit Card,Mumbai,Karnataka
O007123,11581,2024-10-30,Shipped,Net Banking,Jaipur,Delhi
O007124,10765,2024-03-31,Delivered,Net Banking,Jaipur,West Bengal
O007125,10991,2025-01-26,Shipped,COD,Ahmedabad,Kerala
O007126,11587,2024-07-02,Delivered,COD,Ahmedabad,Karnataka
O007127,12113,2024-01-17,Delivered,Debit Card,Lucknow,Haryana
O007128,12270,2024-01-12,Delivered,COD,Jaipur,Rajasthan
O007129,10466,2024-06-14,Returned,Net Banking,Ahmedabad,Maharashtra
O007130,12120,2024-05-25,Delivered,Net Banking,Mumbai,Uttar Pradesh
O007131,10888,2024-10-08,Delivered,COD,Gurugram,Tamil Nadu
O007132,10019,2025-07-02,Delivered,UPI,Jaipur,Telangana
O007133,10784,2025-08-04,Delivered,COD,Lucknow,Tamil Nadu
O007134,11707,2024-06-17,Delivered,UPI,Delhi,Maharashtra
O007135,10415,2024-06-18,Returned,COD,Ludhiana,West Bengal
O007136,10364,2024-12-11,Returned,Net Banking,Hyderabad,Telangana
O007137,11104,2025-05-13,Shipped,Net Banking,Ahmedabad,Gujarat
O007138,10796,2025-04-04,Returned,COD,Ahmedabad,Tamil Nadu
O007139,11214,2024-10-23,Delivered,Credit Card,Ahmedabad,Karnataka
O007140,11172,2024-05-21,Delivered,UPI,Hyderabad,Punjab
O007141,11699,2025-11-25,Delivered,Credit Card,Gurugram,Maharashtra
O007142,10443,2024-02-22,Delivered,Net Banking,Jaipur,Kerala
O007143,12313,2024-04-27,Returned,UPI,Ahmedabad,Gujarat
O007144,10650,2024-12-30,Delivered,COD,Gurugram,Gujarat
O007145,10509,2025-11-01,Cancelled,UPI,Chennai,Rajasthan
O007146,10466,2024-05-15,Shipped,UPI,Hyderabad,Kerala
O007147,12413,2025-02-17,Delivered,Debit Card,Delhi,Gujarat
O007148,11423,2024-03-17,Delivered,UPI,Jaipur,Rajasthan
O007149,11840,2025-07-10,Delivered,Net Banking,Kochi,Delhi
O007150,11504,2024-01-18,Delivered,Credit Card,Ludhiana,Punjab
O007151,11627,2025-02-06,Delivered,Credit Card,Ludhiana,Telangana
O007152,11115,2024-07-23,Delivered,COD,Kolkata,Karnataka
O007153,10723,2025-05-13,Delivered,Debit Card,Hyderabad,Telangana
O007154,10842,2024-11-19,Shipped,Credit Card,Kochi,Tamil Nadu
O007155,12348,2025-08-17,Delivered,Credit Card,Ludhiana,Rajasthan
O007156,12222,2025-07-15,Delivered,UPI,Chennai,Kerala
O007157,10646,2024-10-07,Shipped,Net Banking,Ahmedabad,Delhi
O007158,10024,2024-06-14,Delivered,Net Banking,Kochi,Delhi
O007159,10731,2024-08-30,Delivered,COD,Kolkata,Karnataka
O007160,10007,2025-04-23,Shipped,Net Banking,Kochi,Haryana
O007161,11621,2024-06-12,Returned,Credit Card,Chennai,Karnataka
O007162,11272,2024-11-19,Cancelled,UPI,Chennai,West Bengal
O007163,10166,2025-07-21,Delivered,Net Banking,Hyderabad,Delhi
O007164,10428,2025-07-04,Delivered,Debit Card,Hyderabad,Punjab
O007165,12193,2025-10-01,Delivered,Debit Card,Jaipur,Karnataka
O007166,11535,2025-09-25,Returned,Debit Card,Kochi,Kerala
O007167,10933,2025-11-28,Delivered,Net Banking,Mumbai,Kerala
O007168,11600,2024-07-26,Delivered,UPI,Jaipur,Delhi
O007169,12124,2024-11-10,Cancelled,Net Banking,Mumbai,Uttar Pradesh
O007170,11667,2024-10-30,Returned,Credit Card,Delhi,Tamil Nadu
O007171,10824,2024-08-26,Delivered,Net Banking,Mumbai,Rajasthan
O007172,11343,2025-12-27,Delivered,Debit Card,Chennai,Haryana
O007173,11062,2024-08-11,Delivered,Debit Card,Bengaluru,Rajasthan
O007174,10566,2024-03-28,Shipped,UPI,Ahmedabad,Tamil Nadu
O007175,11666,2025-06-20,Delivered,COD,Gurugram,Delhi
O007176,11538,2025-03-04,Delivered,Debit Card,Hyderabad,Telangana
O007177,11164,2024-08-07,Delivered,Debit Card,Mumbai,Kerala
O007178,11282,2024-10-01,Cancelled,COD,Delhi,Kerala
O007179,12429,2025-10-08,Delivered,Net Banking,Gurugram,Maharashtra
O007180,11209,2024-03-06,Delivered,Debit Card,Jaipur,Kerala
O007181,10303,2025-08-14,Delivered,UPI,Mumbai,Delhi
O007182,11518,2025-02-26,Delivered,Net Banking,Jaipur,Telangana
O007183,10756,2024-09-11,Returned,Net Banking,Hyderabad,Kerala
O007184,10164,2024-05-04,Delivered,Debit Card,Delhi,Tamil Nadu
O007185,11668,2024-05-25,Delivered,Net Banking,Delhi,Rajasthan
O007186,11227,2025-09-06,Delivered,Net Banking,Lucknow,Maharashtra
O007187,11234,2025-01-19,Delivered,UPI,Jaipur,Uttar Pradesh
O007188,11883,2025-03-22,Shipped,Net Banking,Hyderabad,Tamil Nadu
O007189,12149,2025-01-21,Cancelled,Debit Card,Lucknow,Rajasthan
O007190,10898,2025-01-17,Delivered,Debit Card,Hyderabad,Haryana
O007191,10783,2024-10-03,Delivered,COD,Kolkata,Maharashtra
O007192,11995,2025-01-16,Delivered,Credit Card,Ahmedabad,Tamil Nadu
O007193,11585,2024-05-03,Cancelled,COD,Kochi,Kerala
O007194,12416,2024-09-23,Delivered,UPI,Delhi,Tamil Nadu
O007195,10727,2024-04-20,Shipped,UPI,Ludhiana,Tamil Nadu
O007196,12420,2025-01-15,Delivered,Debit Card,Hyderabad,Telangana
O007197,11455,2025-08-23,Returned,Credit Card,Ahmedabad,Maharashtra
O007198,12328,2024-06-06,Cancelled,COD,Hyderabad,Haryana
O007199,12364,2025-12-28,Delivered,Credit Card,Delhi,Haryana
O007200,12013,2025-07-01,Shipped,Debit Card,Chennai,Punjab
O007201,11101,2025-08-21,Delivered,Net Banking,Mumbai,Telangana
O007202,10816,2024-04-27,Delivered,Debit Card,Delhi,Telangana
O007203,10151,2024-11-23,Delivered,Debit Card,Mumbai,Haryana
O007204,11009,2025-11-24,Delivered,Credit Card,Kochi,Telangana
O007205,11520,2024-03-08,Delivered,UPI,Mumbai,Telangana
O007206,11321,2025-03-09,Delivered,Net Banking,Ahmedabad,Delhi
O007207,10669,2024-12-24,Delivered,Net Banking,Gurugram,Haryana
O007208,10407,2025-11-01,Delivered,UPI,Bengaluru,Telangana
O007209,12335,2025-03-18,Delivered,Credit Card,Ludhiana,Haryana
O007210,10492,2024-06-12,Delivered,Credit Card,Bengaluru,Telangana
O007211,11033,2024-12-26,Delivered,UPI,Kolkata,Delhi
O007212,11942,2025-08-07,Delivered,COD,Chennai,Karnataka
O007213,11156,2024-04-28,Cancelled,Credit Card,Gurugram,Karnataka
O007214,11101,2024-07-13,Delivered,UPI,Mumbai,Karnataka
O007215,12179,2025-08-23,Delivered,COD,Jaipur,Uttar Pradesh
O007216,10997,2025-08-10,Delivered,Debit Card,Ahmedabad,Gujarat
O007217,11912,2025-10-12,Delivered,Net Banking,Lucknow,Uttar Pradesh
O007218,11436,2024-08-28,Delivered,UPI,Ahmedabad,Tamil Nadu
O007219,11114,2025-05-23,Delivered,Credit Card,Kochi,Uttar Pradesh
O007220,10889,2025-10-27,Delivered,Net Banking,Bengaluru,West Bengal
O007221,10354,2025-07-18,Delivered,COD,Ahmedabad,Tamil Nadu
O007222,12319,2024-05-21,Delivered,Net Banking,Ludhiana,Telangana
O007223,11416,2024-01-31,Delivered,UPI,Gurugram,Karnataka
O007224,10432,2024-08-10,Delivered,Debit Card,Kolkata,Kerala
O007225,10739,2024-09-22,Delivered,COD,Ahmedabad,Gujarat
O007226,11780,2024-10-08,Delivered,COD,Hyderabad,Telangana
O007227,11332,2025-01-15,Delivered,COD,Gurugram,Telangana
O007228,10508,2025-07-09,Delivered,Net Banking,Lucknow,Maharashtra
O007229,10055,2024-03-02,Returned,Debit Card,Ludhiana,Maharashtra
O007230,12085,2025-12-13,Delivered,UPI,Ludhiana,Telangana
O007231,10900,2025-06-04,Delivered,UPI,Mumbai,Tamil Nadu
O007232,12103,2024-03-11,Delivered,Net Banking,Hyderabad,West Bengal
O007233,10524,2025-08-24,Delivered,UPI,Mumbai,West Bengal
O007234,10463,2025-06-19,Delivered,UPI,Chennai,West Bengal
O007235,10697,2024-05-19,Delivered,Debit Card,Kolkata,Gujarat
O007236,11502,2024-11-11,Delivered,Net Banking,Mumbai,Punjab
O007237,11773,2024-12-05,Delivered,Net Banking,Chennai,Punjab
O007238,10716,2025-08-12,Delivered,COD,Ahmedabad,Haryana
O007239,11235,2025-12-26,Delivered,UPI,Lucknow,Karnataka
O007240,11847,2025-06-11,Delivered,Credit Card,Gurugram,Delhi
O007241,10989,2025-06-24,Cancelled,Debit Card,Ahmedabad,Karnataka
O007242,11829,2025-02-19,Delivered,Debit Card,Delhi,West Bengal
O007243,10212,2025-04-11,Delivered,Credit Card,Chennai,Karnataka
O007244,10754,2025-01-09,Delivered,COD,Lucknow,West Bengal
O007245,10436,2024-10-17,Delivered,Credit Card,Jaipur,West Bengal
O007246,11902,2024-02-12,Delivered,Credit Card,Kolkata,Rajasthan
O007247,10084,2024-02-22,Delivered,COD,Kolkata,Punjab
O007248,11236,2024-08-19,Delivered,Credit Card,Bengaluru,Punjab
O007249,10779,2024-07-30,Shipped,COD,Kolkata,Kerala
O007250,10834,2024-01-08,Delivered,UPI,Delhi,Kerala
O007251,11961,2025-09-25,Delivered,COD,Ahmedabad,Telangana
O007252,10177,2025-04-27,Returned,Net Banking,Delhi,Delhi
O007253,11807,2024-02-11,Delivered,Net Banking,Mumbai,Tamil Nadu
O007254,12360,2024-11-28,Shipped,Credit Card,Ahmedabad,Delhi
O007255,11718,2024-08-20,Shipped,Net Banking,Kolkata,Telangana
O007256,11725,2024-03-10,Delivered,COD,Hyderabad,Rajasthan
O007257,10186,2024-01-16,Delivered,UPI,Ahmedabad,Uttar Pradesh
O007258,11495,2024-03-09,Shipped,COD,Delhi,Gujarat
O007259,11980,2024-02-22,Shipped,Debit Card,Kochi,Kerala
O007260,11333,2025-11-15,Delivered,Credit Card,Delhi,Delhi
O007261,10246,2025-01-13,Delivered,UPI,Kolkata,Kerala
O007262,11853,2025-04-07,Delivered,Credit Card,Delhi,Punjab
O007263,10384,2025-06-10,Shipped,Debit Card,Hyderabad,Uttar Pradesh
O007264,10285,2025-11-09,Delivered,Net Banking,Gurugram,Rajasthan
O007265,10988,2024-03-03,Returned,Debit Card,Jaipur,Tamil Nadu
O007266,10300,2024-09-17,Returned,Net Banking,Jaipur,Uttar Pradesh
O007267,10901,2025-05-14,Shipped,Credit Card,Ahmedabad,Telangana
O007268,11460,2024-04-30,Delivered,Credit Card,Bengaluru,Telangana
O007269,11393,2024-08-27,Delivered,Credit Card,Delhi,Uttar Pradesh
O007270,12484,2025-04-09,Delivered,COD,Jaipur,Gujarat
O007271,10806,2024-04-16,Delivered,UPI,Lucknow,Uttar Pradesh
O007272,12229,2024-06-28,Delivered,COD,Jaipur,Punjab
O007273,11922,2024-01-16,Delivered,Debit Card,Chennai,Rajasthan
O007274,10877,2024-12-20,Delivered,UPI,Gurugram,Uttar Pradesh
O007275,10694,2024-11-04,Delivered,Credit Card,Mumbai,Kerala
O007276,12388,2025-12-27,Shipped,Credit Card,Bengaluru,Haryana
O007277,11997,2025-08-11,Delivered,Credit Card,Kolkata,Karnataka
O007278,10730,2025-08-27,Delivered,Net Banking,Delhi,Maharashtra
O007279,11187,2024-06-29,Delivered,Debit Card,Hyderabad,Tamil Nadu
O007280,11582,2024-06-22,Returned,COD,Ahmedabad,Uttar Pradesh
O007281,10105,2024-12-19,Shipped,Debit Card,Chennai,Punjab
O007282,10439,2024-12-19,Delivered,Net Banking,Mumbai,Uttar Pradesh
O007283,11522,2024-08-06,Delivered,Net Banking,Jaipur,West Bengal
O007284,11352,2025-10-16,Returned,Debit Card,Ahmedabad,Gujarat
O007285,10509,2024-11-10,Delivered,Net Banking,Jaipur,Haryana
O007286,10251,2025-03-09,Delivered,UPI,Bengaluru,Punjab
O007287,11215,2024-10-08,Delivered,Credit Card,Kolkata,Haryana
O007288,12095,2024-09-15,Delivered,COD,Kochi,Punjab
O007289,10879,2025-07-12,Delivered,Net Banking,Mumbai,West Bengal
O007290,11275,2024-01-05,Delivered,COD,Chennai,Karnataka
O007291,11018,2025-07-27,Delivered,Credit Card,Kochi,Haryana
O007292,10064,2025-08-18,Delivered,Debit Card,Gurugram,Rajasthan
O007293,10320,2025-10-06,Delivered,Credit Card,Ahmedabad,Kerala
O007294,10860,2025-01-28,Delivered,COD,Jaipur,West Bengal
O007295,11548,2024-12-01,Delivered,UPI,Kolkata,Karnataka
O007296,12077,2024-03-03,Delivered,Debit Card,Ahmedabad,Gujarat
O007297,11675,2024-02-13,Delivered,Net Banking,Hyderabad,Karnataka
O007298,10437,2024-06-01,Delivered,UPI,Mumbai,Uttar Pradesh
O007299,11990,2025-11-13,Delivered,Credit Card,Chennai,Haryana
O007300,11621,2024-06-04,Delivered,COD,Lucknow,Delhi
O007301,10763,2025-04-22,Delivered,COD,Jaipur,Maharashtra
O007302,10736,2024-10-01,Delivered,COD,Gurugram,Haryana
O007303,12499,2024-12-23,Delivered,Credit Card,Bengaluru,Kerala
O007304,10633,2025-03-01,Delivered,Debit Card,Mumbai,Maharashtra
O007305,11579,2025-06-15,Delivered,Net Banking,Lucknow,Uttar Pradesh
O007306,11077,2025-04-27,Delivered,UPI,Delhi,Punjab
O007307,12281,2024-08-01,Shipped,Credit Card,Hyderabad,Kerala
O007308,11831,2024-03-19,Shipped,COD,Kolkata,Haryana
O007309,11899,2024-05-18,Cancelled,Net Banking,Kochi,Tamil Nadu
O007310,10200,2024-04-07,Delivered,COD,Gurugram,Maharashtra
O007311,10674,2025-10-25,Delivered,Credit Card,Lucknow,West Bengal
O007312,10549,2024-07-16,Shipped,COD,Kolkata,Tamil Nadu
O007313,10937,2024-06-04,Delivered,Credit Card,Jaipur,West Bengal
O007314,12145,2024-02-19,Delivered,COD,Gurugram,Tamil Nadu
O007315,10049,2025-04-23,Delivered,Credit Card,Kochi,Karnataka
O007316,10896,2024-08-15,Cancelled,COD,Chennai,West Bengal
O007317,12088,2025-04-01,Delivered,Net Banking,Lucknow,Karnataka
O007318,10914,2025-06-05,Delivered,Net Banking,Lucknow,Tamil Nadu
O007319,11177,2024-05-28,Delivered,COD,Hyderabad,Gujarat
O007320,10676,2024-02-27,Delivered,COD,Lucknow,Karnataka
O007321,10770,2024-06-10,Returned,Credit Card,Kochi,Uttar Pradesh
O007322,10211,2025-04-21,Delivered,Credit Card,Lucknow,West Bengal
O007323,12481,2024-04-16,Delivered,Credit Card,Chennai,Tamil Nadu
O007324,10147,2025-03-02,Delivered,Debit Card,Delhi,Rajasthan
O007325,11523,2025-01-29,Shipped,COD,Chennai,Uttar Pradesh
O007326,12330,2024-07-04,Cancelled,COD,Hyderabad,Karnataka
O007327,10495,2025-07-11,Shipped,COD,Ludhiana,Maharashtra
O007328,12457,2025-03-21,Cancelled,COD,Gurugram,Delhi
O007329,11650,2025-10-02,Delivered,Credit Card,Delhi,Haryana
O007330,12321,2025-03-23,Returned,Credit Card,Delhi,Karnataka
O007331,11144,2024-03-27,Delivered,Debit Card,Ludhiana,Uttar Pradesh
O007332,10046,2024-09-05,Cancelled,Credit Card,Lucknow,Telangana
O007333,10311,2025-03-15,Delivered,COD,Lucknow,Haryana
O007334,10331,2024-09-13,Delivered,COD,Ahmedabad,Punjab
O007335,10011,2024-10-03,Delivered,UPI,Kolkata,Tamil Nadu
O007336,10908,2025-03-13,Delivered,Credit Card,Kolkata,Haryana
O007337,11401,2025-05-30,Delivered,UPI,Ludhiana,Gujarat
O007338,11592,2025-07-30,Delivered,COD,Ludhiana,Telangana
O007339,10008,2024-07-20,Delivered,Credit Card,Mumbai,Kerala
O007340,10984,2025-07-28,Returned,COD,Ludhiana,West Bengal
O007341,11751,2025-10-16,Cancelled,UPI,Chennai,West Bengal
O007342,11394,2024-06-28,Cancelled,UPI,Ahmedabad,West Bengal
O007343,10566,2025-11-16,Shipped,Net Banking,Bengaluru,West Bengal
O007344,12321,2024-11-20,Delivered,Net Banking,Lucknow,West Bengal
O007345,10901,2025-09-14,Delivered,Credit Card,Bengaluru,Haryana
O007346,12179,2025-11-17,Delivered,Credit Card,Ahmedabad,Haryana
O007347,10114,2025-04-19,Cancelled,Credit Card,Kolkata,Uttar Pradesh
O007348,10532,2025-10-26,Cancelled,Credit Card,Ahmedabad,Maharashtra
O007349,11523,2025-02-03,Shipped,Credit Card,Ludhiana,Maharashtra
O007350,11045,2024-08-04,Returned,Credit Card,Ludhiana,Punjab
O007351,11744,2025-03-28,Delivered,Credit Card,Hyderabad,Gujarat
O007352,10033,2025-02-07,Delivered,UPI,Gurugram,Tamil Nadu
O007353,10133,2024-08-27,Returned,UPI,Mumbai,Telangana
O007354,11727,2024-07-04,Delivered,UPI,Mumbai,Rajasthan
O007355,10975,2024-02-17,Delivered,COD,Hyderabad,Punjab
O007356,10026,2025-01-20,Delivered,Debit Card,Mumbai,Uttar Pradesh
O007357,10545,2024-07-26,Delivered,COD,Delhi,Uttar Pradesh
O007358,11262,2024-06-05,Shipped,Credit Card,Chennai,West Bengal
O007359,12066,2024-08-12,Delivered,Debit Card,Bengaluru,Rajasthan
O007360,10934,2024-05-23,Delivered,UPI,Kolkata,Kerala
O007361,12337,2025-02-22,Delivered,UPI,Kolkata,Haryana
O007362,11051,2024-04-20,Delivered,Net Banking,Mumbai,Karnataka
O007363,10817,2025-04-09,Cancelled,Credit Card,Mumbai,Haryana
O007364,11935,2024-05-11,Delivered,Credit Card,Delhi,Gujarat
O007365,10108,2025-09-16,Delivered,Net Banking,Ludhiana,Maharashtra
O007366,10948,2025-08-23,Delivered,COD,Mumbai,Maharashtra
O007367,10738,2025-11-03,Returned,Net Banking,Ahmedabad,Punjab
O007368,12372,2024-11-29,Delivered,Credit Card,Jaipur,Karnataka
O007369,10793,2024-03-15,Returned,UPI,Lucknow,Delhi
O007370,11868,2025-02-15,Delivered,Net Banking,Kolkata,Uttar Pradesh
O007371,11356,2025-06-02,Delivered,Debit Card,Kochi,Uttar Pradesh
O007372,11386,2025-09-16,Shipped,UPI,Bengaluru,Maharashtra
O007373,10289,2024-02-05,Delivered,COD,Lucknow,Gujarat
O007374,11468,2025-09-16,Delivered,UPI,Hyderabad,Gujarat
O007375,11061,2024-08-10,Delivered,COD,Lucknow,West Bengal
O007376,11372,2025-12-23,Delivered,UPI,Mumbai,West Bengal
O007377,10043,2025-06-13,Delivered,Credit Card,Mumbai,Punjab
O007378,11150,2024-08-28,Delivered,COD,Gurugram,Karnataka
O007379,12057,2024-05-13,Delivered,COD,Gurugram,Haryana
O007380,12232,2025-01-25,Delivered,Net Banking,Gurugram,Rajasthan
O007381,11077,2024-04-11,Shipped,UPI,Chennai,Tamil Nadu
O007382,11874,2025-10-13,Delivered,COD,Kolkata,Kerala
O007383,10533,2025-11-11,Delivered,COD,Kochi,Uttar Pradesh
O007384,11319,2025-05-12,Delivered,UPI,Gurugram,Rajasthan
O007385,11232,2025-05-25,Delivered,UPI,Ludhiana,West Bengal
O007386,11501,2025-12-03,Delivered,Debit Card,Gurugram,Telangana
O007387,11994,2025-06-20,Cancelled,Net Banking,Ludhiana,West Bengal
O007388,10954,2025-06-28,Shipped,COD,Kochi,Delhi
O007389,10069,2024-12-08,Delivered,UPI,Delhi,Telangana
O007390,11867,2024-01-06,Delivered,COD,Jaipur,Haryana
O007391,11949,2024-07-12,Delivered,Debit Card,Jaipur,Delhi
O007392,10301,2024-05-16,Returned,Debit Card,Ludhiana,Kerala
O007393,10027,2025-04-17,Delivered,COD,Mumbai,Karnataka
O007394,12154,2024-08-03,Delivered,Net Banking,Gurugram,Kerala
O007395,10586,2024-12-14,Delivered,Credit Card,Chennai,Tamil Nadu
O007396,10810,2024-07-01,Delivered,COD,Mumbai,Uttar Pradesh
O007397,10634,2024-06-16,Delivered,Debit Card,Chennai,West Bengal
O007398,11739,2024-02-07,Shipped,Net Banking,Ludhiana,Uttar Pradesh
O007399,10659,2025-11-05,Delivered,UPI,Jaipur,Delhi
O007400,11240,2025-04-15,Delivered,Net Banking,Hyderabad,Punjab
O007401,12369,2025-03-27,Delivered,Net Banking,Kochi,Punjab
O007402,10460,2025-05-04,Delivered,COD,Lucknow,Maharashtra
O007403,10160,2024-05-21,Delivered,Net Banking,Jaipur,Punjab
O007404,10464,2024-04-12,Delivered,UPI,Hyderabad,Maharashtra
O007405,10998,2025-12-11,Delivered,COD,Hyderabad,Kerala
O007406,11546,2025-12-12,Delivered,Debit Card,Ludhiana,Telangana
O007407,12289,2024-02-11,Shipped,UPI,Gurugram,Uttar Pradesh
O007408,10936,2024-05-26,Delivered,COD,Ludhiana,Uttar Pradesh
O007409,11679,2024-03-06,Delivered,COD,Chennai,Gujarat
O007410,10865,2024-07-11,Delivered,Credit Card,Mumbai,Tamil Nadu
O007411,11191,2024-10-24,Delivered,UPI,Mumbai,Uttar Pradesh
O007412,12375,2024-02-07,Delivered,Net Banking,Kochi,Telangana
O007413,10865,2025-05-16,Delivered,UPI,Kolkata,Haryana
O007414,11297,2025-10-14,Delivered,UPI,Hyderabad,Karnataka
O007415,11936,2025-09-09,Delivered,Credit Card,Bengaluru,Tamil Nadu
O007416,10334,2025-03-03,Shipped,Net Banking,Mumbai,Rajasthan
O007417,11644,2025-10-25,Delivered,Credit Card,Ahmedabad,Uttar Pradesh
O007418,12398,2024-12-17,Cancelled,Credit Card,Lucknow,Karnataka
O007419,12222,2024-11-21,Delivered,Credit Card,Bengaluru,Maharashtra
O007420,12164,2024-02-07,Delivered,UPI,Kochi,Karnataka
O007421,11719,2024-04-06,Delivered,Credit Card,Hyderabad,West Bengal
O007422,12409,2024-04-17,Delivered,Debit Card,Kochi,Maharashtra
O007423,11690,2025-09-22,Delivered,Net Banking,Bengaluru,Rajasthan
O007424,11783,2024-05-30,Delivered,Net Banking,Kolkata,Rajasthan
O007425,12124,2024-03-14,Delivered,Credit Card,Delhi,Uttar Pradesh
O007426,11105,2024-02-26,Delivered,UPI,Kochi,Uttar Pradesh
O007427,10072,2024-11-30,Returned,COD,Kochi,Karnataka
O007428,10452,2024-09-08,Shipped,COD,Chennai,Kerala
O007429,11779,2024-09-10,Returned,UPI,Chennai,Gujarat
O007430,12415,2025-01-19,Returned,Credit Card,Delhi,Kerala
O007431,10826,2025-03-31,Delivered,Credit Card,Mumbai,Gujarat
O007432,11336,2024-09-15,Delivered,Debit Card,Chennai,Uttar Pradesh
O007433,12158,2025-04-09,Delivered,COD,Lucknow,Kerala
O007434,10052,2024-02-03,Cancelled,COD,Lucknow,Delhi
O007435,11963,2025-05-09,Delivered,Net Banking,Gurugram,Gujarat
O007436,10467,2024-11-21,Delivered,Credit Card,Ludhiana,Uttar Pradesh
O007437,11675,2024-08-25,Delivered,UPI,Jaipur,Kerala
O007438,11933,2025-11-21,Delivered,Credit Card,Kochi,Punjab
O007439,11362,2025-09-07,Delivered,Credit Card,Chennai,Uttar Pradesh
O007440,10787,2025-06-24,Delivered,Debit Card,Hyderabad,Telangana
O007441,10556,2025-04-10,Cancelled,UPI,Hyderabad,Karnataka
O007442,12040,2024-10-30,Delivered,Debit Card,Kochi,Rajasthan
O007443,12307,2024-04-26,Returned,Debit Card,Mumbai,Gujarat
O007444,11763,2024-07-25,Delivered,Debit Card,Bengaluru,Punjab
O007445,12113,2025-11-27,Returned,Debit Card,Chennai,Karnataka
O007446,12211,2025-04-25,Delivered,Credit Card,Bengaluru,Delhi
O007447,11702,2025-10-11,Delivered,Net Banking,Kochi,Uttar Pradesh
O007448,12087,2025-02-06,Delivered,Credit Card,Hyderabad,Telangana
O007449,12368,2025-11-06,Delivered,Debit Card,Mumbai,Karnataka
O007450,12408,2025-08-09,Cancelled,Debit Card,Gurugram,Tamil Nadu
O007451,12317,2024-08-20,Delivered,Net Banking,Chennai,Rajasthan
O007452,12372,2024-10-10,Delivered,COD,Jaipur,Rajasthan
O007453,12374,2025-04-24,Delivered,UPI,Hyderabad,Delhi
O007454,11611,2024-01-09,Delivered,Debit Card,Jaipur,Gujarat
O007455,10257,2025-12-15,Delivered,Debit Card,Kochi,Tamil Nadu
O007456,12248,2025-01-13,Delivered,Credit Card,Kolkata,Telangana
O007457,10610,2025-08-25,Delivered,Debit Card,Hyderabad,Telangana
O007458,11128,2025-01-15,Delivered,Debit Card,Jaipur,Haryana
O007459,11396,2025-10-23,Cancelled,UPI,Jaipur,Punjab
O007460,10905,2024-12-25,Delivered,Credit Card,Gurugram,Rajasthan
O007461,10164,2024-06-24,Delivered,COD,Lucknow,Maharashtra
O007462,11137,2025-04-29,Delivered,Debit Card,Gurugram,Punjab
O007463,10615,2025-02-08,Delivered,Debit Card,Ahmedabad,Kerala
O007464,12026,2024-02-02,Delivered,COD,Ludhiana,West Bengal
O007465,10106,2025-04-09,Delivered,Net Banking,Delhi,Gujarat
O007466,10699,2025-11-26,Returned,COD,Hyderabad,Delhi
O007467,10364,2024-06-05,Shipped,COD,Mumbai,Telangana
O007468,12022,2025-07-18,Delivered,Credit Card,Chennai,Maharashtra
O007469,11153,2024-07-20,Delivered,COD,Bengaluru,Uttar Pradesh
O007470,10699,2024-06-23,Delivered,Credit Card,Ahmedabad,Haryana
O007471,10747,2024-08-31,Returned,COD,Mumbai,West Bengal
O007472,11976,2024-09-25,Returned,Debit Card,Jaipur,Kerala
O007473,11644,2025-03-21,Delivered,Debit Card,Hyderabad,Maharashtra
O007474,10961,2024-03-14,Delivered,Net Banking,Delhi,Rajasthan
O007475,10209,2024-04-05,Delivered,COD,Chennai,Delhi
O007476,11312,2024-06-21,Delivered,UPI,Hyderabad,West Bengal
O007477,11892,2025-02-09,Delivered,COD,Jaipur,Karnataka
O007478,11177,2024-06-03,Delivered,UPI,Kochi,Gujarat
O007479,12040,2024-07-01,Delivered,COD,Ahmedabad,Telangana
O007480,11453,2024-11-18,Delivered,Credit Card,Bengaluru,Karnataka
O007481,10666,2024-10-15,Delivered,Debit Card,Delhi,Kerala
O007482,11618,2024-09-14,Delivered,UPI,Mumbai,Telangana
O007483,12269,2025-08-09,Delivered,UPI,Delhi,Tamil Nadu
O007484,10435,2024-06-22,Delivered,,Jaipur,Kerala
O007485,12328,2024-11-25,Delivered,Debit Card,Jaipur,Uttar Pradesh
O007486,11647,2024-08-18,Delivered,Net Banking,Kolkata,West Bengal
O007487,12041,2024-06-09,Delivered,UPI,Ahmedabad,Haryana
O007488,11163,2024-07-04,Delivered,Debit Card,Mumbai,Haryana
O007489,10667,2024-05-22,Delivered,Debit Card,Delhi,Rajasthan
O007490,11441,2024-10-08,Delivered,UPI,Mumbai,Telangana
O007491,12000,2025-10-01,Delivered,Credit Card,Gurugram,Maharashtra
O007492,10348,2025-11-08,Delivered,Credit Card,Mumbai,Delhi
O007493,10765,2024-01-27,Delivered,COD,Bengaluru,Rajasthan
O007494,10934,2024-09-02,Shipped,COD,Kochi,Haryana
O007495,10183,2025-05-01,Delivered,Debit Card,Bengaluru,Punjab
O007496,12246,2025-10-08,Delivered,UPI,Lucknow,Delhi
O007497,11706,2024-07-20,Delivered,Credit Card,Mumbai,Maharashtra
O007498,11147,2024-01-21,Delivered,Debit Card,Hyderabad,Uttar Pradesh
O007499,10381,2025-08-13,Delivered,Credit Card,Lucknow,Uttar Pradesh
O007500,10825,2025-10-31,Cancelled,UPI,Bengaluru,Tamil Nadu
O007501,11539,2024-04-03,Delivered,Credit Card,Kochi,Haryana
O007502,11638,2024-01-08,Delivered,Net Banking,Lucknow,Kerala
O007503,10192,2025-04-16,Returned,COD,Gurugram,Punjab
O007504,10525,2024-12-04,Delivered,Credit Card,Ludhiana,Karnataka
O007505,11094,2024-09-15,Delivered,UPI,Jaipur,Kerala
O007506,12337,2024-02-24,Delivered,UPI,Lucknow,Delhi
O007507,10105,2025-07-01,Shipped,Net Banking,Chennai,Uttar Pradesh
O007508,11740,2024-01-06,Delivered,UPI,Hyderabad,Punjab
O007509,12361,2025-01-11,Cancelled,Net Banking,Kolkata,Delhi
O007510,11677,2025-07-07,Delivered,Debit Card,Mumbai,Telangana
O007511,12355,2024-02-19,Shipped,Credit Card,Ludhiana,Haryana
O007512,10821,2024-04-21,Returned,UPI,Delhi,West Bengal
O007513,10036,2024-05-25,Delivered,COD,Delhi,Uttar Pradesh
O007514,11049,2024-08-17,Delivered,Credit Card,Kochi,Maharashtra
O007515,11873,2025-12-23,Delivered,Net Banking,Chennai,Haryana
O007516,11061,2025-05-11,Shipped,Credit Card,Mumbai,Delhi
O007517,11043,2024-11-01,Shipped,Credit Card,Ludhiana,West Bengal
O007518,12083,2025-06-25,Delivered,UPI,Mumbai,Kerala
O007519,11442,2025-04-05,Shipped,COD,Bengaluru,Punjab
O007520,11846,2025-09-19,Shipped,Debit Card,Jaipur,Delhi
O007521,11542,2024-08-13,Delivered,COD,Jaipur,West Bengal
O007522,10467,2024-02-28,Delivered,Net Banking,Jaipur,Karnataka
O007523,10199,2024-03-16,Delivered,COD,Ahmedabad,Gujarat
O007524,11592,2025-03-03,Delivered,COD,Hyderabad,Telangana
O007525,11235,2025-12-28,Shipped,Net Banking,Bengaluru,Punjab
O007526,10241,2024-05-11,Returned,COD,Kolkata,Haryana
O007527,11194,2025-05-12,Delivered,Debit Card,Lucknow,Maharashtra
O007528,11883,2025-08-15,Delivered,Credit Card,Chennai,Kerala
O007529,10294,2024-10-31,Shipped,Debit Card,Hyderabad,Delhi
O007530,10922,2024-03-07,Shipped,Credit Card,Gurugram,Kerala
O007531,11763,2024-08-17,Delivered,Credit Card,Jaipur,Kerala
O007532,11339,2024-11-28,Delivered,COD,Lucknow,Rajasthan
O007533,10468,2024-10-03,Shipped,Credit Card,Hyderabad,West Bengal
O007534,12415,2025-08-06,Shipped,Net Banking,Gurugram,Kerala
O007535,12364,2025-12-21,Shipped,Debit Card,Mumbai,Punjab
O007536,10758,2024-05-23,Shipped,Credit Card,Bengaluru,Telangana
O007537,11114,2024-09-07,Delivered,COD,Ahmedabad,Haryana
O007538,11542,2025-11-21,Returned,COD,Ludhiana,Telangana
O007539,12499,2024-03-20,Shipped,COD,Ahmedabad,Delhi
O007540,10908,2024-02-26,Delivered,UPI,Ludhiana,Gujarat
O007541,11633,2024-12-31,Returned,Debit Card,Lucknow,Telangana
O007542,12494,2024-11-03,Cancelled,COD,Gurugram,Gujarat
O007543,10957,2024-06-22,Shipped,Net Banking,Kolkata,Rajasthan
O007544,12128,2025-04-06,Delivered,COD,Hyderabad,Rajasthan
O007545,12186,2025-11-08,Delivered,UPI,Ahmedabad,Karnataka
O007546,11532,2025-08-18,Delivered,Debit Card,Mumbai,Uttar Pradesh
O007547,10552,2025-05-07,Delivered,Credit Card,Mumbai,Uttar Pradesh
O007548,12122,2025-07-13,Delivered,Debit Card,Ahmedabad,Uttar Pradesh
O007549,12098,2025-09-30,Delivered,Credit Card,Ahmedabad,Tamil Nadu
O007550,10388,2025-11-11,Delivered,Credit Card,Ahmedabad,Rajasthan
O007551,12433,2025-01-08,Returned,COD,Chennai,Punjab
O007552,10299,2024-12-14,Delivered,Net Banking,Kochi,Delhi
O007553,10339,2024-03-07,Delivered,Net Banking,Kolkata,Gujarat
O007554,10474,2024-11-25,Delivered,COD,Ludhiana,Kerala
O007555,10616,2024-07-12,Delivered,UPI,Ahmedabad,Karnataka
O007556,10962,2024-06-03,Cancelled,Credit Card,Delhi,Punjab
O007557,10792,2024-06-08,Delivered,Net Banking,Hyderabad,Karnataka
O007558,11194,2025-11-26,Delivered,Debit Card,Bengaluru,Telangana
O007559,10013,2024-09-22,Delivered,UPI,Kochi,Uttar Pradesh
O007560,10449,2024-06-16,Delivered,COD,Kolkata,Telangana
O007561,12222,2024-05-24,Delivered,UPI,Hyderabad,Uttar Pradesh
O007562,11698,2024-07-04,Delivered,Net Banking,Ludhiana,Haryana
O007563,11983,2025-02-26,Delivered,COD,Lucknow,Delhi
O007564,11156,2025-04-01,Delivered,Net Banking,Delhi,Punjab
O007565,11921,2024-12-10,Shipped,Credit Card,Gurugram,Haryana
O007566,11899,2025-07-07,Delivered,UPI,Ludhiana,Karnataka
O007567,12317,2025-05-30,Delivered,Credit Card,Chennai,Telangana
O007568,11275,2025-12-05,Delivered,Debit Card,Lucknow,Rajasthan
O007569,11394,2024-04-13,Delivered,Credit Card,Kochi,Delhi
O007570,10773,2024-09-03,Delivered,UPI,Lucknow,Punjab
O007571,11616,2024-01-23,Delivered,Debit Card,Kolkata,Karnataka
O007572,10888,2025-06-08,Delivered,Net Banking,Gurugram,Karnataka
O007573,12226,2024-05-23,Delivered,Debit Card,Ahmedabad,Uttar Pradesh
O007574,12307,2025-12-30,Delivered,UPI,Ahmedabad,Punjab
O007575,10260,2025-11-25,Delivered,COD,Mumbai,Karnataka
O007576,11513,2024-07-11,Returned,Debit Card,Kochi,Haryana
O007577,10643,2025-04-09,Delivered,Net Banking,Ludhiana,West Bengal
O007578,12129,2025-01-09,Delivered,Debit Card,Mumbai,Rajasthan
O007579,11083,2025-11-07,Returned,Credit Card,Bengaluru,Delhi
O007580,11263,2025-11-22,Delivered,COD,Lucknow,Haryana
O007581,12177,2025-09-20,Delivered,UPI,Kolkata,Haryana
O007582,10412,2024-09-22,Delivered,COD,Delhi,Tamil Nadu
O007583,12363,2025-01-12,Delivered,Credit Card,Jaipur,Delhi
O007584,10615,2025-07-03,Delivered,COD,Bengaluru,West Bengal
O007585,10899,2025-07-09,Cancelled,Credit Card,Chennai,Uttar Pradesh
O007586,10232,2024-03-14,Delivered,Debit Card,Chennai,Gujarat
O007587,10730,2025-03-13,Delivered,UPI,Hyderabad,Maharashtra
O007588,11421,2024-08-13,Delivered,Credit Card,Lucknow,Punjab
O007589,11773,2024-11-03,Delivered,Credit Card,Kochi,Gujarat
O007590,11704,2024-12-13,Delivered,Debit Card,Hyderabad,Telangana
O007591,11598,2025-04-20,Delivered,Credit Card,Gurugram,Punjab
O007592,10318,2024-11-10,Delivered,UPI,Ludhiana,Gujarat
O007593,11531,2025-06-08,Delivered,Net Banking,Ahmedabad,Kerala
O007594,11111,2025-02-28,Cancelled,COD,Ahmedabad,Delhi
O007595,10716,2025-06-07,Delivered,Credit Card,Ahmedabad,Uttar Pradesh
O007596,11342,2025-07-15,Delivered,COD,Ahmedabad,Kerala
O007597,11134,2024-09-05,Delivered,COD,Bengaluru,Delhi
O007598,11779,2025-09-22,Delivered,Net Banking,Chennai,West Bengal
O007599,11097,2025-07-22,Delivered,Credit Card,Kochi,Gujarat
O007600,10202,2024-06-30,Shipped,UPI,Jaipur,Gujarat
O007601,12141,2024-04-15,Delivered,Credit Card,Mumbai,Tamil Nadu
O007602,11673,2024-07-09,Delivered,COD,Hyderabad,Punjab
O007603,11057,2024-05-16,Cancelled,Debit Card,Chennai,Haryana
O007604,10419,2025-11-30,Delivered,Net Banking,Chennai,Tamil Nadu
O007605,10626,2024-04-29,Shipped,UPI,Gurugram,Delhi
O007606,10845,2024-03-12,Delivered,UPI,Bengaluru,Punjab
O007607,11879,2024-05-10,Delivered,COD,Ahmedabad,Uttar Pradesh
O007608,11945,2025-04-01,Returned,UPI,Hyderabad,Telangana
O007609,10394,2025-04-23,Shipped,COD,Mumbai,Kerala
O007610,10632,2024-02-21,Delivered,UPI,Delhi,Rajasthan
O007611,10322,2025-07-27,Delivered,UPI,Gurugram,Karnataka
O007612,10574,2024-04-28,Delivered,COD,Kolkata,Karnataka
O007613,11694,2024-09-20,Delivered,Net Banking,Hyderabad,Rajasthan
O007614,11064,2024-08-26,Cancelled,UPI,Kochi,Tamil Nadu
O007615,11477,2024-12-16,Delivered,Credit Card,Ahmedabad,Maharashtra
O007616,11148,2024-09-11,Delivered,Debit Card,Delhi,Punjab
O007617,10959,2025-11-15,Shipped,COD,Jaipur,Punjab
O007618,10048,2024-11-04,Cancelled,UPI,Kochi,Tamil Nadu
O007619,12237,2025-08-29,Delivered,Net Banking,Mumbai,Rajasthan
O007620,12352,2025-05-09,Shipped,Credit Card,Bengaluru,Haryana
O007621,11583,2024-02-26,Delivered,COD,Bengaluru,Gujarat
O007622,12417,2025-02-06,Shipped,Credit Card,Ahmedabad,Tamil Nadu
O007623,10460,2024-03-07,Delivered,Debit Card,Hyderabad,Haryana
O007624,12295,2024-02-15,Cancelled,Net Banking,Kochi,Maharashtra
O007625,12312,2025-08-28,Delivered,COD,Mumbai,Rajasthan
O007626,11230,2025-10-11,Delivered,COD,Mumbai,Uttar Pradesh
O007627,11531,2025-01-03,Delivered,UPI,Ahmedabad,Rajasthan
O007628,10530,2025-08-27,Shipped,Credit Card,Kochi,Uttar Pradesh
O007629,11388,2024-08-19,Shipped,COD,Mumbai,Rajasthan
O007630,11364,2025-02-05,Delivered,Credit Card,Gurugram,Telangana
O007631,10407,2025-07-14,Delivered,Debit Card,Ahmedabad,Gujarat
O007632,10453,2024-01-23,Delivered,UPI,Kochi,Tamil Nadu
O007633,11901,2025-07-27,Delivered,Debit Card,Ahmedabad,Uttar Pradesh
O007634,10814,2024-09-23,Delivered,UPI,Lucknow,Rajasthan
O007635,10578,2024-04-27,Delivered,UPI,Bengaluru,West Bengal
O007636,11932,2025-08-22,Delivered,Credit Card,Mumbai,Tamil Nadu
O007637,10147,2025-08-23,Delivered,UPI,Kolkata,Kerala
O007638,10406,2024-02-24,Returned,Debit Card,Jaipur,Maharashtra
O007639,10183,2024-06-01,Delivered,Debit Card,Gurugram,Rajasthan
O007640,10236,2024-08-26,Delivered,Debit Card,Jaipur,Rajasthan
O007641,10638,2024-09-21,Delivered,Credit Card,Kochi,Karnataka
O007642,10179,2024-09-24,Delivered,Credit Card,Kochi,Delhi
O007643,12480,2024-04-22,Delivered,Net Banking,Ludhiana,Punjab
O007644,10525,2024-06-14,Delivered,COD,Kochi,Tamil Nadu
O007645,11564,2025-10-29,Delivered,Net Banking,Lucknow,Haryana
O007646,11915,2024-01-08,Delivered,Net Banking,Bengaluru,West Bengal
O007647,12371,2025-12-14,Delivered,UPI,Delhi,Rajasthan
O007648,11285,2024-08-04,Delivered,UPI,Jaipur,Kerala
O007649,11636,2025-03-06,Delivered,Net Banking,Kochi,Uttar Pradesh
O007650,11724,2024-10-18,Delivered,COD,Kolkata,West Bengal
O007651,12447,2024-02-19,Delivered,Net Banking,Kolkata,Gujarat
O007652,10337,2024-04-16,Delivered,Credit Card,Kochi,West Bengal
O007653,10119,2024-01-09,Delivered,Debit Card,Bengaluru,Punjab
O007654,11582,2025-11-30,Delivered,Net Banking,Mumbai,Rajasthan
O007655,12461,2025-03-31,Returned,UPI,Bengaluru,Maharashtra
O007656,10580,2024-11-18,Delivered,COD,Lucknow,Karnataka
O007657,12353,2024-11-04,Delivered,UPI,Bengaluru,Rajasthan
O007658,10196,2025-09-13,Delivered,Credit Card,Ludhiana,Gujarat
O007659,10333,2024-05-24,Delivered,UPI,,Haryana
O007660,10623,2025-02-15,Delivered,UPI,Delhi,Delhi
O007661,10658,2024-04-23,Delivered,COD,Gurugram,Maharashtra
O007662,10704,2025-07-28,Shipped,COD,Kochi,Uttar Pradesh
O007663,11457,2025-02-02,Delivered,UPI,Jaipur,Maharashtra
O007664,10883,2024-10-01,Returned,UPI,Hyderabad,Telangana
O007665,11450,2024-05-03,Delivered,Net Banking,Ahmedabad,Tamil Nadu
O007666,11253,2024-03-26,Delivered,Credit Card,Mumbai,West Bengal
O007667,10524,2025-08-04,Delivered,Net Banking,Chennai,Delhi
O007668,12265,2024-02-16,Delivered,COD,Mumbai,Gujarat
O007669,10990,2025-12-11,Returned,Net Banking,Kochi,Delhi
O007670,12423,2024-07-19,Delivered,Net Banking,Chennai,Telangana
O007671,10036,2024-10-02,Delivered,UPI,Hyderabad,Rajasthan
O007672,10776,2025-07-02,Delivered,UPI,Mumbai,West Bengal
O007673,10028,2025-12-15,Delivered,Credit Card,Jaipur,Tamil Nadu
O007674,10086,2024-05-09,Delivered,Debit Card,Lucknow,Uttar Pradesh
O007675,12236,2025-03-23,Delivered,Debit Card,Kolkata,Maharashtra
O007676,12353,2025-01-23,Delivered,Net Banking,Mumbai,Uttar Pradesh
O007677,12128,2025-07-29,Returned,Credit Card,Bengaluru,Rajasthan
O007678,10186,2024-09-19,Delivered,Credit Card,Kolkata,Uttar Pradesh
O007679,11029,2025-09-23,Delivered,COD,Kochi,Punjab
O007680,10558,2024-10-04,Delivered,UPI,Bengaluru,West Bengal
O007681,11638,2025-12-14,Cancelled,COD,Kochi,Maharashtra
O007682,10971,2024-02-15,Delivered,Debit Card,Hyderabad,Haryana
O007683,11026,2024-06-16,Cancelled,Credit Card,Jaipur,Maharashtra
O007684,10217,2025-03-20,Delivered,Debit Card,Gurugram,Delhi
O007685,10257,2025-09-13,Delivered,UPI,Lucknow,Haryana
O007686,11477,2024-02-15,Delivered,UPI,Delhi,Karnataka
O007687,11448,2025-12-24,Returned,UPI,Ludhiana,West Bengal
O007688,10324,2025-06-23,Delivered,Debit Card,Kochi,Kerala
O007689,11605,2024-03-27,Delivered,Credit Card,Gurugram,Delhi
O007690,12245,2025-01-19,Delivered,COD,Ludhiana,Tamil Nadu
O007691,10504,2025-10-30,Delivered,Credit Card,Ludhiana,Haryana
O007692,10694,2024-09-21,Delivered,Credit Card,Delhi,Punjab
O007693,10959,2024-01-22,Shipped,Net Banking,Ludhiana,West Bengal
O007694,12066,2025-12-03,Cancelled,Credit Card,Lucknow,Haryana
O007695,12155,2025-03-25,Returned,COD,Chennai,Maharashtra
O007696,10125,2024-08-19,Delivered,Net Banking,Delhi,Karnataka
O007697,10483,2024-07-04,Delivered,Credit Card,Mumbai,Rajasthan
O007698,12399,2024-11-21,Delivered,Net Banking,Ludhiana,Punjab
O007699,10351,2024-07-01,Delivered,Credit Card,Ludhiana,West Bengal
O007700,10649,2025-01-31,Shipped,UPI,Chennai,Rajasthan
O007701,10228,2025-04-25,Delivered,UPI,Gurugram,Kerala
O007702,12064,2025-02-06,Cancelled,Credit Card,Lucknow,Telangana
O007703,11834,2025-04-07,Shipped,Net Banking,Hyderabad,Tamil Nadu
O007704,10425,2025-02-20,Delivered,COD,Hyderabad,Kerala
O007705,10724,2024-07-20,Delivered,UPI,Hyderabad,Kerala
O007706,11822,2024-03-05,Delivered,Net Banking,Ludhiana,Delhi
O007707,10794,2025-07-08,Delivered,COD,Gurugram,West Bengal
O007708,10177,2024-01-17,Delivered,Net Banking,Jaipur,Maharashtra
O007709,11586,2024-07-01,Returned,Credit Card,Bengaluru,Punjab
O007710,11679,2025-01-25,Delivered,UPI,Bengaluru,Delhi
O007711,10564,2024-02-13,Delivered,UPI,Gurugram,Uttar Pradesh
O007712,12281,2025-11-30,Shipped,UPI,Kolkata,Punjab
O007713,11017,2025-04-26,Shipped,Credit Card,Delhi,Rajasthan
O007714,10444,2024-09-19,Shipped,COD,Jaipur,Telangana
O007715,12068,2024-06-22,Delivered,COD,Delhi,Haryana
O007716,10111,2025-03-16,Delivered,UPI,Chennai,Telangana
O007717,10089,2025-07-19,Delivered,COD,Lucknow,Delhi
O007718,11142,2024-08-07,Delivered,UPI,Hyderabad,Karnataka
O007719,12482,2025-07-11,Delivered,COD,Ahmedabad,Maharashtra
O007720,11942,2025-01-28,Delivered,UPI,Ahmedabad,Haryana
O007721,10072,2024-07-13,Returned,COD,Delhi,Punjab
O007722,10822,2025-02-12,Delivered,Net Banking,Kochi,Rajasthan
O007723,10816,2025-04-15,Delivered,UPI,Delhi,Punjab
O007724,10404,2024-12-12,Delivered,UPI,Hyderabad,West Bengal
O007725,11699,2025-04-06,Delivered,Debit Card,Delhi,Punjab
O007726,10251,2024-03-01,Delivered,UPI,Delhi,Telangana
O007727,12043,2024-06-14,Delivered,COD,Hyderabad,Telangana
O007728,11596,2025-11-02,Cancelled,Net Banking,,Haryana
O007729,11634,2024-05-30,Delivered,Net Banking,Chennai,Gujarat
O007730,11954,2024-04-20,Delivered,COD,Jaipur,Gujarat
O007731,10868,2025-05-02,Delivered,Credit Card,Ludhiana,Gujarat
O007732,11891,2025-07-02,Delivered,UPI,Mumbai,Tamil Nadu
O007733,10896,2024-01-03,Cancelled,Net Banking,Ludhiana,Karnataka
O007734,10256,2025-04-27,Delivered,COD,Delhi,Maharashtra
O007735,11932,2024-01-13,Delivered,Net Banking,Mumbai,Maharashtra
O007736,11112,2024-06-10,Delivered,Net Banking,Ludhiana,Kerala
O007737,10873,2024-12-09,Shipped,COD,Gurugram,Tamil Nadu
O007738,10492,2025-03-24,Delivered,Debit Card,Delhi,Gujarat
O007739,12384,2024-11-27,Delivered,Net Banking,Kochi,Karnataka
O007740,11562,2024-09-20,Delivered,Net Banking,Ahmedabad,Tamil Nadu
O007741,11431,2024-03-23,Returned,Credit Card,Kochi,Karnataka
O007742,10633,2024-11-29,Shipped,Debit Card,Jaipur,Haryana
O007743,11313,2025-01-14,Delivered,Credit Card,Jaipur,Karnataka
O007744,10362,2024-08-06,Shipped,COD,Ludhiana,Tamil Nadu
O007745,11465,2025-10-19,Delivered,UPI,Lucknow,Punjab
O007746,10919,2025-03-29,Delivered,COD,Hyderabad,Karnataka
O007747,10894,2025-11-03,Delivered,Debit Card,Hyderabad,Telangana
O007748,11247,2024-03-29,Shipped,COD,Lucknow,Uttar Pradesh
O007749,10747,2024-11-28,Delivered,Debit Card,Ludhiana,Kerala
O007750,11148,2024-11-05,Shipped,Credit Card,Ludhiana,Tamil Nadu
O007751,11003,2025-12-27,Delivered,Net Banking,Mumbai,Delhi
O007752,12022,2025-02-23,Shipped,COD,Ludhiana,Punjab
O007753,11007,2025-08-31,Delivered,COD,Lucknow,Kerala
O007754,10215,2025-12-25,Delivered,Net Banking,Kochi,Karnataka
O007755,12166,2024-12-19,Delivered,COD,Hyderabad,Maharashtra
O007756,10227,2024-04-09,Delivered,COD,Lucknow,Delhi
O007757,10891,2024-05-24,Delivered,UPI,Mumbai,Punjab
O007758,12492,2024-01-10,Delivered,UPI,Lucknow,Rajasthan
O007759,11632,2024-02-13,Returned,Net Banking,Bengaluru,Telangana
O007760,12027,2025-01-20,Delivered,Credit Card,Kolkata,Haryana
O007761,11461,2025-05-09,Delivered,COD,Delhi,Delhi
O007762,10012,2025-05-07,Delivered,COD,Kochi,West Bengal
O007763,11146,2024-06-17,Delivered,Credit Card,Ahmedabad,Karnataka
O007764,11574,2025-10-03,Delivered,COD,Delhi,Punjab
O007765,11304,2025-06-14,Shipped,Credit Card,Lucknow,West Bengal
O007766,10742,2024-12-01,Delivered,Net Banking,Delhi,Uttar Pradesh
O007767,11361,2025-05-27,Shipped,Net Banking,Gurugram,Karnataka
O007768,12216,2024-05-09,Delivered,Credit Card,Ahmedabad,Uttar Pradesh
O007769,11977,2025-06-22,Returned,Credit Card,Jaipur,Kerala
O007770,11325,2025-05-28,Delivered,Debit Card,Bengaluru,West Bengal
O007771,12248,2024-09-06,Delivered,UPI,Chennai,Haryana
O007772,11917,2024-05-17,Delivered,UPI,Mumbai,Delhi
O007773,11390,2024-10-01,Returned,COD,Chennai,Gujarat
O007774,11743,2025-04-08,Delivered,COD,Gurugram,Punjab
O007775,10774,2024-05-20,Delivered,Credit Card,Lucknow,Delhi
O007776,12145,2024-09-12,Delivered,Credit Card,Kolkata,Uttar Pradesh
O007777,12119,2025-03-31,Cancelled,UPI,Delhi,Tamil Nadu
O007778,10993,2025-03-09,Delivered,COD,Kochi,Rajasthan
O007779,11839,2025-08-29,Delivered,UPI,Gurugram,Haryana
O007780,11885,2024-06-21,Shipped,Net Banking,Ludhiana,Gujarat
O007781,12405,2025-04-17,Cancelled,UPI,Delhi,Karnataka
O007782,10812,2025-02-26,Delivered,UPI,Ahmedabad,Maharashtra
O007783,12302,2025-03-14,Returned,Credit Card,Delhi,Rajasthan
O007784,11876,2024-02-26,Delivered,COD,Hyderabad,Kerala
O007785,10004,2025-05-12,Delivered,Net Banking,Lucknow,Kerala
O007786,11487,2025-09-05,Delivered,UPI,Ahmedabad,Kerala
O007787,12193,2024-06-17,Delivered,UPI,Ahmedabad,Uttar Pradesh
O007788,10165,2025-08-04,Shipped,Credit Card,Jaipur,Uttar Pradesh
O007789,10344,2025-07-14,Cancelled,Debit Card,Hyderabad,Tamil Nadu
O007790,11898,2025-03-03,Delivered,COD,Mumbai,Gujarat
O007791,11129,2025-02-22,Delivered,COD,Lucknow,Telangana
O007792,11338,2024-12-12,Delivered,COD,Lucknow,Maharashtra
O007793,11622,2025-05-31,Delivered,UPI,Mumbai,Punjab
O007794,12457,2025-03-30,Delivered,UPI,Kolkata,Punjab
O007795,12484,2025-12-14,Shipped,UPI,Kolkata,Delhi
O007796,11339,2024-07-20,Delivered,Debit Card,Hyderabad,Telangana
O007797,10542,2024-06-27,Delivered,UPI,Mumbai,Kerala
O007798,10613,2024-02-26,Delivered,COD,Jaipur,Maharashtra
O007799,10900,2025-11-28,Shipped,COD,Hyderabad,Delhi
O007800,11885,2025-08-26,Delivered,Credit Card,Delhi,Tamil Nadu
O007801,11056,2025-05-15,Shipped,Debit Card,Gurugram,Haryana
O007802,11623,2024-04-21,Delivered,Net Banking,Mumbai,Uttar Pradesh
O007803,11487,2024-05-27,Delivered,UPI,Gurugram,Maharashtra
O007804,12391,2025-12-15,Delivered,Net Banking,Mumbai,West Bengal
O007805,11256,2025-01-12,Delivered,UPI,Mumbai,Telangana
O007806,10129,2024-12-13,Delivered,Debit Card,Kolkata,Rajasthan
O007807,11043,2024-12-23,Cancelled,Debit Card,Delhi,Tamil Nadu
O007808,10357,2024-02-25,Delivered,COD,Jaipur,Karnataka
O007809,11443,2024-11-11,Delivered,Debit Card,Kolkata,Haryana
O007810,10081,2024-07-03,Delivered,Net Banking,Mumbai,Punjab
O007811,11905,2024-02-23,Delivered,Net Banking,Chennai,Haryana
O007812,11142,2024-02-06,Delivered,Debit Card,Kolkata,Gujarat
O007813,11878,2025-12-23,Delivered,Net Banking,Gurugram,Tamil Nadu
O007814,10791,2024-09-26,Shipped,UPI,Hyderabad,Tamil Nadu
O007815,11899,2025-05-22,Delivered,Credit Card,Jaipur,Uttar Pradesh
O007816,10225,2024-08-15,Delivered,COD,Hyderabad,Telangana
O007817,12467,2025-03-03,Delivered,Credit Card,Kolkata,Kerala
O007818,10780,2025-12-23,Delivered,Net Banking,Chennai,Karnataka
O007819,10137,2024-01-01,Delivered,COD,Kochi,Telangana
O007820,10226,2024-01-23,Returned,Credit Card,Ahmedabad,Rajasthan
O007821,11253,2025-05-17,Delivered,Credit Card,Chennai,Telangana
O007822,12371,2025-03-23,Shipped,Net Banking,Mumbai,Kerala
O007823,10812,2025-05-10,Delivered,COD,Ludhiana,West Bengal
O007824,12493,2025-02-28,Delivered,COD,Delhi,Maharashtra
O007825,11941,2025-11-30,Delivered,Credit Card,Hyderabad,Uttar Pradesh
O007826,10007,2024-01-18,Delivered,COD,Delhi,Uttar Pradesh
O007827,10128,2025-03-20,Delivered,COD,Gurugram,Maharashtra
O007828,10267,2025-07-14,Delivered,UPI,Lucknow,West Bengal
O007829,10928,2025-07-12,Cancelled,Net Banking,Ludhiana,Tamil Nadu
O007830,10214,2025-09-18,Returned,Net Banking,Bengaluru,Tamil Nadu
O007831,10247,2024-02-08,Delivered,UPI,Kochi,Kerala
O007832,11642,2025-12-29,Delivered,Credit Card,Ludhiana,Punjab
O007833,11619,2024-07-28,Delivered,Debit Card,Hyderabad,Gujarat
O007834,11828,2024-07-29,Delivered,Credit Card,Kochi,Kerala
O007835,10421,2025-07-18,Cancelled,UPI,Bengaluru,Punjab
O007836,11739,2024-10-07,Delivered,COD,Gurugram,West Bengal
O007837,11065,2024-05-12,Shipped,UPI,Gurugram,Haryana
O007838,11372,2025-03-24,Delivered,Net Banking,Chennai,Telangana
O007839,10143,2024-09-20,Delivered,COD,Kochi,Gujarat
O007840,12189,2024-04-20,Delivered,Credit Card,Mumbai,Rajasthan
O007841,12155,2025-07-08,Cancelled,COD,Lucknow,Punjab
O007842,12081,2024-08-25,Delivered,Net Banking,Delhi,Tamil Nadu
O007843,12167,2025-04-01,Delivered,UPI,Jaipur,Kerala
O007844,11824,2025-05-30,Delivered,Credit Card,Kochi,Kerala
O007845,10229,2024-06-21,Delivered,Debit Card,Lucknow,Rajasthan
O007846,11988,2024-07-11,Delivered,Debit Card,Ahmedabad,Gujarat
O007847,10830,2025-05-29,Shipped,UPI,Ludhiana,Tamil Nadu
O007848,10850,2025-07-21,Cancelled,Credit Card,Kochi,Delhi
O007849,11239,2025-02-12,Shipped,Credit Card,Lucknow,Kerala
O007850,11154,2025-11-18,Cancelled,COD,Jaipur,Rajasthan
O007851,10845,2025-09-19,Shipped,UPI,Ahmedabad,Maharashtra
O007852,12320,2024-03-24,Returned,COD,Mumbai,Kerala
O007853,10403,2025-11-01,Delivered,UPI,Jaipur,Kerala
O007854,11603,2024-03-20,Delivered,Net Banking,Chennai,Punjab
O007855,10627,2025-07-31,Returned,UPI,Kochi,Kerala
O007856,11824,2024-07-27,Delivered,COD,Ahmedabad,Delhi
O007857,10981,2025-06-05,Cancelled,Credit Card,Bengaluru,Delhi
O007858,11077,2024-07-17,Delivered,UPI,Jaipur,Maharashtra
O007859,12295,2025-07-24,Cancelled,Credit Card,Ahmedabad,Tamil Nadu
O007860,12385,2024-08-21,Delivered,Net Banking,Lucknow,Uttar Pradesh
O007861,10033,2024-08-31,Delivered,Debit Card,Jaipur,Gujarat
O007862,10799,2025-01-27,Delivered,Debit Card,Bengaluru,Uttar Pradesh
O007863,11367,2025-07-19,Delivered,COD,Chennai,Kerala
O007864,11263,2025-03-21,Cancelled,UPI,Kolkata,Delhi
O007865,12092,2025-01-27,Delivered,Net Banking,Lucknow,Punjab
O007866,10304,2024-01-09,Cancelled,Net Banking,Lucknow,Gujarat
O007867,11694,2025-09-04,Delivered,Credit Card,Kolkata,Delhi
O007868,12317,2025-12-15,Returned,COD,Lucknow,Karnataka
O007869,12031,2024-06-01,Delivered,Net Banking,Bengaluru,Tamil Nadu
O007870,11757,2024-04-19,Delivered,UPI,Ludhiana,Kerala
O007871,10400,2024-09-22,Delivered,Net Banking,Chennai,Karnataka
O007872,10922,2025-01-07,Returned,Debit Card,Kochi,Karnataka
O007873,12479,2024-05-31,Delivered,COD,Mumbai,Uttar Pradesh
O007874,10421,2025-08-17,Delivered,Credit Card,Kolkata,Tamil Nadu
O007875,12179,2025-02-18,Delivered,UPI,Delhi,Kerala
O007876,11434,2025-10-07,Delivered,Debit Card,Bengaluru,Kerala
O007877,11249,2024-11-21,Cancelled,Net Banking,Mumbai,Rajasthan
O007878,11167,2025-11-02,Delivered,COD,Hyderabad,West Bengal
O007879,10578,2025-07-04,Delivered,COD,Mumbai,Rajasthan
O007880,10540,2024-06-24,Returned,UPI,Chennai,Kerala
O007881,12173,2025-06-08,Delivered,Credit Card,Delhi,Telangana
O007882,11236,2024-11-10,Shipped,Debit Card,Kochi,Karnataka
O007883,10934,2024-03-07,Delivered,Credit Card,Chennai,Uttar Pradesh
O007884,11461,2025-07-06,Returned,UPI,Bengaluru,Gujarat
O007885,10592,2024-07-02,Delivered,UPI,Kolkata,Kerala
O007886,11262,2024-02-04,Shipped,Debit Card,Delhi,Haryana
O007887,10644,2025-05-19,Delivered,COD,Kolkata,Delhi
O007888,10328,2024-03-16,Delivered,COD,Delhi,West Bengal
O007889,11143,2025-04-16,Delivered,Debit Card,Ahmedabad,Haryana
O007890,12094,2025-08-04,Delivered,Credit Card,Ludhiana,Maharashtra
O007891,12132,2025-06-06,Delivered,Debit Card,Mumbai,Punjab
O007892,10352,2024-10-09,Delivered,COD,Chennai,Haryana
O007893,11037,2025-06-19,Returned,Credit Card,Lucknow,Delhi
O007894,10637,2024-09-30,Delivered,Net Banking,Kolkata,Kerala
O007895,11196,2025-06-22,Delivered,Credit Card,Bengaluru,Gujarat
O007896,10234,2024-02-23,Delivered,COD,Hyderabad,Gujarat
O007897,10781,2024-02-24,Delivered,UPI,Mumbai,Gujarat
O007898,11419,2024-10-03,Delivered,Credit Card,Kolkata,Uttar Pradesh
O007899,10933,2025-03-18,Returned,Credit Card,Chennai,West Bengal
O007900,11824,2025-02-21,Cancelled,UPI,Bengaluru,West Bengal
O007901,10861,2025-09-23,Delivered,COD,Mumbai,Punjab
O007902,11231,2024-08-12,Delivered,Net Banking,Bengaluru,Delhi
O007903,12196,2025-07-23,Delivered,Net Banking,Delhi,West Bengal
O007904,10300,2024-09-11,Delivered,Debit Card,Bengaluru,Haryana
O007905,11956,2024-06-24,Delivered,Net Banking,Bengaluru,Maharashtra
O007906,11477,2025-07-19,Shipped,Net Banking,Ludhiana,Karnataka
O007907,12024,2024-05-25,Delivered,Credit Card,Lucknow,Maharashtra
O007908,12431,2025-10-25,Returned,Debit Card,Jaipur,Gujarat
O007909,11971,2025-01-19,Delivered,Net Banking,Hyderabad,Delhi
O007910,10534,2024-09-18,Delivered,Credit Card,Ahmedabad,Haryana
O007911,11257,2025-06-14,Cancelled,Debit Card,Delhi,Haryana
O007912,11658,2025-01-05,Delivered,Credit Card,Lucknow,Punjab
O007913,11153,2025-11-13,Delivered,UPI,Lucknow,Delhi
O007914,11753,2024-07-15,Delivered,COD,Kolkata,Gujarat
O007915,11684,2025-08-07,Delivered,COD,Gurugram,Karnataka
O007916,10237,2025-08-19,Delivered,COD,Bengaluru,Tamil Nadu
O007917,10701,2024-10-10,Delivered,Net Banking,Hyderabad,Gujarat
O007918,10575,2024-10-28,Delivered,COD,Mumbai,Haryana
O007919,11721,2024-05-11,Shipped,COD,Chennai,Gujarat
O007920,10771,2024-04-29,Delivered,Debit Card,Delhi,Delhi
O007921,11765,2025-12-28,Delivered,Debit Card,Kolkata,Karnataka
O007922,10223,2024-05-15,Delivered,Debit Card,Kolkata,Kerala
O007923,11123,2025-09-19,Delivered,Net Banking,Chennai,Delhi
O007924,12321,2025-07-26,Delivered,COD,Bengaluru,Delhi
O007925,11423,2025-06-12,Delivered,Net Banking,Kolkata,Haryana
O007926,11541,2024-02-03,Delivered,Net Banking,Chennai,Telangana
O007927,12006,2025-06-15,Delivered,Net Banking,Kochi,Haryana
O007928,10430,2024-07-26,Shipped,Net Banking,Hyderabad,Tamil Nadu
O007929,10523,2025-11-04,Cancelled,Net Banking,Lucknow,Haryana
O007930,11372,2024-10-25,Delivered,Net Banking,Hyderabad,Maharashtra
O007931,11575,2025-06-05,Delivered,COD,Kolkata,Rajasthan
O007932,12499,2024-04-03,Delivered,Debit Card,Bengaluru,Delhi
O007933,11975,2025-02-17,Delivered,Credit Card,Kochi,Delhi
O007934,12090,2025-01-05,Delivered,Credit Card,Chennai,Karnataka
O007935,11739,2025-02-12,Returned,Credit Card,Lucknow,Karnataka
O007936,10094,2025-01-17,Delivered,UPI,Bengaluru,Gujarat
O007937,11174,2025-03-16,Returned,Debit Card,Bengaluru,Karnataka
O007938,10499,2025-03-22,Delivered,COD,Gurugram,Kerala
O007939,12419,2025-09-10,Delivered,Net Banking,Delhi,Maharashtra
O007940,10981,2025-09-08,Delivered,Credit Card,Gurugram,Punjab
O007941,10485,2024-03-11,Shipped,Debit Card,Chennai,Kerala
O007942,10665,2024-03-24,Delivered,COD,Ludhiana,Rajasthan
O007943,10628,2024-07-27,Delivered,Credit Card,Mumbai,Haryana
O007944,11685,2024-09-15,Delivered,Debit Card,Ludhiana,Uttar Pradesh
O007945,10732,2024-08-26,Shipped,COD,Bengaluru,Telangana
O007946,10192,2024-10-28,Shipped,Debit Card,Kolkata,Telangana
O007947,11769,2024-08-19,Delivered,Net Banking,Delhi,Punjab
O007948,11245,2024-10-08,Delivered,Debit Card,Kochi,Rajasthan
O007949,11071,2025-01-28,Returned,Debit Card,Kolkata,Telangana
O007950,12175,2025-02-21,Cancelled,UPI,Lucknow,Rajasthan
O007951,10696,2024-07-24,Delivered,Net Banking,Lucknow,Rajasthan
O007952,11140,2024-09-20,Shipped,Debit Card,Ludhiana,Maharashtra
O007953,10564,2024-11-06,Delivered,Net Banking,Hyderabad,Haryana
O007954,12414,2025-11-27,Delivered,Debit Card,Bengaluru,Punjab
O007955,12441,2025-09-17,Delivered,Net Banking,Ludhiana,Punjab
O007956,10023,2024-03-19,Delivered,COD,Kolkata,Tamil Nadu
O007957,10445,2024-12-07,Cancelled,Credit Card,Mumbai,Telangana
O007958,10777,2025-07-15,Delivered,UPI,Delhi,Gujarat
O007959,12045,2024-04-04,Delivered,Credit Card,Bengaluru,Telangana
O007960,10708,2024-12-16,Cancelled,Debit Card,Hyderabad,Telangana
O007961,10433,2024-03-02,Shipped,Debit Card,Jaipur,West Bengal
O007962,10473,2024-05-21,Delivered,COD,Lucknow,Punjab
O007963,10048,2024-04-20,Delivered,Debit Card,Mumbai,Kerala
O007964,11915,2025-09-07,Shipped,Net Banking,Ahmedabad,Uttar Pradesh
O007965,11106,2025-06-10,Delivered,Credit Card,Jaipur,Delhi
O007966,12311,2025-11-01,Shipped,Debit Card,Chennai,Haryana
O007967,11891,2024-06-05,Delivered,COD,Kochi,Delhi
O007968,10358,2025-06-22,Delivered,UPI,Delhi,Karnataka
O007969,10568,2025-08-19,Cancelled,Credit Card,Chennai,Telangana
O007970,10480,2024-01-09,Cancelled,COD,Kolkata,Kerala
O007971,10867,2024-10-02,Delivered,COD,Kolkata,Delhi
O007972,11029,2024-08-14,Delivered,Credit Card,Kochi,West Bengal
O007973,11814,2024-07-04,Cancelled,COD,Bengaluru,West Bengal
O007974,11418,2025-08-13,Delivered,UPI,Lucknow,Tamil Nadu
O007975,10708,2024-08-03,Delivered,UPI,Kochi,Maharashtra
O007976,12474,2025-03-08,Delivered,Debit Card,Chennai,Tamil Nadu
O007977,11051,2025-07-22,Delivered,Net Banking,Mumbai,Karnataka
O007978,10127,2025-10-17,Delivered,Debit Card,Chennai,Uttar Pradesh
O007979,12183,2024-12-21,Delivered,Net Banking,Mumbai,Punjab
O007980,12379,2025-01-26,Delivered,Credit Card,Bengaluru,Rajasthan
O007981,11653,2025-08-01,Returned,COD,Ahmedabad,Delhi
O007982,12440,2024-10-01,Returned,Debit Card,Hyderabad,West Bengal
O007983,10008,2025-05-08,Returned,COD,Delhi,Rajasthan
O007984,10613,2025-09-08,Cancelled,Debit Card,Kochi,Haryana
O007985,11285,2025-03-26,Delivered,Debit Card,Ahmedabad,Kerala
O007986,11223,2025-02-23,Delivered,UPI,Mumbai,Delhi
O007987,10598,2025-11-30,Delivered,Net Banking,Delhi,Delhi
O007988,11764,2024-06-12,Delivered,Credit Card,Ahmedabad,Kerala
O007989,10386,2025-07-16,Delivered,COD,Lucknow,West Bengal
O007990,10179,2025-09-29,Delivered,Debit Card,Chennai,Rajasthan
O007991,12498,2025-08-14,Returned,COD,Mumbai,Haryana
O007992,10815,2024-07-01,Delivered,UPI,Hyderabad,Gujarat
O007993,11818,2024-11-05,Delivered,Credit Card,Kolkata,Uttar Pradesh
O007994,10358,2024-01-17,Delivered,Net Banking,Hyderabad,Karnataka
O007995,12424,2025-03-21,Delivered,Net Banking,Hyderabad,Haryana
O007996,10702,2024-06-18,Returned,Debit Card,Ahmedabad,Delhi
O007997,11751,2024-10-06,Delivered,Credit Card,Ludhiana,Haryana
O007998,10782,2024-12-05,Delivered,Net Banking,Lucknow,Tamil Nadu
O007999,10082,2025-12-26,Returned,Credit Card,Lucknow,Gujarat
O008000,10185,2025-12-10,Delivered,COD,Gurugram,Maharashtra
O008001,12336,2025-06-02,Delivered,UPI,Hyderabad,Tamil Nadu
O008002,10883,2024-01-11,Delivered,Credit Card,Hyderabad,Punjab
O008003,10507,2025-06-07,Shipped,Credit Card,Chennai,Delhi
O008004,12042,2025-09-13,Delivered,Net Banking,Delhi,Telangana
O008005,11486,2024-05-12,Cancelled,Debit Card,Kolkata,Delhi
O008006,10030,2025-10-01,Returned,Debit Card,Jaipur,Telangana
O008007,11933,2024-05-27,Delivered,COD,Gurugram,Tamil Nadu
O008008,12079,2025-07-19,Delivered,Net Banking,Ludhiana,West Bengal
O008009,11317,2024-03-19,Cancelled,Net Banking,Bengaluru,Telangana
O008010,11197,2024-12-11,Delivered,UPI,Gurugram,West Bengal
O008011,11152,2025-08-31,Returned,Debit Card,Mumbai,Punjab
O008012,10086,2024-09-05,Delivered,Net Banking,Ahmedabad,Maharashtra
O008013,11339,2025-09-30,Delivered,COD,Kochi,Delhi
O008014,12076,2025-06-25,Delivered,UPI,Kochi,West Bengal
O008015,12170,2024-01-24,Delivered,Debit Card,Lucknow,Gujarat
O008016,11275,2025-04-15,Delivered,Debit Card,Ludhiana,Haryana
O008017,12451,2024-07-19,Shipped,Debit Card,Jaipur,Karnataka
O008018,10683,2024-05-10,Delivered,UPI,Bengaluru,Tamil Nadu
O008019,10272,2025-09-25,Shipped,COD,Delhi,Kerala
O008020,11836,2024-12-21,Delivered,COD,Bengaluru,Kerala
O008021,12161,2024-05-29,Delivered,Net Banking,Chennai,Tamil Nadu
O008022,11730,2025-06-09,Shipped,Net Banking,Gurugram,Uttar Pradesh
O008023,11418,2024-10-30,Returned,Debit Card,Chennai,Gujarat
O008024,10019,2025-06-24,Cancelled,Credit Card,Kochi,Rajasthan
O008025,11876,2024-02-19,Cancelled,Net Banking,Jaipur,West Bengal
O008026,10465,2025-04-08,Delivered,COD,Delhi,Rajasthan
O008027,10691,2024-08-27,Shipped,Debit Card,Jaipur,Karnataka
O008028,11011,2025-04-26,Delivered,COD,Jaipur,Delhi
O008029,11215,2025-03-30,Delivered,Debit Card,Jaipur,Delhi
O008030,11517,2024-10-09,Delivered,UPI,Delhi,Tamil Nadu
O008031,10163,2024-11-30,Cancelled,Net Banking,Mumbai,West Bengal
O008032,11636,2024-12-17,Delivered,UPI,Kochi,Gujarat
O008033,10295,2025-10-29,Delivered,Net Banking,Bengaluru,Tamil Nadu
O008034,10579,2025-10-10,Delivered,COD,Lucknow,Kerala
O008035,11768,2024-11-22,Delivered,COD,Ludhiana,Tamil Nadu
O008036,11586,2024-12-01,Cancelled,Credit Card,Ludhiana,Kerala
O008037,12350,2025-10-27,Delivered,COD,Mumbai,Rajasthan
O008038,11332,2024-03-21,Delivered,Debit Card,Mumbai,Uttar Pradesh
O008039,12172,2024-03-27,Delivered,Credit Card,Kochi,Rajasthan
O008040,10195,2024-09-14,Delivered,Debit Card,Kochi,Kerala
O008041,10842,2024-07-03,Delivered,Credit Card,Ludhiana,Uttar Pradesh
O008042,12399,2025-11-22,Delivered,Debit Card,Lucknow,West Bengal
O008043,11867,2025-11-28,Delivered,Credit Card,Kochi,Karnataka
O008044,11792,2024-05-02,Delivered,Net Banking,Hyderabad,West Bengal
O008045,10489,2024-04-05,Cancelled,Net Banking,Ludhiana,Tamil Nadu
O008046,12248,2025-08-27,Returned,Credit Card,Delhi,Tamil Nadu
O008047,11604,2025-05-29,Delivered,UPI,Gurugram,Punjab
O008048,10446,2025-03-18,Delivered,Credit Card,Kolkata,Punjab
O008049,10080,2025-05-28,Shipped,UPI,Chennai,Telangana
O008050,10745,2025-01-05,Delivered,Debit Card,Chennai,Tamil Nadu
O008051,11861,2024-10-31,Delivered,Credit Card,Delhi,Kerala
O008052,11466,2024-12-22,Delivered,UPI,Gurugram,Punjab
O008053,10931,2024-05-27,Cancelled,Credit Card,Hyderabad,Gujarat
O008054,11935,2024-10-11,Delivered,Net Banking,Hyderabad,Haryana
O008055,10272,2025-10-18,Delivered,Net Banking,Bengaluru,Haryana
O008056,11367,2024-09-18,Delivered,Credit Card,Gurugram,Tamil Nadu
O008057,12172,2025-07-27,Delivered,Credit Card,Kochi,Kerala
O008058,11514,2025-05-05,Delivered,COD,,West Bengal
O008059,10686,2024-01-31,Delivered,Net Banking,Ahmedabad,Telangana
O008060,11727,2025-12-02,Shipped,Debit Card,Bengaluru,Haryana
O008061,10652,2024-09-24,Delivered,Credit Card,Mumbai,Haryana
O008062,10297,2024-01-12,Delivered,COD,Bengaluru,Punjab
O008063,11143,2024-07-09,Delivered,Credit Card,Lucknow,West Bengal
O008064,10621,2025-02-03,Delivered,Net Banking,Delhi,West Bengal
O008065,11655,2025-06-20,Returned,UPI,Delhi,Uttar Pradesh
O008066,11655,2024-03-31,Delivered,UPI,Ludhiana,Rajasthan
O008067,12399,2025-08-22,Delivered,Net Banking,Delhi,Karnataka
O008068,11673,2025-05-15,Delivered,Debit Card,Hyderabad,Karnataka
O008069,10255,2024-10-27,Delivered,COD,Jaipur,Kerala
O008070,11288,2024-04-20,Returned,Credit Card,Ahmedabad,Delhi
O008071,10029,2024-03-20,Delivered,Credit Card,Hyderabad,Karnataka
O008072,11059,2025-10-13,Delivered,Credit Card,Lucknow,Kerala
O008073,10749,2025-03-08,Delivered,COD,Kochi,Maharashtra
O008074,11318,2025-02-20,Shipped,COD,Kochi,Delhi
O008075,10602,2024-08-01,Delivered,Net Banking,Jaipur,Delhi
O008076,11092,2025-03-22,Delivered,COD,Bengaluru,Haryana
O008077,10131,2024-01-18,Delivered,Credit Card,Chennai,Rajasthan
O008078,10111,2024-02-23,Cancelled,Credit Card,Ahmedabad,Uttar Pradesh
O008079,10831,2025-08-31,Delivered,COD,Mumbai,Karnataka
O008080,10666,2024-08-27,Delivered,COD,Jaipur,West Bengal
O008081,11067,2025-02-21,Delivered,Net Banking,Ludhiana,Telangana
O008082,10875,2025-04-30,Delivered,UPI,Bengaluru,Maharashtra
O008083,11318,2025-03-19,Delivered,COD,Kochi,Maharashtra
O008084,10285,2025-07-19,Delivered,UPI,Gurugram,Maharashtra
O008085,10564,2025-08-21,Delivered,Debit Card,Ahmedabad,West Bengal
O008086,10019,2024-05-02,Delivered,UPI,Bengaluru,Maharashtra
O008087,10547,2025-02-23,Delivered,COD,Delhi,Tamil Nadu
O008088,10048,2025-07-19,Delivered,Credit Card,Gurugram,Gujarat
O008089,11769,2024-08-03,Delivered,Credit Card,Kolkata,Haryana
O008090,12043,2025-02-23,Cancelled,COD,Kochi,Telangana
O008091,10219,2025-12-09,Delivered,Net Banking,Chennai,Maharashtra
O008092,10766,2025-07-04,Delivered,COD,Ludhiana,Rajasthan
O008093,12079,2024-08-15,Cancelled,COD,Kochi,Maharashtra
O008094,12307,2024-08-24,Delivered,Net Banking,Delhi,Haryana
O008095,10308,2025-10-05,Delivered,Net Banking,Chennai,Gujarat
O008096,12355,2024-11-25,Delivered,Debit Card,Gurugram,West Bengal
O008097,10568,2025-04-13,Delivered,Debit Card,Kolkata,West Bengal
O008098,11123,2025-11-10,Delivered,Debit Card,Lucknow,Maharashtra
O008099,12069,2025-05-01,Delivered,Net Banking,Jaipur,Kerala
O008100,10231,2025-07-02,Delivered,UPI,Chennai,Gujarat
O008101,10082,2025-08-01,Shipped,COD,Jaipur,Kerala
O008102,10217,2025-09-14,Delivered,Debit Card,Bengaluru,Maharashtra
O008103,10335,2025-02-18,Delivered,UPI,Gurugram,Kerala
O008104,10559,2024-08-06,Returned,COD,Delhi,Uttar Pradesh
O008105,10874,2025-12-21,Delivered,UPI,Lucknow,Haryana
O008106,10753,2025-01-15,Shipped,Credit Card,Mumbai,West Bengal
O008107,10594,2024-03-27,Delivered,Credit Card,Kochi,Gujarat
O008108,11823,2025-04-05,Delivered,COD,Bengaluru,Punjab
O008109,11679,2025-02-14,Returned,UPI,Ahmedabad,Kerala
O008110,10553,2025-11-21,Delivered,UPI,Mumbai,Rajasthan
O008111,11483,2025-06-08,Delivered,Net Banking,Hyderabad,Uttar Pradesh
O008112,10783,2025-03-22,Delivered,,Mumbai,Delhi
O008113,12135,2024-10-26,Delivered,COD,Chennai,Maharashtra
O008114,10513,2025-02-11,Delivered,UPI,Kochi,Tamil Nadu
O008115,10984,2025-09-28,Delivered,Debit Card,Kolkata,Maharashtra
O008116,10587,2025-01-09,Delivered,COD,Kochi,Haryana
O008117,11502,2024-08-20,Delivered,UPI,Lucknow,West Bengal
O008118,10956,2025-09-29,Delivered,Credit Card,Chennai,Delhi
O008119,10743,2025-10-11,Delivered,UPI,Kolkata,Maharashtra
O008120,10449,2024-02-18,Delivered,Credit Card,Ahmedabad,West Bengal
O008121,10588,2024-07-04,Delivered,Credit Card,Gurugram,Tamil Nadu
O008122,10260,2024-07-23,Delivered,Net Banking,Hyderabad,Karnataka
O008123,10094,2024-03-18,Shipped,Net Banking,Mumbai,Gujarat
O008124,11021,2025-04-25,Delivered,Debit Card,Chennai,Haryana
O008125,11960,2025-01-20,Delivered,COD,Kochi,Uttar Pradesh
O008126,11376,2024-07-12,Shipped,Debit Card,Gurugram,Kerala
O008127,11132,2024-04-12,Delivered,Net Banking,Kochi,Kerala
O008128,12403,2025-09-08,Delivered,Debit Card,Kochi,Karnataka
O008129,12143,2025-01-10,Delivered,COD,Ludhiana,Kerala
O008130,10868,2024-10-13,Delivered,COD,Lucknow,Punjab
O008131,10091,2025-04-26,Delivered,UPI,Hyderabad,Uttar Pradesh
O008132,11480,2025-12-23,Returned,Debit Card,Ahmedabad,Tamil Nadu
O008133,10955,2024-09-06,Delivered,Net Banking,Chennai,Gujarat
O008134,12432,2024-07-19,Delivered,UPI,Hyderabad,Delhi
O008135,10023,2025-06-19,Cancelled,Debit Card,Gurugram,Rajasthan
O008136,11726,2025-04-05,Delivered,COD,Chennai,West Bengal
O008137,10023,2024-10-26,Delivered,Net Banking,Ludhiana,Punjab
O008138,11722,2025-04-22,Delivered,Debit Card,Kochi,Uttar Pradesh
O008139,12359,2024-03-23,Delivered,COD,Jaipur,Tamil Nadu
O008140,11441,2025-04-02,Shipped,COD,Bengaluru,Karnataka
O008141,11357,2025-11-21,Delivered,Debit Card,Bengaluru,Gujarat
O008142,10575,2024-10-24,Cancelled,Debit Card,Delhi,Gujarat
O008143,12151,2024-12-29,Delivered,Net Banking,Kolkata,Maharashtra
O008144,10828,2025-12-18,Cancelled,UPI,Chennai,Tamil Nadu
O008145,10189,2024-02-09,Delivered,COD,Lucknow,Punjab
O008146,10460,2025-09-16,Cancelled,UPI,Hyderabad,Gujarat
O008147,12237,2024-12-05,Delivered,UPI,Kolkata,Rajasthan
O008148,10351,2025-05-30,Shipped,COD,Delhi,Telangana
O008149,10581,2024-04-17,Delivered,Debit Card,Bengaluru,Uttar Pradesh
O008150,12162,2024-11-11,Delivered,COD,Jaipur,Punjab
O008151,12152,2024-04-23,Delivered,UPI,Bengaluru,Maharashtra
O008152,10620,2024-06-15,Delivered,Net Banking,Kochi,Tamil Nadu
O008153,11532,2024-09-17,Delivered,COD,Hyderabad,Rajasthan
O008154,11369,2025-09-09,Delivered,Net Banking,Ahmedabad,Maharashtra
O008155,12435,2024-08-11,Delivered,Debit Card,Delhi,Uttar Pradesh
O008156,11802,2024-09-18,Shipped,Debit Card,Mumbai,Delhi
O008157,11233,2024-09-07,Delivered,Net Banking,Chennai,Uttar Pradesh
O008158,10473,2025-06-09,Delivered,Net Banking,Bengaluru,Tamil Nadu
O008159,10859,2025-12-10,Delivered,COD,Chennai,Gujarat
O008160,12441,2024-05-05,Delivered,Debit Card,Delhi,Haryana
O008161,11713,2024-07-24,Returned,Net Banking,Delhi,Telangana
O008162,10516,2024-05-19,Delivered,Credit Card,Jaipur,Haryana
O008163,12394,2024-03-02,Delivered,COD,Hyderabad,Gujarat
O008164,11376,2024-10-09,Delivered,COD,Lucknow,Gujarat
O008165,12095,2024-02-23,Delivered,Credit Card,Hyderabad,West Bengal
O008166,12391,2024-12-11,Delivered,Debit Card,Ludhiana,Uttar Pradesh
O008167,10543,2025-06-07,Delivered,Net Banking,Jaipur,Rajasthan
O008168,11060,2024-05-15,Delivered,Net Banking,Kolkata,Haryana
O008169,10757,2024-11-25,Delivered,Debit Card,Mumbai,Maharashtra
O008170,12399,2024-05-23,Delivered,Credit Card,Delhi,Karnataka
O008171,10188,2025-03-11,Delivered,Credit Card,Jaipur,Telangana
O008172,12382,2024-10-08,Delivered,Credit Card,Lucknow,Uttar Pradesh
O008173,10483,2024-05-15,Returned,COD,Kochi,Maharashtra
O008174,11240,2025-05-03,Returned,Net Banking,Ludhiana,Punjab
O008175,11182,2025-12-21,Cancelled,UPI,Ahmedabad,Kerala
O008176,10296,2025-02-04,Shipped,COD,Ludhiana,West Bengal
O008177,10045,2025-03-24,Delivered,COD,Delhi,Rajasthan
O008178,12043,2025-09-26,Delivered,Net Banking,Bengaluru,West Bengal
O008179,10175,2025-09-19,Delivered,Debit Card,Kochi,Gujarat
O008180,11370,2025-10-30,Delivered,Net Banking,Kochi,Rajasthan
O008181,12104,2024-09-26,Cancelled,Debit Card,Gurugram,Delhi
O008182,12389,2024-01-17,Delivered,Net Banking,Chennai,Punjab
O008183,11801,2024-09-25,Delivered,COD,Chennai,Uttar Pradesh
O008184,11910,2025-04-26,Delivered,Credit Card,Mumbai,Kerala
O008185,11775,2024-08-06,Delivered,COD,Lucknow,Uttar Pradesh
O008186,11921,2024-11-14,Delivered,COD,Kochi,West Bengal
O008187,12262,2024-08-25,Delivered,UPI,Mumbai,Punjab
O008188,11523,2025-06-28,Returned,COD,Hyderabad,Punjab
O008189,10758,2024-10-11,Delivered,COD,Mumbai,Karnataka
O008190,11421,2024-02-06,Delivered,COD,Ahmedabad,Tamil Nadu
O008191,10497,2024-04-12,Delivered,UPI,Kolkata,Kerala
O008192,12221,2025-12-23,Delivered,Debit Card,Kolkata,Uttar Pradesh
O008193,10105,2025-03-05,Delivered,UPI,Ludhiana,West Bengal
O008194,10479,2025-10-15,Delivered,,Bengaluru,Delhi
O008195,11423,2024-08-26,Delivered,Debit Card,Lucknow,Gujarat
O008196,12482,2025-10-06,Delivered,UPI,Kolkata,West Bengal
O008197,10693,2024-05-04,Delivered,Credit Card,Kolkata,Tamil Nadu
O008198,10194,2025-07-18,Delivered,Credit Card,Ahmedabad,Rajasthan
O008199,11490,2025-08-22,Cancelled,Net Banking,Gurugram,Maharashtra
O008200,10059,2025-09-01,Delivered,Net Banking,Mumbai,Delhi
O008201,11887,2025-08-29,Delivered,COD,Mumbai,Kerala
O008202,10478,2024-07-06,Cancelled,Debit Card,Ahmedabad,Uttar Pradesh
O008203,11127,2024-09-12,Delivered,UPI,Bengaluru,Haryana
O008204,11969,2025-08-07,Delivered,COD,Bengaluru,Delhi
O008205,10592,2025-06-13,Delivered,Debit Card,Delhi,Telangana
O008206,10839,2025-11-06,Shipped,Net Banking,Hyderabad,Telangana
O008207,11346,2025-01-26,Shipped,UPI,Kolkata,Kerala
O008208,10549,2025-10-19,Delivered,Credit Card,Bengaluru,Kerala
O008209,10221,2025-04-12,Delivered,Credit Card,Lucknow,Kerala
O008210,10876,2024-09-09,Delivered,COD,Kolkata,Punjab
O008211,11197,2025-11-02,Cancelled,COD,Chennai,West Bengal
O008212,10336,2025-07-14,Delivered,UPI,Mumbai,Telangana
O008213,10225,2024-06-24,Shipped,Credit Card,Kolkata,West Bengal
O008214,12083,2025-04-10,Delivered,COD,Delhi,Telangana
O008215,10188,2025-07-30,Delivered,Credit Card,Bengaluru,Karnataka
O008216,11248,2024-10-15,Delivered,Net Banking,Bengaluru,Karnataka
O008217,10963,2024-02-19,Delivered,COD,Lucknow,Gujarat
O008218,10494,2024-01-04,Delivered,Debit Card,Kolkata,Uttar Pradesh
O008219,11887,2025-09-22,Delivered,COD,Hyderabad,Telangana
O008220,10311,2025-05-14,Delivered,Net Banking,Jaipur,Karnataka
O008221,11605,2025-11-06,Delivered,UPI,Jaipur,Uttar Pradesh
O008222,11564,2024-08-10,Shipped,Credit Card,Kochi,Kerala
O008223,10369,2025-10-29,Delivered,UPI,Lucknow,Kerala
O008224,10746,2024-09-18,Delivered,COD,Bengaluru,Tamil Nadu
O008225,12079,2025-11-15,Delivered,Debit Card,Gurugram,Telangana
O008226,11256,2025-06-18,Delivered,UPI,Kolkata,Telangana
O008227,10998,2025-01-10,Delivered,Debit Card,Ahmedabad,Telangana
O008228,10497,2024-03-01,Delivered,COD,Jaipur,Gujarat
O008229,11590,2024-12-21,Delivered,Debit Card,Mumbai,Delhi
O008230,10964,2025-10-07,Delivered,Debit Card,Gurugram,Tamil Nadu
O008231,12005,2024-01-24,Delivered,Net Banking,Delhi,Maharashtra
O008232,11199,2024-10-19,Delivered,UPI,Mumbai,Uttar Pradesh
O008233,12346,2025-07-10,Returned,COD,Hyderabad,Uttar Pradesh
O008234,11815,2025-11-21,Delivered,Net Banking,Lucknow,Maharashtra
O008235,11389,2024-12-21,Delivered,Debit Card,Mumbai,Tamil Nadu
O008236,11110,2025-07-28,Shipped,Net Banking,Lucknow,Karnataka
O008237,10577,2024-01-29,Cancelled,Net Banking,Kochi,Uttar Pradesh
O008238,10054,2024-12-22,Delivered,Debit Card,Kochi,West Bengal
O008239,10229,2024-12-30,Delivered,COD,Gurugram,Haryana
O008240,10779,2025-08-30,Delivered,Credit Card,Jaipur,Punjab
O008241,11558,2025-02-12,Delivered,Net Banking,Ahmedabad,Rajasthan
O008242,10985,2024-09-22,Delivered,UPI,Ahmedabad,Gujarat
O008243,10373,2024-10-17,Returned,Debit Card,Hyderabad,Telangana
O008244,10469,2025-07-20,Delivered,Credit Card,Bengaluru,Maharashtra
O008245,12468,2024-06-01,Delivered,Net Banking,Bengaluru,Karnataka
O008246,11850,2024-08-06,Cancelled,Debit Card,Chennai,West Bengal
O008247,10532,2024-06-21,Delivered,Debit Card,Ludhiana,Kerala
O008248,11424,2025-08-30,Delivered,Net Banking,Mumbai,Gujarat
O008249,11208,2025-09-26,Cancelled,UPI,Gurugram,West Bengal
O008250,10562,2024-01-12,Cancelled,Debit Card,Chennai,Haryana
O008251,10090,2025-05-30,Delivered,Debit Card,Lucknow,Haryana
O008252,11640,2024-12-27,Delivered,Net Banking,Bengaluru,Rajasthan
O008253,11407,2025-08-01,Delivered,Credit Card,Gurugram,Uttar Pradesh
O008254,10369,2025-10-18,Delivered,Debit Card,Hyderabad,Tamil Nadu
O008255,11293,2025-04-21,Delivered,Debit Card,Ahmedabad,Maharashtra
O008256,10015,2025-07-30,Delivered,Net Banking,Delhi,Uttar Pradesh
O008257,12392,2024-03-22,Shipped,Debit Card,Hyderabad,Delhi
O008258,11219,2025-09-08,Shipped,Net Banking,Jaipur,Karnataka
O008259,11946,2025-11-23,Cancelled,UPI,Kolkata,Punjab
O008260,11060,2024-12-05,Delivered,Net Banking,Jaipur,Tamil Nadu
O008261,10917,2025-03-16,Delivered,Credit Card,Gurugram,Delhi
O008262,12253,2025-09-08,Shipped,Debit Card,Kolkata,Rajasthan
O008263,11675,2024-08-13,Shipped,UPI,Ahmedabad,Haryana
O008264,10776,2025-01-05,Shipped,Debit Card,Lucknow,Rajasthan
O008265,11081,2024-01-28,Returned,Debit Card,Kolkata,Tamil Nadu
O008266,11134,2024-01-16,Cancelled,Net Banking,Ludhiana,Karnataka
O008267,10686,2024-10-03,Delivered,Debit Card,Kochi,Uttar Pradesh
O008268,10225,2024-11-28,Delivered,UPI,Jaipur,Telangana
O008269,10064,2025-04-27,Delivered,COD,Jaipur,West Bengal
O008270,11788,2025-07-19,Delivered,Debit Card,Lucknow,Delhi
O008271,10961,2024-10-14,Delivered,Net Banking,Jaipur,Uttar Pradesh
O008272,11376,2024-04-23,Shipped,Credit Card,Bengaluru,Rajasthan
O008273,12368,2024-02-07,Delivered,Debit Card,Chennai,Maharashtra
O008274,10357,2025-03-29,Shipped,Net Banking,Mumbai,Telangana
O008275,10093,2024-06-14,Delivered,Debit Card,Gurugram,Haryana
O008276,11324,2025-11-24,Delivered,COD,Ahmedabad,West Bengal
O008277,11518,2024-07-23,Cancelled,COD,Gurugram,Uttar Pradesh
O008278,11678,2024-09-01,Delivered,UPI,Gurugram,Punjab
O008279,11413,2024-11-28,Delivered,COD,Ludhiana,Haryana
O008280,11635,2025-01-30,Delivered,Net Banking,Ludhiana,Maharashtra
O008281,12482,2025-05-21,Cancelled,COD,Gurugram,Maharashtra
O008282,11126,2024-04-30,Shipped,Net Banking,Ludhiana,Uttar Pradesh
O008283,10841,2024-09-15,Returned,Debit Card,Chennai,Uttar Pradesh
O008284,11402,2025-12-22,Cancelled,UPI,Ahmedabad,Tamil Nadu
O008285,11607,2025-02-13,Shipped,UPI,Gurugram,Haryana
O008286,10898,2024-11-05,Delivered,COD,Kolkata,Kerala
O008287,10492,2025-12-06,Delivered,Credit Card,Ludhiana,Gujarat
O008288,11533,2024-03-08,Delivered,COD,Bengaluru,Tamil Nadu
O008289,12440,2024-04-23,Delivered,Credit Card,Kolkata,Kerala
O008290,11978,2024-08-07,Shipped,COD,Ludhiana,Telangana
O008291,11799,2024-08-07,Delivered,Net Banking,Delhi,Karnataka
O008292,11495,2025-04-17,Delivered,Net Banking,Lucknow,Kerala
O008293,11352,2025-12-30,Delivered,Credit Card,Kochi,Haryana
O008294,12069,2025-01-20,Delivered,UPI,Ahmedabad,Rajasthan
O008295,11121,2024-10-24,Delivered,Credit Card,Kochi,Telangana
O008296,11839,2025-08-28,Delivered,Debit Card,Ahmedabad,West Bengal
O008297,11664,2024-09-09,Shipped,UPI,Chennai,Punjab
O008298,12398,2025-02-08,Delivered,Credit Card,Kochi,Maharashtra
O008299,10546,2025-05-06,Returned,Debit Card,Ahmedabad,Karnataka
O008300,10599,2024-12-22,Delivered,Debit Card,Jaipur,Delhi
O008301,12080,2025-03-03,Delivered,COD,Hyderabad,Delhi
O008302,12045,2024-08-02,Delivered,Credit Card,Ludhiana,Tamil Nadu
O008303,10259,2025-01-14,Delivered,Net Banking,Bengaluru,Uttar Pradesh
O008304,10476,2024-08-01,Delivered,COD,Ahmedabad,West Bengal
O008305,11906,2024-04-07,Delivered,UPI,Jaipur,Uttar Pradesh
O008306,10920,2025-06-11,Delivered,Net Banking,Delhi,Kerala
O008307,12081,2025-10-27,Cancelled,Debit Card,Delhi,Telangana
O008308,10388,2025-06-11,Delivered,UPI,Kolkata,Maharashtra
O008309,11862,2025-12-10,Delivered,COD,Ludhiana,Haryana
O008310,10798,2025-09-11,Delivered,Debit Card,Kolkata,Karnataka
O008311,11618,2025-06-18,Delivered,Debit Card,Hyderabad,Maharashtra
O008312,11926,2025-07-07,Delivered,Debit Card,Gurugram,Punjab
O008313,11816,2025-07-02,Cancelled,Net Banking,Lucknow,Delhi
O008314,11628,2024-11-23,Delivered,COD,Chennai,Haryana
O008315,12272,2024-06-13,Returned,COD,Kolkata,Rajasthan
O008316,10217,2024-04-25,Delivered,Net Banking,Delhi,West Bengal
O008317,12204,2024-05-29,Delivered,COD,Gurugram,Gujarat
O008318,10789,2025-06-01,Returned,Debit Card,Gurugram,Gujarat
O008319,11544,2024-02-01,Delivered,Debit Card,Gurugram,West Bengal
O008320,12084,2025-10-18,Shipped,Debit Card,Kolkata,Punjab
O008321,12057,2024-10-19,Delivered,COD,Delhi,Telangana
O008322,11064,2025-11-19,Delivered,Credit Card,Mumbai,Telangana
O008323,12227,2024-06-25,Delivered,UPI,Hyderabad,Haryana
O008324,11665,2024-03-01,Shipped,Credit Card,Jaipur,Telangana
O008325,10373,2025-08-11,Delivered,Net Banking,Gurugram,Maharashtra
O008326,10970,2025-02-19,Delivered,Credit Card,Gurugram,Uttar Pradesh
O008327,11690,2025-01-17,Returned,Credit Card,Mumbai,Uttar Pradesh
O008328,11448,2025-08-20,Delivered,Net Banking,Lucknow,Karnataka
O008329,10515,2025-12-03,Delivered,Credit Card,Jaipur,Gujarat
O008330,10364,2024-01-07,Returned,UPI,Kochi,Tamil Nadu
O008331,11914,2024-03-25,Delivered,COD,Ahmedabad,Uttar Pradesh
O008332,11952,2025-02-01,Delivered,Net Banking,Kochi,Maharashtra
O008333,11475,2025-01-27,Shipped,Credit Card,Hyderabad,Haryana
O008334,11540,2024-02-16,Delivered,Debit Card,Hyderabad,Maharashtra
O008335,10774,2024-12-06,Delivered,Debit Card,Ludhiana,Maharashtra
O008336,10329,2025-05-12,Delivered,Net Banking,Bengaluru,Gujarat
O008337,10794,2025-08-28,Delivered,Debit Card,Gurugram,Tamil Nadu
O008338,10962,2025-04-22,Delivered,UPI,Mumbai,Punjab
O008339,12418,2025-03-01,Delivered,Credit Card,Hyderabad,Tamil Nadu
O008340,10597,2025-03-01,Delivered,UPI,Ludhiana,Delhi
O008341,11878,2025-05-29,Delivered,UPI,Bengaluru,Kerala
O008342,11411,2024-05-08,Delivered,COD,Delhi,Karnataka
O008343,11138,2024-09-05,Delivered,Credit Card,Delhi,Uttar Pradesh
O008344,10571,2024-05-10,Delivered,Net Banking,Lucknow,Uttar Pradesh
O008345,11062,2025-11-19,Delivered,Debit Card,Kochi,Tamil Nadu
O008346,11569,2024-11-18,Delivered,COD,Mumbai,Rajasthan
O008347,10377,2025-06-26,Delivered,UPI,Ahmedabad,Haryana
O008348,12148,2024-03-06,Delivered,Debit Card,Mumbai,Tamil Nadu
O008349,11837,2025-12-18,Delivered,Credit Card,Lucknow,Rajasthan
O008350,11964,2024-04-10,Delivered,UPI,Lucknow,Punjab
O008351,12166,2024-01-31,Delivered,UPI,Delhi,Gujarat
O008352,12469,2024-07-09,Delivered,Credit Card,Delhi,Tamil Nadu
O008353,11267,2025-07-31,Delivered,Net Banking,Kolkata,Uttar Pradesh
O008354,10541,2025-02-18,Returned,COD,Lucknow,West Bengal
O008355,11251,2025-12-14,Delivered,Credit Card,Bengaluru,Telangana
O008356,11876,2025-05-14,Delivered,Debit Card,Mumbai,Tamil Nadu
O008357,11237,2025-08-17,Shipped,Debit Card,Kochi,Punjab
O008358,10113,2024-02-15,Delivered,UPI,Delhi,Uttar Pradesh
O008359,10373,2024-03-29,Shipped,COD,Ludhiana,Karnataka
O008360,12347,2025-11-28,Returned,Net Banking,Ludhiana,Haryana
O008361,11697,2025-01-09,Delivered,Net Banking,Ludhiana,Uttar Pradesh
O008362,11043,2025-12-01,Shipped,Debit Card,Delhi,Haryana
O008363,10776,2024-09-02,Delivered,Net Banking,Ahmedabad,Rajasthan
O008364,10671,2025-07-11,Delivered,Debit Card,Lucknow,Delhi
O008365,10011,2024-09-13,Delivered,COD,Bengaluru,Rajasthan
O008366,10008,2024-12-17,Delivered,UPI,Jaipur,Punjab
O008367,11574,2025-07-26,Delivered,Debit Card,Delhi,West Bengal
O008368,11397,2024-04-14,Delivered,COD,Delhi,Delhi
O008369,10461,2024-12-02,Shipped,Debit Card,Jaipur,Uttar Pradesh
O008370,12303,2025-06-09,Delivered,Credit Card,Kolkata,Maharashtra
O008371,11352,2024-10-27,Delivered,Debit Card,Bengaluru,Kerala
O008372,10362,2024-03-17,Delivered,COD,Ahmedabad,Kerala
O008373,11398,2025-05-25,Delivered,Net Banking,Delhi,Gujarat
O008374,10788,2024-08-17,Delivered,Debit Card,Bengaluru,Delhi
O008375,10209,2025-11-09,Shipped,UPI,Jaipur,Haryana
O008376,10267,2025-07-31,Delivered,COD,Bengaluru,Delhi
O008377,10656,2024-02-01,Delivered,Net Banking,Mumbai,Gujarat
O008378,10997,2025-08-30,Delivered,COD,Gurugram,West Bengal
O008379,10554,2024-02-27,Delivered,Debit Card,Chennai,Maharashtra
O008380,11530,2024-04-13,Delivered,Credit Card,Mumbai,Punjab
O008381,11588,2024-11-07,Delivered,Credit Card,Hyderabad,Karnataka
O008382,10421,2025-10-07,Delivered,UPI,Mumbai,Karnataka
O008383,12356,2025-12-29,Delivered,UPI,Bengaluru,Kerala
O008384,12185,2024-03-07,Shipped,Net Banking,Bengaluru,Punjab
O008385,11443,2025-11-20,Shipped,Credit Card,Kochi,Gujarat
O008386,12243,2025-01-08,Delivered,Debit Card,Ludhiana,Tamil Nadu
O008387,11119,2024-08-22,Cancelled,COD,Jaipur,Telangana
O008388,11514,2025-10-04,Shipped,COD,Ludhiana,Gujarat
O008389,11927,2024-04-21,Delivered,Credit Card,Lucknow,Kerala
O008390,11049,2025-01-23,Delivered,Credit Card,Jaipur,Haryana
O008391,11256,2025-02-11,Delivered,COD,Kolkata,West Bengal
O008392,10221,2024-02-23,Delivered,Net Banking,Delhi,Gujarat
O008393,12345,2024-08-26,Delivered,COD,Kolkata,Delhi
O008394,11227,2024-10-21,Delivered,UPI,Kolkata,Tamil Nadu
O008395,11972,2024-04-21,Delivered,Debit Card,Gurugram,Karnataka
O008396,10343,2024-03-28,Delivered,Credit Card,Kochi,Gujarat
O008397,10593,2025-04-20,Delivered,Credit Card,Gurugram,West Bengal
O008398,11229,2024-10-30,Delivered,Net Banking,Ahmedabad,Punjab
O008399,11985,2024-10-31,Delivered,UPI,Delhi,Punjab
O008400,10892,2024-10-16,Delivered,COD,Ludhiana,Karnataka
O008401,12125,2024-07-26,Delivered,UPI,Ludhiana,Uttar Pradesh
O008402,11574,2025-08-04,Shipped,UPI,Kochi,Delhi
O008403,10707,2025-01-04,Delivered,Net Banking,Ludhiana,Karnataka
O008404,12000,2024-08-07,Delivered,Net Banking,Hyderabad,West Bengal
O008405,11066,2024-08-18,Delivered,COD,Jaipur,West Bengal
O008406,11206,2024-12-14,Delivered,COD,Jaipur,Telangana
O008407,10757,2024-09-11,Delivered,Debit Card,Mumbai,Karnataka
O008408,11219,2025-03-27,Delivered,UPI,Gurugram,Haryana
O008409,11856,2024-05-21,Delivered,COD,Chennai,Karnataka
O008410,12000,2024-03-09,Delivered,Net Banking,Mumbai,Gujarat
O008411,12436,2024-03-29,Delivered,Debit Card,Bengaluru,Gujarat
O008412,12189,2024-05-15,Delivered,Debit Card,Chennai,Delhi
O008413,11345,2025-10-16,Cancelled,Net Banking,Mumbai,Rajasthan
O008414,10448,2025-11-29,Delivered,COD,Bengaluru,Haryana
O008415,11817,2025-06-06,Delivered,Net Banking,Lucknow,Rajasthan
O008416,12341,2025-10-21,Delivered,COD,Jaipur,Kerala
O008417,11778,2025-03-17,Cancelled,Net Banking,Hyderabad,West Bengal
O008418,10839,2024-02-07,Delivered,Net Banking,Gurugram,Karnataka
O008419,11630,2024-07-26,Delivered,Credit Card,Gurugram,Punjab
O008420,10664,2024-07-28,Delivered,COD,Lucknow,Haryana
O008421,10765,2025-05-27,Delivered,UPI,Hyderabad,Punjab
O008422,10176,2024-12-25,Delivered,Credit Card,Lucknow,Maharashtra
O008423,10510,2025-07-30,Returned,Credit Card,Ludhiana,Tamil Nadu
O008424,11190,2024-01-01,Delivered,Credit Card,Jaipur,Telangana
O008425,10602,2025-01-15,Returned,Credit Card,Lucknow,Gujarat
O008426,10838,2025-06-20,Delivered,UPI,Ludhiana,Delhi
O008427,11002,2025-01-28,Cancelled,Credit Card,Hyderabad,Karnataka
O008428,12099,2024-02-19,Delivered,UPI,Kolkata,Maharashtra
O008429,12314,2025-01-30,Delivered,UPI,Kochi,Uttar Pradesh
O008430,11111,2024-02-01,Delivered,Credit Card,Bengaluru,Karnataka
O008431,12045,2025-06-28,Delivered,Debit Card,Ahmedabad,Karnataka
O008432,10585,2025-12-12,Delivered,UPI,Delhi,West Bengal
O008433,12387,2024-08-21,Delivered,Credit Card,Gurugram,Haryana
O008434,11096,2024-01-26,Delivered,Net Banking,Gurugram,Gujarat
O008435,10374,2025-07-07,Delivered,Net Banking,Kochi,Delhi
O008436,10580,2025-03-09,Delivered,COD,Mumbai,Kerala
O008437,10517,2024-03-01,Shipped,UPI,Delhi,Tamil Nadu
O008438,11262,2025-07-06,Delivered,UPI,Lucknow,West Bengal
O008439,10121,2025-03-16,Delivered,Net Banking,Kolkata,Haryana
O008440,11437,2024-05-09,Delivered,UPI,Mumbai,Rajasthan
O008441,11747,2024-12-19,Shipped,UPI,Hyderabad,Telangana
O008442,10043,2024-07-16,Delivered,Net Banking,Bengaluru,Karnataka
O008443,11528,2025-10-24,Delivered,Credit Card,Mumbai,Gujarat
O008444,12043,2025-12-16,Delivered,Net Banking,Lucknow,Haryana
O008445,12120,2025-11-24,Delivered,Debit Card,Ludhiana,Delhi
O008446,12139,2025-01-05,Delivered,Net Banking,Mumbai,Telangana
O008447,10491,2025-12-19,Delivered,Net Banking,Lucknow,Kerala
O008448,11850,2024-05-26,Delivered,Credit Card,Kolkata,Tamil Nadu
O008449,10749,2025-12-16,Delivered,Net Banking,Hyderabad,Rajasthan
O008450,10383,2025-05-12,Cancelled,Net Banking,Kochi,Telangana
O008451,10805,2024-02-17,Delivered,Credit Card,Kochi,Punjab
O008452,11490,2025-10-12,Delivered,Net Banking,Ludhiana,Gujarat
O008453,11178,2024-06-20,Delivered,Credit Card,Jaipur,Delhi
O008454,12218,2025-09-04,Delivered,Debit Card,Mumbai,Karnataka
O008455,11296,2025-11-29,Delivered,Credit Card,Mumbai,Kerala
O008456,10918,2024-11-10,Delivered,UPI,Lucknow,Gujarat
O008457,10151,2025-01-10,Delivered,UPI,Chennai,Rajasthan
O008458,10431,2025-06-16,Delivered,Credit Card,Ludhiana,Haryana
O008459,12499,2025-02-23,Delivered,Net Banking,Hyderabad,Delhi
O008460,12071,2025-01-30,Delivered,COD,Delhi,Uttar Pradesh
O008461,12415,2025-06-05,Delivered,COD,Kolkata,Telangana
O008462,10651,2024-07-05,Delivered,Debit Card,Ahmedabad,Tamil Nadu
O008463,10820,2025-10-06,Shipped,Debit Card,Ahmedabad,Karnataka
O008464,12287,2024-02-02,Delivered,COD,Gurugram,Karnataka
O008465,12482,2024-03-09,Delivered,COD,Ludhiana,Telangana
O008466,10942,2025-08-14,Shipped,Credit Card,Kochi,Rajasthan
O008467,10541,2024-07-09,Shipped,COD,Ahmedabad,Tamil Nadu
O008468,12246,2024-04-10,Delivered,UPI,Kolkata,Karnataka
O008469,11710,2025-04-29,Delivered,Debit Card,Lucknow,Delhi
O008470,11203,2024-10-11,Shipped,Debit Card,Ludhiana,Punjab
O008471,10869,2025-01-24,Shipped,UPI,Kochi,Rajasthan
O008472,10651,2025-07-18,Delivered,Debit Card,Lucknow,Gujarat
O008473,10437,2024-06-08,Delivered,COD,Bengaluru,Karnataka
O008474,11789,2025-07-07,Delivered,Debit Card,Chennai,Haryana
O008475,10314,2024-02-16,Delivered,UPI,Jaipur,Karnataka
O008476,10019,2024-06-07,Returned,Debit Card,Chennai,West Bengal
O008477,11184,2025-03-21,Shipped,COD,Ahmedabad,Punjab
O008478,10818,2025-11-26,Shipped,Credit Card,Jaipur,Punjab
O008479,10122,2025-06-06,Delivered,COD,Ludhiana,Maharashtra
O008480,12120,2025-10-27,Delivered,Debit Card,Jaipur,Punjab
O008481,11079,2024-06-03,Delivered,Net Banking,Delhi,Haryana
O008482,10169,2024-12-04,Delivered,Debit Card,Bengaluru,Punjab
O008483,11173,2024-12-30,Delivered,Debit Card,Jaipur,Haryana
O008484,10629,2025-11-29,Returned,UPI,Kochi,Karnataka
O008485,10026,2025-07-27,Delivered,Net Banking,Gurugram,Punjab
O008486,11272,2024-05-27,Delivered,UPI,Lucknow,Rajasthan
O008487,11947,2024-05-23,Cancelled,UPI,Mumbai,Maharashtra
O008488,11730,2024-04-12,Delivered,COD,Ludhiana,Haryana
O008489,11857,2024-04-02,Delivered,Credit Card,Bengaluru,Haryana
O008490,11034,2024-10-12,Cancelled,Debit Card,Kochi,Delhi
O008491,11119,2025-02-27,Delivered,Net Banking,Hyderabad,Kerala
O008492,12169,2024-04-28,Shipped,Debit Card,Kolkata,Rajasthan
O008493,10126,2024-01-29,Delivered,UPI,Mumbai,Maharashtra
O008494,11093,2025-05-25,Shipped,Credit Card,Ludhiana,Uttar Pradesh
O008495,12345,2024-01-30,Delivered,UPI,Ludhiana,Haryana
O008496,10686,2024-12-31,Delivered,Debit Card,Hyderabad,Haryana
O008497,10973,2024-05-17,Delivered,COD,Jaipur,Tamil Nadu
O008498,10635,2025-04-19,Delivered,Debit Card,Chennai,Maharashtra
O008499,12430,2025-07-16,Delivered,UPI,Delhi,Rajasthan
O008500,12008,2025-01-26,Returned,Net Banking,Jaipur,Haryana
O008501,11051,2025-03-10,Shipped,Net Banking,Kolkata,Telangana
O008502,10705,2024-08-21,Returned,Net Banking,Chennai,Rajasthan
O008503,10707,2024-02-24,Delivered,Net Banking,Bengaluru,Haryana
O008504,11632,2024-10-18,Delivered,Net Banking,Delhi,Gujarat
O008505,12028,2024-11-07,Delivered,Credit Card,Gurugram,Telangana
O008506,12169,2025-07-01,Returned,Credit Card,Mumbai,Telangana
O008507,12009,2024-03-29,Delivered,COD,Ahmedabad,Tamil Nadu
O008508,10626,2024-07-30,Delivered,Net Banking,Kolkata,Delhi
O008509,10526,2024-11-13,Delivered,UPI,Kochi,Maharashtra
O008510,11598,2025-04-09,Delivered,UPI,Kolkata,Delhi
O008511,11067,2024-03-27,Cancelled,Debit Card,Delhi,Rajasthan
O008512,11947,2025-02-12,Delivered,Net Banking,Hyderabad,Delhi
O008513,10096,2024-08-27,Cancelled,UPI,Gurugram,Maharashtra
O008514,12075,2025-11-30,Delivered,COD,Ahmedabad,West Bengal
O008515,10836,2024-02-26,Cancelled,UPI,Lucknow,Haryana
O008516,11919,2024-04-22,Delivered,COD,Ludhiana,Uttar Pradesh
O008517,11266,2024-03-10,Delivered,Net Banking,Hyderabad,Rajasthan
O008518,11995,2025-11-22,Delivered,Debit Card,Lucknow,Rajasthan
O008519,10240,2024-07-02,Delivered,Debit Card,Gurugram,Gujarat
O008520,11328,2025-12-03,Delivered,Credit Card,Delhi,Karnataka
O008521,12115,2024-10-02,Delivered,Net Banking,Mumbai,West Bengal
O008522,11143,2024-08-20,Delivered,UPI,Kochi,West Bengal
O008523,11416,2024-02-23,Delivered,Debit Card,Lucknow,Delhi
O008524,12279,2024-09-13,Delivered,COD,Gurugram,Gujarat
O008525,12399,2024-03-30,Delivered,COD,Kolkata,Uttar Pradesh
O008526,10761,2025-10-24,Delivered,UPI,Kochi,West Bengal
O008527,11553,2025-03-10,Returned,UPI,Kochi,Delhi
O008528,10863,2025-09-16,Delivered,Net Banking,Bengaluru,West Bengal
O008529,11156,2025-02-11,Delivered,UPI,Jaipur,Haryana
O008530,10357,2024-09-25,Delivered,UPI,Chennai,Telangana
O008531,11672,2025-10-30,Delivered,UPI,Hyderabad,Delhi
O008532,11329,2024-12-31,Shipped,Debit Card,Bengaluru,Kerala
O008533,11030,2024-12-16,Delivered,Net Banking,Delhi,Maharashtra
O008534,12377,2024-10-25,Delivered,UPI,Chennai,Maharashtra
O008535,11992,2024-06-07,Delivered,UPI,Chennai,Gujarat
O008536,12386,2025-05-01,Shipped,COD,Bengaluru,Kerala
O008537,10882,2025-06-09,Delivered,Debit Card,Lucknow,Haryana
O008538,10539,2024-12-20,Returned,UPI,Ludhiana,Kerala
O008539,10737,2025-09-12,Cancelled,Debit Card,Mumbai,Rajasthan
O008540,11858,2025-02-04,Delivered,Net Banking,Jaipur,Tamil Nadu
O008541,11531,2025-02-08,Delivered,Net Banking,Ludhiana,Uttar Pradesh
O008542,11770,2024-04-05,Delivered,Credit Card,Chennai,Kerala
O008543,10443,2025-12-07,Delivered,COD,Delhi,Gujarat
O008544,10924,2025-07-23,Delivered,Credit Card,Delhi,Punjab
O008545,12099,2025-01-26,Delivered,Debit Card,Jaipur,West Bengal
O008546,12197,2024-12-17,Delivered,COD,Mumbai,Tamil Nadu
O008547,11951,2025-10-27,Delivered,UPI,Delhi,Rajasthan
O008548,11611,2025-07-29,Cancelled,COD,Jaipur,Telangana
O008549,11842,2025-10-31,Returned,COD,Kolkata,Kerala
O008550,10368,2025-09-24,Delivered,Net Banking,Chennai,Gujarat
O008551,10580,2024-10-14,Delivered,Credit Card,Hyderabad,Gujarat
O008552,11771,2025-06-06,Delivered,Net Banking,Jaipur,Rajasthan
O008553,10656,2025-12-26,Cancelled,Net Banking,Ludhiana,Gujarat
O008554,12124,2024-06-10,Returned,Credit Card,Kochi,Delhi
O008555,10227,2025-09-08,Delivered,Net Banking,Bengaluru,Haryana
O008556,10959,2025-10-20,Delivered,COD,Bengaluru,Delhi
O008557,10592,2024-06-30,Delivered,Debit Card,Ahmedabad,Punjab
O008558,10024,2025-07-02,Delivered,UPI,Ludhiana,Haryana
O008559,11763,2024-03-22,Delivered,UPI,Mumbai,West Bengal
O008560,12076,2025-06-07,Delivered,Net Banking,Jaipur,Telangana
O008561,12169,2024-01-04,Returned,Credit Card,Kochi,Tamil Nadu
O008562,11514,2025-05-09,Delivered,COD,Hyderabad,Delhi
O008563,10853,2025-07-08,Shipped,Net Banking,Ahmedabad,West Bengal
O008564,11369,2024-02-20,Delivered,COD,Kolkata,Delhi
O008565,12023,2024-09-17,Delivered,COD,Kochi,Uttar Pradesh
O008566,12079,2024-05-13,Delivered,UPI,Delhi,Maharashtra
O008567,11679,2025-08-21,Returned,Debit Card,Bengaluru,Tamil Nadu
O008568,10050,2024-12-27,Delivered,Debit Card,Bengaluru,West Bengal
O008569,11916,2025-07-21,Shipped,Credit Card,Chennai,Delhi
O008570,12437,2024-08-04,Shipped,Debit Card,Bengaluru,Telangana
O008571,11805,2024-03-08,Delivered,Net Banking,Ahmedabad,Punjab
O008572,11731,2025-07-09,Shipped,UPI,Kochi,Telangana
O008573,11790,2024-05-22,Shipped,UPI,Ahmedabad,Delhi
O008574,11015,2024-12-11,Delivered,COD,Kolkata,Delhi
O008575,11030,2025-07-07,Delivered,Net Banking,Hyderabad,Gujarat
O008576,10412,2025-10-12,Shipped,Net Banking,Ludhiana,Telangana
O008577,11982,2025-08-07,Shipped,COD,Kolkata,Kerala
O008578,10662,2024-07-12,Delivered,COD,Kochi,Rajasthan
O008579,11348,2025-10-28,Shipped,UPI,Ahmedabad,Rajasthan
O008580,11306,2024-09-02,Shipped,Net Banking,Kochi,Rajasthan
O008581,10191,2024-11-09,Delivered,Debit Card,Kochi,Karnataka
O008582,10585,2025-12-30,Delivered,Debit Card,Chennai,Uttar Pradesh
O008583,10959,2025-01-18,Delivered,UPI,Bengaluru,Kerala
O008584,11854,2024-10-03,Delivered,Debit Card,Mumbai,Punjab
O008585,10500,2024-03-12,Delivered,Debit Card,Ludhiana,Maharashtra
O008586,10580,2024-05-08,Cancelled,Net Banking,Ludhiana,Kerala
O008587,10816,2024-12-23,Delivered,Net Banking,Ahmedabad,Delhi
O008588,11477,2025-11-28,Shipped,Credit Card,Jaipur,Karnataka
O008589,11517,2025-06-08,Delivered,Net Banking,Jaipur,Rajasthan
O008590,11670,2024-08-07,Cancelled,Credit Card,Jaipur,Maharashtra
O008591,12038,2024-01-06,Cancelled,Net Banking,Bengaluru,Maharashtra
O008592,11331,2025-09-15,Cancelled,COD,Ahmedabad,Punjab
O008593,10780,2024-08-15,Shipped,Net Banking,Bengaluru,Tamil Nadu
O008594,11150,2024-01-17,Cancelled,Credit Card,Chennai,Karnataka
O008595,12313,2025-08-07,Delivered,Debit Card,Mumbai,Kerala
O008596,10007,2024-01-12,Delivered,Net Banking,Ahmedabad,Uttar Pradesh
O008597,11437,2025-08-20,Delivered,Debit Card,Chennai,Kerala
O008598,10695,2025-05-13,Shipped,Debit Card,Ahmedabad,Punjab
O008599,10992,2025-11-22,Delivered,Net Banking,Chennai,Kerala
O008600,11467,2025-09-25,Delivered,Net Banking,Kolkata,West Bengal
O008601,11976,2025-12-16,Cancelled,COD,Mumbai,Maharashtra
O008602,10748,2025-05-16,Delivered,Credit Card,Lucknow,Maharashtra
O008603,10146,2024-03-10,Cancelled,Net Banking,Chennai,Gujarat
O008604,12289,2024-04-17,Delivered,Debit Card,Gurugram,Karnataka
O008605,10857,2024-07-19,Delivered,Debit Card,Kolkata,Kerala
O008606,10287,2024-02-21,Delivered,Net Banking,Hyderabad,Haryana
O008607,10952,2025-07-02,Delivered,Credit Card,Kolkata,Maharashtra
O008608,10026,2025-09-20,Delivered,Debit Card,Ahmedabad,Telangana
O008609,10452,2024-09-15,Delivered,COD,Bengaluru,Telangana
O008610,12154,2025-04-26,Delivered,Debit Card,Delhi,Haryana
O008611,10240,2024-09-20,Delivered,Credit Card,Gurugram,Kerala
O008612,10332,2024-10-29,Delivered,UPI,Hyderabad,Karnataka
O008613,11915,2025-07-29,Delivered,COD,Lucknow,Maharashtra
O008614,11066,2025-07-07,Delivered,COD,Jaipur,Delhi
O008615,10645,2025-07-08,Shipped,UPI,Delhi,West Bengal
O008616,11853,2024-05-04,Shipped,COD,Kochi,Punjab
O008617,10035,2024-09-26,Delivered,COD,Delhi,West Bengal
O008618,12432,2025-04-24,Returned,COD,Chennai,Kerala
O008619,10811,2024-05-11,Cancelled,Debit Card,Mumbai,Uttar Pradesh
O008620,11312,2024-01-02,Delivered,Debit Card,Bengaluru,Karnataka
O008621,11895,2024-04-24,Delivered,Net Banking,Kochi,Rajasthan
O008622,11057,2025-04-25,Delivered,Net Banking,Mumbai,Haryana
O008623,12143,2024-01-01,Delivered,Debit Card,Ahmedabad,Telangana
O008624,10205,2024-11-26,Delivered,COD,Bengaluru,Uttar Pradesh
O008625,12078,2025-07-30,Returned,Credit Card,Bengaluru,Rajasthan
O008626,12314,2025-09-28,Delivered,UPI,Kochi,Gujarat
O008627,12071,2025-01-25,Returned,Net Banking,Bengaluru,Delhi
O008628,10039,2024-05-22,Cancelled,COD,Bengaluru,Maharashtra
O008629,10173,2024-11-23,Returned,Net Banking,Ahmedabad,Delhi
O008630,10760,2025-09-19,Delivered,Credit Card,Mumbai,Tamil Nadu
O008631,11915,2025-01-11,Delivered,COD,Chennai,Kerala
O008632,10414,2024-03-30,Shipped,Debit Card,Jaipur,Uttar Pradesh
O008633,10692,2024-02-11,Shipped,Credit Card,Gurugram,Haryana
O008634,12257,2024-02-04,Delivered,Net Banking,Mumbai,Telangana
O008635,10022,2025-05-08,Shipped,COD,Delhi,Haryana
O008636,12053,2025-07-06,Delivered,COD,Mumbai,Kerala
O008637,10214,2024-05-03,Delivered,UPI,Delhi,Punjab
O008638,11696,2024-02-26,Delivered,UPI,Kolkata,Uttar Pradesh
O008639,10920,2025-03-31,Returned,UPI,Delhi,Kerala
O008640,10907,2024-08-22,Delivered,Debit Card,Ludhiana,Rajasthan
O008641,10800,2025-08-30,Shipped,COD,Gurugram,Uttar Pradesh
O008642,12365,2025-01-26,Delivered,COD,Jaipur,Rajasthan
O008643,10793,2025-05-06,Shipped,Net Banking,Ludhiana,West Bengal
O008644,10576,2024-12-08,Returned,Debit Card,Kolkata,Maharashtra
O008645,11728,2025-10-05,Delivered,UPI,Kolkata,Maharashtra
O008646,11448,2024-06-24,Delivered,COD,Lucknow,Rajasthan
O008647,10091,2024-02-21,Delivered,UPI,Bengaluru,Telangana
O008648,11066,2025-07-03,Cancelled,Credit Card,Kochi,Kerala
O008649,10761,2025-04-22,Delivered,Debit Card,Ahmedabad,Punjab
O008650,10770,2025-05-03,Delivered,UPI,Kochi,West Bengal
O008651,11361,2024-01-05,Delivered,Debit Card,Kochi,Telangana
O008652,12049,2025-12-25,Delivered,COD,Ludhiana,West Bengal
O008653,12157,2025-09-23,Delivered,Credit Card,Gurugram,Karnataka
O008654,12003,2024-07-27,Returned,Net Banking,Chennai,Telangana
O008655,11088,2024-08-04,Delivered,Credit Card,Chennai,West Bengal
O008656,10206,2025-06-19,Delivered,Debit Card,Lucknow,Rajasthan
O008657,10623,2024-12-07,Cancelled,Credit Card,Bengaluru,Haryana
O008658,11678,2025-12-17,Delivered,COD,Kolkata,Gujarat
O008659,11552,2025-02-04,Delivered,Debit Card,Mumbai,Telangana
O008660,11872,2025-04-06,Shipped,Debit Card,Hyderabad,Kerala
O008661,10079,2025-12-30,Delivered,COD,Chennai,West Bengal
O008662,12463,2024-07-29,Delivered,UPI,Kochi,Rajasthan
O008663,11477,2024-01-26,Delivered,Net Banking,Jaipur,Tamil Nadu
O008664,11173,2024-09-08,Delivered,Credit Card,Jaipur,Punjab
O008665,10639,2024-01-03,Delivered,Net Banking,Kolkata,Tamil Nadu
O008666,11694,2024-01-02,Returned,Net Banking,Gurugram,Maharashtra
O008667,11062,2025-08-26,Delivered,COD,Gurugram,Punjab
O008668,12381,2024-01-02,Cancelled,UPI,Lucknow,Maharashtra
O008669,12336,2024-05-29,Delivered,Net Banking,Delhi,Rajasthan
O008670,11726,2025-08-05,Returned,Debit Card,Kolkata,Tamil Nadu
O008671,11642,2024-01-04,Shipped,UPI,Kolkata,Telangana
O008672,11115,2025-05-11,Shipped,COD,Lucknow,West Bengal
O008673,11890,2025-07-03,Delivered,Net Banking,Ahmedabad,Gujarat
O008674,10161,2025-04-12,Delivered,COD,Kolkata,West Bengal
O008675,11426,2024-03-10,Delivered,Credit Card,Ahmedabad,Maharashtra
O008676,11734,2024-07-19,Shipped,COD,Jaipur,Kerala
O008677,10320,2024-11-03,Cancelled,Debit Card,Kolkata,Punjab
O008678,12412,2024-09-08,Delivered,COD,Lucknow,Tamil Nadu
O008679,10766,2024-10-13,Cancelled,UPI,Lucknow,Kerala
O008680,10602,2024-10-18,Returned,Credit Card,Mumbai,Maharashtra
O008681,12360,2024-06-02,Delivered,Debit Card,Ludhiana,West Bengal
O008682,11556,2024-05-12,Delivered,Credit Card,Kochi,Kerala
O008683,10589,2025-08-08,Shipped,Debit Card,Kochi,Maharashtra
O008684,11244,2024-09-30,Delivered,Credit Card,Kochi,Gujarat
O008685,11698,2025-11-27,Shipped,Net Banking,Delhi,Kerala
O008686,11521,2025-05-23,Shipped,COD,Kochi,Uttar Pradesh
O008687,12391,2024-12-18,Delivered,UPI,Delhi,Uttar Pradesh
O008688,10906,2024-01-05,Delivered,UPI,Kochi,Karnataka
O008689,11651,2024-10-19,Delivered,Net Banking,Kochi,West Bengal
O008690,11118,2024-12-25,Returned,Credit Card,Ludhiana,Uttar Pradesh
O008691,11525,2025-08-20,Delivered,COD,Gurugram,Haryana
O008692,10172,2024-08-01,Delivered,Net Banking,Chennai,Gujarat
O008693,10626,2025-02-09,Cancelled,Credit Card,Chennai,Karnataka
O008694,12046,2025-03-11,Delivered,COD,Delhi,Maharashtra
O008695,10682,2024-01-15,Delivered,Credit Card,Ludhiana,Maharashtra
O008696,11345,2024-09-29,Delivered,UPI,Ahmedabad,Karnataka
O008697,11984,2025-07-16,Delivered,COD,,West Bengal
O008698,10311,2024-02-14,Delivered,UPI,Lucknow,Punjab
O008699,11936,2025-12-03,Delivered,UPI,Hyderabad,Tamil Nadu
O008700,12478,2025-09-25,Returned,COD,Mumbai,Telangana
O008701,11986,2025-02-15,Delivered,Net Banking,Gurugram,Maharashtra
O008702,11524,2024-07-05,Delivered,Credit Card,Gurugram,Uttar Pradesh
O008703,10285,2025-12-26,Delivered,COD,Jaipur,Rajasthan
O008704,11284,2025-10-22,Delivered,UPI,Mumbai,Maharashtra
O008705,10355,2024-06-18,Delivered,Credit Card,Chennai,Punjab
O008706,12262,2025-12-21,Delivered,COD,Gurugram,Telangana
O008707,10200,2025-08-16,Returned,Net Banking,Lucknow,West Bengal
O008708,12184,2025-02-04,Delivered,COD,Kolkata,Telangana
O008709,11914,2025-12-08,Delivered,COD,Ludhiana,Uttar Pradesh
O008710,10948,2024-09-02,Delivered,Debit Card,Chennai,Kerala
O008711,10917,2025-07-05,Delivered,Credit Card,Chennai,Haryana
O008712,11365,2025-11-10,Delivered,COD,Delhi,Kerala
O008713,11853,2024-02-12,Delivered,UPI,Hyderabad,Punjab
O008714,10342,2025-12-23,Delivered,UPI,Ludhiana,Telangana
O008715,10388,2024-06-27,Delivered,Debit Card,Mumbai,Karnataka
O008716,10004,2025-04-01,Delivered,UPI,Ludhiana,Delhi
O008717,10677,2025-06-18,Delivered,COD,Ahmedabad,Karnataka
O008718,11663,2025-08-29,Delivered,Credit Card,Delhi,Gujarat
O008719,12447,2025-11-02,Delivered,Debit Card,Jaipur,Kerala
O008720,12459,2024-08-31,Returned,Debit Card,Mumbai,Haryana
O008721,10213,2024-01-17,Shipped,Net Banking,Chennai,Karnataka
O008722,10560,2024-04-21,Returned,Net Banking,Gurugram,Karnataka
O008723,10558,2025-09-06,Delivered,Credit Card,Jaipur,Kerala
O008724,11995,2025-08-20,Delivered,Credit Card,Ludhiana,Uttar Pradesh
O008725,10953,2025-06-30,Delivered,Debit Card,Mumbai,Karnataka
O008726,10475,2024-01-30,Shipped,COD,Gurugram,Karnataka
O008727,11768,2024-07-10,Delivered,COD,Ahmedabad,Telangana
O008728,10042,2025-03-12,Delivered,Net Banking,Jaipur,Telangana
O008729,12096,2024-06-27,Delivered,Credit Card,Ludhiana,Gujarat
O008730,11987,2025-09-07,Delivered,Credit Card,Ludhiana,Telangana
O008731,10728,2025-11-07,Delivered,COD,Gurugram,Punjab
O008732,12269,2025-04-18,Delivered,Net Banking,Bengaluru,Maharashtra
O008733,11645,2025-09-25,Delivered,COD,Ahmedabad,Kerala
O008734,10940,2024-05-13,Returned,COD,Ahmedabad,Kerala
O008735,10343,2024-11-07,Cancelled,Debit Card,Ahmedabad,Kerala
O008736,12203,2024-01-25,Delivered,Credit Card,Gurugram,Gujarat
O008737,10841,2025-01-05,Delivered,Debit Card,Hyderabad,Punjab
O008738,12028,2025-06-08,Delivered,Debit Card,Hyderabad,Uttar Pradesh
O008739,12435,2024-11-14,Delivered,COD,Ahmedabad,West Bengal
O008740,10894,2024-08-17,Delivered,Net Banking,Chennai,Kerala
O008741,11933,2024-04-11,Delivered,COD,Kolkata,Gujarat
O008742,11339,2025-03-25,Shipped,Net Banking,Kochi,Kerala
O008743,10038,2025-01-12,Delivered,Credit Card,Lucknow,Telangana
O008744,11365,2024-07-21,Delivered,UPI,Chennai,Kerala
O008745,10851,2024-09-23,Delivered,Credit Card,Bengaluru,Punjab
O008746,10231,2025-04-06,Delivered,COD,Delhi,Delhi
O008747,12500,2024-12-30,Shipped,Net Banking,Bengaluru,Kerala
O008748,11366,2024-04-13,Delivered,UPI,Delhi,West Bengal
O008749,12305,2024-04-20,Delivered,Net Banking,Kolkata,Punjab
O008750,12482,2025-03-03,Delivered,Net Banking,Chennai,Telangana
O008751,10209,2025-04-13,Delivered,UPI,Chennai,Uttar Pradesh
O008752,11225,2025-08-03,Delivered,UPI,Jaipur,Gujarat
O008753,12185,2025-11-10,Delivered,Credit Card,Ahmedabad,Telangana
O008754,12084,2025-07-14,Delivered,Debit Card,Kolkata,Punjab
O008755,11239,2024-09-06,Delivered,UPI,Ludhiana,West Bengal
O008756,12075,2025-04-26,Shipped,Debit Card,Mumbai,Kerala
O008757,12066,2024-11-26,Delivered,Debit Card,Delhi,West Bengal
O008758,10630,2025-08-09,Delivered,Debit Card,Kochi,Tamil Nadu
O008759,10579,2024-07-19,Returned,Debit Card,Hyderabad,Maharashtra
O008760,10903,2025-03-29,Delivered,UPI,Kochi,Karnataka
O008761,11850,2025-05-18,Returned,Net Banking,Bengaluru,Kerala
O008762,11054,2025-06-29,Delivered,UPI,Ludhiana,Rajasthan
O008763,10123,2024-04-20,Delivered,UPI,Gurugram,Kerala
O008764,10957,2025-06-27,Delivered,COD,Kochi,Haryana
O008765,11001,2024-07-27,Cancelled,COD,Ahmedabad,Gujarat
O008766,10987,2025-10-05,Delivered,Credit Card,Kochi,Haryana
O008767,11252,2025-09-09,Delivered,Debit Card,Kochi,Rajasthan
O008768,10338,2024-02-02,Delivered,Debit Card,Ludhiana,Tamil Nadu
O008769,10991,2025-07-08,Returned,COD,Lucknow,Haryana
O008770,12321,2024-04-16,Delivered,Net Banking,Ahmedabad,West Bengal
O008771,11461,2024-09-21,Cancelled,Credit Card,Mumbai,Haryana
O008772,10902,2024-08-13,Delivered,Net Banking,Lucknow,Rajasthan
O008773,12087,2025-05-01,Delivered,COD,Ludhiana,Tamil Nadu
O008774,10426,2024-06-27,Delivered,Net Banking,Chennai,Kerala
O008775,12363,2024-08-09,Delivered,Debit Card,Ludhiana,Karnataka
O008776,10614,2025-01-04,Cancelled,COD,Hyderabad,Telangana
O008777,12205,2025-09-28,Delivered,Net Banking,Mumbai,Kerala
O008778,10872,2024-06-15,Cancelled,Credit Card,Mumbai,West Bengal
O008779,12305,2025-10-24,Delivered,Credit Card,Kolkata,Kerala
O008780,12000,2025-07-06,Delivered,UPI,Gurugram,Karnataka
O008781,11894,2024-10-26,Shipped,COD,,Punjab
O008782,10635,2025-01-15,Delivered,COD,Jaipur,Kerala
O008783,12095,2024-02-04,Delivered,COD,Kolkata,Punjab
O008784,12058,2025-02-10,Delivered,Debit Card,Ahmedabad,Maharashtra
O008785,12192,2025-05-16,Delivered,Debit Card,Jaipur,Tamil Nadu
O008786,11455,2024-11-09,Cancelled,COD,Gurugram,Delhi
O008787,10487,2025-12-27,Returned,Net Banking,Ludhiana,Rajasthan
O008788,11897,2024-04-10,Shipped,Debit Card,Jaipur,Punjab
O008789,11456,2025-07-22,Shipped,COD,Chennai,Uttar Pradesh
O008790,10207,2024-08-02,Delivered,Debit Card,Kochi,Karnataka
O008791,11625,2025-10-29,Delivered,UPI,Gurugram,Telangana
O008792,11526,2025-07-29,Shipped,Credit Card,Ludhiana,Haryana
O008793,11483,2024-03-02,Delivered,UPI,Mumbai,Haryana
O008794,10259,2025-01-03,Delivered,COD,Mumbai,Punjab
O008795,11353,2025-01-02,Shipped,Credit Card,Jaipur,Punjab
O008796,10454,2025-07-27,Delivered,Net Banking,Jaipur,Punjab
O008797,10799,2024-04-03,Delivered,COD,Bengaluru,Delhi
O008798,10375,2025-04-13,Shipped,Net Banking,Ahmedabad,Kerala
O008799,10075,2024-01-26,Delivered,Net Banking,Bengaluru,Haryana
O008800,10242,2025-03-10,Shipped,Debit Card,Chennai,Haryana
O008801,11041,2024-04-30,Delivered,Debit Card,Kolkata,Haryana
O008802,11713,2024-02-19,Delivered,Credit Card,Ludhiana,Kerala
O008803,10123,2024-02-05,Delivered,Credit Card,Ludhiana,Kerala
O008804,12003,2025-02-13,Shipped,Debit Card,Mumbai,Rajasthan
O008805,12159,2024-10-15,Delivered,Credit Card,Jaipur,Kerala
O008806,12282,2025-01-13,Delivered,UPI,Mumbai,Maharashtra
O008807,10497,2024-04-09,Delivered,COD,Gurugram,Karnataka
O008808,11146,2024-11-19,Delivered,UPI,Ludhiana,Kerala
O008809,11474,2024-11-24,Delivered,COD,Chennai,Kerala
O008810,10727,2025-10-09,Delivered,Debit Card,Ludhiana,Punjab
O008811,11832,2025-12-06,Delivered,UPI,Bengaluru,Uttar Pradesh
O008812,11822,2024-08-08,Delivered,Net Banking,Lucknow,West Bengal
O008813,11817,2025-07-20,Delivered,UPI,Mumbai,Karnataka
O008814,10092,2024-04-19,Delivered,Credit Card,Jaipur,Delhi
O008815,11970,2024-05-28,Delivered,UPI,Ahmedabad,Haryana
O008816,12385,2025-02-09,Delivered,Debit Card,Hyderabad,Telangana
O008817,10513,2025-11-04,Delivered,Debit Card,Chennai,West Bengal
O008818,10603,2025-11-29,Returned,Credit Card,Chennai,Tamil Nadu
O008819,10428,2025-02-13,Delivered,COD,Jaipur,Telangana
O008820,12020,2024-05-08,Delivered,Credit Card,Jaipur,West Bengal
O008821,11457,2025-04-28,Delivered,COD,Bengaluru,Uttar Pradesh
O008822,10007,2024-04-17,Shipped,Debit Card,Mumbai,Tamil Nadu
O008823,12168,2025-01-23,Cancelled,Debit Card,Delhi,Haryana
O008824,12435,2025-02-28,Delivered,COD,Ludhiana,Delhi
O008825,11374,2025-03-22,Shipped,UPI,Chennai,Kerala
O008826,10641,2024-03-08,Delivered,UPI,Gurugram,Punjab
O008827,11122,2024-03-06,Delivered,Credit Card,Jaipur,Tamil Nadu
O008828,11067,2025-10-17,Delivered,Debit Card,Ludhiana,Karnataka
O008829,12231,2025-07-18,Delivered,UPI,Kochi,Gujarat
O008830,10565,2025-10-01,Delivered,Debit Card,Kochi,Uttar Pradesh
O008831,11697,2025-05-18,Delivered,Credit Card,Ludhiana,Uttar Pradesh
O008832,10446,2025-05-18,Delivered,Net Banking,Gurugram,Kerala
O008833,11931,2024-11-16,Delivered,Debit Card,Mumbai,Telangana
O008834,10200,2025-12-19,Delivered,Net Banking,Bengaluru,Telangana
O008835,10513,2025-12-28,Delivered,Debit Card,Chennai,Tamil Nadu
O008836,10990,2025-08-02,Delivered,COD,Delhi,Tamil Nadu
O008837,12261,2025-03-22,Delivered,Net Banking,Hyderabad,Maharashtra
O008838,11402,2025-07-27,Delivered,COD,Gurugram,West Bengal
O008839,11813,2024-07-28,Delivered,COD,Bengaluru,Delhi
O008840,10546,2025-01-04,Delivered,Credit Card,Lucknow,Rajasthan
O008841,12010,2025-07-17,Delivered,Credit Card,Ludhiana,Karnataka
O008842,11806,2025-09-19,Cancelled,UPI,Ahmedabad,Gujarat
O008843,12216,2025-04-02,Delivered,Net Banking,Chennai,Delhi
O008844,10890,2025-07-30,Delivered,UPI,Hyderabad,Uttar Pradesh
O008845,10931,2025-10-03,Delivered,Net Banking,Hyderabad,Punjab
O008846,10828,2025-11-19,Returned,Credit Card,Chennai,Gujarat
O008847,12185,2024-06-11,Delivered,Credit Card,Mumbai,Punjab
O008848,12163,2024-11-27,Delivered,Credit Card,Hyderabad,Haryana
O008849,11276,2025-10-25,Delivered,Net Banking,Ludhiana,Gujarat
O008850,11517,2024-12-15,Delivered,Credit Card,Mumbai,Tamil Nadu
O008851,11313,2025-10-31,Delivered,UPI,Mumbai,Punjab
O008852,11073,2025-04-12,Delivered,COD,Mumbai,Punjab
O008853,10516,2025-03-01,Delivered,Net Banking,Lucknow,Tamil Nadu
O008854,11915,2024-11-22,Delivered,COD,Ludhiana,Telangana
O008855,10688,2024-04-15,Delivered,UPI,,Delhi
O008856,11020,2024-09-11,Shipped,Debit Card,Kolkata,West Bengal
O008857,11296,2024-12-23,Delivered,Credit Card,Kolkata,Punjab
O008858,11050,2025-03-19,Cancelled,UPI,Jaipur,Uttar Pradesh
O008859,11094,2024-04-22,Delivered,Debit Card,Jaipur,Telangana
O008860,12341,2024-01-30,Delivered,Net Banking,Bengaluru,Gujarat
O008861,11258,2025-06-07,Delivered,UPI,Mumbai,Uttar Pradesh
O008862,12279,2025-11-19,Delivered,Net Banking,Delhi,West Bengal
O008863,11610,2024-02-15,Delivered,COD,Gurugram,Telangana
O008864,11145,2024-06-19,Shipped,COD,Mumbai,West Bengal
O008865,10518,2024-05-09,Delivered,Net Banking,Gurugram,Kerala
O008866,10706,2024-12-18,Shipped,COD,Hyderabad,Kerala
O008867,12425,2024-07-21,Delivered,COD,Chennai,Maharashtra
O008868,11935,2024-08-13,Delivered,Credit Card,Lucknow,Punjab
O008869,12485,2024-03-20,Cancelled,Net Banking,Chennai,Tamil Nadu
O008870,11746,2024-11-05,Delivered,Net Banking,Jaipur,Karnataka
O008871,11669,2024-02-04,Delivered,Debit Card,Ahmedabad,Karnataka
O008872,10970,2025-07-17,Delivered,Credit Card,Delhi,Telangana
O008873,11198,2024-06-09,Delivered,UPI,Gurugram,Uttar Pradesh
O008874,11687,2025-08-18,Cancelled,Credit Card,Kolkata,Tamil Nadu
O008875,11533,2025-03-10,Delivered,UPI,Lucknow,Maharashtra
O008876,10778,2025-06-21,Delivered,Net Banking,Hyderabad,Rajasthan
O008877,11334,2024-08-12,Cancelled,Credit Card,Kochi,Haryana
O008878,12118,2025-03-21,Shipped,Debit Card,Jaipur,Karnataka
O008879,12253,2024-11-12,Delivered,COD,Mumbai,Telangana
O008880,12389,2025-10-27,Delivered,UPI,Mumbai,Karnataka
O008881,10118,2025-02-17,Delivered,COD,Jaipur,Maharashtra
O008882,10015,2024-04-04,Delivered,Net Banking,Kolkata,West Bengal
O008883,11346,2024-08-12,Delivered,Net Banking,Kochi,Tamil Nadu
O008884,12042,2025-07-06,Delivered,Net Banking,Bengaluru,Rajasthan
O008885,12043,2025-10-06,Delivered,COD,Lucknow,Karnataka
O008886,10911,2024-03-06,Delivered,Net Banking,Gurugram,Haryana
O008887,11556,2025-01-31,Delivered,Net Banking,Jaipur,Gujarat
O008888,10690,2024-07-28,Delivered,COD,Kolkata,Rajasthan
O008889,10774,2025-04-18,Delivered,Net Banking,Ludhiana,Maharashtra
O008890,11615,2025-10-26,Delivered,UPI,Kolkata,Telangana
O008891,11535,2025-11-14,Delivered,Credit Card,Ludhiana,Rajasthan
O008892,10120,2025-07-24,Delivered,UPI,Gurugram,Punjab
O008893,12074,2025-11-26,Delivered,Net Banking,Kochi,West Bengal
O008894,11737,2025-05-04,Delivered,Net Banking,Delhi,Kerala
O008895,10064,2024-06-28,Delivered,Net Banking,Hyderabad,Punjab
O008896,10460,2025-06-07,Delivered,Net Banking,Ahmedabad,Telangana
O008897,11750,2025-04-03,Delivered,COD,Ahmedabad,Maharashtra
O008898,12362,2024-03-08,Delivered,Credit Card,Kochi,Kerala
O008899,11614,2024-11-24,Delivered,COD,Ahmedabad,Maharashtra
O008900,11564,2024-07-20,Cancelled,COD,Jaipur,Uttar Pradesh
O008901,10982,2025-04-19,Shipped,Net Banking,Gurugram,Haryana
O008902,11150,2025-06-01,Returned,UPI,Mumbai,Telangana
O008903,10972,2024-01-15,Delivered,UPI,Jaipur,Haryana
O008904,10707,2024-02-11,Cancelled,Debit Card,Mumbai,Telangana
O008905,11710,2025-06-26,Delivered,Credit Card,Hyderabad,Delhi
O008906,11367,2025-11-23,Delivered,Debit Card,Hyderabad,Uttar Pradesh
O008907,11847,2024-10-15,Delivered,COD,Ahmedabad,Tamil Nadu
O008908,10395,2025-06-16,Delivered,Debit Card,Bengaluru,West Bengal
O008909,10484,2025-11-24,Delivered,Debit Card,Mumbai,West Bengal
O008910,10666,2025-11-26,Delivered,Debit Card,Chennai,West Bengal
O008911,10456,2024-08-31,Cancelled,Credit Card,Hyderabad,West Bengal
O008912,10210,2025-10-22,Delivered,UPI,Kolkata,Punjab
O008913,10525,2025-09-03,Cancelled,UPI,Gurugram,Haryana
O008914,10676,2025-07-20,Delivered,Debit Card,Bengaluru,Tamil Nadu
O008915,11002,2025-11-28,Delivered,Credit Card,Chennai,Telangana
O008916,10896,2025-08-20,Delivered,UPI,Ludhiana,Gujarat
O008917,11004,2024-06-22,Delivered,Net Banking,Hyderabad,Karnataka
O008918,11600,2025-06-17,Shipped,UPI,Gurugram,Uttar Pradesh
O008919,12355,2025-05-23,Delivered,UPI,Gurugram,Delhi
O008920,10060,2024-08-31,Delivered,Credit Card,Ludhiana,West Bengal
O008921,10386,2024-02-29,Delivered,Credit Card,Bengaluru,West Bengal
O008922,12104,2024-04-13,Delivered,UPI,Hyderabad,Punjab
O008923,12216,2025-10-12,Delivered,Net Banking,Kochi,Gujarat
O008924,11436,2024-10-29,Delivered,Net Banking,Kolkata,Haryana
O008925,11795,2025-11-01,Delivered,Debit Card,Delhi,West Bengal
O008926,11943,2024-03-17,Delivered,Debit Card,Hyderabad,Delhi
O008927,11591,2024-01-18,Delivered,UPI,Kochi,Delhi
O008928,12388,2025-06-17,Delivered,UPI,Ahmedabad,Karnataka
O008929,10796,2024-07-02,Delivered,UPI,Jaipur,Telangana
O008930,10892,2025-10-18,Shipped,Net Banking,Ludhiana,Gujarat
O008931,11283,2025-07-03,Cancelled,COD,Kolkata,Tamil Nadu
O008932,10601,2024-10-07,Delivered,Debit Card,Ahmedabad,Karnataka
O008933,12485,2024-10-14,Delivered,Debit Card,Ahmedabad,Telangana
O008934,11246,2025-10-16,Delivered,COD,Mumbai,Karnataka
O008935,11437,2025-06-08,Delivered,UPI,Hyderabad,Delhi
O008936,11374,2025-11-28,Delivered,Debit Card,Chennai,Maharashtra
O008937,11083,2025-04-18,Shipped,Net Banking,Ludhiana,Delhi
O008938,10152,2024-09-23,Shipped,COD,Gurugram,Rajasthan
O008939,10934,2025-08-31,Delivered,Net Banking,Kochi,Kerala
O008940,12273,2024-12-22,Delivered,UPI,Delhi,Punjab
O008941,11342,2024-01-01,Delivered,Debit Card,Lucknow,West Bengal
O008942,10558,2024-01-27,Cancelled,Net Banking,Mumbai,Rajasthan
O008943,11498,2025-07-01,Cancelled,COD,Lucknow,Tamil Nadu
O008944,11870,2024-06-08,Delivered,UPI,Kochi,Punjab
O008945,10618,2025-02-02,Delivered,Debit Card,Ludhiana,Maharashtra
O008946,11820,2025-06-26,Delivered,Debit Card,Mumbai,Punjab
O008947,10024,2024-05-06,Delivered,UPI,Ludhiana,Punjab
O008948,11543,2024-07-28,Delivered,UPI,Ahmedabad,Delhi
O008949,12416,2024-05-29,Delivered,UPI,Gurugram,Telangana
O008950,12020,2024-01-31,Delivered,Net Banking,Gurugram,Kerala
O008951,10999,2025-09-03,Delivered,Credit Card,Hyderabad,Telangana
O008952,12383,2024-10-28,Delivered,Debit Card,Hyderabad,Tamil Nadu
O008953,11457,2025-11-13,Delivered,Net Banking,Chennai,Uttar Pradesh
O008954,10003,2024-09-13,Delivered,COD,Delhi,Gujarat
O008955,11008,2024-02-26,Delivered,Debit Card,Kochi,Uttar Pradesh
O008956,11282,2024-01-09,Cancelled,Credit Card,Bengaluru,Tamil Nadu
O008957,10263,2024-01-05,Delivered,COD,Bengaluru,Gujarat
O008958,10121,2024-04-23,Delivered,Debit Card,Hyderabad,Delhi
O008959,11744,2025-11-15,Delivered,Credit Card,Bengaluru,Maharashtra
O008960,10021,2024-07-23,Delivered,UPI,Bengaluru,Gujarat
O008961,10905,2024-01-24,Delivered,Credit Card,Ahmedabad,West Bengal
O008962,10140,2025-05-07,Delivered,Debit Card,Chennai,Gujarat
O008963,11816,2025-11-12,Cancelled,Credit Card,Kolkata,Delhi
O008964,11313,2025-02-09,Delivered,Debit Card,Kochi,Haryana
O008965,10206,2024-04-12,Cancelled,Debit Card,Jaipur,Delhi
O008966,10043,2024-02-29,Delivered,Credit Card,Ahmedabad,Gujarat
O008967,11029,2024-03-26,Delivered,Credit Card,Hyderabad,Telangana
O008968,12255,2025-11-07,Delivered,COD,Gurugram,West Bengal
O008969,11863,2025-01-06,Shipped,COD,Bengaluru,Uttar Pradesh
O008970,10345,2025-11-09,Returned,Net Banking,Kolkata,Gujarat
O008971,11166,2025-08-18,Shipped,Debit Card,Hyderabad,Telangana
O008972,12420,2024-07-20,Delivered,COD,Jaipur,Kerala
O008973,11388,2025-08-24,Delivered,Net Banking,Kolkata,Maharashtra
O008974,10984,2024-03-29,Delivered,Debit Card,Kolkata,Tamil Nadu
O008975,10335,2025-03-12,Delivered,Net Banking,Ahmedabad,Uttar Pradesh
O008976,12059,2024-04-29,Delivered,COD,Gurugram,Uttar Pradesh
O008977,12123,2024-06-04,Delivered,Net Banking,Mumbai,Kerala
O008978,11324,2025-02-02,Delivered,Credit Card,Kochi,Punjab
O008979,10776,2025-11-30,Delivered,Net Banking,Lucknow,Karnataka
O008980,10886,2024-07-06,Delivered,UPI,Ludhiana,Maharashtra
O008981,12036,2024-02-21,Shipped,UPI,Ludhiana,Rajasthan
O008982,10736,2025-10-13,Delivered,Net Banking,Ahmedabad,Rajasthan
O008983,11052,2025-06-14,Delivered,UPI,Kochi,Delhi
O008984,11487,2025-04-24,Delivered,Net Banking,Ahmedabad,Uttar Pradesh
O008985,10396,2025-08-09,Delivered,Net Banking,Chennai,Punjab
O008986,10683,2024-08-17,Delivered,Net Banking,Kochi,Gujarat
O008987,12002,2025-04-25,Cancelled,UPI,Gurugram,Uttar Pradesh
O008988,12469,2024-05-09,Delivered,Debit Card,Kolkata,Kerala
O008989,10364,2024-02-24,Delivered,Net Banking,Ludhiana,Telangana
O008990,11855,2024-09-27,Delivered,Net Banking,Jaipur,West Bengal
O008991,11782,2024-04-09,Delivered,Credit Card,Delhi,Rajasthan
O008992,10093,2024-03-09,Delivered,Credit Card,Kochi,Karnataka
O008993,11599,2024-10-25,Delivered,COD,Lucknow,Gujarat
O008994,10266,2025-06-12,Delivered,UPI,Ludhiana,Uttar Pradesh
O008995,12254,2024-12-19,Cancelled,Debit Card,Hyderabad,Punjab
O008996,12085,2025-09-19,Delivered,Net Banking,Gurugram,West Bengal
O008997,11035,2024-05-31,Delivered,Net Banking,Mumbai,West Bengal
O008998,11114,2024-11-25,Delivered,UPI,Bengaluru,Karnataka
O008999,10744,2024-04-25,Delivered,COD,Ludhiana,Punjab
O009000,12067,2025-06-25,Delivered,COD,Bengaluru,Uttar Pradesh
O009001,10374,2024-11-18,Shipped,Credit Card,Ludhiana,Kerala
O009002,11810,2025-07-16,Shipped,UPI,Lucknow,Punjab
O009003,10094,2025-07-25,Delivered,COD,Ahmedabad,Maharashtra
O009004,10032,2024-08-16,Delivered,COD,Kochi,Telangana
O009005,10140,2024-12-25,Returned,Debit Card,Ludhiana,Tamil Nadu
O009006,11594,2024-01-05,Cancelled,Credit Card,Ahmedabad,Karnataka
O009007,11243,2024-01-28,Delivered,Credit Card,Lucknow,Tamil Nadu
O009008,11565,2024-12-29,Delivered,Credit Card,Kochi,Uttar Pradesh
O009009,11583,2025-04-06,Shipped,COD,Mumbai,Haryana
O009010,11932,2024-08-18,Delivered,Net Banking,Kolkata,West Bengal
O009011,10058,2025-01-29,Delivered,COD,Chennai,Karnataka
O009012,11299,2025-12-12,Delivered,COD,Ahmedabad,Telangana
O009013,12188,2024-09-27,Shipped,UPI,Kochi,Tamil Nadu
O009014,11047,2024-10-30,Delivered,Credit Card,Jaipur,Rajasthan
O009015,10378,2025-01-17,Delivered,Credit Card,Mumbai,Delhi
O009016,10922,2025-07-11,Delivered,Debit Card,Chennai,Rajasthan
O009017,10373,2024-01-28,Cancelled,Credit Card,Chennai,Tamil Nadu
O009018,11588,2025-06-02,Delivered,COD,Ludhiana,Tamil Nadu
O009019,10778,2024-07-17,Cancelled,UPI,Hyderabad,Uttar Pradesh
O009020,11366,2025-08-28,Cancelled,Debit Card,Ludhiana,Rajasthan
O009021,10167,2024-03-22,Delivered,COD,Chennai,Rajasthan
O009022,12012,2024-03-28,Delivered,COD,Jaipur,Gujarat
O009023,10584,2025-01-24,Delivered,Debit Card,Kochi,Gujarat
O009024,10999,2025-11-28,Cancelled,COD,Lucknow,Rajasthan
O009025,10560,2025-08-02,Delivered,COD,Kochi,Uttar Pradesh
O009026,11012,2025-03-26,Delivered,UPI,Delhi,Uttar Pradesh
O009027,10233,2025-03-08,Delivered,UPI,Kolkata,Tamil Nadu
O009028,10560,2025-01-08,Delivered,UPI,Chennai,Uttar Pradesh
O009029,11232,2025-03-10,Delivered,Credit Card,Delhi,Kerala
O009030,11763,2024-07-05,Delivered,Debit Card,Delhi,Tamil Nadu
O009031,11525,2025-01-24,Delivered,UPI,Kolkata,Haryana
O009032,10921,2024-08-05,Cancelled,COD,Chennai,Maharashtra
O009033,11243,2024-04-17,Delivered,Credit Card,Mumbai,Gujarat
O009034,10081,2025-07-03,Delivered,Debit Card,Delhi,Uttar Pradesh
O009035,10703,2024-12-14,Cancelled,UPI,Kochi,Maharashtra
O009036,10541,2025-06-05,Delivered,UPI,Chennai,Gujarat
O009037,11850,2024-01-26,Delivered,Debit Card,Lucknow,Delhi
O009038,11275,2024-02-17,Shipped,UPI,Bengaluru,Telangana
O009039,10622,2025-01-04,Cancelled,Debit Card,Kolkata,Haryana
O009040,11241,2024-01-14,Delivered,Debit Card,Delhi,Rajasthan
O009041,12244,2025-09-03,Shipped,COD,Chennai,Uttar Pradesh
O009042,11321,2024-07-05,Delivered,Debit Card,Lucknow,Haryana
O009043,12092,2025-06-07,Delivered,Net Banking,Kolkata,Karnataka
O009044,12441,2024-10-05,Cancelled,UPI,Ludhiana,Kerala
O009045,11467,2024-12-06,Delivered,COD,Bengaluru,Gujarat
O009046,11114,2024-11-23,Delivered,Credit Card,Ahmedabad,Rajasthan
O009047,12203,2025-11-09,Delivered,Net Banking,Chennai,Gujarat
O009048,11645,2025-09-25,Delivered,Debit Card,Jaipur,Punjab
O009049,10059,2025-08-29,Delivered,Credit Card,Kochi,West Bengal
O009050,12158,2024-01-25,Delivered,Credit Card,Hyderabad,Tamil Nadu
O009051,10479,2025-06-12,Delivered,Credit Card,Delhi,Maharashtra
O009052,11923,2025-03-01,Delivered,Credit Card,Mumbai,Maharashtra
O009053,11757,2024-01-29,Delivered,COD,Ludhiana,Punjab
O009054,11799,2024-11-18,Delivered,COD,Lucknow,Telangana
O009055,11618,2024-11-08,Delivered,Credit Card,Ludhiana,Kerala
O009056,10784,2025-08-06,Cancelled,Net Banking,Ludhiana,Rajasthan
O009057,11401,2024-09-26,Delivered,UPI,Bengaluru,Kerala
O009058,11056,2024-10-21,Delivered,UPI,Bengaluru,Maharashtra
O009059,11510,2025-10-17,Delivered,COD,Gurugram,West Bengal
O009060,11027,2024-08-10,Delivered,Net Banking,Hyderabad,Tamil Nadu
O009061,10378,2024-03-15,Delivered,Net Banking,Lucknow,Delhi
O009062,10572,2024-04-11,Delivered,Debit Card,Hyderabad,Delhi
O009063,11955,2025-06-15,Delivered,COD,Jaipur,Punjab
O009064,11565,2025-09-20,Delivered,Net Banking,Delhi,Telangana
O009065,10587,2025-11-16,Delivered,Net Banking,Gurugram,Maharashtra
O009066,11619,2024-06-21,Delivered,UPI,Ludhiana,Haryana
O009067,10357,2024-01-04,Delivered,Net Banking,Gurugram,Gujarat
O009068,10685,2025-04-23,Returned,Net Banking,Kochi,Uttar Pradesh
O009069,11947,2025-10-21,Returned,Credit Card,Chennai,Tamil Nadu
O009070,10659,2025-01-29,Delivered,UPI,Ludhiana,Rajasthan
O009071,11297,2025-09-17,Shipped,UPI,Jaipur,Kerala
O009072,11526,2024-06-15,Delivered,Credit Card,Ahmedabad,Haryana
O009073,12083,2024-10-26,Delivered,UPI,Bengaluru,Delhi
O009074,11694,2024-04-27,Delivered,Debit Card,Bengaluru,Gujarat
O009075,11658,2025-05-26,Delivered,Debit Card,Kochi,Kerala
O009076,10512,2025-09-03,Delivered,COD,Lucknow,Delhi
O009077,11072,2024-06-23,Delivered,UPI,Ahmedabad,Delhi
O009078,12321,2024-06-07,Returned,UPI,Lucknow,Gujarat
O009079,11637,2025-01-18,Shipped,Debit Card,Jaipur,West Bengal
O009080,11013,2024-08-14,Cancelled,COD,Ludhiana,Haryana
O009081,11152,2024-02-07,Cancelled,COD,Hyderabad,West Bengal
O009082,10210,2025-04-07,Shipped,Debit Card,Kolkata,West Bengal
O009083,10624,2025-03-06,Delivered,Debit Card,Lucknow,Tamil Nadu
O009084,11806,2025-12-10,Delivered,Credit Card,Gurugram,Telangana
O009085,11166,2025-10-09,Delivered,COD,Mumbai,Gujarat
O009086,10173,2024-04-13,Delivered,COD,Ludhiana,Haryana
O009087,11889,2024-07-11,Delivered,Credit Card,Chennai,Uttar Pradesh
O009088,10447,2024-09-06,Cancelled,Debit Card,Bengaluru,Rajasthan
O009089,10011,2024-01-13,Returned,Credit Card,Delhi,Karnataka
O009090,10761,2025-07-20,Delivered,Credit Card,Kolkata,Rajasthan
O009091,11328,2025-08-19,Delivered,Net Banking,Bengaluru,Haryana
O009092,11784,2025-09-12,Cancelled,COD,Delhi,Maharashtra
O009093,11178,2025-07-08,Delivered,Debit Card,Ludhiana,Tamil Nadu
O009094,12371,2025-01-22,Delivered,Net Banking,Ahmedabad,Rajasthan
O009095,10977,2024-03-11,Cancelled,Net Banking,Hyderabad,Telangana
O009096,12493,2025-07-24,Shipped,Net Banking,Gurugram,Tamil Nadu
O009097,12390,2025-03-13,Delivered,Debit Card,Delhi,West Bengal
O009098,12269,2024-02-13,Cancelled,Credit Card,Hyderabad,Haryana
O009099,12158,2024-09-28,Delivered,Debit Card,Bengaluru,Haryana
O009100,12458,2024-01-14,Delivered,COD,Kochi,West Bengal
O009101,11801,2025-01-05,Delivered,COD,Gurugram,Kerala
O009102,10040,2024-04-21,Delivered,Credit Card,Bengaluru,Maharashtra
O009103,11483,2025-01-13,Delivered,Debit Card,Mumbai,Maharashtra
O009104,12311,2024-11-09,Cancelled,Credit Card,Kochi,Delhi
O009105,11850,2025-02-18,Delivered,Credit Card,Kolkata,Punjab
O009106,10823,2025-04-29,Delivered,Debit Card,Bengaluru,West Bengal
O009107,10461,2024-06-17,Delivered,COD,Delhi,Punjab
O009108,11142,2024-09-02,Delivered,,Delhi,West Bengal
O009109,10217,2024-09-22,Cancelled,COD,Jaipur,Gujarat
O009110,11741,2024-08-30,Delivered,UPI,Kolkata,Maharashtra
O009111,12125,2025-10-31,Delivered,UPI,Ludhiana,Punjab
O009112,11445,2024-10-26,Delivered,UPI,Ahmedabad,Karnataka
O009113,11196,2024-11-22,Shipped,Net Banking,Ahmedabad,Karnataka
O009114,12438,2025-06-13,Delivered,COD,Bengaluru,Uttar Pradesh
O009115,11152,2025-08-17,Delivered,COD,Kochi,Karnataka
O009116,10374,2024-12-07,Returned,Debit Card,Ahmedabad,Haryana
O009117,10654,2025-11-09,Delivered,COD,Kochi,Tamil Nadu
O009118,10904,2025-07-07,Delivered,Debit Card,Ahmedabad,Punjab
O009119,10744,2024-09-05,Returned,Net Banking,Hyderabad,Maharashtra
O009120,12471,2025-01-14,Delivered,Debit Card,Ludhiana,Maharashtra
O009121,10853,2025-06-15,Shipped,UPI,Chennai,Kerala
O009122,11771,2025-01-15,Delivered,Debit Card,Hyderabad,Punjab
O009123,10831,2024-02-11,Delivered,Debit Card,Kolkata,Gujarat
O009124,11562,2024-12-10,Delivered,Debit Card,Delhi,Rajasthan
O009125,10973,2025-08-21,Returned,COD,Mumbai,Maharashtra
O009126,11294,2024-09-17,Returned,Credit Card,Chennai,Delhi
O009127,11353,2024-11-01,Delivered,Credit Card,Mumbai,Telangana
O009128,11319,2024-08-27,Delivered,Credit Card,Delhi,Telangana
O009129,10122,2025-11-09,Delivered,COD,Delhi,Uttar Pradesh
O009130,10159,2024-11-08,Delivered,UPI,Jaipur,Gujarat
O009131,10307,2025-03-16,Delivered,Credit Card,Ahmedabad,Maharashtra
O009132,11113,2024-05-12,Shipped,Credit Card,Kolkata,Maharashtra
O009133,10751,2025-12-19,Cancelled,Net Banking,Hyderabad,West Bengal
O009134,11062,2024-02-20,Shipped,Net Banking,Lucknow,Delhi
O009135,11897,2025-09-09,Delivered,UPI,Ahmedabad,Uttar Pradesh
O009136,10591,2025-01-26,Shipped,Debit Card,Kolkata,Tamil Nadu
O009137,11881,2025-11-26,Shipped,Debit Card,Hyderabad,Tamil Nadu
O009138,10346,2025-12-13,Delivered,Net Banking,Kochi,Delhi
O009139,10149,2025-06-06,Delivered,Net Banking,Hyderabad,Tamil Nadu
O009140,11040,2025-05-22,Delivered,UPI,,Karnataka
O009141,11391,2025-10-23,Delivered,UPI,Ludhiana,Rajasthan
O009142,10781,2024-12-19,Returned,COD,Mumbai,Kerala
O009143,10118,2025-01-29,Delivered,Debit Card,Delhi,West Bengal
O009144,10704,2024-04-05,Cancelled,COD,Mumbai,Telangana
O009145,12365,2024-04-15,Delivered,Credit Card,Ludhiana,Delhi
O009146,10288,2025-10-16,Shipped,UPI,Ludhiana,Punjab
O009147,11375,2025-11-08,Cancelled,Debit Card,Ahmedabad,Rajasthan
O009148,12345,2025-05-27,Delivered,Debit Card,Kochi,Rajasthan
O009149,12025,2025-07-11,Returned,COD,Delhi,Rajasthan
O009150,10443,2024-08-29,Delivered,Net Banking,Hyderabad,Telangana
O009151,10901,2025-05-02,Delivered,Net Banking,,Haryana
O009152,10301,2025-05-29,Delivered,UPI,Ahmedabad,Gujarat
O009153,12474,2025-10-15,Delivered,Net Banking,Kochi,Delhi
O009154,10250,2024-03-01,Cancelled,Credit Card,Ahmedabad,Haryana
O009155,11958,2025-02-19,Delivered,Debit Card,Ahmedabad,Telangana
O009156,11767,2024-10-20,Delivered,Net Banking,Jaipur,Haryana
O009157,11539,2024-10-28,Shipped,UPI,Gurugram,Telangana
O009158,10686,2024-06-18,Delivered,Credit Card,Lucknow,Tamil Nadu
O009159,10998,2025-10-07,Delivered,COD,Mumbai,Gujarat
O009160,10406,2024-02-10,Delivered,COD,Kochi,Rajasthan
O009161,10244,2024-08-18,Delivered,Credit Card,Mumbai,Tamil Nadu
O009162,12415,2025-02-12,Delivered,UPI,Hyderabad,Gujarat
O009163,12168,2025-10-12,Delivered,COD,Kochi,Telangana
O009164,11606,2025-09-13,Delivered,Debit Card,Jaipur,Uttar Pradesh
O009165,10433,2024-10-23,Delivered,Debit Card,Hyderabad,Delhi
O009166,10183,2025-03-30,Delivered,UPI,Chennai,Gujarat
O009167,11485,2024-02-26,Delivered,UPI,Ahmedabad,Tamil Nadu
O009168,11142,2025-09-26,Delivered,Debit Card,Ahmedabad,Punjab
O009169,10031,2024-08-27,Returned,UPI,Ahmedabad,Maharashtra
O009170,11173,2025-08-20,Cancelled,Credit Card,Chennai,Uttar Pradesh
O009171,11297,2024-06-24,Returned,UPI,Lucknow,Telangana
O009172,11904,2024-03-03,Delivered,Debit Card,Ludhiana,Haryana
O009173,10102,2025-07-04,Cancelled,Net Banking,Hyderabad,Telangana
O009174,11096,2024-05-17,Shipped,UPI,Mumbai,Gujarat
O009175,11729,2025-03-29,Delivered,COD,Bengaluru,West Bengal
O009176,12456,2025-03-24,Delivered,Credit Card,Ludhiana,Telangana
O009177,11391,2024-08-13,Delivered,Credit Card,Ahmedabad,Tamil Nadu
O009178,10830,2025-03-18,Delivered,Credit Card,Chennai,Kerala
O009179,10618,2024-07-24,Delivered,COD,Lucknow,Karnataka
O009180,10291,2025-11-06,Delivered,COD,Delhi,Karnataka
O009181,12470,2024-01-27,Delivered,Credit Card,Delhi,Delhi
O009182,10181,2025-04-01,Returned,Credit Card,Hyderabad,Kerala
O009183,12162,2025-11-25,Delivered,Credit Card,Hyderabad,Telangana
O009184,11262,2025-12-10,Delivered,UPI,Mumbai,Haryana
O009185,10260,2024-04-16,Delivered,COD,Bengaluru,Punjab
O009186,12292,2025-03-19,Delivered,Debit Card,Bengaluru,Punjab
O009187,12471,2025-12-01,Delivered,UPI,Ahmedabad,Tamil Nadu
O009188,10335,2024-02-05,Cancelled,Debit Card,Mumbai,West Bengal
O009189,11047,2025-08-19,Delivered,UPI,Kochi,Maharashtra
O009190,11897,2024-06-03,Delivered,UPI,Ludhiana,Karnataka
O009191,10271,2024-06-17,Delivered,Debit Card,Ludhiana,Maharashtra
O009192,11408,2024-09-28,Shipped,Credit Card,Bengaluru,Punjab
O009193,11401,2025-06-30,Returned,Debit Card,Ludhiana,Punjab
O009194,11010,2025-02-23,Delivered,Net Banking,Delhi,Delhi
O009195,11462,2024-07-02,Delivered,COD,Ludhiana,Maharashtra
O009196,11605,2025-09-02,Delivered,Net Banking,Chennai,Telangana
O009197,10132,2024-08-24,Cancelled,UPI,Bengaluru,Telangana
O009198,11745,2025-05-23,Delivered,Debit Card,Jaipur,Tamil Nadu
O009199,11546,2025-03-16,Delivered,Credit Card,Delhi,Kerala
O009200,10135,2024-05-01,Delivered,Credit Card,Kolkata,Uttar Pradesh
O009201,10767,2025-02-20,Delivered,Net Banking,Kochi,Gujarat
O009202,10770,2025-06-18,Delivered,Net Banking,Delhi,Haryana
O009203,12142,2025-01-09,Delivered,UPI,Lucknow,Rajasthan
O009204,11908,2025-07-28,Delivered,COD,Mumbai,Karnataka
O009205,11265,2024-11-21,Delivered,UPI,Ahmedabad,Karnataka
O009206,11773,2025-04-24,Returned,Credit Card,Lucknow,Kerala
O009207,10165,2024-05-29,Cancelled,Debit Card,Jaipur,West Bengal
O009208,10325,2025-12-07,Delivered,Net Banking,Ludhiana,Gujarat
O009209,10620,2025-08-14,Cancelled,Credit Card,Kochi,Delhi
O009210,10231,2025-05-04,Delivered,UPI,Jaipur,Rajasthan
O009211,11203,2024-06-01,Delivered,COD,Ludhiana,Rajasthan
O009212,11378,2024-01-17,Delivered,Debit Card,Kolkata,Gujarat
O009213,11892,2025-07-04,Delivered,COD,Mumbai,West Bengal
O009214,10403,2024-12-13,Returned,UPI,Kochi,Telangana
O009215,12169,2025-04-03,Cancelled,UPI,Ludhiana,Haryana
O009216,10385,2024-07-20,Delivered,Credit Card,Bengaluru,Haryana
O009217,11764,2025-02-26,Shipped,Debit Card,Delhi,Maharashtra
O009218,11449,2024-10-06,Returned,UPI,Ahmedabad,Gujarat
O009219,11191,2025-02-25,Delivered,Credit Card,Mumbai,Karnataka
O009220,10389,2025-08-22,Shipped,UPI,Chennai,Kerala
O009221,11547,2025-04-09,Delivered,Credit Card,Kolkata,Delhi
O009222,11774,2024-12-20,Cancelled,COD,Ahmedabad,Punjab
O009223,10790,2025-08-04,Delivered,Credit Card,Lucknow,West Bengal
O009224,11495,2025-01-12,Delivered,COD,Ahmedabad,Maharashtra
O009225,11548,2024-05-03,Shipped,Net Banking,Chennai,Maharashtra
O009226,12101,2024-03-20,Delivered,UPI,Hyderabad,Gujarat
O009227,10821,2025-07-10,Delivered,Net Banking,Kochi,Haryana
O009228,11045,2024-08-20,Delivered,Debit Card,Ludhiana,Haryana
O009229,11043,2025-04-24,Shipped,Net Banking,Gurugram,Haryana
O009230,11880,2024-06-02,Delivered,Credit Card,Ludhiana,Rajasthan
O009231,10862,2025-11-22,Cancelled,Credit Card,Jaipur,Kerala
O009232,11480,2025-02-12,Shipped,Debit Card,Gurugram,Uttar Pradesh
O009233,12370,2024-01-31,Delivered,Debit Card,Hyderabad,Telangana
O009234,12481,2025-08-19,Delivered,UPI,Delhi,Maharashtra
O009235,11795,2025-07-10,Delivered,Credit Card,Gurugram,Haryana
O009236,11464,2025-05-17,Delivered,Debit Card,Delhi,Rajasthan
O009237,11908,2025-01-05,Delivered,Net Banking,Bengaluru,Telangana
O009238,12106,2024-11-18,Delivered,Credit Card,Kolkata,Maharashtra
O009239,10751,2024-11-27,Delivered,Debit Card,Jaipur,Telangana
O009240,11317,2024-08-30,Delivered,UPI,Bengaluru,West Bengal
O009241,10182,2025-07-05,Shipped,COD,Lucknow,Uttar Pradesh
O009242,11905,2025-03-05,Delivered,Credit Card,Kochi,Punjab
O009243,10961,2024-06-30,Cancelled,Credit Card,Delhi,Rajasthan
O009244,10105,2025-04-17,Delivered,Credit Card,Lucknow,Karnataka
O009245,11285,2025-01-10,Delivered,Credit Card,Ludhiana,Punjab
O009246,10990,2024-03-21,Delivered,COD,Ahmedabad,Punjab
O009247,10484,2025-07-03,Delivered,COD,Gurugram,Uttar Pradesh
O009248,11726,2025-02-23,Shipped,UPI,Ludhiana,Tamil Nadu
O009249,12177,2025-04-11,Delivered,Credit Card,Hyderabad,Rajasthan
O009250,12367,2025-03-03,Delivered,Debit Card,Kolkata,Uttar Pradesh
O009251,10707,2024-02-26,Delivered,Net Banking,Ludhiana,Maharashtra
O009252,10020,2024-11-17,Delivered,Credit Card,Delhi,Kerala
O009253,10752,2025-06-25,Delivered,COD,Kochi,West Bengal
O009254,10235,2025-05-09,Delivered,UPI,Bengaluru,Maharashtra
O009255,11621,2024-09-22,Delivered,Credit Card,Lucknow,Karnataka
O009256,10606,2024-08-14,Delivered,UPI,Mumbai,Tamil Nadu
O009257,10554,2024-02-23,Delivered,Debit Card,Gurugram,West Bengal
O009258,11900,2025-08-31,Shipped,Debit Card,Ludhiana,Kerala
O009259,10586,2024-01-04,Delivered,Debit Card,Chennai,Punjab
O009260,10984,2025-03-14,Delivered,Debit Card,Hyderabad,Delhi
O009261,11651,2024-11-05,Delivered,Net Banking,Kochi,Kerala
O009262,10423,2025-08-25,Delivered,UPI,Hyderabad,Tamil Nadu
O009263,12054,2024-03-29,Delivered,Credit Card,Chennai,Tamil Nadu
O009264,10458,2024-11-15,Delivered,Net Banking,Kochi,Rajasthan
O009265,11915,2025-01-09,Delivered,Credit Card,Chennai,Tamil Nadu
O009266,10846,2025-08-26,Delivered,COD,Chennai,Rajasthan
O009267,10551,2025-05-15,Shipped,Net Banking,Ludhiana,Telangana
O009268,11421,2025-10-23,Cancelled,Net Banking,Gurugram,Karnataka
O009269,11995,2024-08-21,Delivered,COD,Chennai,Gujarat
O009270,12059,2024-12-02,Delivered,Net Banking,Delhi,Rajasthan
O009271,11646,2025-07-24,Delivered,UPI,Bengaluru,Rajasthan
O009272,10497,2024-07-03,Shipped,Debit Card,Chennai,Kerala
O009273,12091,2025-03-13,Returned,Credit Card,Gurugram,Telangana
O009274,10539,2025-07-09,Delivered,COD,Jaipur,Tamil Nadu
O009275,10568,2024-06-28,Delivered,Debit Card,Jaipur,Haryana
O009276,10121,2024-03-16,Shipped,Net Banking,Lucknow,Haryana
O009277,10316,2025-10-17,Shipped,UPI,Jaipur,Tamil Nadu
O009278,11139,2025-09-04,Delivered,Net Banking,Ahmedabad,Gujarat
O009279,10621,2024-09-28,Delivered,COD,Gurugram,Tamil Nadu
O009280,10454,2024-02-24,Delivered,Net Banking,Ludhiana,West Bengal
O009281,10612,2025-12-01,Delivered,UPI,Kolkata,Uttar Pradesh
O009282,11544,2024-03-17,Delivered,Net Banking,Chennai,Uttar Pradesh
O009283,10959,2024-10-22,Delivered,Net Banking,Delhi,Telangana
O009284,12009,2024-08-06,Shipped,Net Banking,Mumbai,Telangana
O009285,10647,2024-10-03,Shipped,Net Banking,Mumbai,Telangana
O009286,10763,2025-07-31,Cancelled,UPI,Bengaluru,Rajasthan
O009287,11361,2025-10-09,Delivered,Credit Card,Hyderabad,Kerala
O009288,10240,2025-12-11,Delivered,Debit Card,Hyderabad,Punjab
O009289,11410,2024-09-22,Delivered,COD,Jaipur,Punjab
O009290,11169,2024-02-12,Delivered,Credit Card,Ahmedabad,Tamil Nadu
O009291,12425,2024-12-26,Delivered,UPI,Hyderabad,Gujarat
O009292,12052,2024-08-15,Delivered,COD,Bengaluru,West Bengal
O009293,10197,2024-08-14,Delivered,COD,Ludhiana,Punjab
O009294,12437,2024-03-03,Delivered,Net Banking,Lucknow,Haryana
O009295,10261,2024-06-19,Delivered,Debit Card,Ludhiana,West Bengal
O009296,11795,2024-11-02,Delivered,Debit Card,Chennai,West Bengal
O009297,11958,2025-07-21,Delivered,UPI,Bengaluru,Gujarat
O009298,10094,2025-11-13,Shipped,Credit Card,Gurugram,Haryana
O009299,11281,2024-02-03,Delivered,Net Banking,Ludhiana,Punjab
O009300,10136,2025-10-03,Delivered,Debit Card,Kochi,Haryana
O009301,12004,2024-05-09,Delivered,Net Banking,Lucknow,Rajasthan
O009302,11202,2025-01-28,Delivered,Credit Card,Lucknow,Karnataka
O009303,12160,2024-05-30,Delivered,COD,Mumbai,Uttar Pradesh
O009304,11288,2025-10-16,Shipped,Credit Card,Lucknow,Maharashtra
O009305,10369,2025-09-21,Delivered,COD,Hyderabad,Uttar Pradesh
O009306,10936,2025-12-16,Delivered,Credit Card,Chennai,Gujarat
O009307,10768,2025-01-18,Returned,Net Banking,Kochi,Tamil Nadu
O009308,10673,2024-01-17,Delivered,Credit Card,Chennai,Tamil Nadu
O009309,10511,2025-08-16,Delivered,Debit Card,Ludhiana,Gujarat
O009310,10713,2024-01-14,Delivered,Debit Card,Chennai,Haryana
O009311,10820,2024-03-21,Delivered,UPI,Kochi,Uttar Pradesh
O009312,12425,2024-07-25,Delivered,Debit Card,Mumbai,Karnataka
O009313,10545,2024-07-22,Delivered,Debit Card,Kochi,Rajasthan
O009314,12121,2025-01-13,Delivered,COD,Chennai,Telangana
O009315,10504,2025-06-27,Returned,Net Banking,Chennai,Uttar Pradesh
O009316,10805,2024-01-23,Delivered,Net Banking,Hyderabad,Telangana
O009317,10710,2025-09-05,Delivered,COD,Mumbai,Kerala
O009318,12373,2024-06-10,Delivered,Debit Card,Hyderabad,Punjab
O009319,10388,2025-09-01,Delivered,Credit Card,Ahmedabad,Telangana
O009320,10240,2024-05-23,Delivered,COD,Hyderabad,Uttar Pradesh
O009321,11098,2024-04-13,Delivered,Net Banking,Gurugram,Maharashtra
O009322,12079,2025-01-16,Cancelled,UPI,Gurugram,Punjab
O009323,11340,2025-03-30,Delivered,Net Banking,Mumbai,Maharashtra
O009324,10068,2025-02-20,Delivered,Credit Card,Ahmedabad,Karnataka
O009325,11944,2024-11-19,Delivered,Net Banking,Ludhiana,Telangana
O009326,11720,2024-06-19,Delivered,COD,Mumbai,Uttar Pradesh
O009327,11673,2025-07-29,Shipped,UPI,Ahmedabad,Telangana
O009328,10291,2025-08-05,Delivered,Net Banking,Lucknow,Karnataka
O009329,10975,2024-09-30,Delivered,COD,Kochi,Telangana
O009330,12072,2025-03-27,Shipped,COD,Lucknow,Uttar Pradesh
O009331,10415,2024-05-04,Cancelled,COD,Kochi,West Bengal
O009332,10851,2025-01-17,Delivered,UPI,Ludhiana,Rajasthan
O009333,12149,2024-11-12,Shipped,COD,Lucknow,Telangana
O009334,10546,2024-04-16,Delivered,UPI,Ahmedabad,Kerala
O009335,12087,2025-10-21,Delivered,Credit Card,Lucknow,West Bengal
O009336,12259,2025-04-07,Delivered,Credit Card,Chennai,Rajasthan
O009337,10742,2025-03-05,Delivered,Credit Card,Lucknow,West Bengal
O009338,11815,2025-12-04,Delivered,COD,Ahmedabad,Gujarat
O009339,10592,2024-12-02,Delivered,UPI,Kochi,Delhi
O009340,10750,2025-05-10,Delivered,Credit Card,Mumbai,West Bengal
O009341,12220,2024-12-27,Delivered,Debit Card,Hyderabad,Punjab
O009342,10838,2025-03-07,Delivered,Credit Card,Mumbai,Punjab
O009343,12490,2025-11-05,Shipped,COD,Delhi,Delhi
O009344,10534,2025-06-03,Delivered,Debit Card,Hyderabad,West Bengal
O009345,10365,2025-02-09,Delivered,Net Banking,Mumbai,Gujarat
O009346,10367,2025-01-11,Delivered,Debit Card,Kolkata,West Bengal
O009347,11774,2024-05-31,Delivered,Net Banking,Kochi,Delhi
O009348,12344,2024-11-17,Delivered,Debit Card,Delhi,Haryana
O009349,11653,2025-08-29,Returned,UPI,Chennai,Tamil Nadu
O009350,10265,2024-08-01,Delivered,Debit Card,Hyderabad,Kerala
O009351,11062,2025-07-29,Shipped,Credit Card,Gurugram,Tamil Nadu
O009352,12035,2024-03-05,Delivered,Net Banking,Gurugram,Karnataka
O009353,10382,2024-09-26,Cancelled,Net Banking,Delhi,Gujarat
O009354,11167,2025-06-20,Delivered,Credit Card,Hyderabad,Kerala
O009355,12479,2024-04-09,Cancelled,UPI,Lucknow,Kerala
O009356,10389,2024-04-14,Delivered,Debit Card,Ahmedabad,Uttar Pradesh
O009357,12102,2024-05-10,Delivered,UPI,Kolkata,Rajasthan
O009358,12072,2025-01-23,Delivered,Credit Card,Chennai,West Bengal
O009359,10395,2024-11-16,Delivered,Debit Card,Lucknow,Punjab
O009360,12167,2025-03-13,Delivered,Credit Card,Delhi,Delhi
O009361,10983,2024-01-19,Delivered,Net Banking,Gurugram,Uttar Pradesh
O009362,12240,2024-08-12,Shipped,Net Banking,Ludhiana,Telangana
O009363,11963,2025-09-09,Delivered,Net Banking,Chennai,Maharashtra
O009364,10721,2025-07-19,Delivered,COD,Ludhiana,Haryana
O009365,12432,2025-04-04,Delivered,COD,Delhi,Haryana
O009366,12394,2025-01-28,Delivered,Net Banking,Lucknow,Uttar Pradesh
O009367,10473,2024-08-13,Delivered,COD,Gurugram,Rajasthan
O009368,11804,2024-12-25,Delivered,COD,Chennai,Gujarat
O009369,11976,2025-03-05,Delivered,Credit Card,Gurugram,Punjab
O009370,12051,2024-01-15,Delivered,Debit Card,Kochi,Uttar Pradesh
O009371,10925,2025-07-13,Delivered,Net Banking,Kolkata,Gujarat
O009372,10876,2025-10-12,Cancelled,COD,Kolkata,Gujarat
O009373,10973,2025-06-29,Delivered,Credit Card,Chennai,Tamil Nadu
O009374,10379,2025-02-17,Delivered,Credit Card,Mumbai,Haryana
O009375,11322,2024-12-20,Delivered,Debit Card,Gurugram,Haryana
O009376,12186,2025-04-01,Delivered,Credit Card,Gurugram,Punjab
O009377,10125,2025-12-22,Delivered,UPI,Chennai,Punjab
O009378,11426,2025-06-14,Returned,UPI,Jaipur,Tamil Nadu
O009379,10480,2024-07-14,Returned,Net Banking,Chennai,Haryana
O009380,11386,2024-04-24,Delivered,Debit Card,Chennai,Maharashtra
O009381,12114,2025-02-20,Delivered,UPI,Chennai,Kerala
O009382,10432,2024-12-17,Cancelled,Debit Card,Kochi,Kerala
O009383,11959,2024-03-15,Delivered,Net Banking,Hyderabad,Haryana
O009384,11113,2025-10-23,Delivered,Credit Card,Bengaluru,Punjab
O009385,10601,2024-02-05,Delivered,Credit Card,Ludhiana,Haryana
O009386,10856,2024-08-29,Delivered,Credit Card,Lucknow,Kerala
O009387,12054,2025-10-24,Returned,UPI,Ludhiana,Telangana
O009388,10158,2024-03-03,Shipped,Debit Card,Delhi,Delhi
O009389,12378,2025-10-27,Delivered,UPI,Kolkata,Rajasthan
O009390,11127,2025-05-23,Shipped,COD,Mumbai,Punjab
O009391,10223,2024-07-06,Delivered,Debit Card,Mumbai,Rajasthan
O009392,12450,2024-04-02,Cancelled,Net Banking,Ahmedabad,Telangana
O009393,11707,2024-01-05,Delivered,UPI,Jaipur,Tamil Nadu
O009394,10545,2025-03-13,Delivered,Credit Card,Jaipur,Uttar Pradesh
O009395,12232,2024-06-14,Delivered,Credit Card,Ludhiana,Maharashtra
O009396,10538,2025-03-21,Delivered,Credit Card,Delhi,Punjab
O009397,11437,2024-01-25,Delivered,UPI,Chennai,Kerala
O009398,12343,2025-05-22,Delivered,UPI,Gurugram,Rajasthan
O009399,10260,2024-04-07,Returned,Credit Card,Kochi,Maharashtra
O009400,10826,2024-09-24,Cancelled,Credit Card,Chennai,Delhi
O009401,10316,2025-10-23,Delivered,Credit Card,Kolkata,Delhi
O009402,10746,2025-01-27,Cancelled,COD,Lucknow,West Bengal
O009403,10719,2025-08-18,Returned,UPI,Jaipur,Karnataka
O009404,11101,2024-10-11,Delivered,Credit Card,Jaipur,Rajasthan
O009405,10461,2025-11-14,Delivered,Net Banking,Bengaluru,Maharashtra
O009406,11105,2024-04-18,Cancelled,Credit Card,Jaipur,Telangana
O009407,11703,2024-01-27,Delivered,UPI,Jaipur,Maharashtra
O009408,11407,2024-02-24,Delivered,Net Banking,Gurugram,Kerala
O009409,12197,2024-05-12,Delivered,UPI,Jaipur,Telangana
O009410,12393,2024-02-21,Delivered,UPI,Ludhiana,Gujarat
O009411,11814,2025-05-07,Returned,UPI,Delhi,Karnataka
O009412,11815,2024-10-24,Delivered,Debit Card,Gurugram,Karnataka
O009413,11742,2025-02-02,Cancelled,Net Banking,Mumbai,Delhi
O009414,10974,2025-08-13,Shipped,COD,Ludhiana,Maharashtra
O009415,10922,2024-01-18,Delivered,COD,Gurugram,West Bengal
O009416,10030,2025-09-10,Delivered,Debit Card,Kolkata,Tamil Nadu
O009417,10982,2025-07-12,Delivered,UPI,Lucknow,Telangana
O009418,10231,2024-09-02,Delivered,COD,Gurugram,Maharashtra
O009419,11186,2025-05-17,Shipped,Net Banking,Kolkata,Kerala
O009420,11252,2024-03-29,Delivered,Credit Card,Bengaluru,Rajasthan
O009421,11245,2024-07-21,Shipped,Net Banking,Hyderabad,West Bengal
O009422,11097,2024-08-27,Delivered,UPI,Ahmedabad,West Bengal
O009423,10399,2025-05-04,Shipped,Net Banking,Lucknow,Gujarat
O009424,10095,2024-01-13,Delivered,UPI,Bengaluru,Maharashtra
O009425,11964,2025-10-10,Delivered,Net Banking,Jaipur,Haryana
O009426,10475,2024-11-10,Delivered,Debit Card,Ludhiana,Gujarat
O009427,11930,2025-11-15,Delivered,Net Banking,Kochi,West Bengal
O009428,11779,2024-07-16,Delivered,COD,Kolkata,Karnataka
O009429,10775,2024-08-30,Delivered,Credit Card,Hyderabad,Maharashtra
O009430,11148,2025-05-21,Delivered,Debit Card,Hyderabad,Delhi
O009431,11524,2024-02-12,Delivered,Net Banking,Gurugram,Delhi
O009432,10621,2024-11-25,Delivered,UPI,Kolkata,Telangana
O009433,10964,2025-08-13,Delivered,Debit Card,Jaipur,Kerala
O009434,12143,2025-03-04,Returned,COD,Delhi,Delhi
O009435,11501,2025-09-04,Returned,Credit Card,,Rajasthan
O009436,12081,2024-06-10,Delivered,Credit Card,Lucknow,Uttar Pradesh
O009437,11327,2025-10-17,Delivered,Net Banking,Kochi,Rajasthan
O009438,10122,2025-09-12,Delivered,COD,Kolkata,Tamil Nadu
O009439,10218,2025-03-10,Delivered,COD,Jaipur,Haryana
O009440,11077,2024-08-20,Delivered,Credit Card,Ahmedabad,Karnataka
O009441,11183,2024-04-20,Delivered,Credit Card,Delhi,Uttar Pradesh
O009442,11695,2024-08-19,Delivered,COD,Lucknow,Uttar Pradesh
O009443,10795,2025-12-09,Delivered,Credit Card,Chennai,Uttar Pradesh
O009444,11625,2024-09-29,Delivered,UPI,Kochi,Tamil Nadu
O009445,10176,2025-08-20,Delivered,Credit Card,Jaipur,Uttar Pradesh
O009446,10292,2024-02-10,Cancelled,UPI,Ludhiana,West Bengal
O009447,10491,2025-07-13,Cancelled,Credit Card,Mumbai,Delhi
O009448,10634,2025-04-10,Cancelled,Debit Card,Ahmedabad,Gujarat
O009449,11261,2024-03-17,Delivered,Debit Card,Ahmedabad,Haryana
O009450,12173,2025-11-20,Delivered,Debit Card,Jaipur,Punjab
O009451,11891,2025-05-04,Delivered,UPI,Ludhiana,Telangana
O009452,10604,2024-04-26,Delivered,UPI,Kochi,West Bengal
O009453,11129,2025-03-09,Delivered,Net Banking,Kochi,Tamil Nadu
O009454,11066,2024-01-19,Cancelled,Net Banking,Bengaluru,Telangana
O009455,11665,2025-07-24,Returned,Credit Card,Kochi,Haryana
O009456,11484,2024-07-14,Shipped,UPI,Hyderabad,Gujarat
O009457,10491,2025-09-10,Shipped,Debit Card,Hyderabad,Maharashtra
O009458,10565,2025-03-26,Delivered,Debit Card,Ahmedabad,Telangana
O009459,10168,2025-02-28,Shipped,Debit Card,Lucknow,Gujarat
O009460,10759,2025-01-28,Returned,Credit Card,Ludhiana,West Bengal
O009461,11198,2024-10-10,Delivered,UPI,Mumbai,West Bengal
O009462,11905,2024-02-03,Delivered,Credit Card,Jaipur,Karnataka
O009463,11174,2024-10-21,Delivered,COD,Kochi,Karnataka
O009464,12297,2024-09-07,Delivered,COD,Mumbai,Rajasthan
O009465,11651,2025-09-29,Delivered,Net Banking,Bengaluru,Gujarat
O009466,10180,2024-12-04,Cancelled,UPI,Chennai,Telangana
O009467,10028,2025-09-09,Delivered,Debit Card,Delhi,Kerala
O009468,11845,2025-03-15,Delivered,UPI,Mumbai,Gujarat
O009469,12165,2024-06-28,Delivered,Net Banking,Lucknow,Gujarat
O009470,10262,2025-09-13,Delivered,Debit Card,Kolkata,Tamil Nadu
O009471,10197,2024-08-15,Delivered,Credit Card,Hyderabad,Tamil Nadu
O009472,11461,2025-09-24,Delivered,Debit Card,Ludhiana,West Bengal
O009473,11663,2025-09-10,Delivered,COD,Kochi,Rajasthan
O009474,11434,2025-10-04,Returned,Credit Card,Gurugram,Gujarat
O009475,10333,2024-01-23,Delivered,Debit Card,Kolkata,Telangana
O009476,11182,2025-10-18,Delivered,Credit Card,Mumbai,Delhi
O009477,11776,2024-11-22,Cancelled,COD,Delhi,Punjab
O009478,10079,2024-06-02,Returned,COD,Jaipur,Uttar Pradesh
O009479,11868,2025-09-10,Delivered,UPI,Jaipur,Uttar Pradesh
O009480,11893,2024-05-25,Shipped,COD,Chennai,Kerala
O009481,10197,2024-09-08,Delivered,COD,Delhi,Kerala
O009482,11784,2024-10-28,Delivered,COD,Bengaluru,Haryana
O009483,10226,2024-03-10,Delivered,Net Banking,Gurugram,Delhi
O009484,11562,2025-06-26,Delivered,COD,Kochi,Uttar Pradesh
O009485,10735,2024-04-02,Delivered,UPI,Kolkata,Delhi
O009486,11363,2025-10-10,Delivered,Credit Card,Ahmedabad,Tamil Nadu
O009487,11580,2024-06-11,Delivered,Net Banking,Kochi,West Bengal
O009488,11620,2024-03-21,Delivered,Credit Card,Ludhiana,West Bengal
O009489,12043,2025-08-10,Delivered,Credit Card,Chennai,Tamil Nadu
O009490,10220,2024-03-03,Shipped,UPI,Hyderabad,Maharashtra
O009491,12341,2025-09-03,Delivered,Net Banking,Ludhiana,Rajasthan
O009492,11228,2025-03-11,Delivered,Debit Card,Ludhiana,Delhi
O009493,11729,2024-02-17,Returned,COD,Mumbai,Delhi
O009494,10202,2025-03-20,Delivered,Credit Card,Delhi,Uttar Pradesh
O009495,11890,2024-03-14,Delivered,Credit Card,Ahmedabad,Karnataka
O009496,12080,2025-12-04,Delivered,UPI,Mumbai,Maharashtra
O009497,11714,2025-06-25,Delivered,UPI,Kolkata,Maharashtra
O009498,10753,2024-06-05,Delivered,UPI,Mumbai,Kerala
O009499,11017,2025-05-01,Shipped,Net Banking,Bengaluru,Uttar Pradesh
O009500,10115,2024-09-22,Delivered,COD,Delhi,West Bengal
O009501,11246,2024-09-12,Delivered,Net Banking,Bengaluru,Punjab
O009502,12230,2024-02-08,Delivered,UPI,Bengaluru,Gujarat
O009503,10469,2024-02-24,Delivered,UPI,Chennai,Maharashtra
O009504,10426,2024-01-28,Shipped,Credit Card,Gurugram,Delhi
O009505,11576,2024-04-27,Cancelled,Net Banking,Kochi,Rajasthan
O009506,11866,2025-01-04,Delivered,Net Banking,Kochi,Haryana
O009507,10834,2024-07-27,Delivered,COD,Gurugram,Karnataka
O009508,12029,2025-08-09,Shipped,Net Banking,Gurugram,Uttar Pradesh
O009509,10011,2025-07-30,Delivered,COD,Hyderabad,Haryana
O009510,11409,2025-09-03,Returned,Debit Card,Delhi,Kerala
O009511,12090,2025-07-11,Cancelled,COD,Jaipur,Telangana
O009512,11726,2024-11-11,Delivered,UPI,Kolkata,Delhi
O009513,12171,2025-01-27,Delivered,Debit Card,Lucknow,Karnataka
O009514,12300,2025-03-19,Delivered,Credit Card,Mumbai,Kerala
O009515,10973,2025-10-29,Delivered,Credit Card,Ahmedabad,Tamil Nadu
O009516,10604,2024-09-15,Cancelled,Credit Card,Kochi,Rajasthan
O009517,10213,2025-10-09,Delivered,UPI,Kochi,Gujarat
O009518,12316,2024-07-16,Delivered,Credit Card,Gurugram,Haryana
O009519,10540,2025-11-29,Delivered,COD,Bengaluru,Gujarat
O009520,10706,2025-09-19,Delivered,UPI,Hyderabad,Haryana
O009521,11759,2025-03-20,Delivered,Net Banking,Bengaluru,Telangana
O009522,11685,2025-07-23,Shipped,UPI,Ahmedabad,Telangana
O009523,11159,2025-08-04,Delivered,UPI,Kolkata,Rajasthan
O009524,10498,2025-08-27,Delivered,Net Banking,Delhi,Delhi
O009525,10782,2025-10-10,Delivered,COD,Chennai,Karnataka
O009526,11910,2025-09-08,Delivered,Debit Card,Chennai,Kerala
O009527,10126,2024-10-31,Shipped,Net Banking,Lucknow,Rajasthan
O009528,11527,2024-12-04,Shipped,UPI,Hyderabad,Telangana
O009529,10841,2025-06-12,Delivered,Credit Card,Ludhiana,Maharashtra
O009530,10983,2024-02-23,Delivered,Net Banking,Delhi,Gujarat
O009531,11342,2024-04-21,Delivered,Net Banking,Ahmedabad,Delhi
O009532,10012,2025-11-14,Delivered,Debit Card,Ahmedabad,Karnataka
O009533,11501,2025-02-22,Shipped,UPI,Ahmedabad,Karnataka
O009534,11318,2024-10-31,Delivered,Credit Card,Chennai,Punjab
O009535,11464,2025-03-13,Delivered,Credit Card,Jaipur,Maharashtra
O009536,11831,2025-10-17,Delivered,Debit Card,Hyderabad,Punjab
O009537,10516,2024-03-25,Returned,Credit Card,Kochi,Maharashtra
O009538,12364,2025-06-07,Returned,COD,Delhi,West Bengal
O009539,11704,2024-09-08,Returned,Net Banking,Chennai,Maharashtra
O009540,11148,2025-12-28,Delivered,Net Banking,Bengaluru,Haryana
O009541,12362,2024-05-05,Shipped,Credit Card,Lucknow,Uttar Pradesh
O009542,11549,2025-09-01,Shipped,Credit Card,Kolkata,Rajasthan
O009543,12087,2025-02-08,Cancelled,Credit Card,Bengaluru,Rajasthan
O009544,12301,2024-10-30,Returned,Net Banking,Gurugram,Haryana
O009545,12351,2024-01-28,Delivered,Credit Card,Chennai,Delhi
O009546,10979,2024-09-22,Delivered,COD,Kochi,Delhi
O009547,12306,2024-02-21,Delivered,COD,Kochi,Punjab
O009548,12007,2025-10-16,Delivered,Net Banking,Gurugram,Telangana
O009549,11847,2025-10-05,Shipped,UPI,Lucknow,Maharashtra
O009550,10224,2025-05-25,Cancelled,UPI,Kochi,Karnataka
O009551,12140,2024-07-25,Delivered,UPI,Gurugram,Delhi
O009552,10280,2025-07-27,Delivered,COD,Lucknow,Uttar Pradesh
O009553,11194,2025-05-25,Returned,Debit Card,Hyderabad,Tamil Nadu
O009554,11820,2025-10-05,Delivered,UPI,Kolkata,Telangana
O009555,11758,2025-07-06,Delivered,Debit Card,Delhi,West Bengal
O009556,12046,2024-07-19,Delivered,Net Banking,Bengaluru,Maharashtra
O009557,10248,2025-09-02,Delivered,COD,Hyderabad,Delhi
O009558,11385,2024-10-10,Delivered,UPI,Ludhiana,Rajasthan
O009559,11373,2024-12-22,Delivered,COD,Lucknow,West Bengal
O009560,12126,2024-02-16,Delivered,Net Banking,Lucknow,Maharashtra
O009561,10045,2024-05-16,Delivered,,Jaipur,Karnataka
O009562,12086,2024-05-09,Delivered,Credit Card,Mumbai,Maharashtra
O009563,10416,2024-07-13,Delivered,UPI,Jaipur,Maharashtra
O009564,12293,2025-09-20,Delivered,COD,Bengaluru,Delhi
O009565,12371,2024-12-29,Shipped,COD,Bengaluru,Haryana
O009566,11276,2025-03-07,Delivered,COD,Ahmedabad,Gujarat
O009567,11085,2024-03-09,Delivered,Net Banking,Ahmedabad,West Bengal
O009568,11143,2025-04-02,Delivered,UPI,Kochi,Haryana
O009569,10087,2025-06-23,Delivered,UPI,Jaipur,Maharashtra
O009570,12128,2024-11-30,Delivered,Credit Card,Lucknow,Gujarat
O009571,10228,2025-06-09,Delivered,Credit Card,Chennai,Punjab
O009572,11839,2025-07-11,Returned,COD,Kolkata,Kerala
O009573,10623,2024-01-16,Cancelled,UPI,Bengaluru,Karnataka
O009574,11607,2025-03-31,Delivered,UPI,Jaipur,Kerala
O009575,10485,2025-05-24,Delivered,COD,Kochi,Delhi
O009576,10025,2024-07-27,Delivered,Debit Card,Delhi,Haryana
O009577,11815,2024-06-06,Delivered,UPI,Hyderabad,Tamil Nadu
O009578,11226,2024-12-02,Delivered,COD,Gurugram,Telangana
O009579,11249,2024-08-28,Delivered,COD,Lucknow,West Bengal
O009580,10779,2024-02-27,Shipped,Debit Card,Mumbai,Maharashtra
O009581,10931,2024-10-31,Returned,Credit Card,Delhi,Rajasthan
O009582,11603,2024-12-10,Delivered,COD,Mumbai,West Bengal
O009583,11583,2025-10-03,Delivered,UPI,Bengaluru,Gujarat
O009584,10753,2025-12-29,Delivered,Credit Card,Mumbai,Maharashtra
O009585,11714,2024-01-14,Delivered,Credit Card,Bengaluru,Haryana
O009586,11101,2024-12-24,Returned,Credit Card,Ludhiana,Rajasthan
O009587,10426,2025-01-11,Delivered,COD,Lucknow,Punjab
O009588,10660,2024-08-30,Delivered,UPI,Kolkata,West Bengal
O009589,11518,2024-05-24,Shipped,Debit Card,Gurugram,West Bengal
O009590,10547,2025-02-18,Delivered,Net Banking,Chennai,Tamil Nadu
O009591,11101,2025-01-28,Delivered,Net Banking,Ludhiana,Gujarat
O009592,12103,2025-09-06,Delivered,Credit Card,Hyderabad,Gujarat
O009593,11497,2025-12-29,Delivered,Net Banking,Chennai,Tamil Nadu
O009594,11463,2024-12-23,Delivered,Net Banking,Ludhiana,Gujarat
O009595,11736,2025-07-29,Delivered,COD,Ludhiana,Maharashtra
O009596,11772,2024-06-06,Delivered,Debit Card,Delhi,Uttar Pradesh
O009597,12362,2025-11-04,Delivered,Net Banking,Jaipur,Karnataka
O009598,11344,2024-01-18,Delivered,Debit Card,Hyderabad,Uttar Pradesh
O009599,12268,2025-12-28,Returned,Net Banking,Delhi,Rajasthan
O009600,11395,2025-07-14,Delivered,Credit Card,Jaipur,Tamil Nadu
O009601,11240,2025-07-21,Delivered,Credit Card,Kochi,Maharashtra
O009602,10049,2024-12-12,Returned,Debit Card,Ludhiana,Delhi
O009603,11821,2024-02-27,Returned,Debit Card,Mumbai,Delhi
O009604,12166,2024-06-03,Shipped,Debit Card,Kochi,Haryana
O009605,12130,2025-07-20,Delivered,Debit Card,Delhi,Rajasthan
O009606,11747,2025-05-01,Delivered,UPI,Kolkata,Gujarat
O009607,10496,2025-06-14,Delivered,Credit Card,Kolkata,West Bengal
O009608,10634,2025-05-01,Shipped,Net Banking,Mumbai,Kerala
O009609,10602,2024-05-30,Delivered,UPI,Chennai,West Bengal
O009610,10176,2024-12-24,Delivered,Debit Card,Mumbai,Haryana
O009611,10639,2025-01-02,Delivered,Net Banking,Lucknow,Kerala
O009612,10297,2025-09-11,Delivered,Credit Card,Gurugram,Punjab
O009613,11284,2024-02-16,Delivered,Debit Card,Ludhiana,Uttar Pradesh
O009614,11875,2024-07-25,Shipped,COD,Ludhiana,Uttar Pradesh
O009615,10475,2025-03-25,Delivered,Debit Card,Delhi,West Bengal
O009616,11647,2025-04-27,Delivered,Net Banking,Kolkata,West Bengal
O009617,11959,2025-10-01,Cancelled,Credit Card,Delhi,Gujarat
O009618,11061,2025-11-27,Delivered,Debit Card,Gurugram,Uttar Pradesh
O009619,11789,2025-07-23,Delivered,Credit Card,Chennai,Kerala
O009620,10025,2024-05-22,Delivered,UPI,Jaipur,Maharashtra
O009621,10349,2025-02-03,Delivered,COD,Kolkata,Karnataka
O009622,10637,2024-04-06,Delivered,UPI,Lucknow,Tamil Nadu
O009623,10227,2024-02-16,Delivered,COD,Jaipur,Punjab
O009624,11372,2024-07-09,Returned,UPI,Lucknow,Haryana
O009625,10038,2024-05-19,Cancelled,Credit Card,Ludhiana,Delhi
O009626,11407,2025-09-06,Delivered,Credit Card,Ahmedabad,Maharashtra
O009627,12284,2024-08-18,Delivered,UPI,Mumbai,Kerala
O009628,11205,2024-12-05,Delivered,Net Banking,Jaipur,Rajasthan
O009629,12162,2025-05-05,Delivered,UPI,Mumbai,Karnataka
O009630,12354,2024-02-18,Delivered,Debit Card,Chennai,Maharashtra
O009631,12180,2025-09-15,Delivered,Net Banking,Mumbai,Delhi
O009632,10348,2025-03-28,Delivered,Credit Card,Chennai,Kerala
O009633,11204,2024-11-11,Delivered,UPI,Kochi,Haryana
O009634,12463,2024-11-17,Delivered,Net Banking,Kolkata,Punjab
O009635,10983,2024-03-27,Shipped,Debit Card,Kolkata,Punjab
O009636,10732,2025-04-18,Shipped,COD,Chennai,Punjab
O009637,12433,2024-10-08,Delivered,Credit Card,Ahmedabad,Tamil Nadu
O009638,11067,2024-03-14,Delivered,Net Banking,Bengaluru,Haryana
O009639,11504,2025-03-28,Cancelled,Net Banking,Chennai,Delhi
O009640,11142,2024-02-16,Delivered,Net Banking,Ahmedabad,Delhi
O009641,11595,2025-08-10,Delivered,UPI,Gurugram,Karnataka
O009642,12109,2024-04-05,Delivered,Credit Card,Bengaluru,Delhi
O009643,11810,2024-01-31,Delivered,Credit Card,Chennai,Tamil Nadu
O009644,12236,2025-06-17,Delivered,UPI,Hyderabad,Telangana
O009645,10453,2024-01-17,Delivered,UPI,Hyderabad,West Bengal
O009646,12235,2024-07-30,Delivered,UPI,Kolkata,Maharashtra
O009647,11764,2025-10-21,Shipped,Debit Card,Gurugram,Delhi
O009648,10164,2024-08-22,Delivered,Net Banking,Jaipur,West Bengal
O009649,11448,2025-01-26,Delivered,Debit Card,Hyderabad,Delhi
O009650,10102,2024-12-19,Delivered,Credit Card,Ahmedabad,Gujarat
O009651,11453,2024-10-31,Delivered,UPI,Ludhiana,Kerala
O009652,10691,2025-08-21,Delivered,Net Banking,Delhi,Punjab
O009653,11451,2025-07-03,Delivered,COD,Kolkata,Kerala
O009654,11967,2025-07-18,Delivered,Net Banking,Kolkata,Kerala
O009655,10536,2025-06-23,Delivered,COD,Hyderabad,Telangana
O009656,12026,2025-08-11,Delivered,Net Banking,Mumbai,Maharashtra
O009657,11701,2025-05-23,Shipped,UPI,Gurugram,Telangana
O009658,11464,2025-12-12,Delivered,COD,Bengaluru,Haryana
O009659,11630,2025-01-29,Delivered,COD,Gurugram,Gujarat
O009660,11879,2025-03-06,Returned,Credit Card,Mumbai,Telangana
O009661,10124,2025-11-15,Delivered,Net Banking,Chennai,Karnataka
O009662,12397,2025-07-15,Cancelled,Debit Card,Jaipur,West Bengal
O009663,10249,2024-06-25,Delivered,Debit Card,Gurugram,West Bengal
O009664,11972,2025-02-09,Delivered,Credit Card,Delhi,Delhi
O009665,11295,2024-10-27,Delivered,Credit Card,Mumbai,Gujarat
O009666,11453,2025-03-20,Shipped,Credit Card,Lucknow,Haryana
O009667,11594,2024-05-06,Delivered,UPI,Kolkata,Rajasthan
O009668,10713,2024-12-14,Shipped,UPI,Mumbai,Tamil Nadu
O009669,10247,2024-01-21,Shipped,UPI,Hyderabad,Telangana
O009670,10481,2025-12-11,Delivered,UPI,Ludhiana,Kerala
O009671,12146,2025-12-01,Delivered,Credit Card,Jaipur,Rajasthan
O009672,12377,2025-02-23,Delivered,Credit Card,Mumbai,Maharashtra
O009673,11449,2024-05-31,Delivered,UPI,Delhi,Uttar Pradesh
O009674,11029,2024-06-08,Cancelled,UPI,Mumbai,Tamil Nadu
O009675,12014,2025-04-24,Delivered,COD,Jaipur,Haryana
O009676,10459,2025-03-18,Delivered,Net Banking,Kolkata,Punjab
O009677,10593,2024-04-05,Delivered,COD,,Delhi
O009678,10498,2024-12-17,Cancelled,Net Banking,Ahmedabad,Maharashtra
O009679,12135,2024-03-15,Delivered,UPI,Ludhiana,Uttar Pradesh
O009680,12450,2025-08-16,Returned,UPI,Chennai,Haryana
O009681,11317,2025-10-01,Shipped,UPI,Lucknow,Haryana
O009682,10197,2024-12-24,Cancelled,COD,Delhi,Gujarat
O009683,10027,2024-05-12,Delivered,Credit Card,Kochi,Tamil Nadu
O009684,11718,2025-02-03,Delivered,Net Banking,Ludhiana,Telangana
O009685,12183,2024-05-18,Delivered,COD,Lucknow,Uttar Pradesh
O009686,11114,2024-09-02,Delivered,UPI,Kolkata,Karnataka
O009687,12254,2024-10-17,Delivered,Credit Card,Gurugram,Punjab
O009688,11439,2024-04-21,Delivered,COD,Delhi,Telangana
O009689,10603,2025-12-15,Delivered,Net Banking,Ahmedabad,Delhi
O009690,11092,2024-06-18,Delivered,UPI,Jaipur,Karnataka
O009691,10362,2025-08-21,Delivered,Net Banking,Hyderabad,Haryana
O009692,11284,2025-09-22,Delivered,UPI,Kolkata,Delhi
O009693,11087,2025-09-01,Delivered,UPI,Delhi,Haryana
O009694,12016,2024-08-27,Delivered,Debit Card,Bengaluru,Punjab
O009695,10972,2024-12-02,Delivered,Net Banking,Jaipur,Kerala
O009696,11716,2024-05-17,Delivered,Credit Card,Jaipur,Delhi
O009697,11647,2025-08-16,Delivered,UPI,Chennai,Kerala
O009698,11727,2024-08-23,Delivered,Credit Card,Chennai,Rajasthan
O009699,10908,2025-10-09,Shipped,COD,Hyderabad,Gujarat
O009700,10246,2024-01-03,Delivered,UPI,Kochi,Karnataka
O009701,12326,2025-07-24,Delivered,UPI,Ahmedabad,Punjab
O009702,10347,2024-04-25,Delivered,UPI,Delhi,Telangana
O009703,11961,2025-04-16,Delivered,Credit Card,Chennai,Karnataka
O009704,10372,2024-05-10,Cancelled,Debit Card,Kolkata,Delhi
O009705,10809,2025-04-27,Shipped,Net Banking,Kochi,Tamil Nadu
O009706,12171,2025-02-04,Delivered,UPI,Lucknow,Kerala
O009707,10160,2024-07-19,Cancelled,Net Banking,Ludhiana,Kerala
O009708,11151,2024-10-18,Delivered,Net Banking,Gurugram,Haryana
O009709,11335,2024-12-07,Delivered,Net Banking,Delhi,Punjab
O009710,10518,2025-09-01,Returned,Credit Card,Jaipur,Gujarat
O009711,11289,2024-08-03,Delivered,Net Banking,Bengaluru,Karnataka
O009712,10746,2025-09-27,Delivered,COD,Chennai,Rajasthan
O009713,12336,2025-08-07,Shipped,Credit Card,Bengaluru,Punjab
O009714,10420,2024-12-31,Delivered,Credit Card,Ahmedabad,Delhi
O009715,11552,2025-10-03,Cancelled,COD,Gurugram,Karnataka
O009716,10140,2025-04-13,Delivered,Debit Card,Lucknow,Haryana
O009717,11833,2025-02-21,Delivered,Debit Card,Ahmedabad,Punjab
O009718,10707,2024-01-27,Delivered,UPI,Ahmedabad,West Bengal
O009719,10698,2025-11-07,Delivered,Debit Card,Mumbai,Telangana
O009720,10475,2025-03-30,Cancelled,UPI,Jaipur,West Bengal
O009721,11661,2025-08-02,Shipped,Net Banking,Bengaluru,Telangana
O009722,11902,2024-01-14,Delivered,UPI,Ludhiana,Haryana
O009723,12437,2024-04-07,Delivered,Debit Card,Gurugram,Rajasthan
O009724,10511,2024-10-05,Shipped,UPI,Kolkata,Punjab
O009725,10538,2025-05-04,Shipped,Credit Card,Delhi,Rajasthan
O009726,12261,2025-09-15,Delivered,Debit Card,Chennai,Delhi
O009727,11537,2024-07-25,Delivered,UPI,Gurugram,Karnataka
O009728,11289,2024-08-20,Delivered,Debit Card,Mumbai,Maharashtra
O009729,11367,2025-07-26,Cancelled,COD,Hyderabad,Haryana
O009730,11062,2025-08-19,Shipped,Debit Card,Hyderabad,Uttar Pradesh
O009731,10233,2025-11-25,Delivered,COD,Bengaluru,Telangana
O009732,12308,2024-08-26,Delivered,UPI,Kochi,Punjab
O009733,10308,2024-09-06,Delivered,COD,Ludhiana,Tamil Nadu
O009734,10403,2025-08-05,Shipped,Debit Card,Kochi,Karnataka
O009735,10997,2025-08-19,Shipped,Credit Card,Kolkata,Tamil Nadu
O009736,11285,2024-11-01,Cancelled,COD,Mumbai,Rajasthan
O009737,11500,2025-04-07,Delivered,Debit Card,Gurugram,Tamil Nadu
O009738,10750,2024-08-23,Delivered,Credit Card,Mumbai,Karnataka
O009739,11130,2024-10-17,Cancelled,Net Banking,Chennai,Delhi
O009740,10304,2024-02-08,Delivered,COD,Mumbai,Tamil Nadu
O009741,12391,2025-12-18,Delivered,COD,Jaipur,Telangana
O009742,11471,2024-07-01,Delivered,UPI,Gurugram,West Bengal
O009743,11062,2025-11-29,Cancelled,Net Banking,Mumbai,West Bengal
O009744,10855,2025-10-06,Delivered,UPI,Mumbai,Telangana
O009745,11070,2024-01-30,Delivered,UPI,Ahmedabad,Tamil Nadu
O009746,11746,2025-01-22,Delivered,Debit Card,Chennai,West Bengal
O009747,11629,2024-05-22,Delivered,UPI,Ludhiana,Uttar Pradesh
O009748,12304,2025-09-06,Delivered,COD,Delhi,Kerala
O009749,12185,2025-02-22,Delivered,UPI,Kolkata,Rajasthan
O009750,11255,2024-03-14,Cancelled,Credit Card,Mumbai,Tamil Nadu
O009751,10818,2024-02-24,Delivered,COD,Gurugram,Kerala
O009752,11738,2025-07-25,Delivered,Debit Card,Delhi,Punjab
O009753,10973,2024-01-24,Cancelled,UPI,Bengaluru,Karnataka
O009754,10038,2024-01-22,Delivered,Credit Card,Ahmedabad,Delhi
O009755,11179,2025-03-03,Delivered,Credit Card,Ahmedabad,Delhi
O009756,10105,2024-02-01,Delivered,COD,Chennai,Kerala
O009757,10255,2024-12-04,Shipped,UPI,Bengaluru,Haryana
O009758,11982,2025-05-29,Shipped,Credit Card,Gurugram,Kerala
O009759,10591,2025-05-26,Delivered,UPI,Ludhiana,West Bengal
O009760,10525,2024-03-10,Delivered,COD,Lucknow,Rajasthan
O009761,10370,2025-11-02,Shipped,Net Banking,Kochi,Uttar Pradesh
O009762,10102,2024-03-28,Delivered,Credit Card,Kolkata,Punjab
O009763,10664,2025-07-24,Shipped,Debit Card,Bengaluru,Haryana
O009764,10690,2024-08-06,Delivered,UPI,Hyderabad,Karnataka
O009765,11927,2025-12-13,Delivered,COD,Chennai,Rajasthan
O009766,11536,2025-08-11,Delivered,COD,Kochi,Maharashtra
O009767,12437,2024-09-26,Delivered,Debit Card,Kolkata,Uttar Pradesh
O009768,12411,2025-10-12,Delivered,Net Banking,Hyderabad,Haryana
O009769,12029,2024-03-18,Delivered,UPI,Jaipur,Rajasthan
O009770,10931,2025-08-14,Delivered,Net Banking,Ahmedabad,Tamil Nadu
O009771,11857,2024-01-10,Delivered,COD,Lucknow,Karnataka
O009772,11990,2025-04-12,Delivered,Credit Card,Gurugram,Delhi
O009773,12391,2024-12-01,Delivered,Net Banking,Mumbai,Uttar Pradesh
O009774,12183,2025-09-27,Shipped,Credit Card,Kochi,Telangana
O009775,11886,2024-07-04,Cancelled,Debit Card,Ludhiana,Gujarat
O009776,10978,2025-06-29,Delivered,COD,Lucknow,Tamil Nadu
O009777,11995,2024-04-30,Delivered,Credit Card,Lucknow,Uttar Pradesh
O009778,10380,2025-08-14,Delivered,UPI,Delhi,Haryana
O009779,11514,2025-12-18,Delivered,COD,Hyderabad,Kerala
O009780,11149,2025-07-18,Delivered,Debit Card,Lucknow,Tamil Nadu
O009781,12086,2025-10-29,Delivered,UPI,Kochi,Tamil Nadu
O009782,10781,2024-09-30,Shipped,COD,Kochi,Delhi
O009783,10310,2025-02-13,Delivered,Net Banking,Gurugram,Punjab
O009784,12154,2024-12-23,Delivered,COD,Ludhiana,Delhi
O009785,10556,2025-10-08,Cancelled,UPI,Ahmedabad,Gujarat
O009786,10397,2024-04-07,Delivered,Credit Card,Lucknow,Uttar Pradesh
O009787,12201,2024-08-28,Delivered,Credit Card,Lucknow,Kerala
O009788,11884,2025-07-10,Delivered,COD,Chennai,Tamil Nadu
O009789,11170,2025-12-11,Returned,COD,Bengaluru,Maharashtra
O009790,10201,2024-04-23,Delivered,Debit Card,Kolkata,Delhi
O009791,11891,2025-05-01,Delivered,Net Banking,Kochi,Kerala
O009792,10012,2024-08-28,Shipped,Debit Card,Mumbai,Gujarat
O009793,11076,2024-06-04,Delivered,Debit Card,Kolkata,Uttar Pradesh
O009794,11977,2024-12-17,Cancelled,Credit Card,Ahmedabad,Tamil Nadu
O009795,11326,2024-02-13,Delivered,Credit Card,Lucknow,Haryana
O009796,11896,2025-08-14,Returned,UPI,Delhi,Delhi
O009797,10920,2024-11-07,Shipped,Debit Card,Lucknow,Uttar Pradesh
O009798,12148,2024-05-17,Delivered,UPI,Hyderabad,Gujarat
O009799,10871,2025-10-24,Delivered,COD,Lucknow,Haryana
O009800,10366,2025-03-11,Returned,UPI,Jaipur,Karnataka
O009801,10657,2024-05-22,Delivered,Credit Card,Hyderabad,Kerala
O009802,10161,2024-10-25,Delivered,Debit Card,Lucknow,Tamil Nadu
O009803,10175,2025-07-15,Shipped,Credit Card,Mumbai,Maharashtra
O009804,11504,2024-09-18,Delivered,COD,Ahmedabad,Uttar Pradesh
O009805,10545,2025-05-26,Delivered,Net Banking,Ludhiana,Maharashtra
O009806,12331,2025-11-03,Delivered,Debit Card,Gurugram,Uttar Pradesh
O009807,11762,2024-03-02,Delivered,Credit Card,Mumbai,West Bengal
O009808,10957,2025-07-20,Delivered,Net Banking,Lucknow,Maharashtra
O009809,10452,2025-02-26,Delivered,COD,Hyderabad,West Bengal
O009810,10082,2025-01-30,Shipped,Net Banking,Bengaluru,Kerala
O009811,11237,2024-01-31,Delivered,Credit Card,Delhi,Uttar Pradesh
O009812,10816,2024-11-25,Delivered,Credit Card,Chennai,Delhi
O009813,12182,2024-06-17,Shipped,COD,Kolkata,Uttar Pradesh
O009814,10447,2024-09-22,Delivered,COD,Kolkata,Rajasthan
O009815,12166,2024-11-03,Delivered,Net Banking,Kolkata,Maharashtra
O009816,11620,2025-04-03,Shipped,Net Banking,Ahmedabad,Gujarat
O009817,11794,2024-07-03,Delivered,Credit Card,Ludhiana,Punjab
O009818,10749,2024-11-29,Delivered,COD,Kochi,Telangana
O009819,11174,2025-05-29,Delivered,UPI,Chennai,Rajasthan
O009820,11910,2025-03-16,Delivered,COD,Kochi,Gujarat
O009821,11557,2025-11-03,Shipped,Debit Card,Mumbai,Tamil Nadu
O009822,10646,2025-01-25,Delivered,Debit Card,Chennai,Delhi
O009823,10379,2025-07-13,Delivered,COD,Ahmedabad,Gujarat
O009824,11141,2024-09-10,Cancelled,Net Banking,Delhi,Maharashtra
O009825,10937,2025-08-08,Delivered,Debit Card,Kolkata,Punjab
O009826,12014,2024-11-30,Delivered,Credit Card,Bengaluru,West Bengal
O009827,10662,2025-02-03,Delivered,Credit Card,Mumbai,Kerala
O009828,11341,2024-06-14,Delivered,Credit Card,Ludhiana,Delhi
O009829,10876,2024-09-16,Delivered,COD,Delhi,Gujarat
O009830,10012,2024-01-04,Delivered,Debit Card,Mumbai,Kerala
O009831,11114,2024-04-28,Delivered,Net Banking,Mumbai,Rajasthan
O009832,10388,2025-04-14,Delivered,Credit Card,Delhi,Gujarat
O009833,12131,2025-04-14,Delivered,Net Banking,Lucknow,Rajasthan
O009834,11920,2025-05-07,Returned,Credit Card,Gurugram,Telangana
O009835,10396,2025-05-14,Delivered,COD,Jaipur,Maharashtra
O009836,10640,2024-03-10,Delivered,Credit Card,Gurugram,Tamil Nadu
O009837,10100,2025-11-24,Delivered,COD,Chennai,Telangana
O009838,10457,2025-01-04,Delivered,Debit Card,Ludhiana,Delhi
O009839,12023,2024-06-29,Delivered,Debit Card,Jaipur,Tamil Nadu
O009840,12376,2024-01-05,Returned,Net Banking,Delhi,Rajasthan
O009841,10074,2024-07-15,Shipped,Credit Card,Kochi,Uttar Pradesh
O009842,12140,2024-02-16,Delivered,Debit Card,Bengaluru,Maharashtra
O009843,12378,2025-07-05,Delivered,UPI,Kolkata,Gujarat
O009844,11864,2025-09-25,Delivered,UPI,Mumbai,Gujarat
O009845,10175,2025-10-08,Delivered,Net Banking,Lucknow,Kerala
O009846,11761,2024-05-19,Delivered,Debit Card,Delhi,Rajasthan
O009847,12363,2025-10-26,Delivered,COD,Jaipur,Punjab
O009848,10497,2025-06-23,Delivered,UPI,Chennai,Uttar Pradesh
O009849,11293,2025-03-02,Delivered,Debit Card,Mumbai,Karnataka
O009850,10428,2025-08-11,Delivered,COD,Delhi,Karnataka
O009851,10035,2025-11-17,Cancelled,Credit Card,Chennai,Uttar Pradesh
O009852,12167,2025-07-14,Cancelled,Debit Card,Delhi,Haryana
O009853,11395,2024-11-05,Delivered,Credit Card,Kochi,Rajasthan
O009854,11381,2024-09-30,Delivered,UPI,Ahmedabad,Tamil Nadu
O009855,12438,2025-06-22,Delivered,Credit Card,Delhi,Rajasthan
O009856,10176,2025-01-24,Cancelled,UPI,Kochi,Tamil Nadu
O009857,12154,2025-04-03,Returned,Net Banking,Lucknow,Haryana
O009858,10592,2025-09-25,Cancelled,Net Banking,Lucknow,Maharashtra
O009859,11187,2024-12-26,Delivered,UPI,Kochi,Haryana
O009860,10914,2024-03-09,Delivered,COD,Jaipur,Punjab
O009861,11291,2025-08-05,Delivered,Net Banking,Chennai,Rajasthan
O009862,11587,2025-10-23,Delivered,COD,Delhi,West Bengal
O009863,11303,2025-11-29,Delivered,COD,Lucknow,Uttar Pradesh
O009864,11327,2025-03-06,Delivered,COD,Jaipur,Maharashtra
O009865,10953,2025-12-08,Shipped,Debit Card,Gurugram,Maharashtra
O009866,10861,2024-02-01,Delivered,Debit Card,Delhi,Gujarat
O009867,12175,2025-09-12,Delivered,COD,Kochi,Karnataka
O009868,11270,2025-05-27,Cancelled,UPI,Gurugram,Kerala
O009869,10234,2024-06-30,Delivered,Net Banking,Mumbai,Karnataka
O009870,11463,2025-11-16,Cancelled,Credit Card,Kolkata,Telangana
O009871,12185,2025-11-11,Cancelled,Debit Card,Kolkata,Punjab
O009872,11810,2024-09-04,Delivered,Debit Card,Ludhiana,Rajasthan
O009873,11173,2025-09-11,Delivered,Credit Card,Hyderabad,Haryana
O009874,10056,2024-10-23,Delivered,COD,Hyderabad,Telangana
O009875,12404,2024-01-30,Shipped,Credit Card,Ludhiana,Kerala
O009876,10813,2024-10-28,Delivered,COD,Mumbai,Delhi
O009877,11850,2025-04-20,Returned,Debit Card,Lucknow,West Bengal
O009878,11960,2024-12-17,Delivered,Credit Card,Lucknow,Gujarat
O009879,11087,2025-04-26,Delivered,UPI,Bengaluru,Haryana
O009880,10806,2024-11-12,Returned,Net Banking,Chennai,Delhi
O009881,11576,2025-01-31,Delivered,Net Banking,Jaipur,Telangana
O009882,10600,2024-03-29,Delivered,Net Banking,Chennai,Telangana
O009883,10612,2024-08-21,Delivered,Credit Card,Jaipur,West Bengal
O009884,11239,2024-06-16,Delivered,COD,Ahmedabad,Delhi
O009885,12189,2024-05-05,Delivered,Debit Card,Bengaluru,Delhi
O009886,11950,2025-07-26,Delivered,Net Banking,Chennai,Haryana
O009887,11531,2024-04-29,Delivered,Credit Card,Ludhiana,Kerala
O009888,10561,2025-03-03,Shipped,Net Banking,Ludhiana,Punjab
O009889,10627,2024-07-08,Delivered,COD,Ahmedabad,Haryana
O009890,11611,2025-09-24,Shipped,UPI,Ahmedabad,Delhi
O009891,10675,2025-03-03,Delivered,UPI,Delhi,Punjab
O009892,10049,2025-07-13,Delivered,Debit Card,Gurugram,Tamil Nadu
O009893,11387,2024-07-20,Delivered,UPI,Mumbai,Kerala
O009894,11903,2024-02-28,Delivered,UPI,Lucknow,Maharashtra
O009895,10627,2025-11-27,Delivered,Credit Card,Gurugram,Telangana
O009896,10277,2024-08-10,Delivered,Credit Card,Kochi,Maharashtra
O009897,12095,2025-05-06,Returned,Debit Card,Kolkata,Haryana
O009898,10216,2024-01-11,Delivered,Debit Card,Ahmedabad,West Bengal
O009899,10230,2025-12-01,Delivered,Credit Card,Hyderabad,Haryana
O009900,12371,2025-05-26,Delivered,UPI,Jaipur,Karnataka
O009901,12273,2024-11-05,Cancelled,COD,Delhi,Karnataka
O009902,11686,2024-02-03,Delivered,UPI,Kolkata,Gujarat
O009903,11311,2024-12-05,Shipped,UPI,Ahmedabad,Rajasthan
O009904,10046,2025-10-08,Delivered,COD,Mumbai,Karnataka
O009905,11837,2025-04-25,Delivered,Debit Card,Gurugram,Tamil Nadu
O009906,11038,2025-07-27,Delivered,Credit Card,Hyderabad,Kerala
O009907,10633,2024-04-02,Cancelled,Debit Card,Jaipur,Haryana
O009908,12423,2025-09-19,Delivered,Debit Card,Delhi,Maharashtra
O009909,10987,2024-05-12,Delivered,Debit Card,Bengaluru,Punjab
O009910,10333,2025-02-22,Delivered,Credit Card,Lucknow,Delhi
O009911,11880,2025-04-12,Delivered,Debit Card,Bengaluru,Punjab
O009912,12214,2025-03-19,Delivered,Debit Card,Ludhiana,Karnataka
O009913,10507,2025-12-05,Delivered,Net Banking,Mumbai,Delhi
O009914,10117,2024-01-30,Delivered,UPI,Mumbai,Telangana
O009915,10943,2024-10-24,Returned,Net Banking,Gurugram,Tamil Nadu
O009916,10636,2024-03-01,Delivered,Credit Card,Jaipur,Punjab
O009917,11590,2025-04-02,Delivered,COD,Lucknow,Gujarat
O009918,11463,2024-10-30,Delivered,COD,Hyderabad,Gujarat
O009919,11992,2024-12-05,Shipped,Net Banking,Kochi,Maharashtra
O009920,10869,2025-03-23,Delivered,Net Banking,Gurugram,Kerala
O009921,11295,2024-10-28,Delivered,Net Banking,Mumbai,Telangana
O009922,11735,2025-06-23,Delivered,UPI,Lucknow,Maharashtra
O009923,12264,2025-04-29,Delivered,Credit Card,Kolkata,Gujarat
O009924,10113,2024-03-17,Delivered,Debit Card,Delhi,Uttar Pradesh
O009925,12264,2025-09-24,Delivered,Net Banking,Bengaluru,Delhi
O009926,10427,2025-05-29,Delivered,UPI,Hyderabad,West Bengal
O009927,11159,2025-07-02,Shipped,COD,Bengaluru,Gujarat
O009928,11067,2025-10-20,Cancelled,COD,Chennai,Haryana
O009929,10284,2024-04-01,Delivered,COD,Kolkata,Kerala
O009930,10834,2025-04-10,Delivered,Net Banking,Gurugram,Delhi
O009931,10230,2025-04-10,Returned,COD,Mumbai,Delhi
O009932,11920,2025-08-21,Shipped,COD,Jaipur,Delhi
O009933,11667,2024-02-09,Delivered,COD,Lucknow,Punjab
O009934,10385,2025-11-20,Delivered,Debit Card,Jaipur,Kerala
O009935,10159,2024-11-24,Returned,COD,Bengaluru,Delhi
O009936,10824,2024-10-11,Delivered,UPI,Ahmedabad,Karnataka
O009937,10208,2025-07-07,Shipped,Net Banking,Mumbai,Haryana
O009938,10174,2024-03-06,Delivered,Debit Card,Gurugram,Rajasthan
O009939,11824,2025-09-27,Delivered,Debit Card,Bengaluru,Kerala
O009940,11105,2025-10-18,Delivered,Net Banking,Ludhiana,Delhi
O009941,11042,2025-09-23,Delivered,COD,Ludhiana,Haryana
O009942,11017,2024-04-18,Delivered,COD,Gurugram,Haryana
O009943,10708,2025-02-18,Cancelled,Credit Card,Ludhiana,Gujarat
O009944,11384,2024-04-01,Delivered,COD,Lucknow,West Bengal
O009945,11892,2025-01-02,Shipped,UPI,Bengaluru,West Bengal
O009946,11303,2025-02-26,Delivered,COD,Ludhiana,Telangana
O009947,12445,2025-07-25,Delivered,Net Banking,Jaipur,Telangana
O009948,10677,2024-08-27,Delivered,COD,Kochi,Tamil Nadu
O009949,10662,2025-03-10,Returned,Net Banking,Gurugram,Haryana
O009950,11564,2024-07-30,Delivered,Debit Card,Bengaluru,Uttar Pradesh
O009951,11261,2025-02-03,Delivered,Credit Card,Ludhiana,Kerala
O009952,12354,2025-09-01,Returned,Debit Card,Kochi,Punjab
O009953,10358,2025-06-09,Delivered,Net Banking,Chennai,Kerala
O009954,11309,2025-12-30,Cancelled,Credit Card,Kochi,Karnataka
O009955,11317,2025-04-12,Cancelled,Debit Card,Ahmedabad,Delhi
O009956,10419,2024-06-18,Delivered,COD,Bengaluru,Punjab
O009957,11492,2024-07-28,Delivered,COD,Mumbai,Delhi
O009958,10642,2024-09-12,Returned,Credit Card,Gurugram,Maharashtra
O009959,11594,2025-11-13,Delivered,Debit Card,Ludhiana,West Bengal
O009960,10507,2024-03-13,Delivered,UPI,Chennai,Uttar Pradesh
O009961,11682,2024-05-26,Delivered,UPI,Kochi,West Bengal
O009962,11502,2024-12-05,Delivered,UPI,Chennai,Tamil Nadu
O009963,11386,2024-11-12,Shipped,Debit Card,Chennai,Haryana
O009964,10312,2025-09-09,Returned,Debit Card,Bengaluru,Kerala
O009965,11658,2025-08-28,Cancelled,Debit Card,Kolkata,Haryana
O009966,10245,2025-07-28,Returned,Net Banking,Jaipur,Gujarat
O009967,10477,2024-06-02,Delivered,UPI,Gurugram,Rajasthan
O009968,10615,2024-09-11,Delivered,UPI,Kolkata,West Bengal
O009969,12484,2024-12-16,Delivered,UPI,Kolkata,Maharashtra
O009970,10250,2025-06-30,Delivered,Net Banking,Ahmedabad,Rajasthan
O009971,11596,2024-11-07,Shipped,Net Banking,Hyderabad,Telangana
O009972,11774,2025-10-30,Delivered,Debit Card,Kochi,Punjab
O009973,11930,2024-05-13,Cancelled,UPI,Hyderabad,Punjab
O009974,11876,2024-05-08,Delivered,UPI,Gurugram,West Bengal
O009975,10511,2025-03-11,Shipped,COD,Bengaluru,Punjab
O009976,11670,2024-10-06,Delivered,COD,Mumbai,Telangana
O009977,11873,2024-12-23,Delivered,COD,Jaipur,Gujarat
O009978,10774,2024-09-08,Delivered,Net Banking,Kolkata,Delhi
O009979,11366,2024-05-14,Delivered,Debit Card,Kolkata,Punjab
O009980,10924,2025-06-06,Delivered,Credit Card,Ludhiana,West Bengal
O009981,10074,2025-10-21,Returned,UPI,Lucknow,Karnataka
O009982,10809,2024-11-14,Delivered,COD,Ludhiana,Rajasthan
O009983,11046,2024-03-20,Delivered,UPI,Delhi,Telangana
O009984,12268,2024-07-09,Delivered,UPI,Delhi,Punjab
O009985,12127,2025-03-28,Delivered,UPI,Gurugram,Karnataka
O009986,10235,2024-12-09,Delivered,Debit Card,Kolkata,Kerala
O009987,12205,2024-01-30,Delivered,UPI,Kochi,Maharashtra
O009988,12375,2025-02-17,Delivered,Debit Card,Ludhiana,Haryana
O009989,10642,2025-01-02,Shipped,Credit Card,Kolkata,Delhi
O009990,10621,2025-08-18,Delivered,Credit Card,Mumbai,Tamil Nadu
O009991,10985,2025-05-16,Delivered,Net Banking,Jaipur,Telangana
O009992,11299,2025-10-23,Delivered,UPI,Jaipur,Tamil Nadu
O009993,11618,2025-12-01,Delivered,COD,Ludhiana,Kerala
O009994,11796,2024-01-21,Shipped,Net Banking,Jaipur,Kerala
O009995,10860,2025-07-02,Delivered,Net Banking,Delhi,Karnataka
O009996,12086,2024-09-02,Delivered,Credit Card,Jaipur,Rajasthan
O009997,12166,2024-10-09,Delivered,COD,Kolkata,Maharashtra
O009998,12438,2025-09-05,Cancelled,UPI,Kolkata,Uttar Pradesh
O009999,10377,2024-08-19,Delivered,UPI,Hyderabad,Delhi
O010000,11898,2024-11-11,Delivered,Credit Card,Bengaluru,Maharashtra
O007879,10578,2025-07-04,Delivered,COD,Mumbai,Rajasthan
O003225,11396,2025-06-30,Delivered,Net Banking,Kolkata,Rajasthan
O001920,11907,2024-09-09,Delivered,UPI,Kolkata,Haryana
O004433,11809,2024-04-19,Delivered,Debit Card,Ahmedabad,Telangana
O004836,11793,2024-02-25,Delivered,COD,Delhi,Uttar Pradesh
O004896,10377,2025-07-16,Delivered,COD,Mumbai,Delhi
O007270,12484,2025-04-09,Delivered,COD,Jaipur,Gujarat
O001452,10877,2024-04-14,Delivered,Net Banking,Gurugram,Kerala
O001743,11937,2025-03-20,Delivered,Net Banking,Bengaluru,Tamil Nadu
O004629,10809,2024-10-18,Shipped,UPI,Delhi,Punjab
O007054,12464,2025-07-29,Delivered,Net Banking,Ludhiana,Maharashtra
O003635,12268,2024-01-18,Delivered,Net Banking,Lucknow,Uttar Pradesh
O003216,10846,2024-07-07,Shipped,Credit Card,Gurugram,West Bengal
O003708,11290,2025-09-25,Cancelled,COD,Kolkata,Karnataka
O007067,12166,2024-10-11,Delivered,UPI,Jaipur,Punjab
O002966,12355,2025-05-27,Cancelled,COD,Kolkata,Tamil Nadu
O008645,11728,2025-10-05,Delivered,UPI,Kolkata,Maharashtra
O006470,12206,2024-09-19,Delivered,UPI,Mumbai,Kerala
O008922,12104,2024-04-13,Delivered,UPI,Hyderabad,Punjab
O001255,10796,2025-11-28,Delivered,Net Banking,Ahmedabad,Karnataka
