payment_id,order_id,payment_date,payment_method,payment_status
PAY0000001,O000001,2024-05-27,Net Banking,Paid
PAY0000002,O000002,2024-12-07,Debit Card,Paid
PAY0000003,O000003,2025-05-09,UPI,Paid
PAY0000004,O000004,2024-01-23,COD,Paid
PAY0000005,O000005,2024-04-14,Debit Card,Paid
PAY0000006,O000006,2025-11-05,Net Banking,Paid
PAY0000007,O000007,2025-08-01,UPI,Paid
PAY0000008,O000008,2025-07-11,UPI,Paid
PAY0000009,O000009,2025-08-15,Credit Card,Paid
PAY0000010,O000010,2025-10-20,Net Banking,Paid
PAY0000011,O000011,2024-08-09,UPI,Paid
PAY0000012,O000012,2024-01-15,Credit Card,Paid
PAY0000013,O000013,2025-09-24,Credit Card,Paid
PAY0000014,O000014,2024-03-18,Net Banking,Paid
PAY0000015,O000015,2024-11-17,UPI,Paid
PAY0000016,O000016,2024-08-28,UPI,Paid
PAY0000017,O000017,2024-01-18,COD,Paid
PAY0000018,O000018,2025-03-29,UPI,Paid
PAY0000019,O000019,2025-03-18,Credit Card,Paid
PAY0000020,O000020,2024-10-03,Debit Card,Paid
PAY0000021,O000021,2025-02-27,Net Banking,Refunded
PAY0000022,O000022,2025-04-20,Debit Card,Paid
PAY0000023,O000023,2024-01-27,UPI,Paid
PAY0000024,O000024,2025-05-28,Credit Card,Paid
PAY0000025,O000025,2025-04-08,Debit Card,Paid
PAY0000026,O000026,2024-12-28,Net Banking,Paid
PAY0000027,O000027,2025-01-17,COD,Paid
PAY0000028,O000028,2025-06-08,Debit Card,Paid
PAY0000029,O000029,2025-01-16,COD,Paid
PAY0000030,O000030,2024-07-02,UPI,Paid
PAY0000031,O000031,2024-07-12,UPI,Failed
PAY0000032,O000032,2025-04-06,Net Banking,Paid
PAY0000033,O000033,2024-02-25,COD,Paid
PAY0000034,O000034,2024-08-17,COD,Paid
PAY0000035,O000035,2025-05-03,Net Banking,Pending
PAY0000036,O000036,2024-01-28,Debit Card,Pending
PAY0000037,O000037,2025-08-05,Net Banking,Paid
PAY0000038,O000038,2025-12-22,UPI,Paid
PAY0000039,O000039,2024-07-02,COD,Paid
PAY0000040,O000040,2025-02-28,Credit Card,Paid
PAY0000041,O000041,2025-01-09,Credit Card,Paid
PAY0000042,O000042,2024-02-10,UPI,Paid
PAY0000043,O000043,2025-04-28,COD,Refunded
PAY0000044,O000044,2024-09-16,COD,Paid
PAY0000045,O000045,2025-03-16,Net Banking,Paid
PAY0000046,O000046,2024-03-24,Debit Card,Failed
PAY0000047,O000047,2024-02-15,Net Banking,Paid
PAY0000048,O000048,2025-03-15,Credit Card,Paid
PAY0000049,O000049,2025-11-01,COD,Paid
PAY0000050,O000050,2025-06-02,Debit Card,Paid
PAY0000051,O000051,2025-03-13,Net Banking,Failed
PAY0000052,O000052,2024-05-15,Debit Card,Paid
PAY0000053,O000053,2024-07-01,Credit Card,Paid
PAY0000054,O000054,2025-12-09,Debit Card,Pending
PAY0000055,O000055,2024-06-20,COD,Paid
PAY0000056,O000056,2025-08-12,Debit Card,Paid
PAY0000057,O000057,2025-11-20,Debit Card,Pending
PAY0000058,O000058,2025-06-22,Net Banking,Refunded
PAY0000059,O000059,2024-04-29,Debit Card,Paid
PAY0000060,O000060,2024-10-07,Debit Card,Pending
PAY0000061,O000061,2024-11-03,Credit Card,Paid
PAY0000062,O000062,2025-12-08,Debit Card,Paid
PAY0000063,O000063,2024-10-03,Net Banking,Paid
PAY0000064,O000064,2025-06-13,Net Banking,Paid
PAY0000065,O000065,2024-10-21,COD,Paid
PAY0000066,O000066,2024-02-22,Credit Card,Failed
PAY0000067,O000067,2025-03-07,UPI,Paid
PAY0000068,O000068,2024-02-21,COD,Paid
PAY0000069,O000069,2025-12-28,Debit Card,Paid
PAY0000070,O000070,2024-03-12,Credit Card,Paid
PAY0000071,O000071,2024-01-28,COD,Paid
PAY0000072,O000072,2025-04-13,Net Banking,Refunded
PAY0000073,O000073,2025-06-30,Credit Card,Paid
PAY0000074,O000074,2025-02-04,Credit Card,Paid
PAY0000075,O000075,2024-07-19,Debit Card,Paid
PAY0000076,O000076,2025-09-02,Credit Card,Paid
PAY0000077,O000077,2025-04-10,Credit Card,Paid
PAY0000078,O000078,2025-10-13,UPI,Paid
PAY0000079,O000079,2025-08-17,Debit Card,Paid
PAY0000080,O000080,2025-07-13,Credit Card,Paid
PAY0000081,O000081,2025-01-13,Credit Card,Paid
PAY0000082,O000082,2024-06-25,UPI,Paid
PAY0000083,O000083,2024-02-21,UPI,Paid
PAY0000084,O000084,2024-03-19,Net Banking,Paid
PAY0000085,O000085,2025-01-19,Debit Card,Paid
PAY0000086,O000086,2025-07-29,UPI,Paid
PAY0000087,O000087,2024-01-08,Credit Card,Paid
PAY0000088,O000088,2024-08-01,UPI,Paid
PAY0000089,O000089,2024-01-25,COD,Pending
PAY0000090,O000090,2025-03-25,Net Banking,Paid
PAY0000091,O000091,2025-04-01,Net Banking,Paid
PAY0000092,O000092,2025-04-05,Debit Card,Paid
PAY0000093,O000093,2024-07-16,Net Banking,Paid
PAY0000094,O000094,2024-04-03,Debit Card,Paid
PAY0000095,O000095,2025-12-19,COD,Paid
PAY0000096,O000096,2025-03-12,Credit Card,Paid
PAY0000097,O000097,2025-06-10,COD,Paid
PAY0000098,O000098,2025-11-20,Debit Card,Failed
PAY0000099,O000099,2025-01-12,Debit Card,Paid
PAY0000100,O000100,2025-08-09,Debit Card,Paid
PAY0000101,O000101,2024-04-13,Credit Card,Failed
PAY0000102,O000102,2025-11-10,Debit Card,Paid
PAY0000103,O000103,2025-09-18,COD,Paid
PAY0000104,O000104,2024-02-08,Credit Card,Paid
PAY0000105,O000105,2025-04-02,COD,Pending
PAY0000106,O000106,2024-12-29,Credit Card,Paid
PAY0000107,O000107,2024-05-14,Debit Card,Paid
PAY0000108,O000108,2025-01-08,Credit Card,Paid
PAY0000109,O000109,2024-08-19,UPI,Paid
PAY0000110,O000110,2024-02-08,COD,Paid
PAY0000111,O000111,2024-02-16,UPI,Paid
PAY0000112,O000112,2024-02-05,UPI,Paid
PAY0000113,O000113,2024-04-04,Debit Card,Paid
PAY0000114,O000114,2024-12-26,Debit Card,Paid
PAY0000115,O000115,2025-06-08,UPI,Paid
PAY0000116,O000116,2024-05-25,Credit Card,Paid
PAY0000117,O000117,2025-01-02,Debit Card,Paid
PAY0000118,O000118,2024-03-05,COD,Paid
PAY0000119,O000119,2024-08-15,UPI,Paid
PAY0000120,O000120,2025-06-03,COD,Paid
PAY0000121,O000121,2025-07-08,COD,Failed
PAY0000122,O000122,2024-06-29,COD,Paid
PAY0000123,O000123,2025-05-15,UPI,Pending
PAY0000124,O000124,2025-08-19,Net Banking,Pending
PAY0000125,O000125,2024-06-03,Debit Card,Paid
PAY0000126,O000126,2025-06-18,COD,Failed
PAY0000127,O000127,2025-09-18,UPI,Failed
PAY0000128,O000128,2025-03-10,Net Banking,Paid
PAY0000129,O000129,2024-04-08,UPI,Paid
PAY0000130,O000130,2025-09-07,Debit Card,Paid
PAY0000131,O000131,2025-01-06,UPI,Paid
PAY0000132,O000132,2025-07-16,Credit Card,Paid
PAY0000133,O000133,2024-12-27,Credit Card,Paid
PAY0000134,O000134,2024-04-21,COD,Paid
PAY0000135,O000135,2025-03-28,UPI,Paid
PAY0000136,O000136,2024-06-17,UPI,Paid
PAY0000137,O000137,2025-08-06,COD,Paid
PAY0000138,O000138,2024-05-18,COD,Pending
PAY0000139,O000139,2024-08-18,Net Banking,Paid
PAY0000140,O000140,2024-08-26,UPI,Paid
PAY0000141,O000141,2024-09-09,Debit Card,Paid
PAY0000142,O000142,2025-03-11,Debit Card,Pending
PAY0000143,O000143,2025-07-14,Debit Card,Paid
PAY0000144,O000144,2025-02-25,COD,Paid
PAY0000145,O000145,2024-10-29,COD,Paid
PAY0000146,O000146,2024-03-12,COD,Paid
PAY0000147,O000147,2024-09-19,Debit Card,Paid
PAY0000148,O000148,2024-08-09,Net Banking,Paid
PAY0000149,O000149,2024-03-17,Credit Card,Paid
PAY0000150,O000150,2024-03-02,UPI,Paid
PAY0000151,O000151,2025-04-15,Credit Card,Paid
PAY0000152,O000152,2024-06-05,UPI,Paid
PAY0000153,O000153,2024-05-04,COD,Paid
PAY0000154,O000154,2024-06-09,Debit Card,Paid
PAY0000155,O000155,2025-06-24,Credit Card,Paid
PAY0000156,O000156,2025-09-17,COD,Paid
PAY0000157,O000157,2025-08-13,UPI,Paid
PAY0000158,O000158,2025-06-18,Credit Card,Pending
PAY0000159,O000159,2024-04-15,Credit Card,Failed
PAY0000160,O000160,2024-05-10,Credit Card,Paid
PAY0000161,O000161,2024-12-22,Credit Card,Paid
PAY0000162,O000162,2025-11-15,Credit Card,Refunded
PAY0000163,O000163,2024-01-02,COD,Paid
PAY0000164,O000164,2024-08-20,UPI,Failed
PAY0000165,O000165,2025-01-03,UPI,Paid
PAY0000166,O000166,2024-09-07,Net Banking,Paid
PAY0000167,O000167,2024-04-17,Debit Card,Paid
PAY0000168,O000168,2024-10-02,Credit Card,Failed
PAY0000169,O000169,2024-06-28,UPI,Paid
PAY0000170,O000170,2025-12-25,Debit Card,Paid
PAY0000171,O000171,2024-10-19,Debit Card,Paid
PAY0000172,O000172,2025-08-06,COD,Paid
PAY0000173,O000173,2024-06-23,Credit Card,Paid
PAY0000174,O000174,2024-05-02,Net Banking,Pending
PAY0000175,O000175,2024-08-14,Debit Card,Paid
PAY0000176,O000176,2025-03-19,COD,Paid
PAY0000177,O000177,2025-03-03,Credit Card,Paid
PAY0000178,O000178,2024-03-23,UPI,Paid
PAY0000179,O000179,2025-10-19,Net Banking,Refunded
PAY0000180,O000180,2025-09-23,Credit Card,Paid
PAY0000181,O000181,2024-03-05,COD,Paid
PAY0000182,O000182,2024-10-07,COD,Paid
PAY0000183,O000183,2025-01-25,COD,Paid
PAY0000184,O000184,2025-03-03,COD,Paid
PAY0000185,O000185,2025-09-09,COD,Paid
PAY0000186,O000186,2024-04-16,Net Banking,Pending
PAY0000187,O000187,2025-07-01,Debit Card,Paid
PAY0000188,O000188,2025-10-20,Debit Card,Paid
PAY0000189,O000189,2024-09-18,UPI,Paid
PAY0000190,O000190,2024-06-07,Debit Card,Paid
PAY0000191,O000191,2024-09-21,COD,Pending
PAY0000192,O000192,2025-04-12,Debit Card,Paid
PAY0000193,O000193,2024-07-20,Debit Card,Paid
PAY0000194,O000194,2024-06-03,COD,Paid
PAY0000195,O000195,2024-01-13,Net Banking,Paid
PAY0000196,O000196,2024-10-23,COD,Paid
PAY0000197,O000197,2025-05-12,Debit Card,Pending
PAY0000198,O000198,2025-08-19,Debit Card,Paid
PAY0000199,O000199,2024-09-01,UPI,Paid
PAY0000200,O000200,2024-10-26,COD,Paid
PAY0000201,O000201,2024-12-27,UPI,Paid
PAY0000202,O000202,2024-12-19,UPI,Paid
PAY0000203,O000203,2025-06-04,Credit Card,Paid
PAY0000204,O000204,2025-01-20,UPI,Paid
PAY0000205,O000205,2024-11-07,Debit Card,Paid
PAY0000206,O000206,2025-02-17,Debit Card,Paid
PAY0000207,O000207,2024-10-04,Credit Card,Paid
PAY0000208,O000208,2025-12-15,Credit Card,Paid
PAY0000209,O000209,2025-08-15,COD,Paid
PAY0000210,O000210,2024-12-21,Credit Card,Paid
PAY0000211,O000211,2025-06-08,Net Banking,Failed
PAY0000212,O000212,2024-01-16,Debit Card,Pending
PAY0000213,O000213,2024-02-14,Debit Card,Paid
PAY0000214,O000214,2024-11-16,Credit Card,Paid
PAY0000215,O000215,2025-10-12,Credit Card,Paid
PAY0000216,O000216,2024-11-21,Debit Card,Paid
PAY0000217,O000217,2024-05-27,Credit Card,Paid
PAY0000218,O000218,2024-12-20,COD,Paid
PAY0000219,O000219,2024-08-23,Credit Card,Failed
PAY0000220,O000220,2025-12-03,Credit Card,Paid
PAY0000221,O000221,2025-09-04,COD,Refunded
PAY0000222,O000222,2024-04-14,COD,Failed
PAY0000223,O000223,2025-04-18,COD,Paid
PAY0000224,O000224,2025-01-30,Debit Card,Paid
PAY0000225,O000225,2025-03-21,Credit Card,Refunded
PAY0000226,O000226,2025-08-28,COD,Paid
PAY0000227,O000227,2024-08-07,COD,Failed
PAY0000228,O000228,2025-03-17,Debit Card,Paid
PAY0000229,O000229,2025-10-06,Net Banking,Failed
PAY0000230,O000230,2025-10-28,Credit Card,Refunded
PAY0000231,O000231,2024-01-28,Net Banking,Paid
PAY0000232,O000232,2025-04-19,Net Banking,Paid
PAY0000233,O000233,2025-09-19,COD,Paid
PAY0000234,O000234,2024-10-31,Debit Card,Paid
PAY0000235,O000235,2025-02-08,Credit Card,Paid
PAY0000236,O000236,2025-05-27,Credit Card,Paid
PAY0000237,O000237,2025-05-16,Credit Card,Paid
PAY0000238,O000238,2024-12-13,Net Banking,Paid
PAY0000239,O000239,2024-08-27,UPI,Paid
PAY0000240,O000240,2025-07-23,Debit Card,Paid
PAY0000241,O000241,2025-11-25,UPI,Paid
PAY0000242,O000242,2024-12-02,Net Banking,Paid
PAY0000243,O000243,2024-01-26,COD,Paid
PAY0000244,O000244,2025-02-12,UPI,Paid
PAY0000245,O000245,2024-03-17,UPI,Paid
PAY0000246,O000246,2024-08-04,Debit Card,Paid
PAY0000247,O000247,2024-11-23,Net Banking,Paid
PAY0000248,O000248,2024-01-23,Debit Card,Paid
PAY0000249,O000249,2025-10-31,COD,Paid
PAY0000250,O000250,2025-12-18,Credit Card,Paid
PAY0000251,O000251,2024-11-05,Net Banking,Paid
PAY0000252,O000252,2025-08-21,COD,Pending
PAY0000253,O000253,2024-09-23,COD,Paid
PAY0000254,O000254,2025-02-18,UPI,Paid
PAY0000255,O000255,2025-10-07,Debit Card,Paid
PAY0000256,O000256,2024-09-23,UPI,Pending
PAY0000257,O000257,2024-11-28,UPI,Paid
PAY0000258,O000258,2025-03-25,Credit Card,Paid
PAY0000259,O000259,2025-07-18,Debit Card,Paid
PAY0000260,O000260,2025-09-02,Credit Card,Paid
PAY0000261,O000261,2024-09-03,COD,Pending
PAY0000262,O000262,2024-02-05,Credit Card,Paid
PAY0000263,O000263,2025-02-04,COD,Paid
PAY0000264,O000264,2024-01-28,UPI,Failed
PAY0000265,O000265,2024-08-07,Credit Card,Paid
PAY0000266,O000266,2025-02-09,Debit Card,Paid
PAY0000267,O000267,2025-09-05,Credit Card,Refunded
PAY0000268,O000268,2024-09-27,COD,Paid
PAY0000269,O000269,2025-10-12,Net Banking,Paid
PAY0000270,O000270,2025-05-25,Debit Card,Pending
PAY0000271,O000271,2024-10-12,COD,Paid
PAY0000272,O000272,2025-03-29,Net Banking,Paid
PAY0000273,O000273,2024-11-12,Debit Card,Paid
PAY0000274,O000274,2025-08-12,Net Banking,Paid
PAY0000275,O000275,2024-10-23,UPI,Paid
PAY0000276,O000276,2024-12-03,UPI,Paid
PAY0000277,O000277,2024-11-02,Credit Card,Pending
PAY0000278,O000278,2025-03-03,Credit Card,Paid
PAY0000279,O000279,2024-12-16,Credit Card,Paid
PAY0000280,O000280,2025-05-25,Credit Card,Paid
PAY0000281,O000281,2025-06-08,Net Banking,Refunded
PAY0000282,O000282,2025-05-06,Debit Card,Pending
PAY0000283,O000283,2025-08-16,Debit Card,Paid
PAY0000284,O000284,2024-01-09,Credit Card,Paid
PAY0000285,O000285,2025-05-11,UPI,Refunded
PAY0000286,O000286,2025-12-25,COD,Paid
PAY0000287,O000287,2025-07-13,Credit Card,Paid
PAY0000288,O000288,2025-07-14,Credit Card,Paid
PAY0000289,O000289,2025-03-15,UPI,Failed
PAY0000290,O000290,2025-07-05,COD,Paid
PAY0000291,O000291,2024-04-17,Net Banking,Paid
PAY0000292,O000292,2024-09-01,Net Banking,Paid
PAY0000293,O000293,2024-09-11,COD,Paid
PAY0000294,O000294,2024-02-02,COD,Paid
PAY0000295,O000295,2024-01-23,Net Banking,Paid
PAY0000296,O000296,2025-07-19,Credit Card,Paid
PAY0000297,O000297,2024-02-18,Credit Card,Paid
PAY0000298,O000298,2025-04-06,UPI,Paid
PAY0000299,O000299,2025-08-12,COD,Paid
PAY0000300,O000300,2024-12-01,Credit Card,Paid
PAY0000301,O000301,2024-12-23,Credit Card,Paid
PAY0000302,O000302,2024-05-01,UPI,Paid
PAY0000303,O000303,2025-03-19,COD,Paid
PAY0000304,O000304,2024-12-24,UPI,Paid
PAY0000305,O000305,2025-08-24,UPI,Pending
PAY0000306,O000306,2024-12-11,Net Banking,Refunded
PAY0000307,O000307,2024-07-11,UPI,Paid
PAY0000308,O000308,2025-02-19,COD,Paid
PAY0000309,O000309,2025-01-11,Credit Card,Paid
PAY0000310,O000310,2025-04-07,Credit Card,Refunded
PAY0000311,O000311,2025-10-22,Net Banking,Paid
PAY0000312,O000312,2024-05-25,COD,Paid
PAY0000313,O000313,2025-04-22,Credit Card,Failed
PAY0000314,O000314,2025-10-14,UPI,Paid
PAY0000315,O000315,2025-02-11,Debit Card,Failed
PAY0000316,O000316,2024-10-12,Debit Card,Paid
PAY0000317,O000317,2024-04-20,Debit Card,Paid
PAY0000318,O000318,2025-09-11,Debit Card,Paid
PAY0000319,O000319,2024-02-19,UPI,Paid
PAY0000320,O000320,2024-01-14,Credit Card,Paid
PAY0000321,O000321,2024-05-13,Net Banking,Paid
PAY0000322,O000322,2025-08-10,UPI,Paid
PAY0000323,O000323,2025-08-18,Credit Card,Paid
PAY0000324,O000324,2024-12-08,COD,Failed
PAY0000325,O000325,2025-10-31,Credit Card,Paid
PAY0000326,O000326,2024-10-12,Credit Card,Paid
PAY0000327,O000327,2024-11-09,Credit Card,Paid
PAY0000328,O000328,2025-08-28,UPI,Paid
PAY0000329,O000329,2024-10-23,Credit Card,Paid
PAY0000330,O000330,2025-08-28,Credit Card,Failed
PAY0000331,O000331,2025-07-22,COD,Paid
PAY0000332,O000332,2024-06-12,COD,Paid
PAY0000333,O000333,2025-05-11,Debit Card,Paid
PAY0000334,O000334,2025-09-01,UPI,Paid
PAY0000335,O000335,2024-01-16,Credit Card,Pending
PAY0000336,O000336,2024-12-09,Debit Card,Paid
PAY0000337,O000337,2024-03-18,Debit Card,Paid
PAY0000338,O000338,2024-12-11,UPI,Pending
PAY0000339,O000339,2024-03-12,Debit Card,Paid
PAY0000340,O000340,2024-09-26,Debit Card,Paid
PAY0000341,O000341,2024-10-13,UPI,Failed
PAY0000342,O000342,2024-03-06,Net Banking,Paid
PAY0000343,O000343,2024-03-08,Debit Card,Paid
PAY0000344,O000344,2024-07-11,COD,Paid
PAY0000345,O000345,2024-02-24,Debit Card,Failed
PAY0000346,O000346,2025-01-13,UPI,Paid
PAY0000347,O000347,2024-06-16,UPI,Paid
PAY0000348,O000348,2025-02-12,Net Banking,Failed
PAY0000349,O000349,2025-05-22,Net Banking,Paid
PAY0000350,O000350,2025-06-20,COD,Pending
PAY0000351,O000351,2025-10-04,COD,Paid
PAY0000352,O000352,2024-04-11,Debit Card,Paid
PAY0000353,O000353,2025-02-25,Net Banking,Paid
PAY0000354,O000354,2025-04-22,COD,Paid
PAY0000355,O000355,2024-04-29,Debit Card,Paid
PAY0000356,O000356,2024-10-17,Credit Card,Paid
PAY0000357,O000357,2025-05-02,Debit Card,Paid
PAY0000358,O000358,2024-06-09,COD,Paid
PAY0000359,O000359,2025-11-03,Debit Card,Paid
PAY0000360,O000360,2024-03-18,Credit Card,Paid
PAY0000361,O000361,2024-02-07,COD,Paid
PAY0000362,O000362,2025-01-28,Debit Card,Paid
PAY0000363,O000363,2025-03-16,COD,Pending
PAY0000364,O000364,2025-06-23,Debit Card,Failed
PAY0000365,O000365,2025-04-06,UPI,Paid
PAY0000366,O000366,2025-09-03,COD,Paid
PAY0000367,O000367,2024-10-20,COD,Paid
PAY0000368,O000368,2025-02-03,COD,Refunded
PAY0000369,O000369,2025-09-27,COD,Paid
PAY0000370,O000370,2024-04-01,Debit Card,Paid
PAY0000371,O000371,2025-08-31,Net Banking,Paid
PAY0000372,O000372,2024-01-06,Debit Card,Paid
PAY0000373,O000373,2025-11-11,Credit Card,Paid
PAY0000374,O000374,2024-09-27,UPI,Paid
PAY0000375,O000375,2025-09-11,Debit Card,Paid
PAY0000376,O000376,2025-07-12,Debit Card,Paid
PAY0000377,O000377,2024-04-08,COD,Paid
PAY0000378,O000378,2025-06-09,Credit Card,Paid
PAY0000379,O000379,2024-07-12,COD,Refunded
PAY0000380,O000380,2024-06-05,COD,Paid
PAY0000381,O000381,2025-10-27,Net Banking,Paid
PAY0000382,O000382,2024-04-24,UPI,Paid
PAY0000383,O000383,2025-01-30,Net Banking,Failed
PAY0000384,O000384,2025-10-18,COD,Paid
PAY0000385,O000385,2025-06-05,UPI,Failed
PAY0000386,O000386,2024-08-01,Debit Card,Pending
PAY0000387,O000387,2025-11-13,Credit Card,Pending
PAY0000388,O000388,2025-06-16,Net Banking,Failed
PAY0000389,O000389,2024-01-15,Credit Card,Paid
PAY0000390,O000390,2025-02-22,COD,Paid
PAY0000391,O000391,2025-01-02,UPI,Paid
PAY0000392,O000392,2025-09-29,Debit Card,Paid
PAY0000393,O000393,2024-07-31,UPI,Paid
PAY0000394,O000394,2025-11-30,Credit Card,Paid
PAY0000395,O000395,2025-11-14,Credit Card,Paid
PAY0000396,O000396,2024-01-05,Debit Card,Paid
PAY0000397,O000397,2024-08-18,Debit Card,Paid
PAY0000398,O000398,2024-07-19,UPI,Paid
PAY0000399,O000399,2025-02-05,Net Banking,Paid
PAY0000400,O000400,2024-05-28,UPI,Paid
PAY0000401,O000401,2025-08-06,Credit Card,Paid
PAY0000402,O000402,2025-05-06,UPI,Paid
PAY0000403,O000403,2024-08-13,COD,Paid
PAY0000404,O000404,2025-08-08,UPI,Paid
PAY0000405,O000405,2024-06-17,UPI,Paid
PAY0000406,O000406,2024-05-31,COD,Paid
PAY0000407,O000407,2024-08-11,Credit Card,Paid
PAY0000408,O000408,2025-05-18,Debit Card,Paid
PAY0000409,O000409,2025-07-03,UPI,Paid
PAY0000410,O000410,2024-02-13,Net Banking,Paid
PAY0000411,O000411,2025-11-27,Debit Card,Paid
PAY0000412,O000412,2025-05-18,Net Banking,Paid
PAY0000413,O000413,2024-08-28,UPI,Pending
PAY0000414,O000414,2024-12-16,Net Banking,Failed
PAY0000415,O000415,2025-12-22,Debit Card,Paid
PAY0000416,O000416,2024-01-23,Net Banking,Paid
PAY0000417,O000417,2025-09-27,Net Banking,Paid
PAY0000418,O000418,2025-08-20,Debit Card,Paid
PAY0000419,O000419,2024-02-12,Debit Card,Paid
PAY0000420,O000420,2025-04-10,Debit Card,Paid
PAY0000421,O000421,2024-02-09,Debit Card,Paid
PAY0000422,O000422,2024-10-29,COD,Pending
PAY0000423,O000423,2025-11-11,UPI,Paid
PAY0000424,O000424,2024-06-23,Debit Card,Paid
PAY0000425,O000425,2025-06-15,Credit Card,Pending
PAY0000426,O000426,2025-04-05,Net Banking,Refunded
PAY0000427,O000427,2025-09-12,Debit Card,Paid
PAY0000428,O000428,2024-07-11,Debit Card,Paid
PAY0000429,O000429,2024-08-31,UPI,Paid
PAY0000430,O000430,2024-10-06,Debit Card,Paid
PAY0000431,O000431,2024-02-05,COD,Paid
PAY0000432,O000432,2025-07-10,Credit Card,Failed
PAY0000433,O000433,2025-06-23,Credit Card,Failed
PAY0000434,O000434,2024-06-02,Debit Card,Paid
PAY0000435,O000435,2024-01-23,UPI,Paid
PAY0000436,O000436,2025-12-19,Debit Card,Failed
PAY0000437,O000437,2024-03-31,Net Banking,Paid
PAY0000438,O000438,2025-01-24,Credit Card,Paid
PAY0000439,O000439,2024-12-24,Net Banking,Paid
PAY0000440,O000440,2025-07-03,COD,Paid
PAY0000441,O000441,2024-08-15,Credit Card,Paid
PAY0000442,O000442,2024-07-20,Credit Card,Paid
PAY0000443,O000443,2024-12-15,COD,Paid
PAY0000444,O000444,2024-02-07,Net Banking,Paid
PAY0000445,O000445,2025-05-14,Debit Card,Paid
PAY0000446,O000446,2025-11-29,UPI,Paid
PAY0000447,O000447,2024-02-12,Net Banking,Paid
PAY0000448,O000448,2025-09-17,COD,Paid
PAY0000449,O000449,2025-05-31,COD,Paid
PAY0000450,O000450,2024-03-08,COD,Paid
PAY0000451,O000451,2024-05-02,Credit Card,Paid
PAY0000452,O000452,2025-11-15,Debit Card,Paid
PAY0000453,O000453,2024-12-01,Credit Card,Pending
PAY0000454,O000454,2024-06-01,Credit Card,Pending
PAY0000455,O000455,2025-10-30,Credit Card,Pending
PAY0000456,O000456,2024-06-10,COD,Refunded
PAY0000457,O000457,2024-08-01,Net Banking,Paid
PAY0000458,O000458,2025-01-10,UPI,Paid
PAY0000459,O000459,2025-03-18,UPI,Paid
PAY0000460,O000460,2025-02-26,Debit Card,Paid
PAY0000461,O000461,2025-06-21,Debit Card,Paid
PAY0000462,O000462,2025-12-01,COD,Paid
PAY0000463,O000463,2025-09-25,UPI,Paid
PAY0000464,O000464,2024-08-17,Net Banking,Paid
PAY0000465,O000465,2024-02-28,COD,Paid
PAY0000466,O000466,2024-04-05,Debit Card,Paid
PAY0000467,O000467,2024-09-18,COD,Paid
PAY0000468,O000468,2024-12-19,Debit Card,Paid
PAY0000469,O000469,2024-11-07,UPI,Failed
PAY0000470,O000470,2024-05-15,COD,Paid
PAY0000471,O000471,2025-04-17,Credit Card,Failed
PAY0000472,O000472,2025-09-23,Debit Card,Paid
PAY0000473,O000473,2025-03-05,Credit Card,Paid
PAY0000474,O000474,2025-06-20,Debit Card,Pending
PAY0000475,O000475,2024-05-25,Credit Card,Paid
PAY0000476,O000476,2025-06-07,UPI,Failed
PAY0000477,O000477,2024-03-27,UPI,Paid
PAY0000478,O000478,2024-04-18,Net Banking,Paid
PAY0000479,O000479,2025-02-26,Net Banking,Pending
PAY0000480,O000480,2024-12-10,Net Banking,Paid
PAY0000481,O000481,2024-09-22,COD,Paid
PAY0000482,O000482,2025-08-08,Debit Card,Paid
PAY0000483,O000483,2025-05-08,COD,Paid
PAY0000484,O000484,2024-11-28,Net Banking,Paid
PAY0000485,O000485,2025-02-16,Debit Card,Paid
PAY0000486,O000486,2025-09-05,COD,Paid
PAY0000487,O000487,2025-10-10,UPI,Paid
PAY0000488,O000488,2024-07-09,Debit Card,Paid
PAY0000489,O000489,2024-05-21,Net Banking,Failed
PAY0000490,O000490,2024-03-13,UPI,Paid
PAY0000491,O000491,2024-06-15,Debit Card,Paid
PAY0000492,O000492,2024-06-16,COD,Paid
PAY0000493,O000493,2025-07-19,Net Banking,Pending
PAY0000494,O000494,2024-09-15,COD,Paid
PAY0000495,O000495,2025-03-14,UPI,Failed
PAY0000496,O000496,2024-04-20,UPI,Paid
PAY0000497,O000497,2025-11-03,UPI,Paid
PAY0000498,O000498,2025-06-14,Debit Card,Paid
PAY0000499,O000499,2024-10-16,Net Banking,Paid
PAY0000500,O000500,2025-07-15,UPI,Paid
PAY0000501,O000501,2025-05-24,COD,Paid
PAY0000502,O000502,2024-06-23,Net Banking,Paid
PAY0000503,O000503,2024-10-28,COD,Paid
PAY0000504,O000504,2025-11-26,COD,Paid
PAY0000505,O000505,2024-07-03,UPI,Paid
PAY0000506,O000506,2024-12-04,Net Banking,Paid
PAY0000507,O000507,2025-05-24,Credit Card,Paid
PAY0000508,O000508,2024-11-05,Debit Card,Paid
PAY0000509,O000509,2025-05-21,Credit Card,Paid
PAY0000510,O000510,2024-12-11,Debit Card,Paid
PAY0000511,O000511,2024-03-21,Net Banking,Paid
PAY0000512,O000512,2025-01-08,UPI,Paid
PAY0000513,O000513,2024-06-04,Net Banking,Paid
PAY0000514,O000514,2025-03-07,Credit Card,Paid
PAY0000515,O000515,2025-05-14,COD,Paid
PAY0000516,O000516,2024-05-26,Debit Card,Paid
PAY0000517,O000517,2025-04-25,Debit Card,Failed
PAY0000518,O000518,2025-03-10,Credit Card,Paid
PAY0000519,O000519,2025-06-02,UPI,Failed
PAY0000520,O000520,2025-10-30,Net Banking,Paid
PAY0000521,O000521,2025-11-13,Credit Card,Failed
PAY0000522,O000522,2024-03-09,Net Banking,Paid
PAY0000523,O000523,2025-08-28,UPI,Paid
PAY0000524,O000524,2024-07-04,COD,Paid
PAY0000525,O000525,2025-11-12,Net Banking,Paid
PAY0000526,O000526,2024-07-22,UPI,Paid
PAY0000527,O000527,2025-07-07,Credit Card,Paid
PAY0000528,O000528,2024-01-13,COD,Paid
PAY0000529,O000529,2025-10-27,COD,Paid
PAY0000530,O000530,2024-09-30,COD,Paid
PAY0000531,O000531,2024-10-24,Debit Card,Paid
PAY0000532,O000532,2024-02-20,UPI,Failed
PAY0000533,O000533,2025-05-14,Net Banking,Paid
PAY0000534,O000534,2025-01-03,Credit Card,Paid
PAY0000535,O000535,2025-12-24,COD,Failed
PAY0000536,O000536,2025-10-17,COD,Paid
PAY0000537,O000537,2024-12-22,COD,Paid
PAY0000538,O000538,2024-01-03,UPI,Paid
PAY0000539,O000539,2024-09-10,Credit Card,Paid
PAY0000540,O000540,2025-04-19,UPI,Paid
PAY0000541,O000541,2025-05-20,Credit Card,Paid
PAY0000542,O000542,2024-09-12,Net Banking,Paid
PAY0000543,O000543,2025-09-01,Debit Card,Paid
PAY0000544,O000544,2025-11-15,Credit Card,Paid
PAY0000545,O000545,2024-05-29,UPI,Paid
PAY0000546,O000546,2025-05-02,UPI,Paid
PAY0000547,O000547,2024-10-05,UPI,Pending
PAY0000548,O000548,2024-02-28,Debit Card,Paid
PAY0000549,O000549,2025-03-21,Credit Card,Paid
PAY0000550,O000550,2024-04-22,Credit Card,Paid
PAY0000551,O000551,2025-07-22,Credit Card,Paid
PAY0000552,O000552,2025-05-03,Credit Card,Paid
PAY0000553,O000553,2025-02-10,COD,Paid
PAY0000554,O000554,2025-01-01,COD,Paid
PAY0000555,O000555,2024-02-29,UPI,Paid
PAY0000556,O000556,2024-11-24,COD,Paid
PAY0000557,O000557,2025-12-28,Credit Card,Paid
PAY0000558,O000558,2025-04-13,Credit Card,Paid
PAY0000559,O000559,2025-07-20,COD,Paid
PAY0000560,O000560,2025-12-20,Net Banking,Paid
PAY0000561,O000561,2024-03-03,UPI,Paid
PAY0000562,O000562,2024-07-02,Debit Card,Paid
PAY0000563,O000563,2024-11-06,UPI,Paid
PAY0000564,O000564,2025-06-21,UPI,Failed
PAY0000565,O000565,2024-06-25,UPI,Paid
PAY0000566,O000566,2025-07-28,COD,Paid
PAY0000567,O000567,2025-03-04,UPI,Paid
PAY0000568,O000568,2024-03-13,Credit Card,Pending
PAY0000569,O000569,2024-06-15,UPI,Pending
PAY0000570,O000570,2024-08-12,Credit Card,Paid
PAY0000571,O000571,2025-07-30,COD,Paid
PAY0000572,O000572,2025-08-03,COD,Paid
PAY0000573,O000573,2024-01-09,UPI,Paid
PAY0000574,O000574,2024-08-23,Credit Card,Paid
PAY0000575,O000575,2025-12-10,Credit Card,Paid
PAY0000576,O000576,2025-11-15,Credit Card,Paid
PAY0000577,O000577,2024-01-28,Credit Card,Pending
PAY0000578,O000578,2025-10-07,Debit Card,Paid
PAY0000579,O000579,2024-01-27,COD,Paid
PAY0000580,O000580,2025-07-03,Credit Card,Paid
PAY0000581,O000581,2024-07-14,Debit Card,Paid
PAY0000582,O000582,2024-07-21,Debit Card,Paid
PAY0000583,O000583,2024-03-25,COD,Paid
PAY0000584,O000584,2024-01-30,Net Banking,Paid
PAY0000585,O000585,2025-04-10,UPI,Failed
PAY0000586,O000586,2024-04-08,COD,Paid
PAY0000587,O000587,2024-07-08,Net Banking,Paid
PAY0000588,O000588,2024-01-12,UPI,Paid
PAY0000589,O000589,2025-08-25,UPI,Paid
PAY0000590,O000590,2024-01-30,UPI,Paid
PAY0000591,O000591,2025-12-25,Debit Card,Failed
PAY0000592,O000592,2024-02-07,Credit Card,Paid
PAY0000593,O000593,2025-07-25,UPI,Pending
PAY0000594,O000594,2024-10-20,Credit Card,Paid
PAY0000595,O000595,2024-12-25,UPI,Paid
PAY0000596,O000596,2025-10-16,Debit Card,Paid
PAY0000597,O000597,2024-06-28,UPI,Paid
PAY0000598,O000598,2024-04-21,COD,Paid
PAY0000599,O000599,2025-03-19,Net Banking,Paid
PAY0000600,O000600,2024-01-21,UPI,Paid
PAY0000601,O000601,2024-05-24,Net Banking,Pending
PAY0000602,O000602,2025-05-13,Net Banking,Paid
PAY0000603,O000603,2024-05-25,Debit Card,Failed
PAY0000604,O000604,2025-03-16,Net Banking,Paid
PAY0000605,O000605,2025-02-24,Debit Card,Failed
PAY0000606,O000606,2024-11-11,UPI,Paid
PAY0000607,O000607,2024-06-14,Credit Card,Paid
PAY0000608,O000608,2025-10-13,Debit Card,Paid
PAY0000609,O000609,2024-07-21,Net Banking,Paid
PAY0000610,O000610,2025-05-10,Net Banking,Paid
PAY0000611,O000611,2025-09-16,UPI,Paid
PAY0000612,O000612,2025-04-12,Debit Card,Paid
PAY0000613,O000613,2025-12-13,UPI,Paid
PAY0000614,O000614,2025-01-19,Debit Card,Pending
PAY0000615,O000615,2024-11-09,Credit Card,Paid
PAY0000616,O000616,2024-09-11,COD,Paid
PAY0000617,O000617,2024-01-23,UPI,Paid
PAY0000618,O000618,2024-12-04,Net Banking,Pending
PAY0000619,O000619,2025-05-07,UPI,Paid
PAY0000620,O000620,2025-05-25,Debit Card,Paid
PAY0000621,O000621,2024-12-31,UPI,Paid
PAY0000622,O000622,2025-01-06,Credit Card,Paid
PAY0000623,O000623,2025-08-21,Debit Card,Paid
PAY0000624,O000624,2024-08-06,Net Banking,Paid
PAY0000625,O000625,2025-04-19,Net Banking,Pending
PAY0000626,O000626,2025-02-26,Debit Card,Paid
PAY0000627,O000627,2024-12-21,Credit Card,Paid
PAY0000628,O000628,2025-04-04,UPI,Paid
PAY0000629,O000629,2025-05-17,COD,Paid
PAY0000630,O000630,2024-01-27,Net Banking,Paid
PAY0000631,O000631,2024-08-10,Credit Card,Paid
PAY0000632,O000632,2025-11-20,Credit Card,Pending
PAY0000633,O000633,2024-05-27,Credit Card,Paid
PAY0000634,O000634,2025-02-27,UPI,Paid
PAY0000635,O000635,2024-12-16,Credit Card,Paid
PAY0000636,O000636,2024-07-04,Credit Card,Paid
PAY0000637,O000637,2025-02-18,Debit Card,Paid
PAY0000638,O000638,2025-03-04,Debit Card,Failed
PAY0000639,O000639,2024-02-10,Credit Card,Paid
PAY0000640,O000640,2025-01-27,Credit Card,Paid
PAY0000641,O000641,2025-12-03,Debit Card,Paid
PAY0000642,O000642,2024-03-19,UPI,Paid
PAY0000643,O000643,2025-12-17,Debit Card,Failed
PAY0000644,O000644,2025-06-27,Debit Card,Refunded
PAY0000645,O000645,2025-03-25,Debit Card,Paid
PAY0000646,O000646,2025-04-18,Debit Card,Paid
PAY0000647,O000647,2024-05-21,COD,Refunded
PAY0000648,O000648,2024-09-07,Net Banking,Paid
PAY0000649,O000649,2024-10-20,UPI,Paid
PAY0000650,O000650,2025-09-01,UPI,Paid
PAY0000651,O000651,2024-05-15,Credit Card,Paid
PAY0000652,O000652,2025-04-28,COD,Paid
PAY0000653,O000653,2024-11-07,Credit Card,Paid
PAY0000654,O000654,2025-07-08,UPI,Paid
PAY0000655,O000655,2025-09-23,UPI,Paid
PAY0000656,O000656,2024-02-15,Credit Card,Paid
PAY0000657,O000657,2024-08-23,Net Banking,Failed
PAY0000658,O000658,2024-02-17,Credit Card,Paid
PAY0000659,O000659,2024-07-16,Net Banking,Paid
PAY0000660,O000660,2024-03-24,Net Banking,Paid
PAY0000661,O000661,2025-06-26,Debit Card,Paid
PAY0000662,O000662,2024-06-09,UPI,Paid
PAY0000663,O000663,2025-03-03,Debit Card,Paid
PAY0000664,O000664,2024-03-11,UPI,Paid
PAY0000665,O000665,2025-06-03,Debit Card,Paid
PAY0000666,O000666,2024-02-21,Net Banking,Refunded
PAY0000667,O000667,2024-02-14,Debit Card,Paid
PAY0000668,O000668,2024-10-19,COD,Paid
PAY0000669,O000669,2025-04-09,Debit Card,Paid
PAY0000670,O000670,2025-07-03,Debit Card,Refunded
PAY0000671,O000671,2025-01-14,Debit Card,Paid
PAY0000672,O000672,2025-04-22,COD,Paid
PAY0000673,O000673,2024-09-18,UPI,Paid
PAY0000674,O000674,2025-08-02,Debit Card,Paid
PAY0000675,O000675,2024-06-27,UPI,Failed
PAY0000676,O000676,2024-12-22,Credit Card,Paid
PAY0000677,O000677,2025-02-22,Net Banking,Paid
PAY0000678,O000678,2025-11-28,Credit Card,Paid
PAY0000679,O000679,2024-07-19,COD,Paid
PAY0000680,O000680,2024-01-13,COD,Paid
PAY0000681,O000681,2025-03-18,UPI,Paid
PAY0000682,O000682,2025-12-26,UPI,Pending
PAY0000683,O000683,2024-10-12,Debit Card,Paid
PAY0000684,O000684,2024-09-14,Credit Card,Paid
PAY0000685,O000685,2025-07-23,UPI,Pending
PAY0000686,O000686,2025-07-01,UPI,Paid
PAY0000687,O000687,2025-05-04,UPI,Paid
PAY0000688,O000688,2025-05-12,Net Banking,Refunded
PAY0000689,O000689,2025-12-05,UPI,Pending
PAY0000690,O000690,2024-11-28,Net Banking,Paid
PAY0000691,O000691,2025-07-15,COD,Paid
PAY0000692,O000692,2024-02-01,Debit Card,Refunded
PAY0000693,O000693,2025-09-01,Credit Card,Paid
PAY0000694,O000694,2024-02-12,UPI,Paid
PAY0000695,O000695,2024-12-16,Net Banking,Paid
PAY0000696,O000696,2024-11-29,UPI,Paid
PAY0000697,O000697,2025-07-12,UPI,Paid
PAY0000698,O000698,2024-09-26,Net Banking,Paid
PAY0000699,O000699,2025-02-16,UPI,Paid
PAY0000700,O000700,2025-07-28,Credit Card,Paid
PAY0000701,O000701,2024-01-19,COD,Paid
PAY0000702,O000702,2024-12-12,Debit Card,Refunded
PAY0000703,O000703,2025-09-04,UPI,Paid
PAY0000704,O000704,2024-02-06,Net Banking,Paid
PAY0000705,O000705,2025-09-10,Credit Card,Paid
PAY0000706,O000706,2024-04-01,UPI,Paid
PAY0000707,O000707,2024-07-03,COD,Paid
PAY0000708,O000708,2025-12-28,COD,Paid
PAY0000709,O000709,2024-01-28,Net Banking,Pending
PAY0000710,O000710,2025-07-01,UPI,Refunded
PAY0000711,O000711,2025-01-06,UPI,Pending
PAY0000712,O000712,2025-06-13,UPI,Paid
PAY0000713,O000713,2024-12-10,COD,Paid
PAY0000714,O000714,2025-02-22,UPI,Paid
PAY0000715,O000715,2024-07-14,UPI,Paid
PAY0000716,O000716,2024-03-18,UPI,Paid
PAY0000717,O000717,2024-06-15,UPI,Failed
PAY0000718,O000718,2024-03-30,Net Banking,Pending
PAY0000719,O000719,2024-09-20,COD,Paid
PAY0000720,O000720,2025-04-16,Debit Card,Paid
PAY0000721,O000721,2024-07-26,Net Banking,Paid
PAY0000722,O000722,2025-12-24,UPI,Paid
PAY0000723,O000723,2024-09-27,Debit Card,Paid
PAY0000724,O000724,2024-09-19,Credit Card,Paid
PAY0000725,O000725,2025-05-20,Debit Card,Paid
PAY0000726,O000726,2025-05-26,Net Banking,Paid
PAY0000727,O000727,2025-12-26,COD,Pending
PAY0000728,O000728,2025-07-29,Net Banking,Paid
PAY0000729,O000729,2025-06-07,COD,Paid
PAY0000730,O000730,2025-12-22,COD,Paid
PAY0000731,O000731,2024-11-07,COD,Paid
PAY0000732,O000732,2024-06-22,Credit Card,Paid
PAY0000733,O000733,2025-03-06,Debit Card,Paid
PAY0000734,O000734,2025-04-07,Net Banking,Pending
PAY0000735,O000735,2024-04-10,Net Banking,Paid
PAY0000736,O000736,2024-01-16,COD,Paid
PAY0000737,O000737,2025-12-09,Credit Card,Paid
PAY0000738,O000738,2024-09-14,Credit Card,Paid
PAY0000739,O000739,2024-08-31,UPI,Paid
PAY0000740,O000740,2024-12-13,Credit Card,Paid
PAY0000741,O000741,2024-09-05,COD,Paid
PAY0000742,O000742,2024-04-14,COD,Paid
PAY0000743,O000743,2025-11-24,Debit Card,Paid
PAY0000744,O000744,2025-10-28,COD,Paid
PAY0000745,O000745,2024-10-13,Debit Card,Paid
PAY0000746,O000746,2024-06-17,Credit Card,Pending
PAY0000747,O000747,2025-02-23,UPI,Paid
PAY0000748,O000748,2024-02-16,Net Banking,Paid
PAY0000749,O000749,2024-02-12,COD,Paid
PAY0000750,O000750,2024-11-16,Credit Card,Paid
PAY0000751,O000751,2024-08-08,COD,Pending
PAY0000752,O000752,2025-05-27,Debit Card,Paid
PAY0000753,O000753,2025-12-12,Credit Card,Paid
PAY0000754,O000754,2025-03-16,Net Banking,Paid
PAY0000755,O000755,2024-05-23,Debit Card,Paid
PAY0000756,O000756,2024-01-28,Credit Card,Paid
PAY0000757,O000757,2025-07-06,Net Banking,Paid
PAY0000758,O000758,2025-10-20,Debit Card,Paid
PAY0000759,O000759,2025-11-20,Net Banking,Paid
PAY0000760,O000760,2024-06-15,Credit Card,Paid
PAY0000761,O000761,2025-09-26,Debit Card,Paid
PAY0000762,O000762,2025-08-08,UPI,Paid
PAY0000763,O000763,2024-09-05,COD,Paid
PAY0000764,O000764,2024-12-22,UPI,Pending
PAY0000765,O000765,2024-04-20,Net Banking,Paid
PAY0000766,O000766,2025-11-22,Credit Card,Failed
PAY0000767,O000767,2025-11-30,COD,Paid
PAY0000768,O000768,2025-12-19,Credit Card,Paid
PAY0000769,O000769,2024-08-21,Net Banking,Failed
PAY0000770,O000770,2024-01-24,Credit Card,Paid
PAY0000771,O000771,2024-01-26,Debit Card,Paid
PAY0000772,O000772,2025-01-15,Debit Card,Paid
PAY0000773,O000773,2025-12-30,Net Banking,Paid
PAY0000774,O000774,2024-12-11,Credit Card,Paid
PAY0000775,O000775,2025-01-12,Net Banking,Paid
PAY0000776,O000776,2025-06-05,COD,Paid
PAY0000777,O000777,2024-01-17,Credit Card,Paid
PAY0000778,O000778,2024-09-01,Debit Card,Paid
PAY0000779,O000779,2025-12-18,UPI,Pending
PAY0000780,O000780,2025-09-15,Debit Card,Paid
PAY0000781,O000781,2025-12-17,Credit Card,Paid
PAY0000782,O000782,2025-06-22,Credit Card,Paid
PAY0000783,O000783,2025-08-05,Credit Card,Pending
PAY0000784,O000784,2025-11-18,Credit Card,Paid
PAY0000785,O000785,2024-07-20,COD,Paid
PAY0000786,O000786,2024-09-04,UPI,Paid
PAY0000787,O000787,2024-04-27,Debit Card,Paid
PAY0000788,O000788,2024-01-09,COD,Pending
PAY0000789,O000789,2025-08-20,Net Banking,Paid
PAY0000790,O000790,2024-01-23,Credit Card,Paid
PAY0000791,O000791,2024-08-27,Debit Card,Paid
PAY0000792,O000792,2025-08-07,Net Banking,Paid
PAY0000793,O000793,2024-01-27,UPI,Paid
PAY0000794,O000794,2024-03-21,Debit Card,Paid
PAY0000795,O000795,2025-08-18,COD,Paid
PAY0000796,O000796,2024-07-17,Net Banking,Paid
PAY0000797,O000797,2025-07-08,Debit Card,Pending
PAY0000798,O000798,2024-04-01,COD,Paid
PAY0000799,O000799,2024-03-24,Credit Card,Paid
PAY0000800,O000800,2024-10-26,Debit Card,Failed
PAY0000801,O000801,2024-10-22,Credit Card,Paid
PAY0000802,O000802,2025-10-08,Net Banking,Paid
PAY0000803,O000803,2025-03-29,Net Banking,Paid
PAY0000804,O000804,2024-10-07,Net Banking,Paid
PAY0000805,O000805,2024-02-28,Credit Card,Paid
PAY0000806,O000806,2024-12-07,Credit Card,Failed
PAY0000807,O000807,2025-04-09,COD,Paid
PAY0000808,O000808,2024-12-07,Debit Card,Paid
PAY0000809,O000809,2025-09-01,COD,Failed
PAY0000810,O000810,2024-03-02,Credit Card,Paid
PAY0000811,O000811,2025-09-16,Debit Card,Failed
PAY0000812,O000812,2025-03-04,Net Banking,Paid
PAY0000813,O000813,2025-10-19,COD,Failed
PAY0000814,O000814,2025-12-28,COD,Paid
PAY0000815,O000815,2024-09-12,COD,Paid
PAY0000816,O000816,2025-12-06,Credit Card,Paid
PAY0000817,O000817,2024-12-12,Debit Card,Paid
PAY0000818,O000818,2025-06-09,Net Banking,Paid
PAY0000819,O000819,2024-10-30,Credit Card,Refunded
PAY0000820,O000820,2025-09-06,Net Banking,Paid
PAY0000821,O000821,2024-09-01,UPI,Paid
PAY0000822,O000822,2025-02-15,UPI,Pending
PAY0000823,O000823,2024-08-04,Net Banking,Paid
PAY0000824,O000824,2025-05-30,UPI,Paid
PAY0000825,O000825,2025-04-18,Debit Card,Refunded
PAY0000826,O000826,2024-02-05,Debit Card,Paid
PAY0000827,O000827,2024-06-26,Credit Card,Paid
PAY0000828,O000828,2025-01-21,Net Banking,Paid
PAY0000829,O000829,2024-01-17,Credit Card,Paid
PAY0000830,O000830,2025-12-11,Debit Card,Paid
PAY0000831,O000831,2024-02-17,Debit Card,Paid
PAY0000832,O000832,2024-03-02,Debit Card,Paid
PAY0000833,O000833,2024-03-09,COD,Paid
PAY0000834,O000834,2025-10-20,UPI,Paid
PAY0000835,O000835,2024-12-31,Credit Card,Failed
PAY0000836,O000836,2024-06-10,Credit Card,Paid
PAY0000837,O000837,2025-05-02,Debit Card,Pending
PAY0000838,O000838,2025-03-06,COD,Paid
PAY0000839,O000839,2025-05-03,Credit Card,Paid
PAY0000840,O000840,2024-08-17,Credit Card,Paid
PAY0000841,O000841,2025-01-04,COD,Pending
PAY0000842,O000842,2024-06-26,Debit Card,Paid
PAY0000843,O000843,2025-02-13,COD,Paid
PAY0000844,O000844,2025-07-21,UPI,Paid
PAY0000845,O000845,2025-08-12,Credit Card,Paid
PAY0000846,O000846,2024-09-26,UPI,Paid
PAY0000847,O000847,2024-07-24,Credit Card,Paid
PAY0000848,O000848,2024-03-22,UPI,Paid
PAY0000849,O000849,2024-07-11,Credit Card,Paid
PAY0000850,O000850,2025-09-09,Debit Card,Paid
PAY0000851,O000851,2024-07-07,Net Banking,Paid
PAY0000852,O000852,2024-10-02,COD,Paid
PAY0000853,O000853,2024-03-14,Credit Card,Paid
PAY0000854,O000854,2024-01-10,COD,Paid
PAY0000855,O000855,2025-09-26,Credit Card,Paid
PAY0000856,O000856,2024-08-03,Net Banking,Paid
PAY0000857,O000857,2024-10-16,Debit Card,Paid
PAY0000858,O000858,2025-03-20,Debit Card,Paid
PAY0000859,O000859,2025-07-05,COD,Failed
PAY0000860,O000860,2024-07-11,Net Banking,Refunded
PAY0000861,O000861,2025-09-30,COD,Pending
PAY0000862,O000862,2024-10-15,Debit Card,Paid
PAY0000863,O000863,2025-08-05,UPI,Paid
PAY0000864,O000864,2025-10-10,COD,Refunded
PAY0000865,O000865,2024-05-23,Credit Card,Paid
PAY0000866,O000866,2025-01-23,Debit Card,Paid
PAY0000867,O000867,2025-02-10,Credit Card,Paid
PAY0000868,O000868,2025-01-04,Net Banking,Paid
PAY0000869,O000869,2025-03-16,Debit Card,Paid
PAY0000870,O000870,2025-10-12,Debit Card,Paid
PAY0000871,O000871,2025-07-17,COD,Paid
PAY0000872,O000872,2025-06-12,COD,Paid
PAY0000873,O000873,2025-11-07,Credit Card,Pending
PAY0000874,O000874,2024-01-13,COD,Paid
PAY0000875,O000875,2025-12-02,UPI,Failed
PAY0000876,O000876,2024-12-05,Debit Card,Paid
PAY0000877,O000877,2024-11-07,Net Banking,Pending
PAY0000878,O000878,2024-04-13,Debit Card,Paid
PAY0000879,O000879,2024-12-04,Credit Card,Paid
PAY0000880,O000880,2024-07-16,COD,Paid
PAY0000881,O000881,2024-10-26,Debit Card,Paid
PAY0000882,O000882,2025-03-19,COD,Paid
PAY0000883,O000883,2024-12-24,Credit Card,Paid
PAY0000884,O000884,2025-01-02,COD,Paid
PAY0000885,O000885,2024-06-17,Net Banking,Paid
PAY0000886,O000886,2024-05-28,Credit Card,Paid
PAY0000887,O000887,2024-02-11,Debit Card,Paid
PAY0000888,O000888,2024-07-20,Debit Card,Failed
PAY0000889,O000889,2024-08-31,Net Banking,Paid
PAY0000890,O000890,2025-10-30,UPI,Paid
PAY0000891,O000891,2025-04-08,COD,Paid
PAY0000892,O000892,2025-03-24,Debit Card,Paid
PAY0000893,O000893,2025-03-12,Net Banking,Failed
PAY0000894,O000894,2025-06-14,COD,Paid
PAY0000895,O000895,2025-07-18,Credit Card,Paid
PAY0000896,O000896,2025-08-19,Net Banking,Paid
PAY0000897,O000897,2024-09-29,Credit Card,Refunded
PAY0000898,O000898,2025-03-05,Credit Card,Failed
PAY0000899,O000899,2024-07-31,Credit Card,Paid
PAY0000900,O000900,2024-04-13,COD,Paid
PAY0000901,O000901,2024-07-10,UPI,Paid
PAY0000902,O000902,2025-11-19,Credit Card,Paid
PAY0000903,O000903,2025-10-20,Debit Card,Paid
PAY0000904,O000904,2025-01-14,COD,Paid
PAY0000905,O000905,2024-03-21,COD,Paid
PAY0000906,O000906,2025-12-05,Credit Card,Paid
PAY0000907,O000907,2025-07-02,Debit Card,Paid
PAY0000908,O000908,2025-01-11,Net Banking,Paid
PAY0000909,O000909,2024-06-02,COD,Paid
PAY0000910,O000910,2025-10-03,Credit Card,Failed
PAY0000911,O000911,2025-07-24,Credit Card,Paid
PAY0000912,O000912,2024-08-27,UPI,Paid
PAY0000913,O000913,2025-01-08,UPI,Failed
PAY0000914,O000914,2024-07-22,Net Banking,Paid
PAY0000915,O000915,2025-09-02,Net Banking,Paid
PAY0000916,O000916,2024-12-15,Net Banking,Failed
PAY0000917,O000917,2025-11-18,Net Banking,Paid
PAY0000918,O000918,2024-05-22,Credit Card,Paid
PAY0000919,O000919,2024-07-07,Credit Card,Pending
PAY0000920,O000920,2024-09-28,Credit Card,Paid
PAY0000921,O000921,2025-06-15,Debit Card,Failed
PAY0000922,O000922,2024-10-26,Net Banking,Paid
PAY0000923,O000923,2025-03-01,Debit Card,Refunded
PAY0000924,O000924,2024-02-15,COD,Paid
PAY0000925,O000925,2024-04-04,COD,Paid
PAY0000926,O000926,2024-03-04,Credit Card,Paid
PAY0000927,O000927,2025-02-16,COD,Paid
PAY0000928,O000928,2025-10-04,Credit Card,Paid
PAY0000929,O000929,2024-01-09,Net Banking,Paid
PAY0000930,O000930,2025-04-03,Debit Card,Pending
PAY0000931,O000931,2025-12-15,Credit Card,Paid
PAY0000932,O000932,2025-02-12,UPI,Paid
PAY0000933,O000933,2025-04-14,UPI,Paid
PAY0000934,O000934,2025-05-20,Net Banking,Paid
PAY0000935,O000935,2025-11-16,Debit Card,Pending
PAY0000936,O000936,2024-03-13,Credit Card,Paid
PAY0000937,O000937,2024-03-24,Net Banking,Refunded
PAY0000938,O000938,2024-02-28,Debit Card,Paid
PAY0000939,O000939,2024-01-21,UPI,Paid
PAY0000940,O000940,2025-04-02,Credit Card,Failed
PAY0000941,O000941,2024-06-05,Debit Card,Paid
PAY0000942,O000942,2024-11-24,COD,Paid
PAY0000943,O000943,2025-07-26,Credit Card,Paid
PAY0000944,O000944,2025-07-29,COD,Paid
PAY0000945,O000945,2025-11-10,Net Banking,Paid
PAY0000946,O000946,2024-07-21,Debit Card,Paid
PAY0000947,O000947,2025-10-02,Debit Card,Paid
PAY0000948,O000948,2024-04-15,Debit Card,Paid
PAY0000949,O000949,2024-05-01,Debit Card,Paid
PAY0000950,O000950,2024-11-13,Credit Card,Paid
PAY0000951,O000951,2024-06-30,COD,Failed
PAY0000952,O000952,2025-09-06,COD,Paid
PAY0000953,O000953,2024-11-11,Net Banking,Paid
PAY0000954,O000954,2025-09-16,Net Banking,Paid
PAY0000955,O000955,2025-02-09,Debit Card,Paid
PAY0000956,O000956,2024-03-10,UPI,Paid
PAY0000957,O000957,2024-06-08,UPI,Paid
PAY0000958,O000958,2024-08-27,Debit Card,Refunded
PAY0000959,O000959,2025-06-06,COD,Paid
PAY0000960,O000960,2024-05-17,Net Banking,Paid
PAY0000961,O000961,2025-05-09,Credit Card,Paid
PAY0000962,O000962,2025-11-09,UPI,Paid
PAY0000963,O000963,2024-09-03,Net Banking,Paid
PAY0000964,O000964,2025-06-26,UPI,Paid
PAY0000965,O000965,2025-06-07,COD,Failed
PAY0000966,O000966,2024-08-30,COD,Refunded
PAY0000967,O000967,2025-09-11,Debit Card,Paid
PAY0000968,O000968,2024-12-01,Debit Card,Paid
PAY0000969,O000969,2025-02-25,UPI,Paid
PAY0000970,O000970,2024-07-12,UPI,Paid
PAY0000971,O000971,2024-11-03,Net Banking,Paid
PAY0000972,O000972,2025-10-06,Debit Card,Paid
PAY0000973,O000973,2025-05-20,COD,Paid
PAY0000974,O000974,2024-10-07,Net Banking,Paid
PAY0000975,O000975,2025-11-05,Net Banking,Paid
PAY0000976,O000976,2025-03-14,Credit Card,Refunded
PAY0000977,O000977,2025-12-15,COD,Paid
PAY0000978,O000978,2025-08-30,Net Banking,Paid
PAY0000979,O000979,2025-04-27,Credit Card,Failed
PAY0000980,O000980,2024-08-10,Debit Card,Paid
PAY0000981,O000981,2024-04-26,COD,Pending
PAY0000982,O000982,2024-07-10,Debit Card,Paid
PAY0000983,O000983,2025-09-09,Credit Card,Paid
PAY0000984,O000984,2025-05-30,COD,Paid
PAY0000985,O000985,2025-06-13,UPI,Paid
PAY0000986,O000986,2024-11-02,UPI,Paid
PAY0000987,O000987,2025-06-15,UPI,Paid
PAY0000988,O000988,2024-05-01,Net Banking,Paid
PAY0000989,O000989,2025-10-10,UPI,Paid
PAY0000990,O000990,2025-08-14,Net Banking,Paid
PAY0000991,O000991,2024-06-02,Net Banking,Paid
PAY0000992,O000992,2025-06-20,Credit Card,Paid
PAY0000993,O000993,2025-03-27,UPI,Pending
PAY0000994,O000994,2024-06-17,COD,Refunded
PAY0000995,O000995,2024-02-28,Net Banking,Paid
PAY0000996,O000996,2024-10-27,Credit Card,Paid
PAY0000997,O000997,2025-07-06,Net Banking,Paid
PAY0000998,O000998,2025-07-03,COD,Paid
PAY0000999,O000999,2024-04-26,COD,Paid
PAY0001000,O001000,2024-05-06,UPI,Paid
PAY0001001,O001001,2025-02-08,Net Banking,Paid
PAY0001002,O001002,2025-02-02,COD,Paid
PAY0001003,O001003,2025-05-29,Debit Card,Paid
PAY0001004,O001004,2025-05-12,COD,Paid
PAY0001005,O001005,2025-06-11,COD,Refunded
PAY0001006,O001006,2025-02-01,Net Banking,Paid
PAY0001007,O001007,2024-09-21,COD,Paid
PAY0001008,O001008,2024-09-19,Credit Card,Failed
PAY0001009,O001009,2025-02-01,COD,Paid
PAY0001010,O001010,2025-10-07,Debit Card,Paid
PAY0001011,O001011,2025-12-25,COD,Paid
PAY0001012,O001012,2025-06-10,UPI,Paid
PAY0001013,O001013,2025-03-11,Net Banking,Paid
PAY0001014,O001014,2024-12-25,Debit Card,Failed
PAY0001015,O001015,2024-05-08,Credit Card,Paid
PAY0001016,O001016,2025-09-25,COD,Paid
PAY0001017,O001017,2024-08-28,COD,Paid
PAY0001018,O001018,2025-09-18,Credit Card,Paid
PAY0001019,O001019,2025-12-09,COD,Paid
PAY0001020,O001020,2024-08-09,UPI,Paid
PAY0001021,O001021,2024-08-01,Debit Card,Paid
PAY0001022,O001022,2025-08-14,COD,Paid
PAY0001023,O001023,2024-05-14,Credit Card,Paid
PAY0001024,O001024,2025-01-20,Credit Card,Paid
PAY0001025,O001025,2024-10-29,Debit Card,Paid
PAY0001026,O001026,2024-10-13,UPI,Paid
PAY0001027,O001027,2025-07-15,Debit Card,Refunded
PAY0001028,O001028,2024-07-07,COD,Paid
PAY0001029,O001029,2024-10-23,UPI,Paid
PAY0001030,O001030,2025-06-09,UPI,Paid
PAY0001031,O001031,2025-01-23,Credit Card,Refunded
PAY0001032,O001032,2025-04-03,UPI,Paid
PAY0001033,O001033,2024-09-17,COD,Paid
PAY0001034,O001034,2025-12-04,COD,Paid
PAY0001035,O001035,2025-12-15,COD,Paid
PAY0001036,O001036,2024-04-22,Net Banking,Refunded
PAY0001037,O001037,2024-02-05,UPI,Paid
PAY0001038,O001038,2024-03-19,UPI,Paid
PAY0001039,O001039,2024-10-01,COD,Paid
PAY0001040,O001040,2024-10-04,Credit Card,Paid
PAY0001041,O001041,2025-11-04,UPI,Paid
PAY0001042,O001042,2024-11-07,Net Banking,Refunded
PAY0001043,O001043,2025-06-12,UPI,Paid
PAY0001044,O001044,2024-07-22,Debit Card,Failed
PAY0001045,O001045,2024-01-17,Net Banking,Paid
PAY0001046,O001046,2025-12-14,Credit Card,Paid
PAY0001047,O001047,2025-04-20,Net Banking,Failed
PAY0001048,O001048,2025-05-25,Net Banking,Paid
PAY0001049,O001049,2024-07-28,UPI,Pending
PAY0001050,O001050,2025-05-13,Net Banking,Paid
PAY0001051,O001051,2025-02-05,COD,Paid
PAY0001052,O001052,2025-03-04,Net Banking,Paid
PAY0001053,O001053,2024-03-18,UPI,Paid
PAY0001054,O001054,2025-07-21,COD,Paid
PAY0001055,O001055,2024-03-20,Credit Card,Paid
PAY0001056,O001056,2024-11-01,Debit Card,Paid
PAY0001057,O001057,2024-02-27,Net Banking,Paid
PAY0001058,O001058,2025-06-13,COD,Paid
PAY0001059,O001059,2024-07-26,COD,Paid
PAY0001060,O001060,2025-05-25,Credit Card,Paid
PAY0001061,O001061,2024-05-14,Credit Card,Paid
PAY0001062,O001062,2025-06-05,Debit Card,Paid
PAY0001063,O001063,2025-08-03,Debit Card,Paid
PAY0001064,O001064,2024-03-23,UPI,Paid
PAY0001065,O001065,2025-09-12,Debit Card,Paid
PAY0001066,O001066,2024-02-13,Debit Card,Pending
PAY0001067,O001067,2025-04-27,COD,Paid
PAY0001068,O001068,2025-10-05,Net Banking,Failed
PAY0001069,O001069,2025-05-07,Net Banking,Paid
PAY0001070,O001070,2025-05-13,Debit Card,Paid
PAY0001071,O001071,2024-01-18,UPI,Paid
PAY0001072,O001072,2025-08-27,UPI,Paid
PAY0001073,O001073,2024-10-20,Net Banking,Paid
PAY0001074,O001074,2024-05-27,Credit Card,Pending
PAY0001075,O001075,2025-04-16,COD,Paid
PAY0001076,O001076,2024-06-20,Debit Card,Paid
PAY0001077,O001077,2025-07-16,COD,Paid
PAY0001078,O001078,2025-06-14,Debit Card,Paid
PAY0001079,O001079,2024-04-29,Debit Card,Paid
PAY0001080,O001080,2024-03-06,Net Banking,Paid
PAY0001081,O001081,2024-05-20,COD,Paid
PAY0001082,O001082,2025-03-21,COD,Paid
PAY0001083,O001083,2025-05-20,Credit Card,Paid
PAY0001084,O001084,2024-07-07,Credit Card,Pending
PAY0001085,O001085,2024-06-06,COD,Paid
PAY0001086,O001086,2025-09-01,Credit Card,Paid
PAY0001087,O001087,2025-10-31,Credit Card,Paid
PAY0001088,O001088,2024-09-02,Debit Card,Paid
PAY0001089,O001089,2024-02-02,Net Banking,Paid
PAY0001090,O001090,2024-12-26,Debit Card,Paid
PAY0001091,O001091,2024-11-25,Credit Card,Paid
PAY0001092,O001092,2025-05-26,Debit Card,Failed
PAY0001093,O001093,2024-03-11,Debit Card,Paid
PAY0001094,O001094,2024-11-08,UPI,Refunded
PAY0001095,O001095,2025-12-28,Debit Card,Paid
PAY0001096,O001096,2024-03-19,Debit Card,Pending
PAY0001097,O001097,2024-06-17,Net Banking,Paid
PAY0001098,O001098,2024-06-28,COD,Paid
PAY0001099,O001099,2025-09-19,UPI,Paid
PAY0001100,O001100,2024-09-16,UPI,Failed
PAY0001101,O001101,2025-04-30,UPI,Failed
PAY0001102,O001102,2024-01-05,UPI,Paid
PAY0001103,O001103,2024-10-23,Net Banking,Paid
PAY0001104,O001104,2025-09-11,COD,Refunded
PAY0001105,O001105,2024-12-25,Net Banking,Paid
PAY0001106,O001106,2024-04-26,UPI,Paid
PAY0001107,O001107,2024-12-22,COD,Paid
PAY0001108,O001108,2025-03-14,Net Banking,Paid
PAY0001109,O001109,2024-11-26,COD,Paid
PAY0001110,O001110,2025-06-08,Net Banking,Paid
PAY0001111,O001111,2025-10-15,COD,Pending
PAY0001112,O001112,2024-07-06,Net Banking,Refunded
PAY0001113,O001113,2024-10-07,UPI,Pending
PAY0001114,O001114,2025-05-25,UPI,Refunded
PAY0001115,O001115,2025-04-10,UPI,Paid
PAY0001116,O001116,2024-04-24,Net Banking,Failed
PAY0001117,O001117,2024-08-23,COD,Pending
PAY0001118,O001118,2024-12-03,COD,Paid
PAY0001119,O001119,2025-06-05,Credit Card,Pending
PAY0001120,O001120,2024-07-17,Debit Card,Paid
PAY0001121,O001121,2024-02-19,UPI,Paid
PAY0001122,O001122,2024-05-21,UPI,Pending
PAY0001123,O001123,2025-06-11,UPI,Paid
PAY0001124,O001124,2025-05-28,Credit Card,Paid
PAY0001125,O001125,2025-10-31,Credit Card,Paid
PAY0001126,O001126,2024-01-30,Credit Card,Paid
PAY0001127,O001127,2024-03-22,UPI,Paid
PAY0001128,O001128,2024-01-31,COD,Refunded
PAY0001129,O001129,2024-11-28,UPI,Paid
PAY0001130,O001130,2025-10-21,Credit Card,Failed
PAY0001131,O001131,2024-06-25,Credit Card,Paid
PAY0001132,O001132,2025-01-04,Debit Card,Paid
PAY0001133,O001133,2025-06-30,Net Banking,Paid
PAY0001134,O001134,2025-06-18,Debit Card,Paid
PAY0001135,O001135,2024-04-15,Debit Card,Paid
PAY0001136,O001136,2024-04-06,UPI,Pending
PAY0001137,O001137,2024-08-17,Net Banking,Failed
PAY0001138,O001138,2024-08-14,Net Banking,Pending
PAY0001139,O001139,2025-01-05,UPI,Paid
PAY0001140,O001140,2024-04-09,COD,Paid
PAY0001141,O001141,2025-03-20,UPI,Paid
PAY0001142,O001142,2025-04-12,COD,Paid
PAY0001143,O001143,2024-02-24,COD,Paid
PAY0001144,O001144,2024-07-13,Net Banking,Paid
PAY0001145,O001145,2025-06-03,UPI,Failed
PAY0001146,O001146,2025-02-27,UPI,Paid
PAY0001147,O001147,2024-11-10,Net Banking,Paid
PAY0001148,O001148,2024-05-07,Debit Card,Paid
PAY0001149,O001149,2024-02-01,UPI,Paid
PAY0001150,O001150,2024-04-02,Credit Card,Failed
PAY0001151,O001151,2025-06-02,Credit Card,Paid
PAY0001152,O001152,2024-09-14,UPI,Paid
PAY0001153,O001153,2024-08-07,COD,Paid
PAY0001154,O001154,2024-04-15,Net Banking,Paid
PAY0001155,O001155,2025-07-01,COD,Paid
PAY0001156,O001156,2025-02-19,Credit Card,Paid
PAY0001157,O001157,2025-07-10,Credit Card,Paid
PAY0001158,O001158,2024-11-04,Net Banking,Failed
PAY0001159,O001159,2024-12-31,Credit Card,Paid
PAY0001160,O001160,2025-06-04,Debit Card,Paid
PAY0001161,O001161,2025-04-03,Credit Card,Paid
PAY0001162,O001162,2025-08-21,COD,Failed
PAY0001163,O001163,2025-01-04,COD,Paid
PAY0001164,O001164,2024-11-26,Debit Card,Failed
PAY0001165,O001165,2025-11-19,COD,Refunded
PAY0001166,O001166,2025-10-03,COD,Paid
PAY0001167,O001167,2025-12-07,COD,Paid
PAY0001168,O001168,2024-01-11,UPI,Paid
PAY0001169,O001169,2025-05-21,Debit Card,Paid
PAY0001170,O001170,2025-02-22,Debit Card,Paid
PAY0001171,O001171,2024-05-01,Credit Card,Paid
PAY0001172,O001172,2024-08-22,Debit Card,Failed
PAY0001173,O001173,2024-11-26,Net Banking,Paid
PAY0001174,O001174,2025-06-26,Debit Card,Paid
PAY0001175,O001175,2024-12-13,Net Banking,Paid
PAY0001176,O001176,2025-02-15,COD,Paid
PAY0001177,O001177,2024-08-11,Net Banking,Paid
PAY0001178,O001178,2024-06-01,UPI,Paid
PAY0001179,O001179,2024-07-30,COD,Paid
PAY0001180,O001180,2024-04-01,Net Banking,Paid
PAY0001181,O001181,2024-11-26,COD,Paid
PAY0001182,O001182,2025-04-11,UPI,Paid
PAY0001183,O001183,2025-10-02,COD,Paid
PAY0001184,O001184,2025-12-09,COD,Paid
PAY0001185,O001185,2025-07-07,Debit Card,Paid
PAY0001186,O001186,2024-08-15,Credit Card,Paid
PAY0001187,O001187,2024-07-12,Net Banking,Paid
PAY0001188,O001188,2025-06-13,Credit Card,Paid
PAY0001189,O001189,2024-08-30,UPI,Paid
PAY0001190,O001190,2025-01-23,UPI,Paid
PAY0001191,O001191,2024-10-02,COD,Paid
PAY0001192,O001192,2025-03-25,Credit Card,Paid
PAY0001193,O001193,2025-09-30,Net Banking,Paid
PAY0001194,O001194,2025-08-09,Net Banking,Paid
PAY0001195,O001195,2025-07-27,COD,Paid
PAY0001196,O001196,2025-04-22,Net Banking,Paid
PAY0001197,O001197,2025-04-24,Debit Card,Paid
PAY0001198,O001198,2024-10-14,Credit Card,Paid
PAY0001199,O001199,2025-11-28,UPI,Paid
PAY0001200,O001200,2025-11-20,Net Banking,Failed
PAY0001201,O001201,2025-11-08,Net Banking,Paid
PAY0001202,O001202,2025-11-25,Net Banking,Paid
PAY0001203,O001203,2025-06-23,COD,Paid
PAY0001204,O001204,2024-11-25,UPI,Paid
PAY0001205,O001205,2025-04-14,Credit Card,Paid
PAY0001206,O001206,2025-06-17,Net Banking,Pending
PAY0001207,O001207,2025-04-11,Debit Card,Paid
PAY0001208,O001208,2025-02-23,COD,Paid
PAY0001209,O001209,2025-08-30,Credit Card,Refunded
PAY0001210,O001210,2024-05-01,Net Banking,Paid
PAY0001211,O001211,2024-11-03,Credit Card,Paid
PAY0001212,O001212,2024-11-29,COD,Paid
PAY0001213,O001213,2025-02-23,Debit Card,Paid
PAY0001214,O001214,2024-11-21,Net Banking,Paid
PAY0001215,O001215,2025-10-10,Debit Card,Paid
PAY0001216,O001216,2025-07-26,COD,Paid
PAY0001217,O001217,2024-09-06,Debit Card,Failed
PAY0001218,O001218,2024-04-04,COD,Paid
PAY0001219,O001219,2024-10-22,Debit Card,Paid
PAY0001220,O001220,2024-07-02,Credit Card,Paid
PAY0001221,O001221,2024-09-16,Credit Card,Paid
PAY0001222,O001222,2025-10-28,COD,Paid
PAY0001223,O001223,2024-07-04,Credit Card,Paid
PAY0001224,O001224,2025-02-12,Debit Card,Paid
PAY0001225,O001225,2024-03-09,Debit Card,Paid
PAY0001226,O001226,2025-09-18,Net Banking,Paid
PAY0001227,O001227,2024-01-08,COD,Failed
PAY0001228,O001228,2024-09-21,Credit Card,Paid
PAY0001229,O001229,2025-04-28,COD,Paid
PAY0001230,O001230,2025-09-08,Credit Card,Paid
PAY0001231,O001231,2025-01-05,Net Banking,Paid
PAY0001232,O001232,2025-11-07,Debit Card,Failed
PAY0001233,O001233,2024-03-23,Debit Card,Pending
PAY0001234,O001234,2025-10-07,UPI,Paid
PAY0001235,O001235,2024-07-29,COD,Paid
PAY0001236,O001236,2024-11-08,Credit Card,Paid
PAY0001237,O001237,2025-08-26,UPI,Paid
PAY0001238,O001238,2024-12-02,COD,Paid
PAY0001239,O001239,2025-05-04,Credit Card,Paid
PAY0001240,O001240,2025-02-06,Net Banking,Failed
PAY0001241,O001241,2025-09-30,COD,Paid
PAY0001242,O001242,2024-07-09,Credit Card,Pending
PAY0001243,O001243,2025-11-01,Debit Card,Paid
PAY0001244,O001244,2024-11-30,COD,Paid
PAY0001245,O001245,2025-06-05,Credit Card,Paid
PAY0001246,O001246,2025-09-10,Debit Card,Paid
PAY0001247,O001247,2024-03-27,Debit Card,Paid
PAY0001248,O001248,2025-08-01,UPI,Paid
PAY0001249,O001249,2024-03-02,Credit Card,Paid
PAY0001250,O001250,2025-01-21,UPI,Paid
PAY0001251,O001251,2024-05-25,UPI,Paid
PAY0001252,O001252,2024-06-01,Net Banking,Paid
PAY0001253,O001253,2025-09-10,UPI,Paid
PAY0001254,O001254,2025-10-21,UPI,Paid
PAY0001255,O001255,2025-11-28,Net Banking,Paid
PAY0001256,O001256,2024-12-14,Net Banking,Pending
PAY0001257,O001257,2024-06-26,COD,Pending
PAY0001258,O001258,2025-05-01,UPI,Paid
PAY0001259,O001259,2025-10-22,Debit Card,Paid
PAY0001260,O001260,2024-09-03,Net Banking,Paid
PAY0001261,O001261,2024-09-10,Credit Card,Paid
PAY0001262,O001262,2025-05-14,COD,Paid
PAY0001263,O001263,2025-06-24,COD,Paid
PAY0001264,O001264,2024-12-17,UPI,Refunded
PAY0001265,O001265,2025-05-26,Debit Card,Paid
PAY0001266,O001266,2024-01-13,Net Banking,Failed
PAY0001267,O001267,2025-07-12,Credit Card,Paid
PAY0001268,O001268,2024-05-30,UPI,Paid
PAY0001269,O001269,2024-02-19,Debit Card,Paid
PAY0001270,O001270,2024-08-02,UPI,Paid
PAY0001271,O001271,2025-10-05,UPI,Paid
PAY0001272,O001272,2025-01-06,COD,Paid
PAY0001273,O001273,2024-04-22,Credit Card,Refunded
PAY0001274,O001274,2024-09-08,Credit Card,Paid
PAY0001275,O001275,2024-12-06,Credit Card,Paid
PAY0001276,O001276,2024-02-22,Credit Card,Paid
PAY0001277,O001277,2024-05-09,Net Banking,Paid
PAY0001278,O001278,2024-07-11,Net Banking,Paid
PAY0001279,O001279,2025-08-13,Credit Card,Paid
PAY0001280,O001280,2024-02-26,Debit Card,Paid
PAY0001281,O001281,2024-04-06,Net Banking,Paid
PAY0001282,O001282,2024-07-16,Net Banking,Paid
PAY0001283,O001283,2025-10-08,Debit Card,Paid
PAY0001284,O001284,2024-05-26,Credit Card,Paid
PAY0001285,O001285,2025-11-14,UPI,Paid
PAY0001286,O001286,2025-07-28,Net Banking,Refunded
PAY0001287,O001287,2025-07-30,UPI,Paid
PAY0001288,O001288,2024-10-21,UPI,Paid
PAY0001289,O001289,2025-12-23,Debit Card,Paid
PAY0001290,O001290,2025-09-12,Credit Card,Paid
PAY0001291,O001291,2025-11-14,UPI,Paid
PAY0001292,O001292,2024-01-12,Credit Card,Paid
PAY0001293,O001293,2024-11-28,COD,Pending
PAY0001294,O001294,2024-08-07,Credit Card,Failed
PAY0001295,O001295,2025-02-01,Debit Card,Paid
PAY0001296,O001296,2024-12-07,Debit Card,Paid
PAY0001297,O001297,2025-05-26,COD,Paid
PAY0001298,O001298,2024-06-20,Debit Card,Paid
PAY0001299,O001299,2025-04-12,Credit Card,Paid
PAY0001300,O001300,2024-06-14,Credit Card,Paid
PAY0001301,O001301,2025-11-29,Credit Card,Paid
PAY0001302,O001302,2024-06-18,Debit Card,Paid
PAY0001303,O001303,2025-07-17,Credit Card,Paid
PAY0001304,O001304,2025-05-26,Net Banking,Paid
PAY0001305,O001305,2024-07-07,COD,Paid
PAY0001306,O001306,2024-04-29,Net Banking,Paid
PAY0001307,O001307,2024-04-14,Credit Card,Paid
PAY0001308,O001308,2025-11-04,Debit Card,Paid
PAY0001309,O001309,2024-02-10,COD,Paid
PAY0001310,O001310,2025-11-07,Net Banking,Paid
PAY0001311,O001311,2024-11-16,Credit Card,Pending
PAY0001312,O001312,2024-11-30,Debit Card,Paid
PAY0001313,O001313,2024-06-08,Credit Card,Paid
PAY0001314,O001314,2024-09-20,Net Banking,Paid
PAY0001315,O001315,2025-06-13,Net Banking,Paid
PAY0001316,O001316,2025-11-15,COD,Paid
PAY0001317,O001317,2025-04-21,Debit Card,Paid
PAY0001318,O001318,2024-12-17,UPI,Paid
PAY0001319,O001319,2025-06-28,Credit Card,Paid
PAY0001320,O001320,2024-07-28,Debit Card,Paid
PAY0001321,O001321,2025-05-10,UPI,Paid
PAY0001322,O001322,2025-01-16,Debit Card,Paid
PAY0001323,O001323,2025-11-06,Credit Card,Paid
PAY0001324,O001324,2025-04-25,Credit Card,Paid
PAY0001325,O001325,2024-01-05,COD,Paid
PAY0001326,O001326,2024-02-03,Net Banking,Paid
PAY0001327,O001327,2024-05-24,Net Banking,Paid
PAY0001328,O001328,2024-12-16,Net Banking,Paid
PAY0001329,O001329,2025-08-05,COD,Pending
PAY0001330,O001330,2025-04-09,Net Banking,Paid
PAY0001331,O001331,2024-12-13,Debit Card,Paid
PAY0001332,O001332,2024-05-04,Net Banking,Paid
PAY0001333,O001333,2024-09-27,Net Banking,Paid
PAY0001334,O001334,2024-12-22,Credit Card,Paid
PAY0001335,O001335,2025-06-10,COD,Paid
PAY0001336,O001336,2025-05-12,COD,Failed
PAY0001337,O001337,2024-06-01,Net Banking,Failed
PAY0001338,O001338,2024-02-22,UPI,Paid
PAY0001339,O001339,2024-05-28,Credit Card,Paid
PAY0001340,O001340,2025-05-17,Net Banking,Paid
PAY0001341,O001341,2025-03-25,UPI,Paid
PAY0001342,O001342,2024-08-06,Debit Card,Paid
PAY0001343,O001343,2025-09-16,Credit Card,Paid
PAY0001344,O001344,2024-10-03,COD,Paid
PAY0001345,O001345,2025-03-27,UPI,Paid
PAY0001346,O001346,2025-03-03,Net Banking,Paid
PAY0001347,O001347,2024-03-23,UPI,Paid
PAY0001348,O001348,2024-08-05,COD,Pending
PAY0001349,O001349,2025-06-10,Debit Card,Paid
PAY0001350,O001350,2025-02-07,UPI,Paid
PAY0001351,O001351,2024-10-16,Net Banking,Failed
PAY0001352,O001352,2025-02-23,UPI,Paid
PAY0001353,O001353,2024-12-04,Debit Card,Paid
PAY0001354,O001354,2025-12-11,UPI,Paid
PAY0001355,O001355,2025-10-31,Debit Card,Paid
PAY0001356,O001356,2025-02-22,Debit Card,Paid
PAY0001357,O001357,2024-07-25,Credit Card,Paid
PAY0001358,O001358,2025-11-16,Credit Card,Paid
PAY0001359,O001359,2025-11-26,Net Banking,Paid
PAY0001360,O001360,2024-09-21,Net Banking,Paid
PAY0001361,O001361,2024-02-05,Net Banking,Paid
PAY0001362,O001362,2025-01-07,Debit Card,Paid
PAY0001363,O001363,2025-05-02,Debit Card,Pending
PAY0001364,O001364,2024-09-15,Credit Card,Paid
PAY0001365,O001365,2025-06-14,Debit Card,Paid
PAY0001366,O001366,2024-01-23,Credit Card,Paid
PAY0001367,O001367,2024-04-13,UPI,Paid
PAY0001368,O001368,2024-08-28,Net Banking,Paid
PAY0001369,O001369,2025-12-16,Net Banking,Paid
PAY0001370,O001370,2024-09-09,COD,Paid
PAY0001371,O001371,2024-05-21,Credit Card,Paid
PAY0001372,O001372,2025-10-16,COD,Paid
PAY0001373,O001373,2025-03-26,Net Banking,Paid
PAY0001374,O001374,2024-11-02,COD,Paid
PAY0001375,O001375,2025-05-14,UPI,Paid
PAY0001376,O001376,2025-09-13,COD,Paid
PAY0001377,O001377,2024-01-08,UPI,Paid
PAY0001378,O001378,2024-03-09,Net Banking,Failed
PAY0001379,O001379,2025-12-02,Debit Card,Paid
PAY0001380,O001380,2025-11-21,Credit Card,Paid
PAY0001381,O001381,2025-07-28,COD,Paid
PAY0001382,O001382,2024-03-08,UPI,Paid
PAY0001383,O001383,2025-12-18,Net Banking,Paid
PAY0001384,O001384,2025-02-11,Net Banking,Paid
PAY0001385,O001385,2025-06-01,Debit Card,Paid
PAY0001386,O001386,2024-04-28,Net Banking,Paid
PAY0001387,O001387,2024-01-31,Net Banking,Pending
PAY0001388,O001388,2025-06-01,Debit Card,Paid
PAY0001389,O001389,2025-04-27,Net Banking,Paid
PAY0001390,O001390,2024-07-25,UPI,Paid
PAY0001391,O001391,2025-10-30,COD,Paid
PAY0001392,O001392,2025-08-01,COD,Refunded
PAY0001393,O001393,2025-01-21,UPI,Paid
PAY0001394,O001394,2025-02-15,COD,Paid
PAY0001395,O001395,2025-01-04,Net Banking,Paid
PAY0001396,O001396,2024-12-18,COD,Failed
PAY0001397,O001397,2024-12-01,COD,Paid
PAY0001398,O001398,2024-10-15,Net Banking,Paid
PAY0001399,O001399,2024-05-19,COD,Paid
PAY0001400,O001400,2024-10-26,Net Banking,Paid
PAY0001401,O001401,2024-01-13,Debit Card,Paid
PAY0001402,O001402,2025-10-25,Debit Card,Paid
PAY0001403,O001403,2025-03-03,COD,Paid
PAY0001404,O001404,2025-02-03,Debit Card,Failed
PAY0001405,O001405,2024-04-18,COD,Paid
PAY0001406,O001406,2025-04-29,Debit Card,Paid
PAY0001407,O001407,2024-12-21,COD,Paid
PAY0001408,O001408,2024-05-28,Credit Card,Paid
PAY0001409,O001409,2025-12-16,UPI,Paid
PAY0001410,O001410,2024-11-02,Debit Card,Paid
PAY0001411,O001411,2025-06-16,Net Banking,Paid
PAY0001412,O001412,2024-02-29,UPI,Paid
PAY0001413,O001413,2025-03-10,COD,Paid
PAY0001414,O001414,2024-01-21,UPI,Refunded
PAY0001415,O001415,2025-01-16,Net Banking,Paid
PAY0001416,O001416,2024-09-01,Net Banking,Paid
PAY0001417,O001417,2024-03-13,COD,Paid
PAY0001418,O001418,2025-03-24,Debit Card,Pending
PAY0001419,O001419,2024-03-16,Debit Card,Paid
PAY0001420,O001420,2025-11-28,Credit Card,Paid
PAY0001421,O001421,2025-08-12,Net Banking,Failed
PAY0001422,O001422,2025-01-24,Credit Card,Paid
PAY0001423,O001423,2025-07-30,Net Banking,Paid
PAY0001424,O001424,2024-12-07,Credit Card,Paid
PAY0001425,O001425,2024-10-16,Debit Card,Paid
PAY0001426,O001426,2025-07-21,Net Banking,Paid
PAY0001427,O001427,2024-11-26,Debit Card,Paid
PAY0001428,O001428,2024-09-15,UPI,Paid
PAY0001429,O001429,2025-03-01,Debit Card,Paid
PAY0001430,O001430,2025-12-02,Net Banking,Paid
PAY0001431,O001431,2024-01-06,UPI,Paid
PAY0001432,O001432,2024-01-06,Credit Card,Paid
PAY0001433,O001433,2024-07-09,COD,Refunded
PAY0001434,O001434,2024-05-27,Net Banking,Paid
PAY0001435,O001435,2025-02-08,COD,Refunded
PAY0001436,O001436,2024-09-14,COD,Paid
PAY0001437,O001437,2025-12-30,UPI,Refunded
PAY0001438,O001438,2025-04-23,Credit Card,Pending
PAY0001439,O001439,2024-03-30,Debit Card,Paid
PAY0001440,O001440,2024-01-10,UPI,Paid
PAY0001441,O001441,2024-03-27,Credit Card,Paid
PAY0001442,O001442,2024-05-30,Debit Card,Pending
PAY0001443,O001443,2025-09-16,Debit Card,Refunded
PAY0001444,O001444,2024-01-30,Credit Card,Pending
PAY0001445,O001445,2024-05-07,Debit Card,Paid
PAY0001446,O001446,2024-03-18,Net Banking,Paid
PAY0001447,O001447,2025-02-24,Net Banking,Paid
PAY0001448,O001448,2024-02-24,UPI,Paid
PAY0001449,O001449,2025-04-24,Debit Card,Paid
PAY0001450,O001450,2024-10-31,Debit Card,Paid
PAY0001451,O001451,2025-06-29,Credit Card,Paid
PAY0001452,O001452,2024-04-14,Net Banking,Paid
PAY0001453,O001453,2024-06-20,COD,Paid
PAY0001454,O001454,2025-05-13,UPI,Paid
PAY0001455,O001455,2024-01-22,Net Banking,Paid
PAY0001456,O001456,2024-10-13,Credit Card,Paid
PAY0001457,O001457,2025-01-25,UPI,Refunded
PAY0001458,O001458,2025-09-08,COD,Paid
PAY0001459,O001459,2024-05-28,UPI,Paid
PAY0001460,O001460,2024-09-28,Net Banking,Paid
PAY0001461,O001461,2024-10-25,COD,Paid
PAY0001462,O001462,2024-06-20,Credit Card,Paid
PAY0001463,O001463,2024-02-16,UPI,Paid
PAY0001464,O001464,2025-09-17,Net Banking,Paid
PAY0001465,O001465,2024-07-25,Credit Card,Failed
PAY0001466,O001466,2025-03-28,COD,Paid
PAY0001467,O001467,2025-01-29,UPI,Paid
PAY0001468,O001468,2024-10-27,Debit Card,Paid
PAY0001469,O001469,2025-12-08,Net Banking,Paid
PAY0001470,O001470,2025-11-06,Net Banking,Pending
PAY0001471,O001471,2024-06-24,Debit Card,Paid
PAY0001472,O001472,2024-04-19,Credit Card,Paid
PAY0001473,O001473,2025-11-14,Net Banking,Paid
PAY0001474,O001474,2024-07-20,Credit Card,Refunded
PAY0001475,O001475,2024-06-16,COD,Paid
PAY0001476,O001476,2025-09-05,Debit Card,Paid
PAY0001477,O001477,2024-03-26,Credit Card,Paid
PAY0001478,O001478,2025-10-15,COD,Paid
PAY0001479,O001479,2025-12-25,UPI,Paid
PAY0001480,O001480,2024-02-20,Net Banking,Paid
PAY0001481,O001481,2024-04-21,Debit Card,Paid
PAY0001482,O001482,2025-04-07,UPI,Failed
PAY0001483,O001483,2025-03-17,UPI,Failed
PAY0001484,O001484,2024-09-27,UPI,Paid
PAY0001485,O001485,2025-07-30,Credit Card,Failed
PAY0001486,O001486,2024-12-09,Net Banking,Paid
PAY0001487,O001487,2024-07-01,Debit Card,Paid
PAY0001488,O001488,2025-05-17,Net Banking,Paid
PAY0001489,O001489,2024-01-10,Net Banking,Paid
PAY0001490,O001490,2025-05-08,Net Banking,Paid
PAY0001491,O001491,2024-08-21,COD,Paid
PAY0001492,O001492,2024-10-24,COD,Paid
PAY0001493,O001493,2024-08-31,COD,Paid
PAY0001494,O001494,2025-05-23,COD,Paid
PAY0001495,O001495,2024-12-16,Net Banking,Paid
PAY0001496,O001496,2024-09-23,Net Banking,Paid
PAY0001497,O001497,2025-09-21,Debit Card,Paid
PAY0001498,O001498,2025-10-17,Debit Card,Paid
PAY0001499,O001499,2024-07-19,Debit Card,Paid
PAY0001500,O001500,2024-08-26,Debit Card,Paid
PAY0001501,O001501,2024-11-29,Debit Card,Paid
PAY0001502,O001502,2025-02-18,COD,Paid
PAY0001503,O001503,2025-04-28,Net Banking,Paid
PAY0001504,O001504,2025-03-12,Debit Card,Failed
PAY0001505,O001505,2024-09-02,Credit Card,Refunded
PAY0001506,O001506,2024-01-08,Debit Card,Paid
PAY0001507,O001507,2024-05-31,Debit Card,Paid
PAY0001508,O001508,2025-01-26,Net Banking,Pending
PAY0001509,O001509,2024-07-29,COD,Paid
PAY0001510,O001510,2025-01-01,UPI,Paid
PAY0001511,O001511,2025-10-31,Net Banking,Paid
PAY0001512,O001512,2025-07-23,COD,Paid
PAY0001513,O001513,2024-03-26,Credit Card,Failed
PAY0001514,O001514,2024-02-24,UPI,Paid
PAY0001515,O001515,2025-12-13,COD,Paid
PAY0001516,O001516,2025-09-25,COD,Paid
PAY0001517,O001517,2025-03-21,Net Banking,Paid
PAY0001518,O001518,2025-09-11,COD,Paid
PAY0001519,O001519,2024-10-30,Debit Card,Paid
PAY0001520,O001520,2024-05-11,COD,Paid
PAY0001521,O001521,2025-02-24,UPI,Paid
PAY0001522,O001522,2025-01-19,COD,Paid
PAY0001523,O001523,2024-07-16,Credit Card,Refunded
PAY0001524,O001524,2024-02-16,Debit Card,Paid
PAY0001525,O001525,2024-07-21,UPI,Paid
PAY0001526,O001526,2024-09-17,UPI,Paid
PAY0001527,O001527,2025-11-20,Net Banking,Paid
PAY0001528,O001528,2024-01-24,Net Banking,Paid
PAY0001529,O001529,2025-11-17,Debit Card,Paid
PAY0001530,O001530,2024-12-05,UPI,Paid
PAY0001531,O001531,2025-02-15,Credit Card,Paid
PAY0001532,O001532,2024-09-17,COD,Paid
PAY0001533,O001533,2024-10-12,COD,Pending
PAY0001534,O001534,2025-05-27,COD,Paid
PAY0001535,O001535,2024-03-26,Net Banking,Paid
PAY0001536,O001536,2025-03-05,UPI,Paid
PAY0001537,O001537,2025-08-03,UPI,Paid
PAY0001538,O001538,2024-01-31,Credit Card,Paid
PAY0001539,O001539,2025-12-10,Net Banking,Refunded
PAY0001540,O001540,2025-08-25,Credit Card,Paid
PAY0001541,O001541,2025-03-15,UPI,Failed
PAY0001542,O001542,2024-12-14,COD,Paid
PAY0001543,O001543,2025-02-15,Net Banking,Paid
PAY0001544,O001544,2025-06-11,Net Banking,Paid
PAY0001545,O001545,2024-11-05,Net Banking,Paid
PAY0001546,O001546,2025-01-30,COD,Paid
PAY0001547,O001547,2024-12-03,Net Banking,Paid
PAY0001548,O001548,2025-11-04,Debit Card,Paid
PAY0001549,O001549,2025-03-12,Net Banking,Paid
PAY0001550,O001550,2025-12-04,COD,Paid
PAY0001551,O001551,2025-10-24,Net Banking,Paid
PAY0001552,O001552,2024-12-30,Debit Card,Paid
PAY0001553,O001553,2024-04-22,Debit Card,Failed
PAY0001554,O001554,2024-06-24,Net Banking,Paid
PAY0001555,O001555,2024-05-28,UPI,Paid
PAY0001556,O001556,2024-06-26,UPI,Refunded
PAY0001557,O001557,2025-01-16,Credit Card,Pending
PAY0001558,O001558,2024-08-10,Debit Card,Paid
PAY0001559,O001559,2024-09-15,UPI,Failed
PAY0001560,O001560,2024-07-07,Credit Card,Refunded
PAY0001561,O001561,2024-11-01,UPI,Paid
PAY0001562,O001562,2025-01-12,Net Banking,Paid
PAY0001563,O001563,2025-08-24,Debit Card,Failed
PAY0001564,O001564,2024-12-08,UPI,Paid
PAY0001565,O001565,2024-06-04,Net Banking,Paid
PAY0001566,O001566,2025-12-12,Credit Card,Failed
PAY0001567,O001567,2024-02-24,Net Banking,Paid
PAY0001568,O001568,2025-03-17,Credit Card,Paid
PAY0001569,O001569,2025-11-15,UPI,Paid
PAY0001570,O001570,2024-07-18,COD,Pending
PAY0001571,O001571,2025-02-06,Net Banking,Failed
PAY0001572,O001572,2025-09-05,COD,Paid
PAY0001573,O001573,2025-10-24,Debit Card,Refunded
PAY0001574,O001574,2025-09-14,COD,Failed
PAY0001575,O001575,2025-08-25,Debit Card,Paid
PAY0001576,O001576,2024-06-25,UPI,Failed
PAY0001577,O001577,2025-03-24,UPI,Paid
PAY0001578,O001578,2025-06-24,Net Banking,Paid
PAY0001579,O001579,2024-10-27,COD,Paid
PAY0001580,O001580,2025-12-07,Debit Card,Failed
PAY0001581,O001581,2024-11-02,Debit Card,Paid
PAY0001582,O001582,2024-09-23,COD,Paid
PAY0001583,O001583,2024-08-01,UPI,Paid
PAY0001584,O001584,2025-08-16,UPI,Paid
PAY0001585,O001585,2025-10-01,Debit Card,Paid
PAY0001586,O001586,2025-04-27,Net Banking,Paid
PAY0001587,O001587,2024-09-18,UPI,Pending
PAY0001588,O001588,2024-03-07,Credit Card,Paid
PAY0001589,O001589,2025-07-27,Debit Card,Paid
PAY0001590,O001590,2024-05-12,COD,Paid
PAY0001591,O001591,2025-10-10,COD,Paid
PAY0001592,O001592,2025-06-23,Debit Card,Refunded
PAY0001593,O001593,2025-05-26,Debit Card,Failed
PAY0001594,O001594,2024-07-29,UPI,Paid
PAY0001595,O001595,2025-12-17,Debit Card,Paid
PAY0001596,O001596,2024-09-09,Debit Card,Paid
PAY0001597,O001597,2024-02-07,Credit Card,Paid
PAY0001598,O001598,2024-02-12,COD,Paid
PAY0001599,O001599,2025-09-20,UPI,Paid
PAY0001600,O001600,2025-02-08,Net Banking,Paid
PAY0001601,O001601,2025-12-02,UPI,Paid
PAY0001602,O001602,2024-02-15,COD,Paid
PAY0001603,O001603,2025-03-29,Net Banking,Paid
PAY0001604,O001604,2025-11-08,Debit Card,Failed
PAY0001605,O001605,2024-10-31,Credit Card,Paid
PAY0001606,O001606,2025-12-15,Credit Card,Paid
PAY0001607,O001607,2024-08-20,COD,Paid
PAY0001608,O001608,2024-09-01,COD,Pending
PAY0001609,O001609,2025-12-21,Credit Card,Paid
PAY0001610,O001610,2024-10-21,Net Banking,Paid
PAY0001611,O001611,2025-01-17,Net Banking,Paid
PAY0001612,O001612,2024-06-06,UPI,Paid
PAY0001613,O001613,2025-02-08,Debit Card,Paid
PAY0001614,O001614,2024-01-01,Net Banking,Paid
PAY0001615,O001615,2024-08-04,Debit Card,Paid
PAY0001616,O001616,2025-05-21,COD,Paid
PAY0001617,O001617,2025-08-03,Net Banking,Paid
PAY0001618,O001618,2024-01-30,Net Banking,Paid
PAY0001619,O001619,2025-09-18,Net Banking,Paid
PAY0001620,O001620,2025-06-03,UPI,Paid
PAY0001621,O001621,2024-10-01,COD,Paid
PAY0001622,O001622,2025-05-06,Credit Card,Paid
PAY0001623,O001623,2024-02-05,UPI,Failed
PAY0001624,O001624,2024-11-06,UPI,Paid
PAY0001625,O001625,2024-02-13,Net Banking,Paid
PAY0001626,O001626,2024-06-03,UPI,Paid
PAY0001627,O001627,2024-03-17,Credit Card,Paid
PAY0001628,O001628,2025-08-12,UPI,Paid
PAY0001629,O001629,2025-09-04,UPI,Paid
PAY0001630,O001630,2025-03-13,Net Banking,Paid
PAY0001631,O001631,2025-03-07,COD,Paid
PAY0001632,O001632,2025-06-25,Credit Card,Paid
PAY0001633,O001633,2024-02-08,Net Banking,Paid
PAY0001634,O001634,2024-08-26,UPI,Paid
PAY0001635,O001635,2024-01-13,Credit Card,Paid
PAY0001636,O001636,2024-05-01,Debit Card,Paid
PAY0001637,O001637,2024-05-23,UPI,Paid
PAY0001638,O001638,2025-11-14,COD,Paid
PAY0001639,O001639,2025-03-30,UPI,Paid
PAY0001640,O001640,2025-01-02,COD,Paid
PAY0001641,O001641,2024-09-03,Debit Card,Paid
PAY0001642,O001642,2024-02-14,Net Banking,Paid
PAY0001643,O001643,2025-01-09,Net Banking,Paid
PAY0001644,O001644,2024-10-17,Net Banking,Pending
PAY0001645,O001645,2024-07-25,Credit Card,Pending
PAY0001646,O001646,2025-06-02,COD,Paid
PAY0001647,O001647,2024-08-29,UPI,Paid
PAY0001648,O001648,2025-09-13,Credit Card,Paid
PAY0001649,O001649,2024-04-23,Credit Card,Paid
PAY0001650,O001650,2024-10-28,UPI,Paid
PAY0001651,O001651,2024-10-02,Debit Card,Paid
PAY0001652,O001652,2024-04-05,Net Banking,Paid
PAY0001653,O001653,2024-10-20,Debit Card,Paid
PAY0001654,O001654,2025-12-01,Debit Card,Paid
PAY0001655,O001655,2024-12-25,Net Banking,Failed
PAY0001656,O001656,2024-10-14,Debit Card,Paid
PAY0001657,O001657,2024-06-02,Credit Card,Paid
PAY0001658,O001658,2025-07-23,UPI,Paid
PAY0001659,O001659,2025-02-26,Credit Card,Paid
PAY0001660,O001660,2024-02-19,Credit Card,Paid
PAY0001661,O001661,2024-07-25,COD,Paid
PAY0001662,O001662,2025-07-17,Net Banking,Paid
PAY0001663,O001663,2025-10-23,Net Banking,Paid
PAY0001664,O001664,2025-07-18,Credit Card,Paid
PAY0001665,O001665,2024-07-31,Net Banking,Paid
PAY0001666,O001666,2024-03-06,COD,Failed
PAY0001667,O001667,2024-08-19,UPI,Paid
PAY0001668,O001668,2025-10-24,Debit Card,Paid
PAY0001669,O001669,2025-12-17,Net Banking,Paid
PAY0001670,O001670,2024-11-15,Credit Card,Paid
PAY0001671,O001671,2024-05-16,Net Banking,Paid
PAY0001672,O001672,2025-10-08,Credit Card,Paid
PAY0001673,O001673,2025-07-19,Debit Card,Paid
PAY0001674,O001674,2024-03-05,Net Banking,Paid
PAY0001675,O001675,2025-05-28,Debit Card,Paid
PAY0001676,O001676,2024-05-11,Credit Card,Paid
PAY0001677,O001677,2024-11-29,COD,Failed
PAY0001678,O001678,2024-02-01,COD,Paid
PAY0001679,O001679,2025-05-12,UPI,Paid
PAY0001680,O001680,2024-08-30,Credit Card,Paid
PAY0001681,O001681,2024-07-10,Credit Card,Paid
PAY0001682,O001682,2024-05-21,Credit Card,Paid
PAY0001683,O001683,2025-10-21,COD,Paid
PAY0001684,O001684,2025-08-23,COD,Pending
PAY0001685,O001685,2025-07-14,COD,Paid
PAY0001686,O001686,2025-10-09,Net Banking,Paid
PAY0001687,O001687,2024-07-09,Net Banking,Paid
PAY0001688,O001688,2024-05-28,COD,Paid
PAY0001689,O001689,2025-08-21,Debit Card,Paid
PAY0001690,O001690,2025-02-19,Net Banking,Failed
PAY0001691,O001691,2025-06-03,Net Banking,Failed
PAY0001692,O001692,2024-01-16,Net Banking,Failed
PAY0001693,O001693,2024-04-15,Net Banking,Paid
PAY0001694,O001694,2024-10-09,UPI,Paid
PAY0001695,O001695,2024-04-13,Net Banking,Refunded
PAY0001696,O001696,2024-12-26,Debit Card,Paid
PAY0001697,O001697,2025-10-19,UPI,Paid
PAY0001698,O001698,2024-02-04,Net Banking,Paid
PAY0001699,O001699,2024-04-22,Credit Card,Pending
PAY0001700,O001700,2024-11-03,UPI,Paid
PAY0001701,O001701,2024-02-22,Net Banking,Paid
PAY0001702,O001702,2024-03-21,Debit Card,Paid
PAY0001703,O001703,2025-09-07,COD,Paid
PAY0001704,O001704,2025-01-03,Net Banking,Paid
PAY0001705,O001705,2024-08-29,Credit Card,Pending
PAY0001706,O001706,2024-01-31,Debit Card,Paid
PAY0001707,O001707,2025-12-04,UPI,Paid
PAY0001708,O001708,2024-12-26,Debit Card,Paid
PAY0001709,O001709,2024-08-20,Net Banking,Paid
PAY0001710,O001710,2025-09-01,Credit Card,Paid
PAY0001711,O001711,2024-02-03,Debit Card,Paid
PAY0001712,O001712,2024-08-30,Debit Card,Paid
PAY0001713,O001713,2024-02-28,COD,Paid
PAY0001714,O001714,2025-06-12,COD,Paid
PAY0001715,O001715,2024-03-18,Net Banking,Paid
PAY0001716,O001716,2025-12-18,UPI,Paid
PAY0001717,O001717,2024-10-28,UPI,Paid
PAY0001718,O001718,2025-11-08,Credit Card,Paid
PAY0001719,O001719,2024-04-21,Net Banking,Paid
PAY0001720,O001720,2025-02-16,UPI,Paid
PAY0001721,O001721,2024-11-12,Debit Card,Paid
PAY0001722,O001722,2024-05-24,Net Banking,Failed
PAY0001723,O001723,2025-10-29,Debit Card,Paid
PAY0001724,O001724,2025-11-20,Credit Card,Paid
PAY0001725,O001725,2025-10-09,Net Banking,Paid
PAY0001726,O001726,2024-01-18,Credit Card,Pending
PAY0001727,O001727,2024-12-16,COD,Paid
PAY0001728,O001728,2024-06-03,Credit Card,Refunded
PAY0001729,O001729,2025-05-20,COD,Paid
PAY0001730,O001730,2024-12-25,Net Banking,Paid
PAY0001731,O001731,2024-11-27,Debit Card,Failed
PAY0001732,O001732,2025-06-11,Debit Card,Paid
PAY0001733,O001733,2024-01-12,Debit Card,Paid
PAY0001734,O001734,2024-03-15,Credit Card,Paid
PAY0001735,O001735,2024-07-30,Net Banking,Paid
PAY0001736,O001736,2025-11-21,Net Banking,Paid
PAY0001737,O001737,2025-10-02,COD,Paid
PAY0001738,O001738,2024-10-09,Net Banking,Paid
PAY0001739,O001739,2024-07-13,Debit Card,Paid
PAY0001740,O001740,2024-01-30,Net Banking,Paid
PAY0001741,O001741,2024-01-09,COD,Paid
PAY0001742,O001742,2024-11-04,Net Banking,Paid
PAY0001743,O001743,2025-03-20,Net Banking,Paid
PAY0001744,O001744,2024-11-05,Debit Card,Paid
PAY0001745,O001745,2025-11-07,Net Banking,Paid
PAY0001746,O001746,2025-12-05,Credit Card,Paid
PAY0001747,O001747,2025-03-01,COD,Failed
PAY0001748,O001748,2025-12-04,COD,Paid
PAY0001749,O001749,2025-08-13,COD,Paid
PAY0001750,O001750,2025-11-21,Net Banking,Paid
PAY0001751,O001751,2024-03-31,Credit Card,Paid
PAY0001752,O001752,2025-03-31,COD,Paid
PAY0001753,O001753,2025-03-19,UPI,Paid
PAY0001754,O001754,2025-12-27,Debit Card,Pending
PAY0001755,O001755,2024-03-19,UPI,Pending
PAY0001756,O001756,2025-04-19,UPI,Paid
PAY0001757,O001757,2024-04-12,COD,Paid
PAY0001758,O001758,2025-09-14,UPI,Refunded
PAY0001759,O001759,2025-03-31,UPI,Paid
PAY0001760,O001760,2024-11-09,Credit Card,Paid
PAY0001761,O001761,2024-09-03,Debit Card,Failed
PAY0001762,O001762,2024-08-21,Net Banking,Paid
PAY0001763,O001763,2025-08-16,COD,Failed
PAY0001764,O001764,2025-10-05,COD,Paid
PAY0001765,O001765,2024-08-22,UPI,Paid
PAY0001766,O001766,2025-01-21,Net Banking,Pending
PAY0001767,O001767,2025-09-02,Net Banking,Refunded
PAY0001768,O001768,2024-02-07,Net Banking,Paid
PAY0001769,O001769,2024-06-09,COD,Paid
PAY0001770,O001770,2025-04-06,COD,Paid
PAY0001771,O001771,2025-03-24,Credit Card,Paid
PAY0001772,O001772,2024-04-26,COD,Paid
PAY0001773,O001773,2024-08-28,COD,Paid
PAY0001774,O001774,2024-01-26,Credit Card,Paid
PAY0001775,O001775,2025-10-09,COD,Paid
PAY0001776,O001776,2025-07-15,UPI,Pending
PAY0001777,O001777,2024-10-24,UPI,Paid
PAY0001778,O001778,2024-06-02,Credit Card,Paid
PAY0001779,O001779,2025-10-13,Credit Card,Paid
PAY0001780,O001780,2025-04-12,UPI,Failed
PAY0001781,O001781,2024-02-18,Net Banking,Paid
PAY0001782,O001782,2025-10-15,COD,Paid
PAY0001783,O001783,2024-02-15,Debit Card,Paid
PAY0001784,O001784,2025-11-05,Debit Card,Paid
PAY0001785,O001785,2024-10-11,Credit Card,Paid
PAY0001786,O001786,2025-09-19,Debit Card,Paid
PAY0001787,O001787,2024-03-22,Net Banking,Paid
PAY0001788,O001788,2024-02-13,Debit Card,Paid
PAY0001789,O001789,2025-12-06,UPI,Paid
PAY0001790,O001790,2024-09-29,Credit Card,Paid
PAY0001791,O001791,2025-01-28,Debit Card,Paid
PAY0001792,O001792,2025-08-17,COD,Paid
PAY0001793,O001793,2024-02-27,Credit Card,Paid
PAY0001794,O001794,2025-07-18,Net Banking,Paid
PAY0001795,O001795,2024-01-01,UPI,Pending
PAY0001796,O001796,2024-08-03,Debit Card,Paid
PAY0001797,O001797,2024-11-12,UPI,Paid
PAY0001798,O001798,2024-08-15,Net Banking,Paid
PAY0001799,O001799,2025-04-17,Debit Card,Paid
PAY0001800,O001800,2025-04-28,Credit Card,Paid
PAY0001801,O001801,2025-11-01,Credit Card,Paid
PAY0001802,O001802,2024-10-13,COD,Paid
PAY0001803,O001803,2025-05-25,Net Banking,Paid
PAY0001804,O001804,2025-07-31,Debit Card,Paid
PAY0001805,O001805,2025-04-02,UPI,Paid
PAY0001806,O001806,2024-04-04,UPI,Paid
PAY0001807,O001807,2025-05-07,Debit Card,Paid
PAY0001808,O001808,2024-05-29,Net Banking,Paid
PAY0001809,O001809,2024-01-23,Net Banking,Paid
PAY0001810,O001810,2024-08-02,UPI,Paid
PAY0001811,O001811,2025-02-02,Debit Card,Paid
PAY0001812,O001812,2025-02-13,Debit Card,Paid
PAY0001813,O001813,2024-05-10,UPI,Paid
PAY0001814,O001814,2024-05-27,Debit Card,Paid
PAY0001815,O001815,2025-01-15,Debit Card,Failed
PAY0001816,O001816,2024-04-18,Credit Card,Refunded
PAY0001817,O001817,2025-07-05,Credit Card,Paid
PAY0001818,O001818,2024-04-30,COD,Paid
PAY0001819,O001819,2024-10-21,COD,Paid
PAY0001820,O001820,2024-04-29,Net Banking,Paid
PAY0001821,O001821,2025-03-31,Credit Card,Paid
PAY0001822,O001822,2025-06-13,Credit Card,Paid
PAY0001823,O001823,2024-06-17,Credit Card,Refunded
PAY0001824,O001824,2025-12-10,Credit Card,Paid
PAY0001825,O001825,2024-05-22,Net Banking,Paid
PAY0001826,O001826,2024-02-06,UPI,Paid
PAY0001827,O001827,2025-11-28,Net Banking,Paid
PAY0001828,O001828,2024-09-17,UPI,Paid
PAY0001829,O001829,2024-08-18,COD,Failed
PAY0001830,O001830,2024-09-10,Credit Card,Paid
PAY0001831,O001831,2024-11-24,UPI,Paid
PAY0001832,O001832,2024-10-23,Net Banking,Paid
PAY0001833,O001833,2024-01-10,UPI,Paid
PAY0001834,O001834,2025-03-21,Debit Card,Paid
PAY0001835,O001835,2024-08-17,COD,Paid
PAY0001836,O001836,2025-06-19,COD,Refunded
PAY0001837,O001837,2024-03-18,Credit Card,Paid
PAY0001838,O001838,2025-02-28,Credit Card,Paid
PAY0001839,O001839,2024-07-11,Net Banking,Paid
PAY0001840,O001840,2025-02-04,UPI,Paid
PAY0001841,O001841,2024-04-18,Debit Card,Paid
PAY0001842,O001842,2024-09-19,COD,Paid
PAY0001843,O001843,2024-11-24,UPI,Paid
PAY0001844,O001844,2024-12-28,Debit Card,Paid
PAY0001845,O001845,2025-01-12,UPI,Paid
PAY0001846,O001846,2024-12-06,Credit Card,Paid
PAY0001847,O001847,2024-09-15,COD,Paid
PAY0001848,O001848,2024-11-30,Debit Card,Paid
PAY0001849,O001849,2024-03-25,Credit Card,Paid
PAY0001850,O001850,2025-06-05,Net Banking,Paid
PAY0001851,O001851,2025-07-24,Net Banking,Paid
PAY0001852,O001852,2024-11-03,Credit Card,Paid
PAY0001853,O001853,2024-09-18,Debit Card,Paid
PAY0001854,O001854,2025-09-22,Debit Card,Paid
PAY0001855,O001855,2025-11-10,COD,Refunded
PAY0001856,O001856,2025-12-01,Credit Card,Paid
PAY0001857,O001857,2025-03-27,Net Banking,Paid
PAY0001858,O001858,2024-09-07,Credit Card,Paid
PAY0001859,O001859,2024-11-19,UPI,Paid
PAY0001860,O001860,2024-08-16,Debit Card,Paid
PAY0001861,O001861,2025-12-02,UPI,Paid
PAY0001862,O001862,2025-09-27,Net Banking,Failed
PAY0001863,O001863,2025-08-18,Debit Card,Paid
PAY0001864,O001864,2024-10-23,Net Banking,Paid
PAY0001865,O001865,2025-12-27,Net Banking,Paid
PAY0001866,O001866,2024-08-24,Net Banking,Paid
PAY0001867,O001867,2025-09-16,COD,Paid
PAY0001868,O001868,2024-08-04,Net Banking,Paid
PAY0001869,O001869,2024-09-02,Net Banking,Paid
PAY0001870,O001870,2025-03-23,UPI,Paid
PAY0001871,O001871,2024-11-14,UPI,Paid
PAY0001872,O001872,2025-03-07,UPI,Failed
PAY0001873,O001873,2025-02-07,Debit Card,Paid
PAY0001874,O001874,2024-02-06,COD,Paid
PAY0001875,O001875,2025-07-29,Debit Card,Paid
PAY0001876,O001876,2024-12-07,COD,Paid
PAY0001877,O001877,2025-01-23,COD,Paid
PAY0001878,O001878,2024-02-03,Credit Card,Paid
PAY0001879,O001879,2024-02-08,Credit Card,Refunded
PAY0001880,O001880,2025-08-01,Credit Card,Failed
PAY0001881,O001881,2024-07-27,COD,Failed
PAY0001882,O001882,2024-05-31,COD,Failed
PAY0001883,O001883,2024-12-30,Debit Card,Paid
PAY0001884,O001884,2024-07-17,COD,Paid
PAY0001885,O001885,2025-08-23,Net Banking,Paid
PAY0001886,O001886,2024-03-19,Net Banking,Paid
PAY0001887,O001887,2025-04-21,COD,Paid
PAY0001888,O001888,2025-03-09,Net Banking,Pending
PAY0001889,O001889,2024-02-01,COD,Paid
PAY0001890,O001890,2024-03-27,Credit Card,Failed
PAY0001891,O001891,2025-07-04,COD,Paid
PAY0001892,O001892,2025-01-27,Credit Card,Paid
PAY0001893,O001893,2025-09-04,UPI,Paid
PAY0001894,O001894,2024-08-31,Net Banking,Paid
PAY0001895,O001895,2024-08-19,UPI,Paid
PAY0001896,O001896,2025-08-02,Net Banking,Failed
PAY0001897,O001897,2024-07-10,UPI,Pending
PAY0001898,O001898,2025-06-23,COD,Pending
PAY0001899,O001899,2024-09-26,UPI,Paid
PAY0001900,O001900,2024-03-17,Net Banking,Paid
PAY0001901,O001901,2024-06-15,Debit Card,Paid
PAY0001902,O001902,2024-10-10,Net Banking,Paid
PAY0001903,O001903,2025-12-04,Debit Card,Paid
PAY0001904,O001904,2024-03-29,COD,Paid
PAY0001905,O001905,2025-06-27,Net Banking,Refunded
PAY0001906,O001906,2025-10-10,UPI,Failed
PAY0001907,O001907,2024-06-04,COD,Paid
PAY0001908,O001908,2024-09-06,Net Banking,Paid
PAY0001909,O001909,2024-04-04,COD,Paid
PAY0001910,O001910,2024-01-17,Debit Card,Paid
PAY0001911,O001911,2024-04-26,COD,Paid
PAY0001912,O001912,2024-11-28,UPI,Paid
PAY0001913,O001913,2025-06-05,Net Banking,Pending
PAY0001914,O001914,2024-03-20,Debit Card,Paid
PAY0001915,O001915,2025-10-07,COD,Pending
PAY0001916,O001916,2025-03-07,Credit Card,Paid
PAY0001917,O001917,2024-07-21,Debit Card,Pending
PAY0001918,O001918,2024-04-25,Debit Card,Paid
PAY0001919,O001919,2024-08-07,UPI,Paid
PAY0001920,O001920,2024-09-09,UPI,Paid
PAY0001921,O001921,2024-06-17,COD,Paid
PAY0001922,O001922,2024-11-11,Credit Card,Pending
PAY0001923,O001923,2025-12-17,Debit Card,Paid
PAY0001924,O001924,2025-01-06,COD,Paid
PAY0001925,O001925,2025-08-05,Credit Card,Paid
PAY0001926,O001926,2024-06-04,COD,Paid
PAY0001927,O001927,2025-09-05,Debit Card,Paid
PAY0001928,O001928,2024-01-13,COD,Paid
PAY0001929,O001929,2025-05-22,UPI,Paid
PAY0001930,O001930,2025-04-09,UPI,Paid
PAY0001931,O001931,2024-08-07,Net Banking,Paid
PAY0001932,O001932,2024-01-15,Credit Card,Paid
PAY0001933,O001933,2024-04-26,Debit Card,Paid
PAY0001934,O001934,2024-11-26,Credit Card,Paid
PAY0001935,O001935,2024-02-25,UPI,Paid
PAY0001936,O001936,2024-12-16,Debit Card,Pending
PAY0001937,O001937,2024-05-11,Net Banking,Paid
PAY0001938,O001938,2024-08-13,UPI,Paid
PAY0001939,O001939,2024-11-03,UPI,Paid
PAY0001940,O001940,2025-04-19,Credit Card,Paid
PAY0001941,O001941,2024-08-09,COD,Paid
PAY0001942,O001942,2024-06-21,Credit Card,Paid
PAY0001943,O001943,2024-12-05,UPI,Paid
PAY0001944,O001944,2025-05-20,Credit Card,Pending
PAY0001945,O001945,2024-06-05,COD,Paid
PAY0001946,O001946,2024-05-30,Net Banking,Paid
PAY0001947,O001947,2025-11-27,Debit Card,Paid
PAY0001948,O001948,2024-06-26,UPI,Paid
PAY0001949,O001949,2025-06-16,Credit Card,Paid
PAY0001950,O001950,2024-04-21,UPI,Paid
PAY0001951,O001951,2025-11-13,Debit Card,Paid
PAY0001952,O001952,2024-05-17,Credit Card,Failed
PAY0001953,O001953,2024-08-20,Net Banking,Paid
PAY0001954,O001954,2024-11-27,Debit Card,Paid
PAY0001955,O001955,2025-06-25,COD,Pending
PAY0001956,O001956,2024-11-02,COD,Paid
PAY0001957,O001957,2024-06-09,UPI,Paid
PAY0001958,O001958,2025-02-05,COD,Paid
PAY0001959,O001959,2025-08-12,Credit Card,Paid
PAY0001960,O001960,2024-10-04,COD,Refunded
PAY0001961,O001961,2024-11-15,Net Banking,Paid
PAY0001962,O001962,2025-06-16,Credit Card,Paid
PAY0001963,O001963,2025-05-11,UPI,Paid
PAY0001964,O001964,2024-12-28,UPI,Paid
PAY0001965,O001965,2025-01-06,COD,Failed
PAY0001966,O001966,2025-10-16,COD,Paid
PAY0001967,O001967,2024-02-05,UPI,Paid
PAY0001968,O001968,2024-10-29,Credit Card,Paid
PAY0001969,O001969,2025-03-13,Debit Card,Paid
PAY0001970,O001970,2025-12-26,UPI,Refunded
PAY0001971,O001971,2024-02-01,Net Banking,Paid
PAY0001972,O001972,2024-07-04,Credit Card,Paid
PAY0001973,O001973,2024-06-22,Debit Card,Paid
PAY0001974,O001974,2025-07-19,Debit Card,Failed
PAY0001975,O001975,2025-11-03,Credit Card,Paid
PAY0001976,O001976,2024-09-06,UPI,Paid
PAY0001977,O001977,2024-10-05,Debit Card,Paid
PAY0001978,O001978,2025-11-13,Net Banking,Paid
PAY0001979,O001979,2025-11-25,Credit Card,Failed
PAY0001980,O001980,2024-01-02,COD,Paid
PAY0001981,O001981,2024-07-12,UPI,Paid
PAY0001982,O001982,2024-06-14,Credit Card,Paid
PAY0001983,O001983,2024-04-19,Net Banking,Paid
PAY0001984,O001984,2025-01-14,Debit Card,Paid
PAY0001985,O001985,2025-08-05,UPI,Paid
PAY0001986,O001986,2025-11-06,UPI,Paid
PAY0001987,O001987,2024-10-11,Credit Card,Paid
PAY0001988,O001988,2025-02-24,Credit Card,Paid
PAY0001989,O001989,2024-04-22,Net Banking,Paid
PAY0001990,O001990,2024-08-15,COD,Paid
PAY0001991,O001991,2025-04-15,Credit Card,Paid
PAY0001992,O001992,2025-06-11,Credit Card,Paid
PAY0001993,O001993,2025-05-10,Credit Card,Paid
PAY0001994,O001994,2024-01-31,Net Banking,Paid
PAY0001995,O001995,2024-06-10,Debit Card,Paid
PAY0001996,O001996,2025-12-05,COD,Refunded
PAY0001997,O001997,2025-12-22,Net Banking,Paid
PAY0001998,O001998,2025-01-12,Credit Card,Paid
PAY0001999,O001999,2025-03-21,Debit Card,Paid
PAY0002000,O002000,2025-03-02,Credit Card,Pending
PAY0002001,O002001,2025-11-26,Net Banking,Paid
PAY0002002,O002002,2025-05-18,UPI,Paid
PAY0002003,O002003,2025-06-10,Credit Card,Paid
PAY0002004,O002004,2025-12-21,Debit Card,Paid
PAY0002005,O002005,2025-11-14,COD,Paid
PAY0002006,O002006,2025-06-15,UPI,Paid
PAY0002007,O002007,2025-08-04,Credit Card,Paid
PAY0002008,O002008,2025-06-03,Credit Card,Pending
PAY0002009,O002009,2024-02-03,Debit Card,Paid
PAY0002010,O002010,2025-11-21,UPI,Failed
PAY0002011,O002011,2025-05-04,UPI,Paid
PAY0002012,O002012,2025-09-11,UPI,Paid
PAY0002013,O002013,2025-02-26,Credit Card,Failed
PAY0002014,O002014,2025-04-12,UPI,Pending
PAY0002015,O002015,2024-01-24,Credit Card,Paid
PAY0002016,O002016,2024-08-03,Credit Card,Paid
PAY0002017,O002017,2024-02-24,UPI,Paid
PAY0002018,O002018,2024-01-26,Net Banking,Paid
PAY0002019,O002019,2024-10-07,COD,Pending
PAY0002020,O002020,2024-11-22,COD,Failed
PAY0002021,O002021,2024-07-04,Net Banking,Paid
PAY0002022,O002022,2025-05-09,UPI,Paid
PAY0002023,O002023,2024-01-12,Credit Card,Refunded
PAY0002024,O002024,2025-10-02,Debit Card,Pending
PAY0002025,O002025,2025-03-09,Net Banking,Paid
PAY0002026,O002026,2024-07-26,COD,Refunded
PAY0002027,O002027,2024-05-12,COD,Paid
PAY0002028,O002028,2024-12-04,Credit Card,Paid
PAY0002029,O002029,2024-07-14,COD,Paid
PAY0002030,O002030,2024-09-18,COD,Paid
PAY0002031,O002031,2024-10-08,Credit Card,Paid
PAY0002032,O002032,2025-01-03,UPI,Paid
PAY0002033,O002033,2024-04-12,COD,Failed
PAY0002034,O002034,2025-09-23,UPI,Paid
PAY0002035,O002035,2024-07-01,Debit Card,Paid
PAY0002036,O002036,2025-02-26,UPI,Paid
PAY0002037,O002037,2024-01-09,Credit Card,Paid
PAY0002038,O002038,2025-07-10,Credit Card,Paid
PAY0002039,O002039,2024-08-31,Credit Card,Paid
PAY0002040,O002040,2025-09-15,COD,Paid
PAY0002041,O002041,2025-07-20,Net Banking,Paid
PAY0002042,O002042,2025-01-27,COD,Paid
PAY0002043,O002043,2025-06-10,UPI,Paid
PAY0002044,O002044,2024-02-06,Debit Card,Failed
PAY0002045,O002045,2024-06-26,Debit Card,Paid
PAY0002046,O002046,2025-09-30,Debit Card,Paid
PAY0002047,O002047,2025-09-20,Debit Card,Paid
PAY0002048,O002048,2024-03-12,Net Banking,Paid
PAY0002049,O002049,2024-12-17,Debit Card,Paid
PAY0002050,O002050,2025-09-14,COD,Paid
PAY0002051,O002051,2024-05-28,Debit Card,Paid
PAY0002052,O002052,2025-11-27,Credit Card,Paid
PAY0002053,O002053,2024-04-14,UPI,Paid
PAY0002054,O002054,2025-10-20,COD,Paid
PAY0002055,O002055,2024-08-08,Net Banking,Paid
PAY0002056,O002056,2025-01-08,COD,Paid
PAY0002057,O002057,2025-06-01,Credit Card,Paid
PAY0002058,O002058,2024-09-16,Debit Card,Paid
PAY0002059,O002059,2024-10-25,Debit Card,Paid
PAY0002060,O002060,2024-02-11,Net Banking,Paid
PAY0002061,O002061,2025-05-06,UPI,Refunded
PAY0002062,O002062,2025-03-14,Debit Card,Pending
PAY0002063,O002063,2024-02-16,Net Banking,Paid
PAY0002064,O002064,2024-03-25,Debit Card,Paid
PAY0002065,O002065,2025-11-16,COD,Failed
PAY0002066,O002066,2024-02-27,Net Banking,Pending
PAY0002067,O002067,2025-12-11,Net Banking,Paid
PAY0002068,O002068,2024-07-27,Net Banking,Paid
PAY0002069,O002069,2024-09-04,Debit Card,Paid
PAY0002070,O002070,2024-07-29,Net Banking,Paid
PAY0002071,O002071,2024-02-08,COD,Paid
PAY0002072,O002072,2024-09-08,UPI,Paid
PAY0002073,O002073,2025-10-04,UPI,Pending
PAY0002074,O002074,2025-02-16,Credit Card,Paid
PAY0002075,O002075,2025-03-21,COD,Paid
PAY0002076,O002076,2024-02-21,COD,Failed
PAY0002077,O002077,2025-01-08,Net Banking,Paid
PAY0002078,O002078,2025-06-09,Credit Card,Refunded
PAY0002079,O002079,2024-06-04,COD,Paid
PAY0002080,O002080,2025-06-25,COD,Paid
PAY0002081,O002081,2024-03-30,COD,Paid
PAY0002082,O002082,2025-11-09,Debit Card,Paid
PAY0002083,O002083,2024-12-16,COD,Paid
PAY0002084,O002084,2024-03-09,Debit Card,Paid
PAY0002085,O002085,2024-06-11,COD,Pending
PAY0002086,O002086,2024-08-29,UPI,Paid
PAY0002087,O002087,2025-05-09,Debit Card,Paid
PAY0002088,O002088,2025-01-17,Debit Card,Paid
PAY0002089,O002089,2024-02-21,Net Banking,Pending
PAY0002090,O002090,2025-10-15,COD,Refunded
PAY0002091,O002091,2024-03-03,Credit Card,Failed
PAY0002092,O002092,2025-05-23,Credit Card,Paid
PAY0002093,O002093,2024-10-18,Credit Card,Paid
PAY0002094,O002094,2024-03-31,Credit Card,Paid
PAY0002095,O002095,2025-10-25,UPI,Failed
PAY0002096,O002096,2025-02-27,Credit Card,Paid
PAY0002097,O002097,2025-10-30,Net Banking,Paid
PAY0002098,O002098,2024-12-30,Credit Card,Paid
PAY0002099,O002099,2024-05-29,Net Banking,Paid
PAY0002100,O002100,2024-09-27,Debit Card,Refunded
PAY0002101,O002101,2025-08-03,COD,Paid
PAY0002102,O002102,2024-04-25,Credit Card,Pending
PAY0002103,O002103,2025-12-04,Net Banking,Paid
PAY0002104,O002104,2025-05-30,Net Banking,Paid
PAY0002105,O002105,2025-08-09,COD,Paid
PAY0002106,O002106,2024-08-28,Debit Card,Paid
PAY0002107,O002107,2024-01-30,Credit Card,Paid
PAY0002108,O002108,2024-05-22,Net Banking,Failed
PAY0002109,O002109,2024-11-21,Credit Card,Paid
PAY0002110,O002110,2025-11-25,UPI,Paid
PAY0002111,O002111,2024-01-16,Net Banking,Paid
PAY0002112,O002112,2024-04-20,Debit Card,Paid
PAY0002113,O002113,2025-12-13,COD,Paid
PAY0002114,O002114,2024-04-16,Net Banking,Paid
PAY0002115,O002115,2025-01-13,UPI,Paid
PAY0002116,O002116,2024-06-10,COD,Paid
PAY0002117,O002117,2024-10-09,Debit Card,Paid
PAY0002118,O002118,2024-09-25,Credit Card,Paid
PAY0002119,O002119,2025-04-28,Credit Card,Paid
PAY0002120,O002120,2025-10-28,Net Banking,Paid
PAY0002121,O002121,2024-03-13,COD,Paid
PAY0002122,O002122,2024-07-15,UPI,Paid
PAY0002123,O002123,2024-08-30,UPI,Paid
PAY0002124,O002124,2025-08-20,Debit Card,Paid
PAY0002125,O002125,2024-09-15,COD,Paid
PAY0002126,O002126,2024-05-28,COD,Paid
PAY0002127,O002127,2025-01-24,Credit Card,Paid
PAY0002128,O002128,2025-02-19,Debit Card,Paid
PAY0002129,O002129,2025-03-01,Debit Card,Refunded
PAY0002130,O002130,2025-12-02,Debit Card,Paid
PAY0002131,O002131,2024-08-04,COD,Refunded
PAY0002132,O002132,2024-03-26,Credit Card,Paid
PAY0002133,O002133,2024-08-03,Debit Card,Paid
PAY0002134,O002134,2025-02-26,Credit Card,Refunded
PAY0002135,O002135,2024-11-15,Debit Card,Pending
PAY0002136,O002136,2024-04-27,COD,Paid
PAY0002137,O002137,2025-02-18,Credit Card,Failed
PAY0002138,O002138,2025-08-21,Net Banking,Paid
PAY0002139,O002139,2024-02-09,Debit Card,Paid
PAY0002140,O002140,2024-06-09,COD,Paid
PAY0002141,O002141,2025-12-03,Credit Card,Pending
PAY0002142,O002142,2025-06-20,UPI,Paid
PAY0002143,O002143,2025-02-23,COD,Failed
PAY0002144,O002144,2025-10-25,COD,Refunded
PAY0002145,O002145,2024-04-04,UPI,Refunded
PAY0002146,O002146,2025-03-17,UPI,Paid
PAY0002147,O002147,2025-07-11,Net Banking,Paid
PAY0002148,O002148,2025-10-11,Net Banking,Paid
PAY0002149,O002149,2025-04-10,Net Banking,Paid
PAY0002150,O002150,2024-10-14,COD,Paid
PAY0002151,O002151,2025-11-06,COD,Paid
PAY0002152,O002152,2025-02-15,COD,Paid
PAY0002153,O002153,2025-02-03,Net Banking,Paid
PAY0002154,O002154,2025-06-11,Credit Card,Failed
PAY0002155,O002155,2024-01-18,COD,Paid
PAY0002156,O002156,2024-05-15,COD,Paid
PAY0002157,O002157,2025-04-08,COD,Paid
PAY0002158,O002158,2024-09-04,Net Banking,Paid
PAY0002159,O002159,2025-12-10,Debit Card,Paid
PAY0002160,O002160,2024-01-01,Net Banking,Paid
PAY0002161,O002161,2025-12-02,Debit Card,Paid
PAY0002162,O002162,2025-01-15,Net Banking,Failed
PAY0002163,O002163,2025-05-23,Credit Card,Failed
PAY0002164,O002164,2025-04-04,Credit Card,Paid
PAY0002165,O002165,2025-05-19,COD,Paid
PAY0002166,O002166,2025-04-20,Net Banking,Paid
PAY0002167,O002167,2025-07-10,Debit Card,Paid
PAY0002168,O002168,2024-02-01,Debit Card,Paid
PAY0002169,O002169,2024-04-27,Credit Card,Paid
PAY0002170,O002170,2024-07-02,COD,Paid
PAY0002171,O002171,2024-07-09,Debit Card,Failed
PAY0002172,O002172,2025-12-28,Net Banking,Paid
PAY0002173,O002173,2024-03-14,COD,Pending
PAY0002174,O002174,2025-09-14,Net Banking,Paid
PAY0002175,O002175,2024-04-12,Net Banking,Paid
PAY0002176,O002176,2025-08-08,Credit Card,Paid
PAY0002177,O002177,2025-02-23,Net Banking,Paid
PAY0002178,O002178,2025-04-17,UPI,Failed
PAY0002179,O002179,2024-04-23,COD,Paid
PAY0002180,O002180,2025-01-13,UPI,Paid
PAY0002181,O002181,2024-11-08,Net Banking,Paid
PAY0002182,O002182,2024-11-25,Net Banking,Paid
PAY0002183,O002183,2024-12-04,Credit Card,Paid
PAY0002184,O002184,2024-08-25,Credit Card,Paid
PAY0002185,O002185,2024-06-21,Credit Card,Paid
PAY0002186,O002186,2024-03-19,Credit Card,Paid
PAY0002187,O002187,2025-04-08,Debit Card,Paid
PAY0002188,O002188,2025-08-27,Credit Card,Paid
PAY0002189,O002189,2025-05-15,Net Banking,Paid
PAY0002190,O002190,2025-07-15,Net Banking,Paid
PAY0002191,O002191,2024-10-11,COD,Paid
PAY0002192,O002192,2024-08-10,UPI,Refunded
PAY0002193,O002193,2025-08-15,Debit Card,Paid
PAY0002194,O002194,2024-09-22,Debit Card,Paid
PAY0002195,O002195,2025-10-28,COD,Paid
PAY0002196,O002196,2025-01-07,COD,Paid
PAY0002197,O002197,2024-08-20,Credit Card,Paid
PAY0002198,O002198,2024-08-23,COD,Paid
PAY0002199,O002199,2025-11-01,Debit Card,Paid
PAY0002200,O002200,2024-11-09,UPI,Paid
PAY0002201,O002201,2025-01-14,UPI,Paid
PAY0002202,O002202,2025-09-05,Debit Card,Paid
PAY0002203,O002203,2025-07-16,Credit Card,Paid
PAY0002204,O002204,2025-02-23,UPI,Paid
PAY0002205,O002205,2024-02-21,UPI,Paid
PAY0002206,O002206,2025-12-21,Credit Card,Refunded
PAY0002207,O002207,2025-10-04,UPI,Paid
PAY0002208,O002208,2025-05-23,Net Banking,Paid
PAY0002209,O002209,2024-07-23,Debit Card,Refunded
PAY0002210,O002210,2024-09-13,UPI,Paid
PAY0002211,O002211,2024-07-03,UPI,Paid
PAY0002212,O002212,2024-05-24,Credit Card,Paid
PAY0002213,O002213,2025-11-20,UPI,Failed
PAY0002214,O002214,2024-01-14,Credit Card,Paid
PAY0002215,O002215,2024-09-02,Debit Card,Paid
PAY0002216,O002216,2024-07-05,Net Banking,Refunded
PAY0002217,O002217,2024-12-02,COD,Paid
PAY0002218,O002218,2024-09-15,Debit Card,Paid
PAY0002219,O002219,2024-02-09,UPI,Paid
PAY0002220,O002220,2025-08-23,Net Banking,Paid
PAY0002221,O002221,2025-09-28,COD,Paid
PAY0002222,O002222,2025-02-21,COD,Pending
PAY0002223,O002223,2024-12-16,UPI,Refunded
PAY0002224,O002224,2024-01-09,COD,Pending
PAY0002225,O002225,2024-12-15,COD,Paid
PAY0002226,O002226,2024-03-24,Debit Card,Paid
PAY0002227,O002227,2025-06-16,Debit Card,Paid
PAY0002228,O002228,2024-12-23,COD,Paid
PAY0002229,O002229,2025-01-12,Credit Card,Paid
PAY0002230,O002230,2024-06-20,UPI,Paid
PAY0002231,O002231,2024-01-25,Credit Card,Paid
PAY0002232,O002232,2025-01-27,Credit Card,Paid
PAY0002233,O002233,2024-04-12,COD,Paid
PAY0002234,O002234,2025-12-02,UPI,Paid
PAY0002235,O002235,2024-08-23,Credit Card,Paid
PAY0002236,O002236,2025-02-13,Debit Card,Paid
PAY0002237,O002237,2025-07-02,Debit Card,Paid
PAY0002238,O002238,2024-11-27,UPI,Paid
PAY0002239,O002239,2025-10-25,Credit Card,Paid
PAY0002240,O002240,2025-06-15,Net Banking,Pending
PAY0002241,O002241,2025-10-10,Net Banking,Pending
PAY0002242,O002242,2024-01-29,UPI,Paid
PAY0002243,O002243,2025-06-26,UPI,Paid
PAY0002244,O002244,2024-01-19,Net Banking,Paid
PAY0002245,O002245,2024-05-27,Credit Card,Paid
PAY0002246,O002246,2025-04-15,Credit Card,Paid
PAY0002247,O002247,2025-05-05,COD,Paid
PAY0002248,O002248,2024-10-09,UPI,Failed
PAY0002249,O002249,2025-11-05,Credit Card,Pending
PAY0002250,O002250,2024-04-22,Net Banking,Paid
PAY0002251,O002251,2025-03-30,Net Banking,Paid
PAY0002252,O002252,2025-10-23,Debit Card,Paid
PAY0002253,O002253,2024-11-25,Credit Card,Paid
PAY0002254,O002254,2024-09-11,COD,Paid
PAY0002255,O002255,2025-08-21,COD,Paid
PAY0002256,O002256,2025-02-02,UPI,Paid
PAY0002257,O002257,2025-09-01,Debit Card,Paid
PAY0002258,O002258,2025-05-22,Net Banking,Paid
PAY0002259,O002259,2025-10-05,Net Banking,Refunded
PAY0002260,O002260,2025-04-10,UPI,Paid
PAY0002261,O002261,2025-02-10,COD,Paid
PAY0002262,O002262,2025-08-31,COD,Paid
PAY0002263,O002263,2024-04-07,Net Banking,Paid
PAY0002264,O002264,2024-10-16,UPI,Paid
PAY0002265,O002265,2025-10-18,Credit Card,Paid
PAY0002266,O002266,2024-06-04,Debit Card,Paid
PAY0002267,O002267,2024-06-10,COD,Paid
PAY0002268,O002268,2025-09-15,COD,Paid
PAY0002269,O002269,2025-11-27,COD,Paid
PAY0002270,O002270,2025-12-17,Credit Card,Paid
PAY0002271,O002271,2024-04-06,Credit Card,Paid
PAY0002272,O002272,2025-01-11,Debit Card,Paid
PAY0002273,O002273,2025-07-20,COD,Paid
PAY0002274,O002274,2025-03-25,Net Banking,Paid
PAY0002275,O002275,2024-04-26,COD,Paid
PAY0002276,O002276,2025-08-27,Debit Card,Paid
PAY0002277,O002277,2025-12-16,Debit Card,Paid
PAY0002278,O002278,2025-05-20,Net Banking,Paid
PAY0002279,O002279,2024-07-07,Credit Card,Pending
PAY0002280,O002280,2025-04-20,Net Banking,Paid
PAY0002281,O002281,2024-11-18,Debit Card,Paid
PAY0002282,O002282,2025-08-18,Net Banking,Refunded
PAY0002283,O002283,2024-06-28,COD,Paid
PAY0002284,O002284,2024-06-29,Debit Card,Paid
PAY0002285,O002285,2025-11-23,Credit Card,Paid
PAY0002286,O002286,2024-10-13,Credit Card,Paid
PAY0002287,O002287,2025-04-19,Net Banking,Paid
PAY0002288,O002288,2025-09-09,Net Banking,Paid
PAY0002289,O002289,2025-10-02,Net Banking,Paid
PAY0002290,O002290,2024-09-18,COD,Failed
PAY0002291,O002291,2025-06-06,Credit Card,Paid
PAY0002292,O002292,2024-06-10,Debit Card,Paid
PAY0002293,O002293,2025-05-01,Debit Card,Paid
PAY0002294,O002294,2024-06-29,Credit Card,Paid
PAY0002295,O002295,2025-12-25,Net Banking,Paid
PAY0002296,O002296,2025-04-13,UPI,Paid
PAY0002297,O002297,2024-01-21,Net Banking,Paid
PAY0002298,O002298,2024-10-01,Credit Card,Paid
PAY0002299,O002299,2024-09-16,COD,Paid
PAY0002300,O002300,2024-11-28,Net Banking,Paid
PAY0002301,O002301,2025-04-10,Debit Card,Paid
PAY0002302,O002302,2024-04-25,COD,Paid
PAY0002303,O002303,2025-02-16,Credit Card,Paid
PAY0002304,O002304,2025-06-20,UPI,Paid
PAY0002305,O002305,2025-12-23,Net Banking,Refunded
PAY0002306,O002306,2024-09-13,COD,Paid
PAY0002307,O002307,2024-06-16,COD,Paid
PAY0002308,O002308,2025-06-16,Debit Card,Paid
PAY0002309,O002309,2025-08-20,Net Banking,Paid
PAY0002310,O002310,2024-01-15,UPI,Paid
PAY0002311,O002311,2024-02-19,COD,Paid
PAY0002312,O002312,2024-10-30,Debit Card,Paid
PAY0002313,O002313,2025-05-01,Net Banking,Paid
PAY0002314,O002314,2025-02-19,Net Banking,Failed
PAY0002315,O002315,2024-10-31,UPI,Paid
PAY0002316,O002316,2024-07-14,Debit Card,Failed
PAY0002317,O002317,2025-01-22,UPI,Paid
PAY0002318,O002318,2025-03-30,COD,Paid
PAY0002319,O002319,2025-12-13,Credit Card,Paid
PAY0002320,O002320,2025-12-05,Credit Card,Paid
PAY0002321,O002321,2025-10-19,UPI,Pending
PAY0002322,O002322,2024-11-05,UPI,Failed
PAY0002323,O002323,2024-05-06,Credit Card,Paid
PAY0002324,O002324,2024-06-23,COD,Pending
PAY0002325,O002325,2024-05-13,UPI,Paid
PAY0002326,O002326,2024-03-06,COD,Paid
PAY0002327,O002327,2025-01-27,COD,Paid
PAY0002328,O002328,2024-12-30,Debit Card,Pending
PAY0002329,O002329,2024-10-05,COD,Paid
PAY0002330,O002330,2024-12-28,Net Banking,Paid
PAY0002331,O002331,2024-06-19,Credit Card,Paid
PAY0002332,O002332,2024-02-20,Credit Card,Paid
PAY0002333,O002333,2024-11-23,UPI,Paid
PAY0002334,O002334,2025-10-26,UPI,Paid
PAY0002335,O002335,2025-08-14,Debit Card,Paid
PAY0002336,O002336,2024-05-24,Debit Card,Refunded
PAY0002337,O002337,2024-09-30,Net Banking,Paid
PAY0002338,O002338,2024-06-03,UPI,Pending
PAY0002339,O002339,2025-05-22,Credit Card,Paid
PAY0002340,O002340,2024-12-28,Net Banking,Paid
PAY0002341,O002341,2024-11-20,UPI,Paid
PAY0002342,O002342,2025-10-16,Net Banking,Paid
PAY0002343,O002343,2024-10-24,COD,Pending
PAY0002344,O002344,2025-05-08,COD,Paid
PAY0002345,O002345,2025-06-29,Net Banking,Paid
PAY0002346,O002346,2024-10-30,UPI,Pending
PAY0002347,O002347,2025-04-11,COD,Paid
PAY0002348,O002348,2024-08-26,COD,Paid
PAY0002349,O002349,2025-10-11,Net Banking,Paid
PAY0002350,O002350,2025-05-31,COD,Paid
PAY0002351,O002351,2024-06-24,Credit Card,Paid
PAY0002352,O002352,2025-02-13,COD,Paid
PAY0002353,O002353,2025-12-26,Net Banking,Paid
PAY0002354,O002354,2024-12-29,COD,Paid
PAY0002355,O002355,2024-01-23,COD,Paid
PAY0002356,O002356,2024-11-13,Debit Card,Paid
PAY0002357,O002357,2025-06-08,Net Banking,Failed
PAY0002358,O002358,2024-10-02,Net Banking,Paid
PAY0002359,O002359,2025-08-26,Debit Card,Refunded
PAY0002360,O002360,2025-09-11,Debit Card,Pending
PAY0002361,O002361,2024-08-16,Credit Card,Paid
PAY0002362,O002362,2025-10-25,COD,Paid
PAY0002363,O002363,2024-04-17,UPI,Paid
PAY0002364,O002364,2024-06-24,UPI,Paid
PAY0002365,O002365,2024-11-15,Debit Card,Failed
PAY0002366,O002366,2024-10-12,Net Banking,Pending
PAY0002367,O002367,2024-11-24,Net Banking,Paid
PAY0002368,O002368,2025-10-18,Credit Card,Paid
PAY0002369,O002369,2024-12-21,UPI,Refunded
PAY0002370,O002370,2024-01-14,Net Banking,Failed
PAY0002371,O002371,2024-10-01,Credit Card,Paid
PAY0002372,O002372,2024-03-11,Credit Card,Paid
PAY0002373,O002373,2024-07-13,Debit Card,Refunded
PAY0002374,O002374,2025-06-06,UPI,Paid
PAY0002375,O002375,2024-04-15,Credit Card,Paid
PAY0002376,O002376,2024-07-14,Credit Card,Paid
PAY0002377,O002377,2024-05-24,Credit Card,Paid
PAY0002378,O002378,2024-12-15,UPI,Paid
PAY0002379,O002379,2025-02-27,Debit Card,Paid
PAY0002380,O002380,2025-04-15,COD,Paid
PAY0002381,O002381,2025-11-16,Net Banking,Paid
PAY0002382,O002382,2024-08-03,UPI,Paid
PAY0002383,O002383,2024-04-02,UPI,Paid
PAY0002384,O002384,2024-09-16,UPI,Paid
PAY0002385,O002385,2025-07-28,COD,Paid
PAY0002386,O002386,2025-06-24,Net Banking,Failed
PAY0002387,O002387,2024-10-11,Net Banking,Paid
PAY0002388,O002388,2025-04-28,Credit Card,Paid
PAY0002389,O002389,2025-01-06,Credit Card,Pending
PAY0002390,O002390,2024-03-10,Debit Card,Paid
PAY0002391,O002391,2025-01-13,UPI,Paid
PAY0002392,O002392,2024-10-05,Debit Card,Paid
PAY0002393,O002393,2024-10-28,UPI,Paid
PAY0002394,O002394,2024-09-11,Net Banking,Paid
PAY0002395,O002395,2025-11-14,Debit Card,Pending
PAY0002396,O002396,2025-11-22,Net Banking,Paid
PAY0002397,O002397,2024-09-20,Credit Card,Failed
PAY0002398,O002398,2025-11-25,Net Banking,Paid
PAY0002399,O002399,2025-12-17,COD,Paid
PAY0002400,O002400,2025-02-27,Debit Card,Paid
PAY0002401,O002401,2024-07-31,UPI,Paid
PAY0002402,O002402,2025-11-01,Net Banking,Paid
PAY0002403,O002403,2024-04-09,Debit Card,Refunded
PAY0002404,O002404,2024-04-21,UPI,Paid
PAY0002405,O002405,2024-11-03,Debit Card,Paid
PAY0002406,O002406,2025-11-08,Debit Card,Paid
PAY0002407,O002407,2025-04-19,COD,Failed
PAY0002408,O002408,2025-07-01,Net Banking,Failed
PAY0002409,O002409,2024-04-21,COD,Paid
PAY0002410,O002410,2024-03-27,Credit Card,Paid
PAY0002411,O002411,2024-07-01,Debit Card,Paid
PAY0002412,O002412,2025-08-19,Net Banking,Paid
PAY0002413,O002413,2024-06-13,Credit Card,Refunded
PAY0002414,O002414,2024-03-30,Credit Card,Paid
PAY0002415,O002415,2025-03-30,COD,Failed
PAY0002416,O002416,2024-08-25,Credit Card,Paid
PAY0002417,O002417,2025-06-17,UPI,Paid
PAY0002418,O002418,2025-11-09,UPI,Paid
PAY0002419,O002419,2025-12-27,UPI,Paid
PAY0002420,O002420,2024-02-27,Credit Card,Paid
PAY0002421,O002421,2025-06-25,Debit Card,Paid
PAY0002422,O002422,2025-09-09,Net Banking,Paid
PAY0002423,O002423,2025-02-05,UPI,Paid
PAY0002424,O002424,2025-11-09,UPI,Pending
PAY0002425,O002425,2025-10-27,UPI,Paid
PAY0002426,O002426,2025-06-02,COD,Paid
PAY0002427,O002427,2024-07-15,COD,Paid
PAY0002428,O002428,2024-02-15,UPI,Paid
PAY0002429,O002429,2025-06-13,UPI,Failed
PAY0002430,O002430,2025-01-31,COD,Paid
PAY0002431,O002431,2025-10-26,Net Banking,Paid
PAY0002432,O002432,2024-03-14,Debit Card,Pending
PAY0002433,O002433,2025-02-19,Net Banking,Paid
PAY0002434,O002434,2025-10-18,Debit Card,Pending
PAY0002435,O002435,2025-09-05,Credit Card,Paid
PAY0002436,O002436,2024-11-30,Credit Card,Paid
PAY0002437,O002437,2025-09-24,Net Banking,Paid
PAY0002438,O002438,2025-11-18,COD,Paid
PAY0002439,O002439,2025-07-28,UPI,Paid
PAY0002440,O002440,2024-10-22,Credit Card,Paid
PAY0002441,O002441,2024-03-24,COD,Paid
PAY0002442,O002442,2024-01-15,COD,Pending
PAY0002443,O002443,2024-05-13,Debit Card,Paid
PAY0002444,O002444,2025-04-22,Credit Card,Paid
PAY0002445,O002445,2025-09-24,Net Banking,Paid
PAY0002446,O002446,2024-11-14,COD,Paid
PAY0002447,O002447,2025-01-26,Net Banking,Paid
PAY0002448,O002448,2025-04-23,Net Banking,Failed
PAY0002449,O002449,2025-10-01,Credit Card,Paid
PAY0002450,O002450,2025-01-02,Net Banking,Paid
PAY0002451,O002451,2025-01-01,Net Banking,Paid
PAY0002452,O002452,2024-10-14,UPI,Paid
PAY0002453,O002453,2025-01-12,Net Banking,Paid
PAY0002454,O002454,2025-11-22,UPI,Paid
PAY0002455,O002455,2025-04-07,Credit Card,Paid
PAY0002456,O002456,2025-08-16,Net Banking,Paid
PAY0002457,O002457,2024-01-13,COD,Paid
PAY0002458,O002458,2025-06-19,Net Banking,Paid
PAY0002459,O002459,2024-06-16,UPI,Paid
PAY0002460,O002460,2024-09-26,COD,Paid
PAY0002461,O002461,2024-03-10,Credit Card,Paid
PAY0002462,O002462,2024-11-13,Debit Card,Paid
PAY0002463,O002463,2025-01-10,Debit Card,Paid
PAY0002464,O002464,2024-03-29,UPI,Paid
PAY0002465,O002465,2025-12-01,Credit Card,Paid
PAY0002466,O002466,2024-09-13,Credit Card,Paid
PAY0002467,O002467,2024-08-04,Net Banking,Paid
PAY0002468,O002468,2025-03-25,Debit Card,Pending
PAY0002469,O002469,2025-06-27,Net Banking,Paid
PAY0002470,O002470,2024-05-20,Credit Card,Paid
PAY0002471,O002471,2024-06-09,UPI,Paid
PAY0002472,O002472,2024-02-01,UPI,Paid
PAY0002473,O002473,2024-05-31,COD,Failed
PAY0002474,O002474,2024-09-16,UPI,Paid
PAY0002475,O002475,2025-12-28,Debit Card,Paid
PAY0002476,O002476,2024-10-05,COD,Paid
PAY0002477,O002477,2024-10-11,Debit Card,Failed
PAY0002478,O002478,2025-09-01,Net Banking,Paid
PAY0002479,O002479,2025-06-25,Net Banking,Paid
PAY0002480,O002480,2025-08-24,UPI,Pending
PAY0002481,O002481,2024-05-27,COD,Refunded
PAY0002482,O002482,2025-10-17,Debit Card,Paid
PAY0002483,O002483,2024-03-07,Debit Card,Paid
PAY0002484,O002484,2025-07-23,Credit Card,Paid
PAY0002485,O002485,2024-10-05,UPI,Pending
PAY0002486,O002486,2025-03-18,Net Banking,Paid
PAY0002487,O002487,2025-02-02,Credit Card,Paid
PAY0002488,O002488,2024-05-07,Net Banking,Paid
PAY0002489,O002489,2024-12-02,Net Banking,Pending
PAY0002490,O002490,2025-04-26,Debit Card,Paid
PAY0002491,O002491,2025-12-21,Net Banking,Pending
PAY0002492,O002492,2024-07-04,COD,Paid
PAY0002493,O002493,2024-06-17,Net Banking,Paid
PAY0002494,O002494,2025-11-14,COD,Paid
PAY0002495,O002495,2024-09-16,Net Banking,Paid
PAY0002496,O002496,2025-12-17,Credit Card,Failed
PAY0002497,O002497,2025-10-08,Debit Card,Pending
PAY0002498,O002498,2025-07-11,Credit Card,Paid
PAY0002499,O002499,2025-05-21,Debit Card,Paid
PAY0002500,O002500,2025-06-04,Credit Card,Paid
PAY0002501,O002501,2025-04-15,UPI,Paid
PAY0002502,O002502,2024-06-09,Net Banking,Paid
PAY0002503,O002503,2024-10-15,Net Banking,Paid
PAY0002504,O002504,2024-12-05,UPI,Pending
PAY0002505,O002505,2025-05-16,UPI,Paid
PAY0002506,O002506,2024-04-15,COD,Paid
PAY0002507,O002507,2025-04-19,Credit Card,Failed
PAY0002508,O002508,2025-08-22,Net Banking,Paid
PAY0002509,O002509,2025-04-07,COD,Paid
PAY0002510,O002510,2025-04-27,Net Banking,Failed
PAY0002511,O002511,2025-12-04,UPI,Paid
PAY0002512,O002512,2024-06-01,COD,Pending
PAY0002513,O002513,2025-10-10,COD,Paid
PAY0002514,O002514,2024-05-28,COD,Paid
PAY0002515,O002515,2024-07-06,Credit Card,Paid
PAY0002516,O002516,2025-10-14,COD,Pending
PAY0002517,O002517,2024-05-10,Net Banking,Paid
PAY0002518,O002518,2025-03-27,Credit Card,Paid
PAY0002519,O002519,2025-05-30,Net Banking,Failed
PAY0002520,O002520,2025-05-05,COD,Paid
PAY0002521,O002521,2025-04-20,COD,Paid
PAY0002522,O002522,2024-09-19,Net Banking,Pending
PAY0002523,O002523,2025-06-21,Debit Card,Paid
PAY0002524,O002524,2025-04-03,COD,Paid
PAY0002525,O002525,2025-06-19,COD,Paid
PAY0002526,O002526,2025-09-28,Credit Card,Paid
PAY0002527,O002527,2025-11-14,Net Banking,Paid
PAY0002528,O002528,2024-10-21,COD,Paid
PAY0002529,O002529,2025-03-10,Net Banking,Paid
PAY0002530,O002530,2024-10-01,Credit Card,Paid
PAY0002531,O002531,2025-08-10,Net Banking,Paid
PAY0002532,O002532,2024-11-03,Net Banking,Paid
PAY0002533,O002533,2025-12-26,Credit Card,Paid
PAY0002534,O002534,2025-01-10,COD,Paid
PAY0002535,O002535,2024-06-06,Net Banking,Paid
PAY0002536,O002536,2024-07-22,Debit Card,Paid
PAY0002537,O002537,2025-10-22,COD,Paid
PAY0002538,O002538,2024-03-15,Credit Card,Paid
PAY0002539,O002539,2025-01-14,UPI,Refunded
PAY0002540,O002540,2024-10-30,Debit Card,Refunded
PAY0002541,O002541,2024-03-02,COD,Paid
PAY0002542,O002542,2025-07-23,Credit Card,Paid
PAY0002543,O002543,2024-04-17,Debit Card,Paid
PAY0002544,O002544,2024-07-05,COD,Paid
PAY0002545,O002545,2024-08-16,UPI,Paid
PAY0002546,O002546,2024-02-17,COD,Paid
PAY0002547,O002547,2024-09-24,UPI,Paid
PAY0002548,O002548,2025-12-27,UPI,Paid
PAY0002549,O002549,2024-09-10,Net Banking,Paid
PAY0002550,O002550,2024-03-27,Credit Card,Failed
PAY0002551,O002551,2024-06-29,Net Banking,Paid
PAY0002552,O002552,2024-01-25,UPI,Paid
PAY0002553,O002553,2025-01-22,Credit Card,Pending
PAY0002554,O002554,2024-08-09,Credit Card,Paid
PAY0002555,O002555,2025-01-31,Credit Card,Paid
PAY0002556,O002556,2025-05-25,Debit Card,Paid
PAY0002557,O002557,2025-07-14,COD,Paid
PAY0002558,O002558,2025-03-15,UPI,Paid
PAY0002559,O002559,2024-06-23,Credit Card,Paid
PAY0002560,O002560,2024-11-06,Debit Card,Paid
PAY0002561,O002561,2024-09-30,Debit Card,Paid
PAY0002562,O002562,2024-02-04,UPI,Refunded
PAY0002563,O002563,2024-08-04,Net Banking,Paid
PAY0002564,O002564,2025-12-21,Debit Card,Paid
PAY0002565,O002565,2025-11-02,UPI,Paid
PAY0002566,O002566,2025-02-11,Debit Card,Paid
PAY0002567,O002567,2025-06-02,UPI,Paid
PAY0002568,O002568,2024-09-25,Credit Card,Failed
PAY0002569,O002569,2025-09-29,Net Banking,Paid
PAY0002570,O002570,2025-04-19,Debit Card,Refunded
PAY0002571,O002571,2024-11-20,Debit Card,Paid
PAY0002572,O002572,2024-12-21,Debit Card,Paid
PAY0002573,O002573,2024-03-30,COD,Paid
PAY0002574,O002574,2024-02-11,COD,Paid
PAY0002575,O002575,2024-12-30,Credit Card,Paid
PAY0002576,O002576,2025-11-01,Debit Card,Paid
PAY0002577,O002577,2024-07-20,Net Banking,Paid
PAY0002578,O002578,2024-12-31,COD,Paid
PAY0002579,O002579,2024-10-14,UPI,Paid
PAY0002580,O002580,2025-08-25,UPI,Paid
PAY0002581,O002581,2025-04-25,UPI,Paid
PAY0002582,O002582,2025-09-28,Credit Card,Paid
PAY0002583,O002583,2025-05-15,Debit Card,Paid
PAY0002584,O002584,2025-09-29,Debit Card,Refunded
PAY0002585,O002585,2024-02-21,COD,Paid
PAY0002586,O002586,2024-04-12,UPI,Paid
PAY0002587,O002587,2024-12-26,Credit Card,Paid
PAY0002588,O002588,2025-02-27,Net Banking,Failed
PAY0002589,O002589,2025-11-29,Debit Card,Paid
PAY0002590,O002590,2024-07-23,Debit Card,Paid
PAY0002591,O002591,2024-01-14,Credit Card,Paid
PAY0002592,O002592,2025-09-07,COD,Failed
PAY0002593,O002593,2025-09-20,Credit Card,Paid
PAY0002594,O002594,2025-04-14,COD,Paid
PAY0002595,O002595,2025-04-10,Debit Card,Failed
PAY0002596,O002596,2024-10-30,COD,Paid
PAY0002597,O002597,2025-08-27,COD,Paid
PAY0002598,O002598,2025-03-02,COD,Failed
PAY0002599,O002599,2025-10-17,COD,Paid
PAY0002600,O002600,2024-04-19,UPI,Paid
PAY0002601,O002601,2025-11-05,UPI,Paid
PAY0002602,O002602,2025-07-18,UPI,Paid
PAY0002603,O002603,2025-05-29,UPI,Failed
PAY0002604,O002604,2024-03-08,Credit Card,Paid
PAY0002605,O002605,2024-09-02,Net Banking,Paid
PAY0002606,O002606,2025-01-23,COD,Paid
PAY0002607,O002607,2025-10-11,Credit Card,Paid
PAY0002608,O002608,2024-11-03,UPI,Paid
PAY0002609,O002609,2024-12-17,COD,Paid
PAY0002610,O002610,2024-03-06,Net Banking,Paid
PAY0002611,O002611,2025-04-04,COD,Paid
PAY0002612,O002612,2024-12-12,Debit Card,Paid
PAY0002613,O002613,2024-11-20,Debit Card,Pending
PAY0002614,O002614,2025-10-28,Credit Card,Paid
PAY0002615,O002615,2025-08-21,Net Banking,Paid
PAY0002616,O002616,2024-02-02,Credit Card,Paid
PAY0002617,O002617,2024-03-08,COD,Paid
PAY0002618,O002618,2024-07-05,Net Banking,Paid
PAY0002619,O002619,2024-07-10,Credit Card,Paid
PAY0002620,O002620,2024-07-31,COD,Pending
PAY0002621,O002621,2025-08-22,UPI,Paid
PAY0002622,O002622,2025-03-03,COD,Paid
PAY0002623,O002623,2024-12-16,Credit Card,Paid
PAY0002624,O002624,2024-04-17,Net Banking,Paid
PAY0002625,O002625,2024-08-27,Net Banking,Paid
PAY0002626,O002626,2024-08-03,UPI,Paid
PAY0002627,O002627,2024-06-25,Credit Card,Paid
PAY0002628,O002628,2025-07-18,UPI,Paid
PAY0002629,O002629,2024-11-25,Debit Card,Paid
PAY0002630,O002630,2025-07-14,COD,Paid
PAY0002631,O002631,2025-09-17,Debit Card,Paid
PAY0002632,O002632,2025-03-25,Debit Card,Paid
PAY0002633,O002633,2025-08-29,UPI,Pending
PAY0002634,O002634,2025-03-22,UPI,Paid
PAY0002635,O002635,2025-06-20,COD,Paid
PAY0002636,O002636,2025-10-05,UPI,Paid
PAY0002637,O002637,2024-06-27,UPI,Paid
PAY0002638,O002638,2025-01-29,UPI,Paid
PAY0002639,O002639,2024-05-24,UPI,Paid
PAY0002640,O002640,2024-07-16,UPI,Paid
PAY0002641,O002641,2024-03-24,Debit Card,Paid
PAY0002642,O002642,2025-10-30,Debit Card,Pending
PAY0002643,O002643,2024-03-25,COD,Paid
PAY0002644,O002644,2025-04-01,Net Banking,Paid
PAY0002645,O002645,2025-04-20,COD,Failed
PAY0002646,O002646,2024-09-09,Credit Card,Paid
PAY0002647,O002647,2024-03-12,COD,Paid
PAY0002648,O002648,2024-08-10,COD,Paid
PAY0002649,O002649,2024-10-02,UPI,Paid
PAY0002650,O002650,2024-09-02,UPI,Paid
PAY0002651,O002651,2024-12-06,UPI,Paid
PAY0002652,O002652,2025-07-26,Net Banking,Paid
PAY0002653,O002653,2025-04-15,UPI,Refunded
PAY0002654,O002654,2025-03-29,Credit Card,Paid
PAY0002655,O002655,2024-01-07,Debit Card,Paid
PAY0002656,O002656,2024-07-06,Credit Card,Paid
PAY0002657,O002657,2024-01-04,Net Banking,Paid
PAY0002658,O002658,2025-10-06,UPI,Paid
PAY0002659,O002659,2024-05-04,COD,Paid
PAY0002660,O002660,2024-01-15,Debit Card,Paid
PAY0002661,O002661,2025-06-08,Net Banking,Failed
PAY0002662,O002662,2025-09-21,Credit Card,Failed
PAY0002663,O002663,2024-08-27,UPI,Paid
PAY0002664,O002664,2024-12-25,Net Banking,Paid
PAY0002665,O002665,2025-06-01,Net Banking,Paid
PAY0002666,O002666,2024-11-15,COD,Failed
PAY0002667,O002667,2024-08-18,COD,Paid
PAY0002668,O002668,2024-01-30,COD,Paid
PAY0002669,O002669,2025-06-17,Credit Card,Paid
PAY0002670,O002670,2024-06-04,COD,Paid
PAY0002671,O002671,2025-09-21,Net Banking,Paid
PAY0002672,O002672,2025-12-05,Net Banking,Paid
PAY0002673,O002673,2025-02-02,Net Banking,Pending
PAY0002674,O002674,2024-12-11,Debit Card,Paid
PAY0002675,O002675,2024-07-13,Debit Card,Paid
PAY0002676,O002676,2024-06-16,Credit Card,Refunded
PAY0002677,O002677,2025-01-11,COD,Paid
PAY0002678,O002678,2025-05-03,Net Banking,Paid
PAY0002679,O002679,2024-12-27,COD,Paid
PAY0002680,O002680,2025-04-26,Net Banking,Paid
PAY0002681,O002681,2024-08-31,Debit Card,Paid
PAY0002682,O002682,2025-08-03,Net Banking,Paid
PAY0002683,O002683,2025-08-29,Credit Card,Paid
PAY0002684,O002684,2025-08-11,UPI,Failed
PAY0002685,O002685,2024-06-19,Net Banking,Pending
PAY0002686,O002686,2025-05-27,Credit Card,Paid
PAY0002687,O002687,2025-02-09,Debit Card,Paid
PAY0002688,O002688,2025-07-27,Debit Card,Paid
PAY0002689,O002689,2024-07-25,UPI,Refunded
PAY0002690,O002690,2024-06-02,COD,Paid
PAY0002691,O002691,2024-02-17,COD,Paid
PAY0002692,O002692,2025-10-10,Net Banking,Paid
PAY0002693,O002693,2024-01-01,Debit Card,Paid
PAY0002694,O002694,2025-02-10,Credit Card,Paid
PAY0002695,O002695,2024-04-16,UPI,Failed
PAY0002696,O002696,2024-06-21,COD,Paid
PAY0002697,O002697,2025-05-20,Net Banking,Paid
PAY0002698,O002698,2024-05-09,Net Banking,Paid
PAY0002699,O002699,2025-02-01,Debit Card,Refunded
PAY0002700,O002700,2024-10-20,Credit Card,Paid
PAY0002701,O002701,2025-07-05,Credit Card,Paid
PAY0002702,O002702,2025-03-22,COD,Paid
PAY0002703,O002703,2024-01-16,Net Banking,Paid
PAY0002704,O002704,2025-09-30,Debit Card,Paid
PAY0002705,O002705,2024-12-14,Credit Card,Paid
PAY0002706,O002706,2024-07-21,Net Banking,Paid
PAY0002707,O002707,2024-05-13,Credit Card,Paid
PAY0002708,O002708,2025-06-09,UPI,Paid
PAY0002709,O002709,2025-05-22,Credit Card,Paid
PAY0002710,O002710,2024-03-06,Credit Card,Paid
PAY0002711,O002711,2025-04-24,Net Banking,Paid
PAY0002712,O002712,2025-04-03,Credit Card,Paid
PAY0002713,O002713,2024-12-07,Credit Card,Paid
PAY0002714,O002714,2025-12-07,UPI,Paid
PAY0002715,O002715,2025-09-17,Credit Card,Paid
PAY0002716,O002716,2024-06-07,Credit Card,Paid
PAY0002717,O002717,2024-06-09,Net Banking,Paid
PAY0002718,O002718,2024-09-10,Debit Card,Paid
PAY0002719,O002719,2025-06-10,UPI,Paid
PAY0002720,O002720,2025-07-02,Credit Card,Failed
PAY0002721,O002721,2024-06-03,Debit Card,Paid
PAY0002722,O002722,2025-04-30,Net Banking,Paid
PAY0002723,O002723,2025-03-07,UPI,Paid
PAY0002724,O002724,2024-01-27,Net Banking,Paid
PAY0002725,O002725,2024-01-12,Debit Card,Refunded
PAY0002726,O002726,2024-03-07,UPI,Paid
PAY0002727,O002727,2025-06-25,Credit Card,Paid
PAY0002728,O002728,2024-04-05,Debit Card,Refunded
PAY0002729,O002729,2024-08-02,Net Banking,Paid
PAY0002730,O002730,2024-07-12,UPI,Paid
PAY0002731,O002731,2025-10-08,Debit Card,Paid
PAY0002732,O002732,2024-10-16,Debit Card,Paid
PAY0002733,O002733,2025-06-27,Net Banking,Refunded
PAY0002734,O002734,2024-02-08,Net Banking,Paid
PAY0002735,O002735,2024-07-24,Credit Card,Refunded
PAY0002736,O002736,2025-07-08,Credit Card,Pending
PAY0002737,O002737,2025-04-28,Debit Card,Paid
PAY0002738,O002738,2024-12-02,Net Banking,Paid
PAY0002739,O002739,2025-05-10,Debit Card,Paid
PAY0002740,O002740,2024-09-05,COD,Paid
PAY0002741,O002741,2024-03-14,Net Banking,Paid
PAY0002742,O002742,2025-01-07,COD,Failed
PAY0002743,O002743,2025-12-02,COD,Paid
PAY0002744,O002744,2024-05-17,Net Banking,Paid
PAY0002745,O002745,2025-04-01,Credit Card,Paid
PAY0002746,O002746,2025-03-19,Debit Card,Paid
PAY0002747,O002747,2024-12-18,UPI,Paid
PAY0002748,O002748,2025-02-14,UPI,Paid
PAY0002749,O002749,2025-11-08,Net Banking,Paid
PAY0002750,O002750,2025-06-21,Credit Card,Failed
PAY0002751,O002751,2025-03-28,Credit Card,Paid
PAY0002752,O002752,2025-02-22,Credit Card,Paid
PAY0002753,O002753,2025-03-25,UPI,Paid
PAY0002754,O002754,2025-08-07,COD,Paid
PAY0002755,O002755,2024-04-24,UPI,Failed
PAY0002756,O002756,2024-02-20,Credit Card,Failed
PAY0002757,O002757,2025-01-03,UPI,Paid
PAY0002758,O002758,2025-11-13,UPI,Paid
PAY0002759,O002759,2025-05-29,Debit Card,Paid
PAY0002760,O002760,2024-07-28,Net Banking,Paid
PAY0002761,O002761,2025-09-18,COD,Paid
PAY0002762,O002762,2025-11-09,Debit Card,Pending
PAY0002763,O002763,2025-03-10,Net Banking,Paid
PAY0002764,O002764,2024-08-14,Credit Card,Paid
PAY0002765,O002765,2025-10-24,Debit Card,Paid
PAY0002766,O002766,2024-09-24,Net Banking,Paid
PAY0002767,O002767,2024-04-25,Debit Card,Paid
PAY0002768,O002768,2025-08-22,UPI,Refunded
PAY0002769,O002769,2024-12-25,UPI,Paid
PAY0002770,O002770,2024-11-24,Debit Card,Pending
PAY0002771,O002771,2024-02-09,Debit Card,Paid
PAY0002772,O002772,2024-06-30,COD,Paid
PAY0002773,O002773,2025-05-04,Credit Card,Failed
PAY0002774,O002774,2024-07-27,UPI,Paid
PAY0002775,O002775,2024-09-29,Debit Card,Paid
PAY0002776,O002776,2024-04-28,Net Banking,Paid
PAY0002777,O002777,2025-01-16,Credit Card,Paid
PAY0002778,O002778,2025-06-19,Net Banking,Paid
PAY0002779,O002779,2024-09-14,Credit Card,Paid
PAY0002780,O002780,2025-04-27,Net Banking,Paid
PAY0002781,O002781,2025-05-23,UPI,Pending
PAY0002782,O002782,2024-04-01,Debit Card,Paid
PAY0002783,O002783,2024-06-09,Debit Card,Paid
PAY0002784,O002784,2024-05-28,COD,Paid
PAY0002785,O002785,2024-04-26,Debit Card,Paid
PAY0002786,O002786,2025-04-02,UPI,Paid
PAY0002787,O002787,2025-07-18,Credit Card,Pending
PAY0002788,O002788,2024-02-14,Credit Card,Paid
PAY0002789,O002789,2024-08-21,Debit Card,Paid
PAY0002790,O002790,2025-01-09,Net Banking,Paid
PAY0002791,O002791,2025-06-30,Debit Card,Paid
PAY0002792,O002792,2024-07-15,Credit Card,Paid
PAY0002793,O002793,2024-01-25,COD,Paid
PAY0002794,O002794,2025-01-29,Credit Card,Paid
PAY0002795,O002795,2025-12-14,Net Banking,Refunded
PAY0002796,O002796,2024-02-05,Net Banking,Paid
PAY0002797,O002797,2025-04-18,COD,Paid
PAY0002798,O002798,2024-08-10,Net Banking,Paid
PAY0002799,O002799,2025-06-13,Debit Card,Paid
PAY0002800,O002800,2024-07-06,Debit Card,Paid
PAY0002801,O002801,2025-02-05,Credit Card,Paid
PAY0002802,O002802,2024-09-13,UPI,Paid
PAY0002803,O002803,2025-10-15,Debit Card,Paid
PAY0002804,O002804,2024-05-15,Debit Card,Paid
PAY0002805,O002805,2025-08-13,COD,Paid
PAY0002806,O002806,2025-03-19,Debit Card,Paid
PAY0002807,O002807,2025-02-21,Credit Card,Paid
PAY0002808,O002808,2024-10-18,COD,Paid
PAY0002809,O002809,2025-07-27,Debit Card,Paid
PAY0002810,O002810,2024-05-08,Credit Card,Paid
PAY0002811,O002811,2024-12-06,COD,Paid
PAY0002812,O002812,2024-09-13,UPI,Paid
PAY0002813,O002813,2025-12-24,Credit Card,Paid
PAY0002814,O002814,2025-07-19,Debit Card,Failed
PAY0002815,O002815,2025-11-17,COD,Paid
PAY0002816,O002816,2024-04-09,UPI,Paid
PAY0002817,O002817,2024-02-08,Credit Card,Paid
PAY0002818,O002818,2024-09-19,UPI,Paid
PAY0002819,O002819,2024-05-29,Credit Card,Paid
PAY0002820,O002820,2025-09-24,Debit Card,Pending
PAY0002821,O002821,2025-11-20,Credit Card,Paid
PAY0002822,O002822,2024-11-25,Debit Card,Paid
PAY0002823,O002823,2024-04-29,Credit Card,Paid
PAY0002824,O002824,2025-08-06,COD,Paid
PAY0002825,O002825,2024-08-06,Credit Card,Pending
PAY0002826,O002826,2024-05-02,Credit Card,Paid
PAY0002827,O002827,2024-08-31,Net Banking,Paid
PAY0002828,O002828,2025-08-09,Net Banking,Pending
PAY0002829,O002829,2025-06-01,Credit Card,Pending
PAY0002830,O002830,2024-01-21,Net Banking,Paid
PAY0002831,O002831,2024-07-08,Debit Card,Paid
PAY0002832,O002832,2024-08-12,Net Banking,Paid
PAY0002833,O002833,2025-09-06,Credit Card,Paid
PAY0002834,O002834,2025-04-10,UPI,Paid
PAY0002835,O002835,2024-04-08,UPI,Paid
PAY0002836,O002836,2024-12-28,Credit Card,Failed
PAY0002837,O002837,2024-03-23,Credit Card,Paid
PAY0002838,O002838,2025-11-23,UPI,Paid
PAY0002839,O002839,2025-10-25,COD,Paid
PAY0002840,O002840,2024-02-25,Net Banking,Paid
PAY0002841,O002841,2025-12-02,COD,Paid
PAY0002842,O002842,2024-01-22,Debit Card,Paid
PAY0002843,O002843,2025-08-02,UPI,Failed
PAY0002844,O002844,2024-07-03,UPI,Paid
PAY0002845,O002845,2025-06-05,COD,Paid
PAY0002846,O002846,2025-07-31,Debit Card,Pending
PAY0002847,O002847,2024-09-20,COD,Refunded
PAY0002848,O002848,2024-08-12,Debit Card,Paid
PAY0002849,O002849,2025-09-26,Credit Card,Paid
PAY0002850,O002850,2024-02-07,Credit Card,Refunded
PAY0002851,O002851,2024-05-02,UPI,Paid
PAY0002852,O002852,2024-06-04,Credit Card,Paid
PAY0002853,O002853,2024-10-27,COD,Paid
PAY0002854,O002854,2024-03-07,Debit Card,Paid
PAY0002855,O002855,2025-10-06,UPI,Pending
PAY0002856,O002856,2025-01-28,Credit Card,Paid
PAY0002857,O002857,2025-10-13,UPI,Paid
PAY0002858,O002858,2025-08-16,UPI,Paid
PAY0002859,O002859,2025-07-23,Debit Card,Pending
PAY0002860,O002860,2025-10-22,COD,Paid
PAY0002861,O002861,2025-02-08,COD,Pending
PAY0002862,O002862,2025-03-24,Net Banking,Paid
PAY0002863,O002863,2024-05-10,COD,Paid
PAY0002864,O002864,2024-03-09,Credit Card,Paid
PAY0002865,O002865,2024-12-10,Net Banking,Refunded
PAY0002866,O002866,2024-11-15,Net Banking,Paid
PAY0002867,O002867,2024-06-25,Net Banking,Pending
PAY0002868,O002868,2025-08-06,Net Banking,Paid
PAY0002869,O002869,2025-06-12,COD,Paid
PAY0002870,O002870,2024-06-08,Net Banking,Paid
PAY0002871,O002871,2025-08-04,Credit Card,Paid
PAY0002872,O002872,2025-09-16,Credit Card,Refunded
PAY0002873,O002873,2025-06-16,UPI,Paid
PAY0002874,O002874,2024-05-14,Credit Card,Paid
PAY0002875,O002875,2024-04-20,UPI,Paid
PAY0002876,O002876,2024-10-09,Credit Card,Paid
PAY0002877,O002877,2025-06-03,Net Banking,Paid
PAY0002878,O002878,2025-12-19,Debit Card,Pending
PAY0002879,O002879,2024-07-12,Net Banking,Failed
PAY0002880,O002880,2024-02-16,COD,Paid
PAY0002881,O002881,2024-12-07,UPI,Paid
PAY0002882,O002882,2024-08-29,Debit Card,Paid
PAY0002883,O002883,2025-06-05,Credit Card,Paid
PAY0002884,O002884,2025-01-04,Net Banking,Paid
PAY0002885,O002885,2024-05-10,UPI,Paid
PAY0002886,O002886,2024-09-26,UPI,Paid
PAY0002887,O002887,2024-03-01,Credit Card,Paid
PAY0002888,O002888,2024-06-12,UPI,Paid
PAY0002889,O002889,2025-06-08,Credit Card,Paid
PAY0002890,O002890,2024-09-28,Credit Card,Paid
PAY0002891,O002891,2025-12-20,Net Banking,Refunded
PAY0002892,O002892,2024-05-12,UPI,Refunded
PAY0002893,O002893,2024-08-31,COD,Paid
PAY0002894,O002894,2025-03-09,COD,Paid
PAY0002895,O002895,2024-02-07,Net Banking,Paid
PAY0002896,O002896,2025-07-21,Net Banking,Paid
PAY0002897,O002897,2024-11-14,Credit Card,Paid
PAY0002898,O002898,2025-05-24,COD,Paid
PAY0002899,O002899,2025-01-10,UPI,Paid
PAY0002900,O002900,2025-07-13,COD,Paid
PAY0002901,O002901,2025-09-08,Net Banking,Paid
PAY0002902,O002902,2025-04-18,Net Banking,Paid
PAY0002903,O002903,2024-02-28,Credit Card,Paid
PAY0002904,O002904,2025-08-11,UPI,Pending
PAY0002905,O002905,2025-05-13,Net Banking,Failed
PAY0002906,O002906,2024-08-05,UPI,Paid
PAY0002907,O002907,2025-07-20,COD,Refunded
PAY0002908,O002908,2025-07-20,Credit Card,Paid
PAY0002909,O002909,2024-05-08,COD,Paid
PAY0002910,O002910,2025-01-17,Net Banking,Pending
PAY0002911,O002911,2025-01-22,Net Banking,Paid
PAY0002912,O002912,2024-03-25,UPI,Pending
PAY0002913,O002913,2025-05-24,Net Banking,Paid
PAY0002914,O002914,2025-12-26,UPI,Paid
PAY0002915,O002915,2025-09-18,Debit Card,Paid
PAY0002916,O002916,2025-03-12,Net Banking,Paid
PAY0002917,O002917,2024-10-19,COD,Failed
PAY0002918,O002918,2024-02-18,COD,Paid
PAY0002919,O002919,2024-03-07,UPI,Paid
PAY0002920,O002920,2024-05-08,Debit Card,Paid
PAY0002921,O002921,2024-01-29,Net Banking,Failed
PAY0002922,O002922,2024-12-08,Credit Card,Paid
PAY0002923,O002923,2025-06-28,Credit Card,Paid
PAY0002924,O002924,2024-04-28,COD,Paid
PAY0002925,O002925,2025-11-22,Net Banking,Paid
PAY0002926,O002926,2025-10-24,Credit Card,Paid
PAY0002927,O002927,2024-05-12,UPI,Paid
PAY0002928,O002928,2024-11-22,Net Banking,Paid
PAY0002929,O002929,2024-07-03,COD,Paid
PAY0002930,O002930,2025-05-20,Debit Card,Paid
PAY0002931,O002931,2025-10-07,UPI,Paid
PAY0002932,O002932,2025-11-19,UPI,Paid
PAY0002933,O002933,2025-06-17,Net Banking,Paid
PAY0002934,O002934,2024-08-28,Debit Card,Paid
PAY0002935,O002935,2025-08-11,UPI,Paid
PAY0002936,O002936,2025-12-16,Debit Card,Paid
PAY0002937,O002937,2025-05-30,COD,Paid
PAY0002938,O002938,2024-06-13,UPI,Paid
PAY0002939,O002939,2025-10-01,Credit Card,Paid
PAY0002940,O002940,2025-07-10,COD,Paid
PAY0002941,O002941,2024-08-05,COD,Paid
PAY0002942,O002942,2025-10-09,UPI,Paid
PAY0002943,O002943,2025-11-10,Credit Card,Refunded
PAY0002944,O002944,2025-08-27,Debit Card,Paid
PAY0002945,O002945,2024-01-05,Credit Card,Paid
PAY0002946,O002946,2025-10-29,COD,Paid
PAY0002947,O002947,2024-03-21,UPI,Paid
PAY0002948,O002948,2024-09-03,Credit Card,Paid
PAY0002949,O002949,2025-05-07,Credit Card,Paid
PAY0002950,O002950,2025-10-10,COD,Paid
PAY0002951,O002951,2025-01-20,Debit Card,Paid
PAY0002952,O002952,2025-07-28,Credit Card,Paid
PAY0002953,O002953,2024-11-02,Credit Card,Paid
PAY0002954,O002954,2025-09-19,Net Banking,Paid
PAY0002955,O002955,2025-09-16,COD,Pending
PAY0002956,O002956,2025-06-26,Net Banking,Paid
PAY0002957,O002957,2024-01-07,COD,Paid
PAY0002958,O002958,2025-05-29,COD,Paid
PAY0002959,O002959,2025-07-21,Net Banking,Paid
PAY0002960,O002960,2024-03-13,Debit Card,Paid
PAY0002961,O002961,2024-01-10,Debit Card,Paid
PAY0002962,O002962,2025-07-26,COD,Paid
PAY0002963,O002963,2025-07-15,Net Banking,Paid
PAY0002964,O002964,2024-05-01,Credit Card,Paid
PAY0002965,O002965,2025-11-17,COD,Paid
PAY0002966,O002966,2025-05-27,COD,Failed
PAY0002967,O002967,2025-03-16,UPI,Paid
PAY0002968,O002968,2024-02-07,Debit Card,Paid
PAY0002969,O002969,2025-12-02,Net Banking,Paid
PAY0002970,O002970,2025-08-13,Credit Card,Paid
PAY0002971,O002971,2024-12-10,Credit Card,Paid
PAY0002972,O002972,2024-12-03,COD,Paid
PAY0002973,O002973,2025-12-02,Credit Card,Paid
PAY0002974,O002974,2024-07-02,Credit Card,Paid
PAY0002975,O002975,2024-03-07,COD,Paid
PAY0002976,O002976,2024-01-17,Debit Card,Paid
PAY0002977,O002977,2025-01-17,UPI,Pending
PAY0002978,O002978,2025-01-02,Debit Card,Paid
PAY0002979,O002979,2024-11-11,Debit Card,Paid
PAY0002980,O002980,2025-05-11,UPI,Failed
PAY0002981,O002981,2025-12-21,COD,Paid
PAY0002982,O002982,2024-12-10,Debit Card,Paid
PAY0002983,O002983,2025-07-06,Net Banking,Paid
PAY0002984,O002984,2025-04-17,Net Banking,Paid
PAY0002985,O002985,2024-04-24,UPI,Paid
PAY0002986,O002986,2024-04-09,Net Banking,Paid
PAY0002987,O002987,2025-03-13,COD,Paid
PAY0002988,O002988,2024-12-10,Credit Card,Paid
PAY0002989,O002989,2024-12-14,COD,Paid
PAY0002990,O002990,2024-05-18,UPI,Paid
PAY0002991,O002991,2024-11-19,Credit Card,Paid
PAY0002992,O002992,2024-10-28,Net Banking,Refunded
PAY0002993,O002993,2024-10-20,Debit Card,Paid
PAY0002994,O002994,2025-06-12,Net Banking,Paid
PAY0002995,O002995,2024-10-18,COD,Paid
PAY0002996,O002996,2024-03-14,COD,Paid
PAY0002997,O002997,2025-04-28,UPI,Paid
PAY0002998,O002998,2024-01-16,Debit Card,Paid
PAY0002999,O002999,2025-06-09,Debit Card,Paid
PAY0003000,O003000,2024-12-01,Credit Card,Paid
PAY0003001,O003001,2025-05-30,Credit Card,Paid
PAY0003002,O003002,2024-05-06,COD,Pending
PAY0003003,O003003,2025-06-01,UPI,Paid
PAY0003004,O003004,2024-05-08,COD,Paid
PAY0003005,O003005,2025-05-25,Debit Card,Paid
PAY0003006,O003006,2025-02-26,Debit Card,Paid
PAY0003007,O003007,2025-01-19,COD,Failed
PAY0003008,O003008,2024-08-19,Debit Card,Paid
PAY0003009,O003009,2024-07-13,Credit Card,Paid
PAY0003010,O003010,2024-03-05,Debit Card,Paid
PAY0003011,O003011,2025-09-06,Credit Card,Paid
PAY0003012,O003012,2024-10-03,Net Banking,Paid
PAY0003013,O003013,2025-10-31,UPI,Pending
PAY0003014,O003014,2024-08-11,UPI,Paid
PAY0003015,O003015,2024-10-04,Debit Card,Failed
PAY0003016,O003016,2025-11-24,UPI,Paid
PAY0003017,O003017,2024-12-31,Net Banking,Paid
PAY0003018,O003018,2025-05-30,Debit Card,Paid
PAY0003019,O003019,2024-08-02,Credit Card,Paid
PAY0003020,O003020,2025-03-14,Net Banking,Paid
PAY0003021,O003021,2025-03-03,Net Banking,Paid
PAY0003022,O003022,2025-12-29,UPI,Paid
PAY0003023,O003023,2025-01-30,Credit Card,Paid
PAY0003024,O003024,2024-07-27,COD,Paid
PAY0003025,O003025,2025-05-15,Net Banking,Paid
PAY0003026,O003026,2025-04-07,UPI,Paid
PAY0003027,O003027,2025-08-08,Net Banking,Paid
PAY0003028,O003028,2024-08-14,Credit Card,Paid
PAY0003029,O003029,2025-01-09,Credit Card,Failed
PAY0003030,O003030,2025-05-14,Debit Card,Paid
PAY0003031,O003031,2024-04-02,COD,Paid
PAY0003032,O003032,2025-04-04,COD,Pending
PAY0003033,O003033,2025-07-30,UPI,Paid
PAY0003034,O003034,2024-11-16,COD,Paid
PAY0003035,O003035,2024-01-10,Credit Card,Paid
PAY0003036,O003036,2024-10-29,COD,Paid
PAY0003037,O003037,2024-11-17,UPI,Paid
PAY0003038,O003038,2025-03-31,Net Banking,Failed
PAY0003039,O003039,2024-10-04,COD,Paid
PAY0003040,O003040,2025-08-20,COD,Paid
PAY0003041,O003041,2025-06-21,Credit Card,Paid
PAY0003042,O003042,2025-12-30,Credit Card,Paid
PAY0003043,O003043,2025-01-27,Net Banking,Paid
PAY0003044,O003044,2024-04-04,Debit Card,Paid
PAY0003045,O003045,2024-04-16,COD,Paid
PAY0003046,O003046,2025-01-24,Credit Card,Pending
PAY0003047,O003047,2025-06-09,Debit Card,Paid
PAY0003048,O003048,2025-11-03,COD,Paid
PAY0003049,O003049,2024-03-11,COD,Refunded
PAY0003050,O003050,2025-10-25,Debit Card,Paid
PAY0003051,O003051,2025-08-09,Credit Card,Paid
PAY0003052,O003052,2025-01-10,Net Banking,Paid
PAY0003053,O003053,2025-12-27,COD,Paid
PAY0003054,O003054,2025-01-02,UPI,Paid
PAY0003055,O003055,2024-02-20,UPI,Paid
PAY0003056,O003056,2024-05-22,UPI,Paid
PAY0003057,O003057,2025-02-22,Net Banking,Paid
PAY0003058,O003058,2025-07-01,COD,Paid
PAY0003059,O003059,2025-05-14,Credit Card,Paid
PAY0003060,O003060,2024-06-15,Credit Card,Paid
PAY0003061,O003061,2024-09-16,Net Banking,Refunded
PAY0003062,O003062,2024-07-10,COD,Paid
PAY0003063,O003063,2024-07-20,Debit Card,Paid
PAY0003064,O003064,2024-07-03,Debit Card,Failed
PAY0003065,O003065,2024-06-06,COD,Refunded
PAY0003066,O003066,2025-09-13,COD,Paid
PAY0003067,O003067,2024-04-08,Credit Card,Paid
PAY0003068,O003068,2024-08-28,Net Banking,Pending
PAY0003069,O003069,2025-05-05,Net Banking,Paid
PAY0003070,O003070,2024-07-20,Credit Card,Paid
PAY0003071,O003071,2025-09-25,UPI,Paid
PAY0003072,O003072,2025-05-23,Debit Card,Paid
PAY0003073,O003073,2025-09-20,COD,Paid
PAY0003074,O003074,2024-04-05,Debit Card,Paid
PAY0003075,O003075,2025-05-04,Debit Card,Paid
PAY0003076,O003076,2025-08-01,Net Banking,Paid
PAY0003077,O003077,2024-08-05,Credit Card,Failed
PAY0003078,O003078,2025-06-10,UPI,Paid
PAY0003079,O003079,2024-09-29,UPI,Paid
PAY0003080,O003080,2024-08-06,Credit Card,Paid
PAY0003081,O003081,2025-10-20,Debit Card,Paid
PAY0003082,O003082,2024-11-27,Credit Card,Pending
PAY0003083,O003083,2025-03-28,Credit Card,Paid
PAY0003084,O003084,2024-05-31,COD,Paid
PAY0003085,O003085,2024-12-12,COD,Paid
PAY0003086,O003086,2025-02-17,Debit Card,Paid
PAY0003087,O003087,2025-06-10,Net Banking,Paid
PAY0003088,O003088,2025-03-06,UPI,Paid
PAY0003089,O003089,2025-01-13,COD,Paid
PAY0003090,O003090,2025-03-03,Debit Card,Refunded
PAY0003091,O003091,2024-03-24,Credit Card,Paid
PAY0003092,O003092,2024-07-10,COD,Pending
PAY0003093,O003093,2024-02-10,Credit Card,Paid
PAY0003094,O003094,2024-11-04,Credit Card,Paid
PAY0003095,O003095,2025-01-12,COD,Paid
PAY0003096,O003096,2024-05-15,Debit Card,Paid
PAY0003097,O003097,2024-04-15,UPI,Paid
PAY0003098,O003098,2025-06-02,Debit Card,Paid
PAY0003099,O003099,2025-06-25,Net Banking,Pending
PAY0003100,O003100,2024-05-05,Net Banking,Paid
PAY0003101,O003101,2024-12-22,UPI,Refunded
PAY0003102,O003102,2025-02-03,Net Banking,Paid
PAY0003103,O003103,2024-03-19,Credit Card,Paid
PAY0003104,O003104,2025-01-23,Net Banking,Refunded
PAY0003105,O003105,2025-08-01,COD,Paid
PAY0003106,O003106,2025-06-18,Credit Card,Paid
PAY0003107,O003107,2025-12-01,Debit Card,Paid
PAY0003108,O003108,2024-03-14,UPI,Paid
PAY0003109,O003109,2024-01-05,COD,Paid
PAY0003110,O003110,2025-04-07,COD,Paid
PAY0003111,O003111,2024-03-22,UPI,Paid
PAY0003112,O003112,2025-06-20,Net Banking,Paid
PAY0003113,O003113,2025-02-08,UPI,Paid
PAY0003114,O003114,2025-05-28,UPI,Paid
PAY0003115,O003115,2024-10-04,Net Banking,Paid
PAY0003116,O003116,2024-08-11,Debit Card,Paid
PAY0003117,O003117,2025-08-06,UPI,Paid
PAY0003118,O003118,2024-03-08,Net Banking,Paid
PAY0003119,O003119,2024-11-15,COD,Refunded
PAY0003120,O003120,2025-08-28,UPI,Failed
PAY0003121,O003121,2024-01-19,UPI,Paid
PAY0003122,O003122,2025-10-01,Debit Card,Paid
PAY0003123,O003123,2024-12-08,Debit Card,Paid
PAY0003124,O003124,2025-08-16,COD,Paid
PAY0003125,O003125,2024-12-08,Debit Card,Paid
PAY0003126,O003126,2024-04-06,COD,Paid
PAY0003127,O003127,2024-02-21,UPI,Paid
PAY0003128,O003128,2024-06-23,Net Banking,Paid
PAY0003129,O003129,2024-12-03,Debit Card,Paid
PAY0003130,O003130,2025-11-24,COD,Paid
PAY0003131,O003131,2024-12-18,Debit Card,Paid
PAY0003132,O003132,2025-01-25,Debit Card,Paid
PAY0003133,O003133,2024-04-24,Credit Card,Paid
PAY0003134,O003134,2024-12-13,UPI,Pending
PAY0003135,O003135,2024-01-01,Debit Card,Paid
PAY0003136,O003136,2024-03-03,Net Banking,Paid
PAY0003137,O003137,2024-08-13,Credit Card,Paid
PAY0003138,O003138,2025-02-26,COD,Paid
PAY0003139,O003139,2024-01-19,COD,Pending
PAY0003140,O003140,2024-01-31,Net Banking,Pending
PAY0003141,O003141,2025-09-24,Net Banking,Paid
PAY0003142,O003142,2024-01-24,UPI,Paid
PAY0003143,O003143,2024-07-29,Net Banking,Paid
PAY0003144,O003144,2024-06-09,COD,Paid
PAY0003145,O003145,2024-09-11,UPI,Paid
PAY0003146,O003146,2025-07-24,Net Banking,Paid
PAY0003147,O003147,2024-04-23,Net Banking,Paid
PAY0003148,O003148,2025-05-18,COD,Paid
PAY0003149,O003149,2025-11-02,UPI,Paid
PAY0003150,O003150,2024-08-07,Credit Card,Paid
PAY0003151,O003151,2024-12-22,Credit Card,Paid
PAY0003152,O003152,2024-06-17,UPI,Paid
PAY0003153,O003153,2025-06-07,Net Banking,Paid
PAY0003154,O003154,2024-08-29,Net Banking,Paid
PAY0003155,O003155,2025-01-09,UPI,Paid
PAY0003156,O003156,2024-05-18,Credit Card,Failed
PAY0003157,O003157,2024-04-06,Debit Card,Paid
PAY0003158,O003158,2024-05-26,COD,Paid
PAY0003159,O003159,2024-06-30,UPI,Paid
PAY0003160,O003160,2024-02-26,Debit Card,Paid
PAY0003161,O003161,2024-02-11,COD,Paid
PAY0003162,O003162,2025-12-11,Debit Card,Paid
PAY0003163,O003163,2025-06-26,Debit Card,Paid
PAY0003164,O003164,2025-11-22,COD,Paid
PAY0003165,O003165,2024-01-02,Debit Card,Refunded
PAY0003166,O003166,2024-10-14,Credit Card,Paid
PAY0003167,O003167,2024-05-17,UPI,Paid
PAY0003168,O003168,2025-09-08,Credit Card,Paid
PAY0003169,O003169,2025-05-26,Credit Card,Refunded
PAY0003170,O003170,2025-12-30,COD,Paid
PAY0003171,O003171,2024-08-09,COD,Paid
PAY0003172,O003172,2024-11-26,COD,Failed
PAY0003173,O003173,2025-09-08,Debit Card,Paid
PAY0003174,O003174,2025-02-07,Debit Card,Paid
PAY0003175,O003175,2025-05-22,UPI,Refunded
PAY0003176,O003176,2024-05-06,Debit Card,Paid
PAY0003177,O003177,2024-09-21,UPI,Paid
PAY0003178,O003178,2025-12-12,Credit Card,Failed
PAY0003179,O003179,2024-01-15,UPI,Paid
PAY0003180,O003180,2024-08-13,UPI,Paid
PAY0003181,O003181,2024-04-14,COD,Paid
PAY0003182,O003182,2025-05-07,Debit Card,Paid
PAY0003183,O003183,2024-11-14,Net Banking,Paid
PAY0003184,O003184,2024-08-06,Net Banking,Paid
PAY0003185,O003185,2024-10-03,COD,Paid
PAY0003186,O003186,2024-12-06,Credit Card,Pending
PAY0003187,O003187,2025-03-27,Credit Card,Failed
PAY0003188,O003188,2025-01-03,Credit Card,Paid
PAY0003189,O003189,2025-04-18,UPI,Paid
PAY0003190,O003190,2024-07-08,Debit Card,Paid
PAY0003191,O003191,2025-02-22,Credit Card,Paid
PAY0003192,O003192,2025-12-10,Net Banking,Paid
PAY0003193,O003193,2025-05-09,UPI,Paid
PAY0003194,O003194,2024-02-08,Credit Card,Paid
PAY0003195,O003195,2024-06-10,Credit Card,Paid
PAY0003196,O003196,2024-04-30,Debit Card,Paid
PAY0003197,O003197,2025-02-02,Debit Card,Paid
PAY0003198,O003198,2024-09-18,UPI,Paid
PAY0003199,O003199,2025-12-28,Net Banking,Paid
PAY0003200,O003200,2025-07-14,COD,Paid
PAY0003201,O003201,2025-08-26,Net Banking,Paid
PAY0003202,O003202,2024-05-08,Debit Card,Failed
PAY0003203,O003203,2025-06-23,Debit Card,Pending
PAY0003204,O003204,2024-12-21,COD,Paid
PAY0003205,O003205,2025-10-21,Net Banking,Paid
PAY0003206,O003206,2025-03-07,Net Banking,Paid
PAY0003207,O003207,2024-03-05,COD,Paid
PAY0003208,O003208,2024-08-05,Debit Card,Paid
PAY0003209,O003209,2025-07-16,UPI,Paid
PAY0003210,O003210,2025-03-02,Net Banking,Paid
PAY0003211,O003211,2024-03-14,Credit Card,Paid
PAY0003212,O003212,2025-04-04,Net Banking,Paid
PAY0003213,O003213,2025-02-28,Net Banking,Paid
PAY0003214,O003214,2025-12-11,Net Banking,Paid
PAY0003215,O003215,2024-07-10,Debit Card,Failed
PAY0003216,O003216,2024-07-07,Credit Card,Paid
PAY0003217,O003217,2024-01-12,Net Banking,Paid
PAY0003218,O003218,2024-08-26,UPI,Pending
PAY0003219,O003219,2025-08-15,Credit Card,Paid
PAY0003220,O003220,2025-03-28,COD,Failed
PAY0003221,O003221,2025-01-17,UPI,Paid
PAY0003222,O003222,2024-02-17,COD,Paid
PAY0003223,O003223,2024-11-12,Net Banking,Paid
PAY0003224,O003224,2024-07-27,Debit Card,Paid
PAY0003225,O003225,2025-06-30,Net Banking,Paid
PAY0003226,O003226,2024-04-28,Net Banking,Paid
PAY0003227,O003227,2025-07-30,COD,Paid
PAY0003228,O003228,2024-11-10,Net Banking,Failed
PAY0003229,O003229,2024-02-05,UPI,Paid
PAY0003230,O003230,2025-04-07,Debit Card,Paid
PAY0003231,O003231,2025-07-07,COD,Paid
PAY0003232,O003232,2025-08-03,Credit Card,Paid
PAY0003233,O003233,2025-02-06,Net Banking,Paid
PAY0003234,O003234,2024-04-16,COD,Failed
PAY0003235,O003235,2024-02-08,Net Banking,Paid
PAY0003236,O003236,2025-08-03,Net Banking,Failed
PAY0003237,O003237,2024-06-28,COD,Paid
PAY0003238,O003238,2024-01-12,UPI,Paid
PAY0003239,O003239,2024-12-04,Credit Card,Refunded
PAY0003240,O003240,2025-12-16,Net Banking,Paid
PAY0003241,O003241,2025-07-01,UPI,Paid
PAY0003242,O003242,2024-05-05,Net Banking,Paid
PAY0003243,O003243,2024-03-03,Net Banking,Paid
PAY0003244,O003244,2024-03-22,UPI,Paid
PAY0003245,O003245,2024-10-25,Net Banking,Paid
PAY0003246,O003246,2024-02-03,Credit Card,Paid
PAY0003247,O003247,2025-08-31,COD,Paid
PAY0003248,O003248,2024-02-18,UPI,Paid
PAY0003249,O003249,2025-10-19,Debit Card,Paid
PAY0003250,O003250,2025-09-28,Net Banking,Paid
PAY0003251,O003251,2025-12-01,COD,Paid
PAY0003252,O003252,2024-02-26,Credit Card,Paid
PAY0003253,O003253,2024-04-18,Credit Card,Paid
PAY0003254,O003254,2025-05-31,Debit Card,Paid
PAY0003255,O003255,2024-01-24,Credit Card,Paid
PAY0003256,O003256,2024-08-08,COD,Paid
PAY0003257,O003257,2024-11-10,Debit Card,Paid
PAY0003258,O003258,2024-10-20,UPI,Paid
PAY0003259,O003259,2024-01-10,Debit Card,Paid
PAY0003260,O003260,2025-11-07,UPI,Paid
PAY0003261,O003261,2025-04-25,Credit Card,Paid
PAY0003262,O003262,2025-12-27,COD,Paid
PAY0003263,O003263,2025-09-29,Net Banking,Paid
PAY0003264,O003264,2024-09-23,Debit Card,Paid
PAY0003265,O003265,2024-03-28,Credit Card,Paid
PAY0003266,O003266,2025-03-30,COD,Paid
PAY0003267,O003267,2025-09-17,Net Banking,Pending
PAY0003268,O003268,2025-06-16,Debit Card,Pending
PAY0003269,O003269,2024-05-27,COD,Paid
PAY0003270,O003270,2025-12-29,Credit Card,Paid
PAY0003271,O003271,2025-03-06,Debit Card,Paid
PAY0003272,O003272,2024-08-29,Debit Card,Pending
PAY0003273,O003273,2025-12-02,UPI,Pending
PAY0003274,O003274,2024-03-06,UPI,Pending
PAY0003275,O003275,2025-01-12,Debit Card,Paid
PAY0003276,O003276,2025-01-22,COD,Paid
PAY0003277,O003277,2024-07-27,Credit Card,Paid
PAY0003278,O003278,2025-02-18,Net Banking,Paid
PAY0003279,O003279,2024-01-16,UPI,Paid
PAY0003280,O003280,2024-10-23,Credit Card,Paid
PAY0003281,O003281,2024-08-07,Debit Card,Paid
PAY0003282,O003282,2025-01-01,Credit Card,Paid
PAY0003283,O003283,2024-08-16,Credit Card,Paid
PAY0003284,O003284,2025-09-22,Credit Card,Paid
PAY0003285,O003285,2025-03-15,Debit Card,Paid
PAY0003286,O003286,2025-11-20,UPI,Paid
PAY0003287,O003287,2025-06-15,Net Banking,Paid
PAY0003288,O003288,2025-03-25,COD,Pending
PAY0003289,O003289,2024-02-05,UPI,Pending
PAY0003290,O003290,2025-02-25,Net Banking,Paid
PAY0003291,O003291,2025-09-11,Debit Card,Paid
PAY0003292,O003292,2024-07-07,Net Banking,Refunded
PAY0003293,O003293,2024-06-26,Debit Card,Paid
PAY0003294,O003294,2025-08-30,Net Banking,Paid
PAY0003295,O003295,2024-11-10,UPI,Paid
PAY0003296,O003296,2024-01-20,Debit Card,Pending
PAY0003297,O003297,2025-11-06,Credit Card,Paid
PAY0003298,O003298,2025-01-16,Debit Card,Paid
PAY0003299,O003299,2025-08-31,Debit Card,Paid
PAY0003300,O003300,2024-05-22,Net Banking,Paid
PAY0003301,O003301,2024-03-02,Debit Card,Paid
PAY0003302,O003302,2024-08-29,Net Banking,Paid
PAY0003303,O003303,2024-08-25,UPI,Paid
PAY0003304,O003304,2024-05-10,Debit Card,Paid
PAY0003305,O003305,2025-08-27,Credit Card,Paid
PAY0003306,O003306,2025-08-25,Credit Card,Paid
PAY0003307,O003307,2025-10-06,UPI,Paid
PAY0003308,O003308,2024-05-02,Credit Card,Paid
PAY0003309,O003309,2025-03-15,Net Banking,Paid
PAY0003310,O003310,2024-12-07,Debit Card,Paid
PAY0003311,O003311,2025-02-22,COD,Paid
PAY0003312,O003312,2025-09-21,Debit Card,Paid
PAY0003313,O003313,2025-03-30,Debit Card,Refunded
PAY0003314,O003314,2024-07-16,COD,Paid
PAY0003315,O003315,2024-10-08,Credit Card,Paid
PAY0003316,O003316,2024-01-01,Credit Card,Paid
PAY0003317,O003317,2025-12-23,Debit Card,Failed
PAY0003318,O003318,2024-11-27,Credit Card,Pending
PAY0003319,O003319,2024-07-30,Net Banking,Refunded
PAY0003320,O003320,2024-03-27,Net Banking,Paid
PAY0003321,O003321,2025-10-26,COD,Paid
PAY0003322,O003322,2025-11-29,Debit Card,Paid
PAY0003323,O003323,2024-03-01,Net Banking,Paid
PAY0003324,O003324,2024-04-04,UPI,Paid
PAY0003325,O003325,2025-07-06,Credit Card,Paid
PAY0003326,O003326,2024-05-26,Debit Card,Paid
PAY0003327,O003327,2024-09-02,Net Banking,Paid
PAY0003328,O003328,2025-10-05,COD,Paid
PAY0003329,O003329,2024-10-23,Net Banking,Paid
PAY0003330,O003330,2024-05-02,UPI,Paid
PAY0003331,O003331,2025-10-16,Net Banking,Paid
PAY0003332,O003332,2025-11-24,Debit Card,Paid
PAY0003333,O003333,2025-12-04,COD,Paid
PAY0003334,O003334,2025-03-31,COD,Paid
PAY0003335,O003335,2025-02-02,UPI,Paid
PAY0003336,O003336,2025-12-19,Debit Card,Failed
PAY0003337,O003337,2024-08-18,UPI,Paid
PAY0003338,O003338,2025-06-17,UPI,Paid
PAY0003339,O003339,2025-02-05,UPI,Paid
PAY0003340,O003340,2025-08-14,Net Banking,Paid
PAY0003341,O003341,2024-05-09,Credit Card,Paid
PAY0003342,O003342,2024-10-18,Net Banking,Paid
PAY0003343,O003343,2024-10-02,Debit Card,Paid
PAY0003344,O003344,2025-01-10,UPI,Failed
PAY0003345,O003345,2024-02-24,UPI,Paid
PAY0003346,O003346,2025-07-31,Credit Card,Paid
PAY0003347,O003347,2024-01-26,COD,Paid
PAY0003348,O003348,2025-03-16,UPI,Paid
PAY0003349,O003349,2024-07-15,Net Banking,Paid
PAY0003350,O003350,2025-10-03,UPI,Paid
PAY0003351,O003351,2024-08-30,Debit Card,Pending
PAY0003352,O003352,2025-12-24,Credit Card,Failed
PAY0003353,O003353,2024-07-08,COD,Paid
PAY0003354,O003354,2025-07-21,Debit Card,Refunded
PAY0003355,O003355,2025-07-20,Net Banking,Failed
PAY0003356,O003356,2024-10-02,Debit Card,Paid
PAY0003357,O003357,2025-02-12,UPI,Paid
PAY0003358,O003358,2024-12-05,Credit Card,Paid
PAY0003359,O003359,2024-06-01,UPI,Paid
PAY0003360,O003360,2025-07-18,Credit Card,Paid
PAY0003361,O003361,2025-02-01,Net Banking,Failed
PAY0003362,O003362,2025-03-19,Debit Card,Paid
PAY0003363,O003363,2025-09-14,Credit Card,Failed
PAY0003364,O003364,2025-03-02,Debit Card,Paid
PAY0003365,O003365,2025-05-01,Credit Card,Paid
PAY0003366,O003366,2024-07-22,UPI,Paid
PAY0003367,O003367,2024-04-21,Credit Card,Paid
PAY0003368,O003368,2024-11-20,Credit Card,Paid
PAY0003369,O003369,2024-09-14,COD,Paid
PAY0003370,O003370,2025-06-11,Net Banking,Paid
PAY0003371,O003371,2024-12-15,UPI,Paid
PAY0003372,O003372,2025-11-08,UPI,Paid
PAY0003373,O003373,2025-03-10,Debit Card,Paid
PAY0003374,O003374,2025-03-01,Credit Card,Paid
PAY0003375,O003375,2024-10-06,Credit Card,Paid
PAY0003376,O003376,2025-01-05,Credit Card,Paid
PAY0003377,O003377,2025-10-31,UPI,Paid
PAY0003378,O003378,2024-09-05,COD,Failed
PAY0003379,O003379,2024-06-29,Debit Card,Paid
PAY0003380,O003380,2025-12-03,Credit Card,Paid
PAY0003381,O003381,2025-10-12,COD,Failed
PAY0003382,O003382,2024-03-18,Net Banking,Paid
PAY0003383,O003383,2024-12-01,UPI,Paid
PAY0003384,O003384,2024-02-19,Net Banking,Paid
PAY0003385,O003385,2024-03-25,UPI,Paid
PAY0003386,O003386,2025-11-25,Debit Card,Paid
PAY0003387,O003387,2025-11-25,Net Banking,Paid
PAY0003388,O003388,2024-01-04,Debit Card,Failed
PAY0003389,O003389,2024-11-12,Debit Card,Refunded
PAY0003390,O003390,2024-04-20,Debit Card,Paid
PAY0003391,O003391,2024-11-29,Net Banking,Paid
PAY0003392,O003392,2024-05-12,Net Banking,Paid
PAY0003393,O003393,2025-09-03,Net Banking,Paid
PAY0003394,O003394,2025-11-14,Credit Card,Paid
PAY0003395,O003395,2024-04-28,Debit Card,Failed
PAY0003396,O003396,2024-12-15,Credit Card,Paid
PAY0003397,O003397,2025-11-17,UPI,Paid
PAY0003398,O003398,2025-06-25,Net Banking,Pending
PAY0003399,O003399,2024-02-24,COD,Pending
PAY0003400,O003400,2024-12-26,UPI,Paid
PAY0003401,O003401,2025-12-08,Debit Card,Paid
PAY0003402,O003402,2025-03-28,Debit Card,Paid
PAY0003403,O003403,2025-07-06,Credit Card,Paid
PAY0003404,O003404,2025-11-15,Net Banking,Refunded
PAY0003405,O003405,2024-11-25,Net Banking,Paid
PAY0003406,O003406,2024-08-06,UPI,Paid
PAY0003407,O003407,2024-07-26,UPI,Paid
PAY0003408,O003408,2025-10-31,UPI,Paid
PAY0003409,O003409,2024-03-25,COD,Paid
PAY0003410,O003410,2025-11-15,COD,Paid
PAY0003411,O003411,2024-09-01,Debit Card,Paid
PAY0003412,O003412,2025-11-15,Debit Card,Paid
PAY0003413,O003413,2024-11-30,Debit Card,Paid
PAY0003414,O003414,2024-07-30,Net Banking,Paid
PAY0003415,O003415,2025-08-18,Debit Card,Pending
PAY0003416,O003416,2025-11-15,Credit Card,Paid
PAY0003417,O003417,2024-07-01,UPI,Paid
PAY0003418,O003418,2024-05-12,Net Banking,Paid
PAY0003419,O003419,2024-12-15,COD,Paid
PAY0003420,O003420,2024-10-08,UPI,Failed
PAY0003421,O003421,2024-10-19,Debit Card,Paid
PAY0003422,O003422,2024-09-25,COD,Paid
PAY0003423,O003423,2024-07-15,COD,Paid
PAY0003424,O003424,2025-06-20,COD,Paid
PAY0003425,O003425,2025-10-14,UPI,Paid
PAY0003426,O003426,2024-01-20,Net Banking,Paid
PAY0003427,O003427,2025-12-13,UPI,Paid
PAY0003428,O003428,2025-02-08,Credit Card,Paid
PAY0003429,O003429,2024-04-24,Debit Card,Paid
PAY0003430,O003430,2025-12-01,Net Banking,Paid
PAY0003431,O003431,2024-01-26,Net Banking,Paid
PAY0003432,O003432,2025-07-19,Debit Card,Paid
PAY0003433,O003433,2025-11-12,Credit Card,Paid
PAY0003434,O003434,2025-01-29,COD,Paid
PAY0003435,O003435,2025-01-15,Debit Card,Paid
PAY0003436,O003436,2025-06-06,COD,Paid
PAY0003437,O003437,2025-06-22,Debit Card,Paid
PAY0003438,O003438,2024-03-23,UPI,Paid
PAY0003439,O003439,2025-07-03,Credit Card,Paid
PAY0003440,O003440,2025-03-20,Credit Card,Paid
PAY0003441,O003441,2024-03-27,Debit Card,Paid
PAY0003442,O003442,2025-01-21,Credit Card,Paid
PAY0003443,O003443,2025-10-29,COD,Pending
PAY0003444,O003444,2025-02-01,Credit Card,Failed
PAY0003445,O003445,2024-10-12,Credit Card,Paid
PAY0003446,O003446,2025-11-28,Credit Card,Paid
PAY0003447,O003447,2025-11-24,Net Banking,Paid
PAY0003448,O003448,2025-01-03,Debit Card,Paid
PAY0003449,O003449,2025-10-16,UPI,Paid
PAY0003450,O003450,2025-02-25,UPI,Paid
PAY0003451,O003451,2025-12-18,Net Banking,Paid
PAY0003452,O003452,2025-10-15,Net Banking,Paid
PAY0003453,O003453,2025-11-27,UPI,Paid
PAY0003454,O003454,2025-03-18,COD,Paid
PAY0003455,O003455,2025-06-03,UPI,Paid
PAY0003456,O003456,2025-08-06,UPI,Failed
PAY0003457,O003457,2024-10-14,Debit Card,Failed
PAY0003458,O003458,2024-04-04,UPI,Paid
PAY0003459,O003459,2025-10-30,UPI,Paid
PAY0003460,O003460,2024-02-10,Credit Card,Failed
PAY0003461,O003461,2024-11-26,Net Banking,Paid
PAY0003462,O003462,2024-06-03,UPI,Failed
PAY0003463,O003463,2025-05-18,UPI,Paid
PAY0003464,O003464,2024-10-01,COD,Paid
PAY0003465,O003465,2025-10-27,UPI,Paid
PAY0003466,O003466,2025-07-18,Debit Card,Paid
PAY0003467,O003467,2024-06-27,COD,Paid
PAY0003468,O003468,2024-05-16,UPI,Paid
PAY0003469,O003469,2024-06-28,Debit Card,Paid
PAY0003470,O003470,2024-06-30,Net Banking,Paid
PAY0003471,O003471,2024-09-15,UPI,Paid
PAY0003472,O003472,2024-08-30,Net Banking,Paid
PAY0003473,O003473,2024-04-05,UPI,Paid
PAY0003474,O003474,2024-07-15,COD,Paid
PAY0003475,O003475,2025-06-09,COD,Paid
PAY0003476,O003476,2025-09-23,Debit Card,Refunded
PAY0003477,O003477,2025-01-21,Credit Card,Paid
PAY0003478,O003478,2025-02-11,Debit Card,Paid
PAY0003479,O003479,2024-09-25,UPI,Paid
PAY0003480,O003480,2024-06-19,Net Banking,Paid
PAY0003481,O003481,2025-08-06,Net Banking,Paid
PAY0003482,O003482,2025-11-21,UPI,Paid
PAY0003483,O003483,2024-06-18,Credit Card,Paid
PAY0003484,O003484,2024-06-07,Credit Card,Paid
PAY0003485,O003485,2025-05-23,Credit Card,Paid
PAY0003486,O003486,2025-03-22,UPI,Paid
PAY0003487,O003487,2025-10-27,COD,Failed
PAY0003488,O003488,2024-03-22,COD,Paid
PAY0003489,O003489,2024-02-26,UPI,Paid
PAY0003490,O003490,2025-06-02,COD,Paid
PAY0003491,O003491,2024-04-21,Credit Card,Paid
PAY0003492,O003492,2024-02-17,COD,Paid
PAY0003493,O003493,2025-08-14,UPI,Paid
PAY0003494,O003494,2025-01-10,COD,Paid
PAY0003495,O003495,2024-02-02,COD,Paid
PAY0003496,O003496,2025-05-18,COD,Paid
PAY0003497,O003497,2025-09-18,COD,Paid
PAY0003498,O003498,2024-01-03,UPI,Paid
PAY0003499,O003499,2025-04-30,Debit Card,Paid
PAY0003500,O003500,2025-05-30,COD,Paid
PAY0003501,O003501,2024-02-11,Debit Card,Paid
PAY0003502,O003502,2024-01-09,UPI,Paid
PAY0003503,O003503,2025-10-18,Net Banking,Paid
PAY0003504,O003504,2025-08-31,Debit Card,Refunded
PAY0003505,O003505,2024-05-21,UPI,Paid
PAY0003506,O003506,2025-03-11,Net Banking,Paid
PAY0003507,O003507,2024-01-27,COD,Pending
PAY0003508,O003508,2024-02-12,UPI,Paid
PAY0003509,O003509,2024-05-10,Credit Card,Paid
PAY0003510,O003510,2024-08-03,Net Banking,Paid
PAY0003511,O003511,2025-08-28,Credit Card,Paid
PAY0003512,O003512,2025-06-03,COD,Paid
PAY0003513,O003513,2025-08-20,COD,Paid
PAY0003514,O003514,2024-12-10,Debit Card,Paid
PAY0003515,O003515,2025-05-22,COD,Paid
PAY0003516,O003516,2025-10-11,Debit Card,Paid
PAY0003517,O003517,2025-02-16,Net Banking,Paid
PAY0003518,O003518,2024-09-02,Credit Card,Paid
PAY0003519,O003519,2025-03-24,Net Banking,Paid
PAY0003520,O003520,2024-01-21,Credit Card,Paid
PAY0003521,O003521,2025-02-11,UPI,Paid
PAY0003522,O003522,2025-04-01,Net Banking,Paid
PAY0003523,O003523,2025-03-19,UPI,Failed
PAY0003524,O003524,2024-09-21,Credit Card,Paid
PAY0003525,O003525,2025-10-21,Debit Card,Paid
PAY0003526,O003526,2024-07-02,Net Banking,Paid
PAY0003527,O003527,2024-08-14,Net Banking,Paid
PAY0003528,O003528,2025-07-01,Debit Card,Paid
PAY0003529,O003529,2024-09-02,Debit Card,Paid
PAY0003530,O003530,2024-03-13,COD,Failed
PAY0003531,O003531,2024-05-29,COD,Paid
PAY0003532,O003532,2025-05-27,Credit Card,Pending
PAY0003533,O003533,2024-03-09,Net Banking,Pending
PAY0003534,O003534,2024-08-17,Debit Card,Paid
PAY0003535,O003535,2025-12-23,Debit Card,Paid
PAY0003536,O003536,2024-03-12,UPI,Paid
PAY0003537,O003537,2025-08-30,COD,Failed
PAY0003538,O003538,2025-01-31,UPI,Paid
PAY0003539,O003539,2024-03-24,Debit Card,Refunded
PAY0003540,O003540,2024-10-25,Net Banking,Paid
PAY0003541,O003541,2024-10-19,Net Banking,Paid
PAY0003542,O003542,2024-08-10,UPI,Paid
PAY0003543,O003543,2024-08-03,COD,Paid
PAY0003544,O003544,2024-08-18,Credit Card,Paid
PAY0003545,O003545,2025-02-08,Net Banking,Paid
PAY0003546,O003546,2024-06-17,Credit Card,Paid
PAY0003547,O003547,2024-11-24,COD,Paid
PAY0003548,O003548,2025-03-01,UPI,Paid
PAY0003549,O003549,2025-07-07,COD,Paid
PAY0003550,O003550,2024-07-14,Debit Card,Paid
PAY0003551,O003551,2025-08-30,COD,Paid
PAY0003552,O003552,2025-06-09,UPI,Pending
PAY0003553,O003553,2025-09-16,UPI,Failed
PAY0003554,O003554,2024-03-17,COD,Paid
PAY0003555,O003555,2024-10-03,UPI,Paid
PAY0003556,O003556,2025-04-10,Debit Card,Paid
PAY0003557,O003557,2025-03-23,Credit Card,Pending
PAY0003558,O003558,2024-11-15,COD,Paid
PAY0003559,O003559,2024-06-08,UPI,Paid
PAY0003560,O003560,2025-05-06,Credit Card,Paid
PAY0003561,O003561,2024-11-08,Debit Card,Paid
PAY0003562,O003562,2025-09-22,COD,Paid
PAY0003563,O003563,2024-06-09,UPI,Pending
PAY0003564,O003564,2024-11-03,Credit Card,Paid
PAY0003565,O003565,2024-05-25,Debit Card,Paid
PAY0003566,O003566,2025-11-05,Net Banking,Paid
PAY0003567,O003567,2025-01-30,UPI,Paid
PAY0003568,O003568,2025-11-21,Debit Card,Pending
PAY0003569,O003569,2024-03-29,Credit Card,Paid
PAY0003570,O003570,2024-11-03,COD,Paid
PAY0003571,O003571,2025-06-29,Credit Card,Paid
PAY0003572,O003572,2025-01-05,COD,Refunded
PAY0003573,O003573,2025-03-26,Debit Card,Paid
PAY0003574,O003574,2024-06-15,Debit Card,Refunded
PAY0003575,O003575,2025-01-26,Credit Card,Paid
PAY0003576,O003576,2025-09-28,Credit Card,Paid
PAY0003577,O003577,2025-05-05,COD,Paid
PAY0003578,O003578,2024-05-29,UPI,Paid
PAY0003579,O003579,2025-04-12,Credit Card,Paid
PAY0003580,O003580,2025-12-01,UPI,Paid
PAY0003581,O003581,2024-02-12,UPI,Paid
PAY0003582,O003582,2024-01-29,UPI,Paid
PAY0003583,O003583,2025-09-23,Debit Card,Refunded
PAY0003584,O003584,2024-01-31,Debit Card,Paid
PAY0003585,O003585,2025-11-23,UPI,Refunded
PAY0003586,O003586,2025-11-04,UPI,Paid
PAY0003587,O003587,2024-05-07,Debit Card,Paid
PAY0003588,O003588,2024-10-20,COD,Paid
PAY0003589,O003589,2025-03-16,Net Banking,Paid
PAY0003590,O003590,2025-01-22,Credit Card,Paid
PAY0003591,O003591,2025-10-03,UPI,Paid
PAY0003592,O003592,2025-06-07,Debit Card,Paid
PAY0003593,O003593,2025-06-30,UPI,Paid
PAY0003594,O003594,2025-12-10,UPI,Paid
PAY0003595,O003595,2024-04-19,UPI,Paid
PAY0003596,O003596,2024-11-23,UPI,Paid
PAY0003597,O003597,2025-02-08,COD,Paid
PAY0003598,O003598,2024-09-01,Credit Card,Paid
PAY0003599,O003599,2024-06-11,Credit Card,Pending
PAY0003600,O003600,2025-07-13,Debit Card,Failed
PAY0003601,O003601,2025-02-02,COD,Paid
PAY0003602,O003602,2025-08-05,COD,Pending
PAY0003603,O003603,2025-02-02,Credit Card,Pending
PAY0003604,O003604,2025-05-07,Debit Card,Paid
PAY0003605,O003605,2025-10-07,COD,Paid
PAY0003606,O003606,2024-08-26,Debit Card,Paid
PAY0003607,O003607,2025-04-09,Credit Card,Refunded
PAY0003608,O003608,2025-08-02,UPI,Paid
PAY0003609,O003609,2024-02-01,COD,Paid
PAY0003610,O003610,2024-05-02,Debit Card,Paid
PAY0003611,O003611,2025-06-17,UPI,Paid
PAY0003612,O003612,2025-10-28,Credit Card,Paid
PAY0003613,O003613,2024-04-19,Net Banking,Paid
PAY0003614,O003614,2024-09-27,COD,Paid
PAY0003615,O003615,2025-01-14,COD,Paid
PAY0003616,O003616,2024-10-26,Debit Card,Paid
PAY0003617,O003617,2025-09-18,Credit Card,Paid
PAY0003618,O003618,2024-09-05,Credit Card,Paid
PAY0003619,O003619,2025-06-04,COD,Paid
PAY0003620,O003620,2024-02-03,COD,Paid
PAY0003621,O003621,2024-08-15,Debit Card,Paid
PAY0003622,O003622,2025-08-07,Debit Card,Paid
PAY0003623,O003623,2025-02-02,Net Banking,Paid
PAY0003624,O003624,2025-12-24,UPI,Paid
PAY0003625,O003625,2025-08-06,Debit Card,Paid
PAY0003626,O003626,2025-07-23,UPI,Paid
PAY0003627,O003627,2024-08-07,COD,Failed
PAY0003628,O003628,2025-01-05,Net Banking,Paid
PAY0003629,O003629,2025-06-11,Net Banking,Paid
PAY0003630,O003630,2024-03-15,Net Banking,Paid
PAY0003631,O003631,2025-09-09,Credit Card,Paid
PAY0003632,O003632,2024-05-15,COD,Paid
PAY0003633,O003633,2024-03-14,Credit Card,Paid
PAY0003634,O003634,2024-09-10,Credit Card,Paid
PAY0003635,O003635,2024-01-18,Net Banking,Paid
PAY0003636,O003636,2024-02-12,Credit Card,Paid
PAY0003637,O003637,2024-02-19,COD,Paid
PAY0003638,O003638,2025-05-29,COD,Refunded
PAY0003639,O003639,2025-07-24,Credit Card,Paid
PAY0003640,O003640,2025-07-29,COD,Paid
PAY0003641,O003641,2025-08-04,UPI,Refunded
PAY0003642,O003642,2024-10-29,Credit Card,Paid
PAY0003643,O003643,2024-05-21,Net Banking,Failed
PAY0003644,O003644,2024-07-20,Net Banking,Pending
PAY0003645,O003645,2024-07-25,COD,Paid
PAY0003646,O003646,2025-02-18,COD,Paid
PAY0003647,O003647,2024-08-08,Net Banking,Paid
PAY0003648,O003648,2024-12-27,UPI,Paid
PAY0003649,O003649,2024-03-21,Net Banking,Paid
PAY0003650,O003650,2025-07-16,Credit Card,Paid
PAY0003651,O003651,2024-10-11,Net Banking,Paid
PAY0003652,O003652,2025-01-03,Debit Card,Paid
PAY0003653,O003653,2025-05-06,UPI,Refunded
PAY0003654,O003654,2024-12-11,UPI,Paid
PAY0003655,O003655,2024-07-22,Net Banking,Paid
PAY0003656,O003656,2024-01-25,Debit Card,Failed
PAY0003657,O003657,2025-07-06,Credit Card,Refunded
PAY0003658,O003658,2024-03-09,Net Banking,Paid
PAY0003659,O003659,2025-05-30,Credit Card,Paid
PAY0003660,O003660,2025-05-06,Debit Card,Failed
PAY0003661,O003661,2024-08-27,Net Banking,Paid
PAY0003662,O003662,2024-12-26,Net Banking,Paid
PAY0003663,O003663,2025-03-16,Credit Card,Paid
PAY0003664,O003664,2024-01-31,Net Banking,Failed
PAY0003665,O003665,2025-09-20,Debit Card,Paid
PAY0003666,O003666,2025-12-07,Net Banking,Pending
PAY0003667,O003667,2025-08-24,COD,Paid
PAY0003668,O003668,2025-11-20,Debit Card,Paid
PAY0003669,O003669,2025-10-18,UPI,Paid
PAY0003670,O003670,2025-12-14,Credit Card,Paid
PAY0003671,O003671,2024-11-17,Debit Card,Paid
PAY0003672,O003672,2024-12-09,UPI,Paid
PAY0003673,O003673,2025-12-15,UPI,Paid
PAY0003674,O003674,2025-06-19,Debit Card,Paid
PAY0003675,O003675,2024-12-20,UPI,Paid
PAY0003676,O003676,2025-04-15,UPI,Failed
PAY0003677,O003677,2024-04-14,COD,Paid
PAY0003678,O003678,2024-11-17,Net Banking,Failed
PAY0003679,O003679,2025-07-25,COD,Paid
PAY0003680,O003680,2025-06-10,Net Banking,Paid
PAY0003681,O003681,2025-05-18,UPI,Paid
PAY0003682,O003682,2024-03-25,Net Banking,Paid
PAY0003683,O003683,2025-12-09,COD,Paid
PAY0003684,O003684,2024-08-22,Credit Card,Paid
PAY0003685,O003685,2024-09-19,Credit Card,Pending
PAY0003686,O003686,2024-01-06,Net Banking,Paid
PAY0003687,O003687,2025-05-08,Credit Card,Paid
PAY0003688,O003688,2024-10-15,Debit Card,Paid
PAY0003689,O003689,2025-07-23,Credit Card,Paid
PAY0003690,O003690,2025-10-18,Net Banking,Paid
PAY0003691,O003691,2025-07-07,UPI,Paid
PAY0003692,O003692,2024-12-15,COD,Paid
PAY0003693,O003693,2024-07-18,Credit Card,Paid
PAY0003694,O003694,2025-11-16,Net Banking,Failed
PAY0003695,O003695,2024-11-30,COD,Paid
PAY0003696,O003696,2025-08-29,Debit Card,Paid
PAY0003697,O003697,2024-08-04,UPI,Refunded
PAY0003698,O003698,2025-09-14,COD,Refunded
PAY0003699,O003699,2024-12-18,COD,Paid
PAY0003700,O003700,2025-11-22,Net Banking,Paid
PAY0003701,O003701,2025-11-05,Debit Card,Paid
PAY0003702,O003702,2025-09-22,Credit Card,Paid
PAY0003703,O003703,2024-11-20,Debit Card,Paid
PAY0003704,O003704,2024-08-15,UPI,Failed
PAY0003705,O003705,2024-05-24,Credit Card,Paid
PAY0003706,O003706,2024-11-03,Debit Card,Paid
PAY0003707,O003707,2025-10-15,UPI,Failed
PAY0003708,O003708,2025-09-25,COD,Failed
PAY0003709,O003709,2024-10-11,COD,Pending
PAY0003710,O003710,2025-01-26,COD,Paid
PAY0003711,O003711,2024-12-25,COD,Paid
PAY0003712,O003712,2024-06-13,Credit Card,Refunded
PAY0003713,O003713,2025-08-03,COD,Paid
PAY0003714,O003714,2024-08-11,Credit Card,Failed
PAY0003715,O003715,2024-05-03,Credit Card,Paid
PAY0003716,O003716,2024-12-09,Debit Card,Refunded
PAY0003717,O003717,2025-06-07,COD,Paid
PAY0003718,O003718,2024-02-21,Net Banking,Pending
PAY0003719,O003719,2024-05-08,COD,Paid
PAY0003720,O003720,2024-05-14,Net Banking,Paid
PAY0003721,O003721,2025-10-18,COD,Paid
PAY0003722,O003722,2024-05-06,Credit Card,Paid
PAY0003723,O003723,2024-03-11,COD,Paid
PAY0003724,O003724,2024-09-29,COD,Failed
PAY0003725,O003725,2024-07-05,COD,Paid
PAY0003726,O003726,2024-01-03,COD,Paid
PAY0003727,O003727,2024-10-11,Debit Card,Paid
PAY0003728,O003728,2024-01-22,Debit Card,Paid
PAY0003729,O003729,2024-06-14,Credit Card,Paid
PAY0003730,O003730,2024-11-05,Credit Card,Paid
PAY0003731,O003731,2025-04-21,Net Banking,Paid
PAY0003732,O003732,2025-05-12,Credit Card,Paid
PAY0003733,O003733,2025-03-09,Debit Card,Paid
PAY0003734,O003734,2024-08-21,Credit Card,Paid
PAY0003735,O003735,2025-10-31,Net Banking,Failed
PAY0003736,O003736,2025-10-24,Net Banking,Paid
PAY0003737,O003737,2025-12-25,Debit Card,Paid
PAY0003738,O003738,2025-01-10,Credit Card,Paid
PAY0003739,O003739,2025-12-30,Net Banking,Paid
PAY0003740,O003740,2024-09-02,Credit Card,Paid
PAY0003741,O003741,2024-10-29,Credit Card,Paid
PAY0003742,O003742,2025-02-08,Debit Card,Paid
PAY0003743,O003743,2025-10-24,Debit Card,Paid
PAY0003744,O003744,2025-12-08,Credit Card,Paid
PAY0003745,O003745,2024-01-21,COD,Paid
PAY0003746,O003746,2024-09-13,COD,Paid
PAY0003747,O003747,2025-02-02,UPI,Paid
PAY0003748,O003748,2025-06-12,UPI,Paid
PAY0003749,O003749,2024-02-20,UPI,Paid
PAY0003750,O003750,2025-03-22,Debit Card,Paid
PAY0003751,O003751,2024-09-26,Credit Card,Paid
PAY0003752,O003752,2025-08-17,Net Banking,Paid
PAY0003753,O003753,2025-09-27,Credit Card,Paid
PAY0003754,O003754,2024-09-18,Credit Card,Pending
PAY0003755,O003755,2024-12-30,UPI,Failed
PAY0003756,O003756,2024-02-18,Credit Card,Paid
PAY0003757,O003757,2025-06-01,UPI,Paid
PAY0003758,O003758,2025-09-20,Credit Card,Paid
PAY0003759,O003759,2024-04-27,Net Banking,Paid
PAY0003760,O003760,2025-03-28,COD,Refunded
PAY0003761,O003761,2025-10-02,COD,Paid
PAY0003762,O003762,2025-01-31,Debit Card,Paid
PAY0003763,O003763,2025-11-13,Net Banking,Paid
PAY0003764,O003764,2024-01-27,Credit Card,Pending
PAY0003765,O003765,2025-12-11,Net Banking,Paid
PAY0003766,O003766,2025-01-06,Credit Card,Pending
PAY0003767,O003767,2024-04-06,Net Banking,Paid
PAY0003768,O003768,2025-06-12,Net Banking,Refunded
PAY0003769,O003769,2025-11-15,COD,Paid
PAY0003770,O003770,2025-09-04,Net Banking,Failed
PAY0003771,O003771,2024-07-04,Debit Card,Paid
PAY0003772,O003772,2025-11-26,Credit Card,Paid
PAY0003773,O003773,2024-08-02,UPI,Pending
PAY0003774,O003774,2024-09-07,Net Banking,Paid
PAY0003775,O003775,2024-08-03,UPI,Paid
PAY0003776,O003776,2024-01-29,COD,Paid
PAY0003777,O003777,2024-04-11,UPI,Paid
PAY0003778,O003778,2024-05-02,Debit Card,Paid
PAY0003779,O003779,2024-02-23,Debit Card,Paid
PAY0003780,O003780,2024-10-09,COD,Paid
PAY0003781,O003781,2025-09-05,Debit Card,Paid
PAY0003782,O003782,2024-04-26,Credit Card,Paid
PAY0003783,O003783,2025-09-07,Debit Card,Paid
PAY0003784,O003784,2025-07-10,Net Banking,Paid
PAY0003785,O003785,2024-04-23,Debit Card,Paid
PAY0003786,O003786,2025-06-26,Credit Card,Failed
PAY0003787,O003787,2025-11-06,COD,Paid
PAY0003788,O003788,2025-12-01,Debit Card,Paid
PAY0003789,O003789,2024-10-19,Credit Card,Paid
PAY0003790,O003790,2024-07-13,Net Banking,Paid
PAY0003791,O003791,2024-10-18,UPI,Paid
PAY0003792,O003792,2024-09-17,UPI,Paid
PAY0003793,O003793,2024-07-25,COD,Paid
PAY0003794,O003794,2025-07-17,COD,Paid
PAY0003795,O003795,2024-02-18,UPI,Paid
PAY0003796,O003796,2024-01-06,UPI,Paid
PAY0003797,O003797,2025-01-13,COD,Paid
PAY0003798,O003798,2025-01-28,UPI,Paid
PAY0003799,O003799,2024-08-11,Debit Card,Paid
PAY0003800,O003800,2024-01-23,Credit Card,Paid
PAY0003801,O003801,2025-10-18,COD,Paid
PAY0003802,O003802,2024-04-19,Credit Card,Paid
PAY0003803,O003803,2025-12-24,Net Banking,Paid
PAY0003804,O003804,2025-07-06,Net Banking,Paid
PAY0003805,O003805,2025-02-02,Debit Card,Paid
PAY0003806,O003806,2024-06-20,Net Banking,Paid
PAY0003807,O003807,2025-11-28,COD,Pending
PAY0003808,O003808,2025-12-26,Debit Card,Paid
PAY0003809,O003809,2024-11-01,Debit Card,Paid
PAY0003810,O003810,2025-07-17,COD,Paid
PAY0003811,O003811,2025-08-04,UPI,Paid
PAY0003812,O003812,2025-12-08,Credit Card,Paid
PAY0003813,O003813,2024-05-30,COD,Pending
PAY0003814,O003814,2025-03-03,UPI,Paid
PAY0003815,O003815,2025-09-12,UPI,Paid
PAY0003816,O003816,2025-04-11,Net Banking,Paid
PAY0003817,O003817,2025-09-21,Debit Card,Paid
PAY0003818,O003818,2025-08-29,Debit Card,Paid
PAY0003819,O003819,2025-07-09,Net Banking,Failed
PAY0003820,O003820,2024-03-07,Net Banking,Paid
PAY0003821,O003821,2024-06-04,Debit Card,Paid
PAY0003822,O003822,2024-07-24,COD,Paid
PAY0003823,O003823,2024-06-03,COD,Paid
PAY0003824,O003824,2025-11-21,COD,Paid
PAY0003825,O003825,2025-05-23,COD,Failed
PAY0003826,O003826,2025-07-25,Net Banking,Paid
PAY0003827,O003827,2024-03-14,Credit Card,Paid
PAY0003828,O003828,2024-02-18,Credit Card,Paid
PAY0003829,O003829,2025-04-11,Debit Card,Paid
PAY0003830,O003830,2025-08-07,Credit Card,Paid
PAY0003831,O003831,2025-12-08,COD,Paid
PAY0003832,O003832,2024-06-27,Net Banking,Paid
PAY0003833,O003833,2024-02-17,COD,Paid
PAY0003834,O003834,2024-03-12,UPI,Failed
PAY0003835,O003835,2024-04-22,Net Banking,Paid
PAY0003836,O003836,2024-06-07,UPI,Paid
PAY0003837,O003837,2024-01-30,UPI,Paid
PAY0003838,O003838,2024-04-06,Debit Card,Paid
PAY0003839,O003839,2024-09-07,UPI,Paid
PAY0003840,O003840,2025-06-02,Credit Card,Pending
PAY0003841,O003841,2024-04-01,Credit Card,Paid
PAY0003842,O003842,2024-04-22,UPI,Paid
PAY0003843,O003843,2024-09-15,Debit Card,Paid
PAY0003844,O003844,2024-04-16,UPI,Paid
PAY0003845,O003845,2025-07-28,Net Banking,Paid
PAY0003846,O003846,2025-01-24,Net Banking,Paid
PAY0003847,O003847,2024-12-23,Net Banking,Paid
PAY0003848,O003848,2024-07-17,Net Banking,Paid
PAY0003849,O003849,2025-03-02,UPI,Refunded
PAY0003850,O003850,2025-04-22,COD,Paid
PAY0003851,O003851,2025-05-17,COD,Paid
PAY0003852,O003852,2025-10-19,Net Banking,Paid
PAY0003853,O003853,2025-07-26,Debit Card,Paid
PAY0003854,O003854,2024-04-29,Debit Card,Paid
PAY0003855,O003855,2025-07-26,UPI,Refunded
PAY0003856,O003856,2024-11-04,COD,Failed
PAY0003857,O003857,2025-06-21,UPI,Paid
PAY0003858,O003858,2025-09-18,Credit Card,Paid
PAY0003859,O003859,2025-04-19,Net Banking,Paid
PAY0003860,O003860,2025-07-05,Credit Card,Paid
PAY0003861,O003861,2024-12-09,Credit Card,Paid
PAY0003862,O003862,2025-09-19,Debit Card,Paid
PAY0003863,O003863,2024-05-15,COD,Paid
PAY0003864,O003864,2024-10-03,Net Banking,Pending
PAY0003865,O003865,2025-06-16,UPI,Paid
PAY0003866,O003866,2024-01-31,Net Banking,Paid
PAY0003867,O003867,2024-09-03,UPI,Paid
PAY0003868,O003868,2025-02-14,UPI,Refunded
PAY0003869,O003869,2024-01-27,COD,Paid
PAY0003870,O003870,2024-03-13,Credit Card,Paid
PAY0003871,O003871,2024-04-06,UPI,Paid
PAY0003872,O003872,2025-11-03,COD,Paid
PAY0003873,O003873,2024-12-11,Credit Card,Paid
PAY0003874,O003874,2025-04-20,Credit Card,Paid
PAY0003875,O003875,2024-10-26,Net Banking,Paid
PAY0003876,O003876,2024-10-25,Net Banking,Paid
PAY0003877,O003877,2024-10-13,Net Banking,Refunded
PAY0003878,O003878,2025-03-24,Debit Card,Paid
PAY0003879,O003879,2024-07-30,Credit Card,Paid
PAY0003880,O003880,2024-03-16,Debit Card,Paid
PAY0003881,O003881,2025-02-04,Net Banking,Paid
PAY0003882,O003882,2025-10-16,COD,Failed
PAY0003883,O003883,2024-02-03,Net Banking,Paid
PAY0003884,O003884,2025-05-12,UPI,Paid
PAY0003885,O003885,2025-05-30,COD,Paid
PAY0003886,O003886,2024-11-23,COD,Pending
PAY0003887,O003887,2024-04-07,Credit Card,Paid
PAY0003888,O003888,2024-12-31,Debit Card,Paid
PAY0003889,O003889,2025-12-29,UPI,Paid
PAY0003890,O003890,2025-04-07,COD,Paid
PAY0003891,O003891,2024-01-28,Debit Card,Paid
PAY0003892,O003892,2025-12-13,Debit Card,Refunded
PAY0003893,O003893,2025-01-20,UPI,Paid
PAY0003894,O003894,2024-09-29,UPI,Paid
PAY0003895,O003895,2024-05-06,Net Banking,Refunded
PAY0003896,O003896,2024-07-20,Net Banking,Paid
PAY0003897,O003897,2025-06-04,COD,Paid
PAY0003898,O003898,2024-10-13,COD,Refunded
PAY0003899,O003899,2025-03-25,COD,Paid
PAY0003900,O003900,2024-03-28,Net Banking,Pending
PAY0003901,O003901,2024-11-13,COD,Paid
PAY0003902,O003902,2024-01-19,COD,Failed
PAY0003903,O003903,2025-08-15,Net Banking,Refunded
PAY0003904,O003904,2024-04-16,Net Banking,Paid
PAY0003905,O003905,2025-04-02,COD,Paid
PAY0003906,O003906,2024-11-06,COD,Paid
PAY0003907,O003907,2025-02-15,Debit Card,Paid
PAY0003908,O003908,2025-09-15,Credit Card,Paid
PAY0003909,O003909,2025-09-26,Net Banking,Paid
PAY0003910,O003910,2025-05-12,Credit Card,Pending
PAY0003911,O003911,2024-08-31,Net Banking,Paid
PAY0003912,O003912,2025-11-20,Debit Card,Failed
PAY0003913,O003913,2025-07-30,Credit Card,Pending
PAY0003914,O003914,2025-01-14,Debit Card,Refunded
PAY0003915,O003915,2025-05-29,UPI,Failed
PAY0003916,O003916,2024-07-25,Credit Card,Paid
PAY0003917,O003917,2025-01-28,Credit Card,Pending
PAY0003918,O003918,2024-01-21,Credit Card,Paid
PAY0003919,O003919,2025-06-10,UPI,Paid
PAY0003920,O003920,2024-12-08,UPI,Paid
PAY0003921,O003921,2025-12-18,Debit Card,Paid
PAY0003922,O003922,2024-07-20,UPI,Paid
PAY0003923,O003923,2024-04-29,Net Banking,Paid
PAY0003924,O003924,2025-10-10,COD,Paid
PAY0003925,O003925,2025-01-23,Credit Card,Paid
PAY0003926,O003926,2025-06-20,Debit Card,Paid
PAY0003927,O003927,2024-08-21,Debit Card,Paid
PAY0003928,O003928,2025-09-24,Debit Card,Paid
PAY0003929,O003929,2025-08-24,Debit Card,Paid
PAY0003930,O003930,2024-11-15,Credit Card,Paid
PAY0003931,O003931,2025-12-12,Debit Card,Paid
PAY0003932,O003932,2024-06-28,Credit Card,Paid
PAY0003933,O003933,2025-01-02,Debit Card,Paid
PAY0003934,O003934,2024-03-16,Debit Card,Paid
PAY0003935,O003935,2025-10-10,COD,Paid
PAY0003936,O003936,2025-10-11,Net Banking,Paid
PAY0003937,O003937,2025-05-10,UPI,Paid
PAY0003938,O003938,2025-06-05,UPI,Paid
PAY0003939,O003939,2024-07-19,UPI,Pending
PAY0003940,O003940,2024-12-11,Net Banking,Paid
PAY0003941,O003941,2025-04-27,Credit Card,Paid
PAY0003942,O003942,2024-08-06,UPI,Pending
PAY0003943,O003943,2024-02-29,UPI,Paid
PAY0003944,O003944,2025-10-20,UPI,Failed
PAY0003945,O003945,2025-09-10,Credit Card,Paid
PAY0003946,O003946,2025-07-03,Net Banking,Refunded
PAY0003947,O003947,2025-10-07,Net Banking,Paid
PAY0003948,O003948,2024-08-08,Credit Card,Paid
PAY0003949,O003949,2025-05-16,COD,Paid
PAY0003950,O003950,2024-05-12,Debit Card,Paid
PAY0003951,O003951,2024-02-22,Credit Card,Paid
PAY0003952,O003952,2025-03-25,Debit Card,Paid
PAY0003953,O003953,2024-03-02,Net Banking,Failed
PAY0003954,O003954,2024-01-23,Debit Card,Paid
PAY0003955,O003955,2024-02-13,UPI,Pending
PAY0003956,O003956,2025-07-11,Debit Card,Paid
PAY0003957,O003957,2025-10-20,Debit Card,Paid
PAY0003958,O003958,2025-12-28,Net Banking,Paid
PAY0003959,O003959,2024-02-16,COD,Paid
PAY0003960,O003960,2024-01-24,Debit Card,Paid
PAY0003961,O003961,2025-10-18,Net Banking,Paid
PAY0003962,O003962,2024-03-29,UPI,Paid
PAY0003963,O003963,2024-06-22,Debit Card,Paid
PAY0003964,O003964,2025-07-29,Debit Card,Pending
PAY0003965,O003965,2024-04-28,UPI,Paid
PAY0003966,O003966,2025-10-29,Credit Card,Paid
PAY0003967,O003967,2024-06-26,COD,Paid
PAY0003968,O003968,2024-12-07,UPI,Refunded
PAY0003969,O003969,2025-07-21,UPI,Paid
PAY0003970,O003970,2024-02-28,UPI,Pending
PAY0003971,O003971,2025-03-13,Credit Card,Paid
PAY0003972,O003972,2025-03-03,UPI,Paid
PAY0003973,O003973,2025-03-01,Credit Card,Paid
PAY0003974,O003974,2025-01-15,COD,Paid
PAY0003975,O003975,2025-04-30,Credit Card,Pending
PAY0003976,O003976,2024-07-03,COD,Paid
PAY0003977,O003977,2025-07-12,COD,Paid
PAY0003978,O003978,2025-04-04,COD,Paid
PAY0003979,O003979,2024-04-11,Net Banking,Paid
PAY0003980,O003980,2025-07-09,COD,Refunded
PAY0003981,O003981,2024-01-15,Credit Card,Paid
PAY0003982,O003982,2024-02-20,Net Banking,Paid
PAY0003983,O003983,2024-11-04,UPI,Paid
PAY0003984,O003984,2024-02-03,UPI,Paid
PAY0003985,O003985,2025-09-27,Debit Card,Pending
PAY0003986,O003986,2025-08-11,COD,Paid
PAY0003987,O003987,2025-09-26,Debit Card,Paid
PAY0003988,O003988,2024-07-23,COD,Paid
PAY0003989,O003989,2024-03-10,COD,Paid
PAY0003990,O003990,2024-08-17,Credit Card,Paid
PAY0003991,O003991,2025-04-24,Credit Card,Paid
PAY0003992,O003992,2025-06-16,UPI,Paid
PAY0003993,O003993,2024-04-17,Net Banking,Paid
PAY0003994,O003994,2024-08-28,UPI,Paid
PAY0003995,O003995,2024-09-07,COD,Failed
PAY0003996,O003996,2024-05-14,Net Banking,Paid
PAY0003997,O003997,2024-03-30,Debit Card,Paid
PAY0003998,O003998,2025-08-13,COD,Paid
PAY0003999,O003999,2025-03-15,Credit Card,Failed
PAY0004000,O004000,2025-11-19,UPI,Pending
PAY0004001,O004001,2024-10-24,UPI,Paid
PAY0004002,O004002,2025-02-10,Debit Card,Paid
PAY0004003,O004003,2024-11-03,UPI,Paid
PAY0004004,O004004,2024-04-11,UPI,Paid
PAY0004005,O004005,2024-12-26,Net Banking,Paid
PAY0004006,O004006,2025-09-15,COD,Paid
PAY0004007,O004007,2025-11-23,Net Banking,Refunded
PAY0004008,O004008,2025-09-07,Net Banking,Paid
PAY0004009,O004009,2025-06-11,UPI,Paid
PAY0004010,O004010,2025-08-30,COD,Paid
PAY0004011,O004011,2024-10-19,UPI,Paid
PAY0004012,O004012,2024-05-25,UPI,Paid
PAY0004013,O004013,2025-02-07,Net Banking,Paid
PAY0004014,O004014,2024-01-02,Credit Card,Paid
PAY0004015,O004015,2024-04-28,Credit Card,Paid
PAY0004016,O004016,2025-08-28,Net Banking,Paid
PAY0004017,O004017,2024-07-09,Net Banking,Paid
PAY0004018,O004018,2024-01-03,UPI,Paid
PAY0004019,O004019,2025-05-01,COD,Refunded
PAY0004020,O004020,2025-09-14,UPI,Paid
PAY0004021,O004021,2024-06-25,UPI,Paid
PAY0004022,O004022,2024-09-13,Debit Card,Paid
PAY0004023,O004023,2025-06-17,UPI,Paid
PAY0004024,O004024,2025-04-21,COD,Paid
PAY0004025,O004025,2025-02-01,UPI,Paid
PAY0004026,O004026,2025-05-10,Net Banking,Paid
PAY0004027,O004027,2024-08-07,COD,Paid
PAY0004028,O004028,2024-06-21,Net Banking,Paid
PAY0004029,O004029,2025-01-24,Debit Card,Paid
PAY0004030,O004030,2025-05-16,Debit Card,Paid
PAY0004031,O004031,2025-07-30,COD,Failed
PAY0004032,O004032,2024-09-16,Credit Card,Paid
PAY0004033,O004033,2024-05-10,Credit Card,Paid
PAY0004034,O004034,2024-04-22,COD,Paid
PAY0004035,O004035,2025-12-23,COD,Paid
PAY0004036,O004036,2024-01-20,Net Banking,Paid
PAY0004037,O004037,2024-08-02,Debit Card,Paid
PAY0004038,O004038,2024-11-05,COD,Paid
PAY0004039,O004039,2024-09-07,UPI,Paid
PAY0004040,O004040,2025-05-02,Net Banking,Paid
PAY0004041,O004041,2025-01-16,Debit Card,Refunded
PAY0004042,O004042,2025-02-12,Net Banking,Paid
PAY0004043,O004043,2024-09-27,Debit Card,Paid
PAY0004044,O004044,2025-02-10,UPI,Paid
PAY0004045,O004045,2025-11-22,Debit Card,Pending
PAY0004046,O004046,2024-07-12,Net Banking,Paid
PAY0004047,O004047,2025-03-16,Debit Card,Paid
PAY0004048,O004048,2024-11-08,Net Banking,Paid
PAY0004049,O004049,2024-03-19,COD,Paid
PAY0004050,O004050,2024-06-28,UPI,Pending
PAY0004051,O004051,2025-11-05,Net Banking,Paid
PAY0004052,O004052,2025-12-14,Credit Card,Paid
PAY0004053,O004053,2024-01-14,Credit Card,Paid
PAY0004054,O004054,2024-09-02,Debit Card,Paid
PAY0004055,O004055,2024-01-14,COD,Paid
PAY0004056,O004056,2024-04-08,COD,Pending
PAY0004057,O004057,2024-02-02,Credit Card,Refunded
PAY0004058,O004058,2025-03-11,Debit Card,Paid
PAY0004059,O004059,2024-09-13,COD,Paid
PAY0004060,O004060,2024-02-03,COD,Refunded
PAY0004061,O004061,2024-01-19,Debit Card,Failed
PAY0004062,O004062,2025-10-25,Net Banking,Paid
PAY0004063,O004063,2024-09-16,Credit Card,Paid
PAY0004064,O004064,2025-11-06,COD,Failed
PAY0004065,O004065,2025-08-11,Net Banking,Refunded
PAY0004066,O004066,2025-02-19,Net Banking,Paid
PAY0004067,O004067,2024-05-16,Net Banking,Paid
PAY0004068,O004068,2024-12-24,Net Banking,Paid
PAY0004069,O004069,2025-12-20,UPI,Paid
PAY0004070,O004070,2025-08-01,UPI,Paid
PAY0004071,O004071,2024-04-25,Debit Card,Paid
PAY0004072,O004072,2025-02-07,Credit Card,Paid
PAY0004073,O004073,2024-07-20,Debit Card,Paid
PAY0004074,O004074,2025-01-10,UPI,Paid
PAY0004075,O004075,2024-09-06,Debit Card,Paid
PAY0004076,O004076,2025-03-21,Debit Card,Paid
PAY0004077,O004077,2024-10-04,Net Banking,Paid
PAY0004078,O004078,2024-04-21,COD,Paid
PAY0004079,O004079,2025-04-17,UPI,Paid
PAY0004080,O004080,2025-11-18,UPI,Pending
PAY0004081,O004081,2025-01-26,Debit Card,Failed
PAY0004082,O004082,2024-05-22,COD,Paid
PAY0004083,O004083,2024-02-01,Debit Card,Pending
PAY0004084,O004084,2024-06-29,Credit Card,Pending
PAY0004085,O004085,2025-08-01,UPI,Paid
PAY0004086,O004086,2025-05-30,Net Banking,Failed
PAY0004087,O004087,2024-09-25,Net Banking,Paid
PAY0004088,O004088,2024-08-23,Net Banking,Paid
PAY0004089,O004089,2024-10-03,UPI,Paid
PAY0004090,O004090,2025-07-06,UPI,Paid
PAY0004091,O004091,2025-09-24,Net Banking,Paid
PAY0004092,O004092,2024-10-01,UPI,Failed
PAY0004093,O004093,2024-03-26,Net Banking,Paid
PAY0004094,O004094,2024-03-03,Credit Card,Paid
PAY0004095,O004095,2025-02-07,Credit Card,Paid
PAY0004096,O004096,2024-07-10,Credit Card,Failed
PAY0004097,O004097,2024-10-19,Debit Card,Paid
PAY0004098,O004098,2024-01-31,Debit Card,Paid
PAY0004099,O004099,2024-11-25,COD,Paid
PAY0004100,O004100,2025-10-19,COD,Paid
PAY0004101,O004101,2024-04-16,COD,Pending
PAY0004102,O004102,2025-09-13,Credit Card,Paid
PAY0004103,O004103,2024-10-02,Credit Card,Paid
PAY0004104,O004104,2025-12-22,Credit Card,Pending
PAY0004105,O004105,2025-10-12,UPI,Paid
PAY0004106,O004106,2025-08-20,UPI,Paid
PAY0004107,O004107,2025-07-09,Credit Card,Paid
PAY0004108,O004108,2024-03-22,Net Banking,Paid
PAY0004109,O004109,2024-03-04,COD,Refunded
PAY0004110,O004110,2025-07-20,Debit Card,Paid
PAY0004111,O004111,2025-08-08,COD,Paid
PAY0004112,O004112,2024-05-08,Net Banking,Paid
PAY0004113,O004113,2024-09-12,UPI,Refunded
PAY0004114,O004114,2024-08-18,Credit Card,Paid
PAY0004115,O004115,2025-05-11,UPI,Pending
PAY0004116,O004116,2024-05-16,UPI,Failed
PAY0004117,O004117,2025-03-30,Net Banking,Paid
PAY0004118,O004118,2024-12-20,UPI,Refunded
PAY0004119,O004119,2025-09-15,UPI,Paid
PAY0004120,O004120,2025-04-29,COD,Paid
PAY0004121,O004121,2024-05-25,COD,Paid
PAY0004122,O004122,2024-02-02,Net Banking,Paid
PAY0004123,O004123,2024-09-16,Credit Card,Pending
PAY0004124,O004124,2024-03-27,COD,Paid
PAY0004125,O004125,2024-09-21,UPI,Paid
PAY0004126,O004126,2025-06-25,Debit Card,Pending
PAY0004127,O004127,2025-01-26,COD,Paid
PAY0004128,O004128,2024-08-19,Debit Card,Paid
PAY0004129,O004129,2025-08-10,Credit Card,Paid
PAY0004130,O004130,2025-03-22,UPI,Paid
PAY0004131,O004131,2024-05-08,COD,Paid
PAY0004132,O004132,2024-09-27,Credit Card,Paid
PAY0004133,O004133,2024-03-29,Net Banking,Paid
PAY0004134,O004134,2025-04-10,Credit Card,Refunded
PAY0004135,O004135,2024-06-18,Net Banking,Paid
PAY0004136,O004136,2024-05-07,Net Banking,Paid
PAY0004137,O004137,2024-06-22,COD,Paid
PAY0004138,O004138,2024-01-26,Debit Card,Failed
PAY0004139,O004139,2025-07-26,Net Banking,Paid
PAY0004140,O004140,2025-05-25,UPI,Paid
PAY0004141,O004141,2025-05-02,COD,Paid
PAY0004142,O004142,2025-08-01,Net Banking,Paid
PAY0004143,O004143,2025-02-09,COD,Paid
PAY0004144,O004144,2024-01-26,UPI,Paid
PAY0004145,O004145,2024-03-23,COD,Paid
PAY0004146,O004146,2024-12-29,COD,Paid
PAY0004147,O004147,2025-01-01,Net Banking,Paid
PAY0004148,O004148,2024-02-29,Credit Card,Pending
PAY0004149,O004149,2025-07-04,COD,Paid
PAY0004150,O004150,2025-09-26,Net Banking,Paid
PAY0004151,O004151,2024-10-18,UPI,Paid
PAY0004152,O004152,2024-07-09,UPI,Paid
PAY0004153,O004153,2025-04-05,Credit Card,Paid
PAY0004154,O004154,2025-10-25,UPI,Pending
PAY0004155,O004155,2024-08-20,Net Banking,Paid
PAY0004156,O004156,2025-04-18,Credit Card,Paid
PAY0004157,O004157,2025-02-08,Net Banking,Paid
PAY0004158,O004158,2025-10-19,Credit Card,Paid
PAY0004159,O004159,2024-09-27,Credit Card,Failed
PAY0004160,O004160,2024-05-13,Net Banking,Paid
PAY0004161,O004161,2024-06-19,Credit Card,Paid
PAY0004162,O004162,2025-02-18,Net Banking,Paid
PAY0004163,O004163,2024-01-28,UPI,Pending
PAY0004164,O004164,2024-05-15,UPI,Paid
PAY0004165,O004165,2025-02-08,COD,Pending
PAY0004166,O004166,2025-05-19,Debit Card,Paid
PAY0004167,O004167,2024-08-28,Debit Card,Failed
PAY0004168,O004168,2025-03-19,UPI,Paid
PAY0004169,O004169,2025-03-09,COD,Paid
PAY0004170,O004170,2024-08-15,Debit Card,Paid
PAY0004171,O004171,2025-05-23,Net Banking,Paid
PAY0004172,O004172,2024-10-29,Net Banking,Paid
PAY0004173,O004173,2024-02-03,Credit Card,Paid
PAY0004174,O004174,2024-01-02,Debit Card,Paid
PAY0004175,O004175,2024-12-27,Net Banking,Paid
PAY0004176,O004176,2024-07-13,Debit Card,Paid
PAY0004177,O004177,2025-08-28,Credit Card,Paid
PAY0004178,O004178,2024-11-03,UPI,Failed
PAY0004179,O004179,2025-10-08,COD,Failed
PAY0004180,O004180,2025-12-16,Credit Card,Paid
PAY0004181,O004181,2024-09-06,Credit Card,Paid
PAY0004182,O004182,2024-05-26,Credit Card,Paid
PAY0004183,O004183,2024-12-11,COD,Paid
PAY0004184,O004184,2024-12-13,Net Banking,Paid
PAY0004185,O004185,2024-09-10,Debit Card,Paid
PAY0004186,O004186,2025-02-02,UPI,Paid
PAY0004187,O004187,2024-11-29,UPI,Paid
PAY0004188,O004188,2024-06-24,COD,Paid
PAY0004189,O004189,2024-05-04,UPI,Paid
PAY0004190,O004190,2025-02-01,COD,Paid
PAY0004191,O004191,2024-05-10,COD,Paid
PAY0004192,O004192,2025-07-15,Debit Card,Paid
PAY0004193,O004193,2025-08-27,Debit Card,Paid
PAY0004194,O004194,2025-02-10,COD,Paid
PAY0004195,O004195,2024-11-29,Debit Card,Paid
PAY0004196,O004196,2024-01-20,Net Banking,Paid
PAY0004197,O004197,2024-07-23,Credit Card,Paid
PAY0004198,O004198,2025-08-25,UPI,Paid
PAY0004199,O004199,2024-12-20,UPI,Pending
PAY0004200,O004200,2024-06-21,UPI,Paid
PAY0004201,O004201,2024-07-07,UPI,Paid
PAY0004202,O004202,2024-01-02,Net Banking,Paid
PAY0004203,O004203,2024-06-16,Net Banking,Failed
PAY0004204,O004204,2025-01-02,Credit Card,Failed
PAY0004205,O004205,2025-06-19,COD,Paid
PAY0004206,O004206,2025-08-02,Debit Card,Refunded
PAY0004207,O004207,2025-01-04,Credit Card,Paid
PAY0004208,O004208,2025-12-06,UPI,Paid
PAY0004209,O004209,2025-08-18,Debit Card,Paid
PAY0004210,O004210,2025-03-12,Credit Card,Paid
PAY0004211,O004211,2024-07-25,UPI,Paid
PAY0004212,O004212,2024-02-18,Credit Card,Pending
PAY0004213,O004213,2025-06-27,UPI,Paid
PAY0004214,O004214,2025-11-12,UPI,Paid
PAY0004215,O004215,2024-05-08,Net Banking,Failed
PAY0004216,O004216,2025-03-22,UPI,Paid
PAY0004217,O004217,2025-09-05,Credit Card,Failed
PAY0004218,O004218,2024-02-04,Debit Card,Paid
PAY0004219,O004219,2024-07-17,Net Banking,Paid
PAY0004220,O004220,2024-03-17,Debit Card,Paid
PAY0004221,O004221,2025-01-03,COD,Paid
PAY0004222,O004222,2025-06-09,Debit Card,Paid
PAY0004223,O004223,2024-12-14,COD,Paid
PAY0004224,O004224,2025-05-20,COD,Paid
PAY0004225,O004225,2025-10-04,Net Banking,Paid
PAY0004226,O004226,2024-08-25,Debit Card,Paid
PAY0004227,O004227,2024-10-06,UPI,Paid
PAY0004228,O004228,2025-07-30,Net Banking,Refunded
PAY0004229,O004229,2025-03-07,Net Banking,Refunded
PAY0004230,O004230,2024-05-17,UPI,Failed
PAY0004231,O004231,2024-09-25,Debit Card,Paid
PAY0004232,O004232,2024-07-19,Net Banking,Paid
PAY0004233,O004233,2024-05-21,COD,Paid
PAY0004234,O004234,2025-09-03,UPI,Paid
PAY0004235,O004235,2025-10-11,Credit Card,Paid
PAY0004236,O004236,2025-11-10,Net Banking,Paid
PAY0004237,O004237,2025-09-02,COD,Paid
PAY0004238,O004238,2024-12-20,Debit Card,Paid
PAY0004239,O004239,2025-07-31,Debit Card,Pending
PAY0004240,O004240,2024-11-24,UPI,Paid
PAY0004241,O004241,2025-07-12,COD,Paid
PAY0004242,O004242,2024-08-18,UPI,Paid
PAY0004243,O004243,2024-11-03,Net Banking,Paid
PAY0004244,O004244,2025-10-19,UPI,Paid
PAY0004245,O004245,2025-12-19,Credit Card,Paid
PAY0004246,O004246,2024-05-25,UPI,Paid
PAY0004247,O004247,2024-05-31,UPI,Paid
PAY0004248,O004248,2024-05-19,Net Banking,Paid
PAY0004249,O004249,2025-10-24,COD,Paid
PAY0004250,O004250,2024-01-21,Credit Card,Paid
PAY0004251,O004251,2024-09-10,UPI,Paid
PAY0004252,O004252,2024-03-04,Net Banking,Failed
PAY0004253,O004253,2024-08-05,Net Banking,Paid
PAY0004254,O004254,2024-03-12,Net Banking,Paid
PAY0004255,O004255,2024-06-10,COD,Paid
PAY0004256,O004256,2024-05-09,UPI,Paid
PAY0004257,O004257,2025-08-03,Debit Card,Paid
PAY0004258,O004258,2024-08-12,Credit Card,Paid
PAY0004259,O004259,2025-08-02,Debit Card,Paid
PAY0004260,O004260,2025-03-29,COD,Paid
PAY0004261,O004261,2025-01-18,UPI,Failed
PAY0004262,O004262,2024-04-16,Debit Card,Paid
PAY0004263,O004263,2025-09-12,Debit Card,Paid
PAY0004264,O004264,2024-04-12,Debit Card,Failed
PAY0004265,O004265,2024-05-20,Credit Card,Paid
PAY0004266,O004266,2025-07-30,UPI,Paid
PAY0004267,O004267,2024-05-13,Net Banking,Paid
PAY0004268,O004268,2024-07-17,UPI,Paid
PAY0004269,O004269,2025-05-24,Debit Card,Paid
PAY0004270,O004270,2025-10-28,UPI,Failed
PAY0004271,O004271,2024-03-19,Net Banking,Paid
PAY0004272,O004272,2025-04-26,Credit Card,Failed
PAY0004273,O004273,2025-05-26,UPI,Paid
PAY0004274,O004274,2024-09-06,UPI,Paid
PAY0004275,O004275,2025-08-21,Credit Card,Paid
PAY0004276,O004276,2025-08-22,Credit Card,Paid
PAY0004277,O004277,2025-04-27,Debit Card,Paid
PAY0004278,O004278,2024-06-20,Debit Card,Paid
PAY0004279,O004279,2024-01-17,Credit Card,Failed
PAY0004280,O004280,2024-10-20,Net Banking,Paid
PAY0004281,O004281,2025-01-28,Debit Card,Paid
PAY0004282,O004282,2025-05-12,Net Banking,Paid
PAY0004283,O004283,2024-08-06,Credit Card,Paid
PAY0004284,O004284,2024-08-21,UPI,Paid
PAY0004285,O004285,2025-01-24,Credit Card,Paid
PAY0004286,O004286,2024-09-04,Credit Card,Paid
PAY0004287,O004287,2024-02-21,COD,Paid
PAY0004288,O004288,2024-01-15,Credit Card,Paid
PAY0004289,O004289,2024-11-19,Debit Card,Failed
PAY0004290,O004290,2025-03-16,UPI,Paid
PAY0004291,O004291,2024-04-21,Net Banking,Paid
PAY0004292,O004292,2025-11-26,COD,Paid
PAY0004293,O004293,2024-01-07,Debit Card,Paid
PAY0004294,O004294,2025-07-16,UPI,Paid
PAY0004295,O004295,2024-09-01,Net Banking,Paid
PAY0004296,O004296,2025-03-23,UPI,Paid
PAY0004297,O004297,2024-12-30,Debit Card,Paid
PAY0004298,O004298,2025-01-01,UPI,Failed
PAY0004299,O004299,2025-11-28,Credit Card,Paid
PAY0004300,O004300,2024-10-13,UPI,Paid
PAY0004301,O004301,2025-08-26,Credit Card,Pending
PAY0004302,O004302,2024-04-15,Debit Card,Paid
PAY0004303,O004303,2024-01-13,COD,Paid
PAY0004304,O004304,2024-05-25,Credit Card,Paid
PAY0004305,O004305,2025-04-22,UPI,Paid
PAY0004306,O004306,2025-09-22,UPI,Paid
PAY0004307,O004307,2025-12-15,UPI,Paid
PAY0004308,O004308,2025-10-14,Debit Card,Pending
PAY0004309,O004309,2024-04-24,Net Banking,Paid
PAY0004310,O004310,2025-05-23,UPI,Paid
PAY0004311,O004311,2024-05-31,UPI,Paid
PAY0004312,O004312,2024-02-26,Credit Card,Paid
PAY0004313,O004313,2025-01-16,COD,Paid
PAY0004314,O004314,2024-06-05,UPI,Paid
PAY0004315,O004315,2024-05-12,Debit Card,Paid
PAY0004316,O004316,2024-06-11,Net Banking,Paid
PAY0004317,O004317,2024-10-01,Net Banking,Paid
PAY0004318,O004318,2025-11-25,Net Banking,Failed
PAY0004319,O004319,2024-03-17,Debit Card,Failed
PAY0004320,O004320,2024-02-13,Net Banking,Paid
PAY0004321,O004321,2025-12-18,Net Banking,Paid
PAY0004322,O004322,2025-07-03,Credit Card,Paid
PAY0004323,O004323,2024-11-13,Net Banking,Pending
PAY0004324,O004324,2025-06-17,Credit Card,Paid
PAY0004325,O004325,2025-08-07,Credit Card,Refunded
PAY0004326,O004326,2024-06-02,Credit Card,Pending
PAY0004327,O004327,2024-08-24,Debit Card,Paid
PAY0004328,O004328,2025-05-31,UPI,Pending
PAY0004329,O004329,2024-08-08,COD,Paid
PAY0004330,O004330,2024-11-05,Net Banking,Paid
PAY0004331,O004331,2025-08-20,COD,Pending
PAY0004332,O004332,2024-06-25,UPI,Paid
PAY0004333,O004333,2024-08-07,Credit Card,Paid
PAY0004334,O004334,2024-02-07,Credit Card,Paid
PAY0004335,O004335,2025-10-15,Credit Card,Paid
PAY0004336,O004336,2025-03-06,Credit Card,Paid
PAY0004337,O004337,2024-07-21,Net Banking,Paid
PAY0004338,O004338,2025-03-23,UPI,Failed
PAY0004339,O004339,2025-05-09,UPI,Paid
PAY0004340,O004340,2025-11-14,UPI,Paid
PAY0004341,O004341,2024-05-04,COD,Pending
PAY0004342,O004342,2024-03-05,Credit Card,Refunded
PAY0004343,O004343,2024-08-31,Debit Card,Paid
PAY0004344,O004344,2025-06-10,UPI,Paid
PAY0004345,O004345,2024-08-13,COD,Paid
PAY0004346,O004346,2025-04-09,Net Banking,Paid
PAY0004347,O004347,2025-10-04,Credit Card,Pending
PAY0004348,O004348,2025-12-07,COD,Paid
PAY0004349,O004349,2024-10-19,Debit Card,Paid
PAY0004350,O004350,2025-12-21,Debit Card,Paid
PAY0004351,O004351,2025-01-15,Net Banking,Paid
PAY0004352,O004352,2025-09-16,UPI,Paid
PAY0004353,O004353,2024-06-14,UPI,Paid
PAY0004354,O004354,2025-12-03,COD,Paid
PAY0004355,O004355,2024-08-05,COD,Pending
PAY0004356,O004356,2024-10-01,UPI,Refunded
PAY0004357,O004357,2024-02-21,UPI,Refunded
PAY0004358,O004358,2025-01-08,COD,Refunded
PAY0004359,O004359,2025-10-31,Credit Card,Paid
PAY0004360,O004360,2024-12-28,Debit Card,Paid
PAY0004361,O004361,2025-07-20,Debit Card,Failed
PAY0004362,O004362,2024-01-14,Net Banking,Paid
PAY0004363,O004363,2024-12-05,Debit Card,Paid
PAY0004364,O004364,2025-08-24,COD,Failed
PAY0004365,O004365,2025-06-22,Credit Card,Paid
PAY0004366,O004366,2024-03-29,COD,Paid
PAY0004367,O004367,2024-02-10,UPI,Paid
PAY0004368,O004368,2024-10-30,UPI,Failed
PAY0004369,O004369,2024-09-24,Debit Card,Paid
PAY0004370,O004370,2024-05-17,Credit Card,Failed
PAY0004371,O004371,2024-01-06,Net Banking,Paid
PAY0004372,O004372,2024-08-29,COD,Refunded
PAY0004373,O004373,2024-06-10,Net Banking,Paid
PAY0004374,O004374,2025-11-22,Net Banking,Paid
PAY0004375,O004375,2025-06-01,Net Banking,Paid
PAY0004376,O004376,2025-02-04,Net Banking,Paid
PAY0004377,O004377,2024-06-04,COD,Paid
PAY0004378,O004378,2024-03-25,UPI,Paid
PAY0004379,O004379,2025-12-12,COD,Failed
PAY0004380,O004380,2024-01-10,UPI,Failed
PAY0004381,O004381,2024-05-17,UPI,Paid
PAY0004382,O004382,2025-12-13,COD,Paid
PAY0004383,O004383,2024-06-04,COD,Paid
PAY0004384,O004384,2025-02-11,COD,Paid
PAY0004385,O004385,2024-08-12,UPI,Paid
PAY0004386,O004386,2025-08-02,COD,Failed
PAY0004387,O004387,2024-07-02,Credit Card,Paid
PAY0004388,O004388,2024-07-13,Debit Card,Paid
PAY0004389,O004389,2025-07-07,Debit Card,Paid
PAY0004390,O004390,2025-01-30,Credit Card,Paid
PAY0004391,O004391,2025-10-24,Debit Card,Refunded
PAY0004392,O004392,2025-08-18,UPI,Paid
PAY0004393,O004393,2024-05-13,COD,Paid
PAY0004394,O004394,2024-11-04,COD,Failed
PAY0004395,O004395,2025-06-25,COD,Refunded
PAY0004396,O004396,2024-01-09,Credit Card,Paid
PAY0004397,O004397,2024-06-18,Credit Card,Paid
PAY0004398,O004398,2024-10-16,UPI,Paid
PAY0004399,O004399,2024-06-16,Credit Card,Paid
PAY0004400,O004400,2024-12-09,COD,Paid
PAY0004401,O004401,2025-05-11,UPI,Paid
PAY0004402,O004402,2024-05-24,UPI,Paid
PAY0004403,O004403,2025-02-16,COD,Paid
PAY0004404,O004404,2025-08-10,Net Banking,Paid
PAY0004405,O004405,2025-11-19,COD,Pending
PAY0004406,O004406,2025-04-01,UPI,Paid
PAY0004407,O004407,2025-12-01,Net Banking,Paid
PAY0004408,O004408,2024-10-28,COD,Paid
PAY0004409,O004409,2024-02-15,COD,Paid
PAY0004410,O004410,2024-01-17,Net Banking,Paid
PAY0004411,O004411,2025-07-31,Net Banking,Paid
PAY0004412,O004412,2024-12-25,Debit Card,Failed
PAY0004413,O004413,2024-09-17,Net Banking,Refunded
PAY0004414,O004414,2024-05-02,Credit Card,Paid
PAY0004415,O004415,2024-08-18,Net Banking,Paid
PAY0004416,O004416,2025-09-28,UPI,Paid
PAY0004417,O004417,2024-04-21,Net Banking,Paid
PAY0004418,O004418,2025-08-15,COD,Pending
PAY0004419,O004419,2024-09-02,Credit Card,Paid
PAY0004420,O004420,2025-01-25,Net Banking,Paid
PAY0004421,O004421,2025-01-26,Credit Card,Paid
PAY0004422,O004422,2024-11-23,Debit Card,Refunded
PAY0004423,O004423,2024-08-02,Credit Card,Paid
PAY0004424,O004424,2025-01-01,COD,Paid
PAY0004425,O004425,2024-03-22,Debit Card,Paid
PAY0004426,O004426,2024-03-16,Net Banking,Paid
PAY0004427,O004427,2025-06-10,Credit Card,Paid
PAY0004428,O004428,2025-05-17,Debit Card,Paid
PAY0004429,O004429,2025-04-23,Net Banking,Paid
PAY0004430,O004430,2025-01-06,Net Banking,Paid
PAY0004431,O004431,2024-09-21,Credit Card,Paid
PAY0004432,O004432,2024-09-20,Credit Card,Paid
PAY0004433,O004433,2024-04-19,Debit Card,Paid
PAY0004434,O004434,2024-11-02,Credit Card,Paid
PAY0004435,O004435,2024-07-18,Net Banking,Paid
PAY0004436,O004436,2024-08-13,COD,Paid
PAY0004437,O004437,2024-07-03,Debit Card,Paid
PAY0004438,O004438,2024-01-31,COD,Paid
PAY0004439,O004439,2025-09-05,COD,Paid
PAY0004440,O004440,2024-04-08,Net Banking,Paid
PAY0004441,O004441,2024-12-04,COD,Paid
PAY0004442,O004442,2024-09-22,UPI,Paid
PAY0004443,O004443,2025-10-13,Debit Card,Paid
PAY0004444,O004444,2024-12-15,Net Banking,Paid
PAY0004445,O004445,2025-12-28,Credit Card,Refunded
PAY0004446,O004446,2025-06-27,Net Banking,Paid
PAY0004447,O004447,2025-04-01,Credit Card,Paid
PAY0004448,O004448,2024-03-28,Net Banking,Paid
PAY0004449,O004449,2024-03-03,UPI,Paid
PAY0004450,O004450,2025-01-21,Debit Card,Paid
PAY0004451,O004451,2025-04-03,COD,Paid
PAY0004452,O004452,2025-08-08,Net Banking,Paid
PAY0004453,O004453,2025-09-27,Debit Card,Paid
PAY0004454,O004454,2024-09-25,Debit Card,Paid
PAY0004455,O004455,2025-09-24,Debit Card,Paid
PAY0004456,O004456,2024-12-11,Debit Card,Paid
PAY0004457,O004457,2025-12-24,Debit Card,Paid
PAY0004458,O004458,2025-10-21,COD,Paid
PAY0004459,O004459,2024-03-18,COD,Paid
PAY0004460,O004460,2024-12-30,Net Banking,Paid
PAY0004461,O004461,2024-01-14,Credit Card,Paid
PAY0004462,O004462,2024-05-15,Net Banking,Paid
PAY0004463,O004463,2024-10-30,Debit Card,Refunded
PAY0004464,O004464,2025-01-31,Credit Card,Failed
PAY0004465,O004465,2024-03-19,Net Banking,Paid
PAY0004466,O004466,2025-12-05,Credit Card,Paid
PAY0004467,O004467,2025-02-21,COD,Paid
PAY0004468,O004468,2024-08-29,Debit Card,Paid
PAY0004469,O004469,2024-02-20,Credit Card,Paid
PAY0004470,O004470,2025-01-18,UPI,Paid
PAY0004471,O004471,2025-01-09,Debit Card,Paid
PAY0004472,O004472,2025-12-30,COD,Paid
PAY0004473,O004473,2024-07-24,COD,Failed
PAY0004474,O004474,2025-05-03,Net Banking,Paid
PAY0004475,O004475,2025-01-15,UPI,Paid
PAY0004476,O004476,2024-11-06,Credit Card,Paid
PAY0004477,O004477,2025-01-09,Net Banking,Paid
PAY0004478,O004478,2025-09-23,COD,Paid
PAY0004479,O004479,2025-08-14,Credit Card,Paid
PAY0004480,O004480,2024-02-11,COD,Pending
PAY0004481,O004481,2025-06-16,COD,Paid
PAY0004482,O004482,2025-06-05,UPI,Paid
PAY0004483,O004483,2024-06-01,Debit Card,Paid
PAY0004484,O004484,2024-11-07,Credit Card,Paid
PAY0004485,O004485,2024-10-20,UPI,Paid
PAY0004486,O004486,2025-08-20,COD,Paid
PAY0004487,O004487,2024-04-22,COD,Paid
PAY0004488,O004488,2025-12-01,UPI,Pending
PAY0004489,O004489,2024-04-21,Credit Card,Paid
PAY0004490,O004490,2024-06-23,COD,Paid
PAY0004491,O004491,2024-10-28,Credit Card,Paid
PAY0004492,O004492,2025-05-30,UPI,Pending
PAY0004493,O004493,2024-08-08,COD,Paid
PAY0004494,O004494,2024-06-19,Net Banking,Paid
PAY0004495,O004495,2024-11-13,Net Banking,Paid
PAY0004496,O004496,2024-07-31,COD,Paid
PAY0004497,O004497,2024-09-09,Debit Card,Failed
PAY0004498,O004498,2024-05-03,COD,Paid
PAY0004499,O004499,2025-10-01,COD,Paid
PAY0004500,O004500,2024-07-31,COD,Paid
PAY0004501,O004501,2025-09-15,UPI,Failed
PAY0004502,O004502,2024-03-25,COD,Paid
PAY0004503,O004503,2025-05-30,COD,Pending
PAY0004504,O004504,2024-03-05,UPI,Pending
PAY0004505,O004505,2024-11-13,COD,Paid
PAY0004506,O004506,2024-12-11,Net Banking,Paid
PAY0004507,O004507,2025-09-23,Net Banking,Paid
PAY0004508,O004508,2024-08-30,COD,Paid
PAY0004509,O004509,2024-05-16,UPI,Paid
PAY0004510,O004510,2024-09-03,COD,Failed
PAY0004511,O004511,2025-03-16,COD,Failed
PAY0004512,O004512,2024-02-14,Credit Card,Paid
PAY0004513,O004513,2025-10-19,Debit Card,Paid
PAY0004514,O004514,2025-11-18,UPI,Paid
PAY0004515,O004515,2025-07-07,Debit Card,Paid
PAY0004516,O004516,2024-03-29,Credit Card,Failed
PAY0004517,O004517,2025-12-30,Debit Card,Paid
PAY0004518,O004518,2024-08-15,COD,Failed
PAY0004519,O004519,2024-10-17,Net Banking,Paid
PAY0004520,O004520,2025-02-25,UPI,Pending
PAY0004521,O004521,2024-03-07,UPI,Paid
PAY0004522,O004522,2024-09-07,COD,Paid
PAY0004523,O004523,2024-02-10,Debit Card,Paid
PAY0004524,O004524,2024-04-08,UPI,Paid
PAY0004525,O004525,2024-11-01,Credit Card,Paid
PAY0004526,O004526,2025-03-31,Credit Card,Paid
PAY0004527,O004527,2025-08-13,Debit Card,Paid
PAY0004528,O004528,2024-10-27,Credit Card,Paid
PAY0004529,O004529,2024-07-17,Net Banking,Paid
PAY0004530,O004530,2025-10-20,COD,Paid
PAY0004531,O004531,2025-05-02,UPI,Failed
PAY0004532,O004532,2024-04-15,COD,Paid
PAY0004533,O004533,2025-02-04,Debit Card,Paid
PAY0004534,O004534,2025-12-05,COD,Paid
PAY0004535,O004535,2025-04-21,UPI,Refunded
PAY0004536,O004536,2024-05-01,UPI,Paid
PAY0004537,O004537,2024-03-17,Debit Card,Pending
PAY0004538,O004538,2024-11-07,UPI,Paid
PAY0004539,O004539,2024-04-21,Credit Card,Paid
PAY0004540,O004540,2025-11-12,COD,Paid
PAY0004541,O004541,2025-06-01,Net Banking,Failed
PAY0004542,O004542,2024-07-15,Net Banking,Paid
PAY0004543,O004543,2024-04-07,Net Banking,Paid
PAY0004544,O004544,2025-04-03,Debit Card,Paid
PAY0004545,O004545,2024-08-17,Net Banking,Failed
PAY0004546,O004546,2024-06-16,COD,Paid
PAY0004547,O004547,2024-01-08,UPI,Refunded
PAY0004548,O004548,2024-06-20,Credit Card,Paid
PAY0004549,O004549,2024-12-25,Net Banking,Paid
PAY0004550,O004550,2024-07-13,Net Banking,Paid
PAY0004551,O004551,2024-09-25,Net Banking,Paid
PAY0004552,O004552,2024-01-19,Credit Card,Paid
PAY0004553,O004553,2024-12-19,COD,Pending
PAY0004554,O004554,2024-02-18,Net Banking,Paid
PAY0004555,O004555,2025-04-08,UPI,Paid
PAY0004556,O004556,2024-12-21,Debit Card,Failed
PAY0004557,O004557,2024-06-06,Credit Card,Paid
PAY0004558,O004558,2024-03-06,COD,Paid
PAY0004559,O004559,2025-07-24,UPI,Pending
PAY0004560,O004560,2024-11-03,Credit Card,Paid
PAY0004561,O004561,2024-12-02,Credit Card,Paid
PAY0004562,O004562,2025-11-01,Debit Card,Paid
PAY0004563,O004563,2024-04-30,Debit Card,Paid
PAY0004564,O004564,2025-02-07,COD,Paid
PAY0004565,O004565,2025-10-08,Net Banking,Paid
PAY0004566,O004566,2025-07-21,Debit Card,Paid
PAY0004567,O004567,2024-04-05,COD,Paid
PAY0004568,O004568,2024-04-23,Credit Card,Paid
PAY0004569,O004569,2025-03-04,Net Banking,Paid
PAY0004570,O004570,2025-06-23,UPI,Paid
PAY0004571,O004571,2024-01-02,Credit Card,Paid
PAY0004572,O004572,2024-07-30,COD,Paid
PAY0004573,O004573,2025-08-02,UPI,Paid
PAY0004574,O004574,2025-10-01,Credit Card,Paid
PAY0004575,O004575,2024-11-28,Debit Card,Paid
PAY0004576,O004576,2024-01-24,COD,Paid
PAY0004577,O004577,2025-01-02,UPI,Paid
PAY0004578,O004578,2025-05-20,Debit Card,Paid
PAY0004579,O004579,2024-06-24,UPI,Paid
PAY0004580,O004580,2025-03-04,Net Banking,Pending
PAY0004581,O004581,2025-03-17,Net Banking,Refunded
PAY0004582,O004582,2025-07-01,COD,Paid
PAY0004583,O004583,2025-05-28,UPI,Paid
PAY0004584,O004584,2024-12-26,Net Banking,Paid
PAY0004585,O004585,2024-09-30,Credit Card,Failed
PAY0004586,O004586,2024-06-25,Credit Card,Paid
PAY0004587,O004587,2024-09-20,Net Banking,Pending
PAY0004588,O004588,2024-07-04,Net Banking,Paid
PAY0004589,O004589,2025-06-10,COD,Paid
PAY0004590,O004590,2024-10-05,COD,Paid
PAY0004591,O004591,2025-12-06,Credit Card,Paid
PAY0004592,O004592,2024-07-16,Debit Card,Paid
PAY0004593,O004593,2024-12-14,UPI,Paid
PAY0004594,O004594,2025-02-24,Debit Card,Paid
PAY0004595,O004595,2024-10-31,COD,Paid
PAY0004596,O004596,2024-03-04,Debit Card,Paid
PAY0004597,O004597,2024-10-16,COD,Paid
PAY0004598,O004598,2024-01-18,Debit Card,Paid
PAY0004599,O004599,2024-03-04,Credit Card,Paid
PAY0004600,O004600,2024-11-25,COD,Paid
PAY0004601,O004601,2024-01-17,Credit Card,Paid
PAY0004602,O004602,2025-03-18,Debit Card,Paid
PAY0004603,O004603,2024-05-20,Net Banking,Paid
PAY0004604,O004604,2024-11-03,Net Banking,Paid
PAY0004605,O004605,2025-03-19,UPI,Paid
PAY0004606,O004606,2025-05-10,Net Banking,Paid
PAY0004607,O004607,2025-03-01,UPI,Paid
PAY0004608,O004608,2025-04-19,Debit Card,Refunded
PAY0004609,O004609,2024-09-01,UPI,Pending
PAY0004610,O004610,2025-03-25,UPI,Paid
PAY0004611,O004611,2024-12-16,UPI,Paid
PAY0004612,O004612,2025-08-21,Credit Card,Paid
PAY0004613,O004613,2025-12-11,UPI,Paid
PAY0004614,O004614,2024-06-09,COD,Paid
PAY0004615,O004615,2024-05-19,Debit Card,Paid
PAY0004616,O004616,2025-05-07,Credit Card,Pending
PAY0004617,O004617,2025-08-10,COD,Paid
PAY0004618,O004618,2025-06-14,Debit Card,Paid
PAY0004619,O004619,2025-01-27,Credit Card,Refunded
PAY0004620,O004620,2025-02-04,Debit Card,Paid
PAY0004621,O004621,2024-02-19,Net Banking,Paid
PAY0004622,O004622,2024-10-21,Debit Card,Paid
PAY0004623,O004623,2025-02-28,Net Banking,Failed
PAY0004624,O004624,2024-01-12,Net Banking,Paid
PAY0004625,O004625,2024-11-30,Debit Card,Paid
PAY0004626,O004626,2024-01-15,Net Banking,Paid
PAY0004627,O004627,2024-01-28,Credit Card,Paid
PAY0004628,O004628,2025-01-22,Net Banking,Paid
PAY0004629,O004629,2024-10-18,UPI,Paid
PAY0004630,O004630,2024-09-06,Credit Card,Paid
PAY0004631,O004631,2025-05-19,Credit Card,Refunded
PAY0004632,O004632,2024-04-07,Credit Card,Paid
PAY0004633,O004633,2024-12-02,UPI,Paid
PAY0004634,O004634,2024-02-08,UPI,Paid
PAY0004635,O004635,2024-02-07,UPI,Paid
PAY0004636,O004636,2024-10-26,UPI,Paid
PAY0004637,O004637,2024-06-27,UPI,Paid
PAY0004638,O004638,2025-08-31,COD,Paid
PAY0004639,O004639,2025-04-13,COD,Paid
PAY0004640,O004640,2024-10-08,UPI,Paid
PAY0004641,O004641,2024-06-12,Credit Card,Paid
PAY0004642,O004642,2025-03-28,Net Banking,Paid
PAY0004643,O004643,2024-04-06,Net Banking,Paid
PAY0004644,O004644,2024-11-04,COD,Paid
PAY0004645,O004645,2024-09-18,UPI,Paid
PAY0004646,O004646,2024-10-19,Debit Card,Paid
PAY0004647,O004647,2024-09-05,Net Banking,Pending
PAY0004648,O004648,2024-09-01,Net Banking,Paid
PAY0004649,O004649,2024-09-07,Credit Card,Paid
PAY0004650,O004650,2024-05-02,Net Banking,Refunded
PAY0004651,O004651,2024-11-20,COD,Paid
PAY0004652,O004652,2025-11-11,UPI,Paid
PAY0004653,O004653,2025-05-15,UPI,Paid
PAY0004654,O004654,2025-11-17,Net Banking,Paid
PAY0004655,O004655,2025-12-16,Debit Card,Paid
PAY0004656,O004656,2024-03-06,COD,Paid
PAY0004657,O004657,2024-02-28,Net Banking,Paid
PAY0004658,O004658,2025-05-12,COD,Paid
PAY0004659,O004659,2025-01-07,Debit Card,Pending
PAY0004660,O004660,2024-09-22,COD,Paid
PAY0004661,O004661,2025-10-14,COD,Paid
PAY0004662,O004662,2024-08-23,COD,Failed
PAY0004663,O004663,2024-08-05,UPI,Paid
PAY0004664,O004664,2025-06-10,Debit Card,Paid
PAY0004665,O004665,2025-03-16,UPI,Paid
PAY0004666,O004666,2025-10-11,Credit Card,Paid
PAY0004667,O004667,2025-02-09,Net Banking,Paid
PAY0004668,O004668,2025-08-23,UPI,Paid
PAY0004669,O004669,2025-08-11,COD,Failed
PAY0004670,O004670,2025-10-09,Credit Card,Paid
PAY0004671,O004671,2025-04-13,Debit Card,Paid
PAY0004672,O004672,2024-04-19,Debit Card,Failed
PAY0004673,O004673,2024-12-18,UPI,Paid
PAY0004674,O004674,2024-03-31,COD,Paid
PAY0004675,O004675,2025-02-17,COD,Paid
PAY0004676,O004676,2025-12-02,Debit Card,Paid
PAY0004677,O004677,2024-03-13,COD,Paid
PAY0004678,O004678,2025-11-15,Net Banking,Paid
PAY0004679,O004679,2025-06-30,UPI,Paid
PAY0004680,O004680,2025-12-22,UPI,Paid
PAY0004681,O004681,2024-10-24,COD,Paid
PAY0004682,O004682,2025-10-06,Debit Card,Paid
PAY0004683,O004683,2024-10-09,Net Banking,Paid
PAY0004684,O004684,2025-05-19,Net Banking,Paid
PAY0004685,O004685,2024-07-16,Net Banking,Paid
PAY0004686,O004686,2024-02-01,Credit Card,Paid
PAY0004687,O004687,2025-10-09,COD,Paid
PAY0004688,O004688,2024-12-06,Net Banking,Refunded
PAY0004689,O004689,2025-10-19,COD,Paid
PAY0004690,O004690,2024-11-29,Debit Card,Paid
PAY0004691,O004691,2024-05-22,Debit Card,Paid
PAY0004692,O004692,2025-02-13,Debit Card,Paid
PAY0004693,O004693,2024-02-13,Credit Card,Paid
PAY0004694,O004694,2024-02-01,Debit Card,Paid
PAY0004695,O004695,2024-01-28,COD,Paid
PAY0004696,O004696,2025-02-26,UPI,Paid
PAY0004697,O004697,2025-05-05,UPI,Paid
PAY0004698,O004698,2024-06-08,COD,Failed
PAY0004699,O004699,2024-07-25,UPI,Paid
PAY0004700,O004700,2024-01-18,Net Banking,Paid
PAY0004701,O004701,2024-04-12,UPI,Refunded
PAY0004702,O004702,2025-08-04,Credit Card,Paid
PAY0004703,O004703,2025-09-22,Debit Card,Paid
PAY0004704,O004704,2025-10-12,UPI,Refunded
PAY0004705,O004705,2025-11-02,UPI,Paid
PAY0004706,O004706,2024-08-19,Credit Card,Paid
PAY0004707,O004707,2025-10-21,Credit Card,Paid
PAY0004708,O004708,2025-02-27,UPI,Failed
PAY0004709,O004709,2025-06-30,Net Banking,Paid
PAY0004710,O004710,2024-08-26,UPI,Failed
PAY0004711,O004711,2024-11-29,Net Banking,Failed
PAY0004712,O004712,2024-05-28,Debit Card,Paid
PAY0004713,O004713,2025-09-14,COD,Paid
PAY0004714,O004714,2025-02-11,Debit Card,Failed
PAY0004715,O004715,2024-01-17,UPI,Paid
PAY0004716,O004716,2024-08-13,UPI,Paid
PAY0004717,O004717,2025-10-13,Net Banking,Paid
PAY0004718,O004718,2025-10-17,Credit Card,Paid
PAY0004719,O004719,2024-09-16,Net Banking,Pending
PAY0004720,O004720,2025-12-29,Credit Card,Paid
PAY0004721,O004721,2025-11-04,Credit Card,Pending
PAY0004722,O004722,2025-08-26,Credit Card,Paid
PAY0004723,O004723,2024-06-22,Credit Card,Paid
PAY0004724,O004724,2024-07-23,UPI,Paid
PAY0004725,O004725,2025-02-18,COD,Paid
PAY0004726,O004726,2025-05-22,COD,Paid
PAY0004727,O004727,2024-06-01,Debit Card,Paid
PAY0004728,O004728,2024-04-12,Debit Card,Paid
PAY0004729,O004729,2025-12-14,Debit Card,Paid
PAY0004730,O004730,2024-03-05,Net Banking,Paid
PAY0004731,O004731,2024-04-26,Debit Card,Paid
PAY0004732,O004732,2025-10-26,Debit Card,Paid
PAY0004733,O004733,2024-06-04,Debit Card,Pending
PAY0004734,O004734,2025-11-06,UPI,Paid
PAY0004735,O004735,2024-03-22,Debit Card,Paid
PAY0004736,O004736,2025-06-01,COD,Refunded
PAY0004737,O004737,2024-03-07,UPI,Paid
PAY0004738,O004738,2024-08-25,Credit Card,Paid
PAY0004739,O004739,2025-08-06,Net Banking,Paid
PAY0004740,O004740,2025-08-29,UPI,Failed
PAY0004741,O004741,2024-11-21,UPI,Failed
PAY0004742,O004742,2025-08-12,COD,Paid
PAY0004743,O004743,2024-03-07,Debit Card,Paid
PAY0004744,O004744,2024-06-24,Credit Card,Failed
PAY0004745,O004745,2025-11-14,COD,Paid
PAY0004746,O004746,2025-04-22,COD,Paid
PAY0004747,O004747,2024-09-11,UPI,Paid
PAY0004748,O004748,2024-03-03,Credit Card,Paid
PAY0004749,O004749,2025-02-06,COD,Paid
PAY0004750,O004750,2024-07-10,Net Banking,Paid
PAY0004751,O004751,2024-11-24,Net Banking,Paid
PAY0004752,O004752,2024-03-11,COD,Paid
PAY0004753,O004753,2024-03-03,UPI,Paid
PAY0004754,O004754,2024-10-23,Net Banking,Paid
PAY0004755,O004755,2024-09-01,UPI,Paid
PAY0004756,O004756,2025-06-02,Debit Card,Pending
PAY0004757,O004757,2025-01-27,Debit Card,Paid
PAY0004758,O004758,2025-08-23,UPI,Paid
PAY0004759,O004759,2024-06-25,COD,Paid
PAY0004760,O004760,2024-07-22,Debit Card,Paid
PAY0004761,O004761,2025-10-07,Debit Card,Paid
PAY0004762,O004762,2025-08-16,Net Banking,Paid
PAY0004763,O004763,2025-06-16,COD,Refunded
PAY0004764,O004764,2024-05-07,UPI,Paid
PAY0004765,O004765,2024-07-13,Debit Card,Paid
PAY0004766,O004766,2024-07-12,COD,Paid
PAY0004767,O004767,2024-07-02,Debit Card,Failed
PAY0004768,O004768,2024-09-03,Net Banking,Paid
PAY0004769,O004769,2024-11-19,COD,Paid
PAY0004770,O004770,2024-06-08,Credit Card,Paid
PAY0004771,O004771,2025-12-06,Net Banking,Paid
PAY0004772,O004772,2025-09-13,UPI,Failed
PAY0004773,O004773,2024-03-06,COD,Pending
PAY0004774,O004774,2024-09-10,Debit Card,Failed
PAY0004775,O004775,2024-10-09,COD,Paid
PAY0004776,O004776,2024-02-29,UPI,Failed
PAY0004777,O004777,2024-04-27,COD,Pending
PAY0004778,O004778,2025-02-26,Debit Card,Failed
PAY0004779,O004779,2025-07-09,Net Banking,Paid
PAY0004780,O004780,2025-12-22,Net Banking,Paid
PAY0004781,O004781,2024-02-05,Debit Card,Failed
PAY0004782,O004782,2025-06-14,Credit Card,Paid
PAY0004783,O004783,2024-03-31,Credit Card,Pending
PAY0004784,O004784,2024-10-27,Net Banking,Paid
PAY0004785,O004785,2025-12-24,UPI,Paid
PAY0004786,O004786,2024-08-04,COD,Paid
PAY0004787,O004787,2024-04-07,Debit Card,Paid
PAY0004788,O004788,2025-03-31,UPI,Paid
PAY0004789,O004789,2025-06-14,COD,Paid
PAY0004790,O004790,2025-06-21,Net Banking,Paid
PAY0004791,O004791,2024-01-28,Debit Card,Paid
PAY0004792,O004792,2025-07-29,UPI,Paid
PAY0004793,O004793,2024-11-19,COD,Paid
PAY0004794,O004794,2024-08-10,Net Banking,Paid
PAY0004795,O004795,2024-03-20,Net Banking,Pending
PAY0004796,O004796,2025-07-16,COD,Paid
PAY0004797,O004797,2025-04-02,Credit Card,Paid
PAY0004798,O004798,2025-09-05,Credit Card,Paid
PAY0004799,O004799,2024-06-24,COD,Paid
PAY0004800,O004800,2025-06-05,COD,Failed
PAY0004801,O004801,2025-04-01,COD,Paid
PAY0004802,O004802,2025-02-26,Net Banking,Failed
PAY0004803,O004803,2024-04-09,Debit Card,Paid
PAY0004804,O004804,2025-02-06,Net Banking,Paid
PAY0004805,O004805,2025-07-29,Net Banking,Paid
PAY0004806,O004806,2025-01-14,Credit Card,Pending
PAY0004807,O004807,2025-06-14,COD,Paid
PAY0004808,O004808,2024-11-27,Net Banking,Paid
PAY0004809,O004809,2024-11-13,Net Banking,Paid
PAY0004810,O004810,2025-10-14,COD,Pending
PAY0004811,O004811,2025-06-20,Debit Card,Paid
PAY0004812,O004812,2024-03-29,Credit Card,Paid
PAY0004813,O004813,2025-08-26,UPI,Paid
PAY0004814,O004814,2025-05-25,Net Banking,Paid
PAY0004815,O004815,2024-02-11,Debit Card,Paid
PAY0004816,O004816,2025-01-23,UPI,Failed
PAY0004817,O004817,2024-03-21,COD,Paid
PAY0004818,O004818,2025-02-05,UPI,Paid
PAY0004819,O004819,2024-04-16,COD,Failed
PAY0004820,O004820,2024-04-20,Debit Card,Failed
PAY0004821,O004821,2024-10-03,UPI,Paid
PAY0004822,O004822,2024-08-01,Credit Card,Paid
PAY0004823,O004823,2025-05-20,Debit Card,Paid
PAY0004824,O004824,2024-04-30,UPI,Paid
PAY0004825,O004825,2024-05-13,Net Banking,Paid
PAY0004826,O004826,2025-12-20,UPI,Paid
PAY0004827,O004827,2025-01-05,UPI,Paid
PAY0004828,O004828,2024-09-13,Credit Card,Failed
PAY0004829,O004829,2025-11-27,Debit Card,Refunded
PAY0004830,O004830,2024-06-28,Net Banking,Paid
PAY0004831,O004831,2024-02-17,Debit Card,Paid
PAY0004832,O004832,2025-08-21,Debit Card,Pending
PAY0004833,O004833,2024-01-19,Net Banking,Paid
PAY0004834,O004834,2024-02-15,Net Banking,Paid
PAY0004835,O004835,2025-03-26,Credit Card,Paid
PAY0004836,O004836,2024-02-25,COD,Paid
PAY0004837,O004837,2025-10-18,Credit Card,Paid
PAY0004838,O004838,2024-04-01,Net Banking,Paid
PAY0004839,O004839,2024-03-22,UPI,Paid
PAY0004840,O004840,2024-03-19,UPI,Paid
PAY0004841,O004841,2025-10-23,Debit Card,Paid
PAY0004842,O004842,2024-10-09,Debit Card,Failed
PAY0004843,O004843,2024-11-06,COD,Paid
PAY0004844,O004844,2024-06-08,COD,Paid
PAY0004845,O004845,2024-11-11,COD,Paid
PAY0004846,O004846,2025-10-29,COD,Paid
PAY0004847,O004847,2024-06-04,UPI,Failed
PAY0004848,O004848,2025-12-14,Net Banking,Paid
PAY0004849,O004849,2025-04-12,COD,Paid
PAY0004850,O004850,2025-04-06,Credit Card,Paid
PAY0004851,O004851,2024-04-26,COD,Paid
PAY0004852,O004852,2025-10-27,UPI,Pending
PAY0004853,O004853,2024-12-29,Debit Card,Pending
PAY0004854,O004854,2025-09-22,Credit Card,Paid
PAY0004855,O004855,2025-12-11,COD,Paid
PAY0004856,O004856,2025-04-10,UPI,Paid
PAY0004857,O004857,2024-07-02,Debit Card,Paid
PAY0004858,O004858,2025-10-21,COD,Paid
PAY0004859,O004859,2024-06-14,UPI,Paid
PAY0004860,O004860,2024-03-15,UPI,Paid
PAY0004861,O004861,2024-09-28,Net Banking,Failed
PAY0004862,O004862,2025-11-21,UPI,Paid
PAY0004863,O004863,2025-05-17,COD,Pending
PAY0004864,O004864,2025-07-16,UPI,Paid
PAY0004865,O004865,2025-08-09,Credit Card,Paid
PAY0004866,O004866,2025-10-17,UPI,Paid
PAY0004867,O004867,2024-12-08,UPI,Failed
PAY0004868,O004868,2025-11-30,Credit Card,Failed
PAY0004869,O004869,2025-09-26,COD,Paid
PAY0004870,O004870,2024-09-07,Debit Card,Paid
PAY0004871,O004871,2024-05-09,Net Banking,Paid
PAY0004872,O004872,2024-12-23,Debit Card,Paid
PAY0004873,O004873,2025-11-22,COD,Paid
PAY0004874,O004874,2025-02-11,COD,Paid
PAY0004875,O004875,2025-05-09,Credit Card,Paid
PAY0004876,O004876,2025-09-13,Debit Card,Paid
PAY0004877,O004877,2025-04-26,UPI,Paid
PAY0004878,O004878,2024-03-18,Credit Card,Paid
PAY0004879,O004879,2025-05-28,Credit Card,Paid
PAY0004880,O004880,2024-11-16,Net Banking,Paid
PAY0004881,O004881,2024-10-16,Credit Card,Paid
PAY0004882,O004882,2024-10-23,Debit Card,Paid
PAY0004883,O004883,2025-11-11,COD,Pending
PAY0004884,O004884,2025-04-19,Net Banking,Paid
PAY0004885,O004885,2024-01-23,UPI,Paid
PAY0004886,O004886,2024-06-20,Debit Card,Paid
PAY0004887,O004887,2024-11-13,UPI,Paid
PAY0004888,O004888,2024-07-11,Credit Card,Paid
PAY0004889,O004889,2025-11-11,Debit Card,Paid
PAY0004890,O004890,2024-04-27,Net Banking,Paid
PAY0004891,O004891,2024-01-06,Net Banking,Paid
PAY0004892,O004892,2025-04-27,UPI,Paid
PAY0004893,O004893,2024-05-11,COD,Paid
PAY0004894,O004894,2024-04-02,Net Banking,Paid
PAY0004895,O004895,2025-06-05,UPI,Paid
PAY0004896,O004896,2025-07-16,COD,Paid
PAY0004897,O004897,2024-10-20,Debit Card,Paid
PAY0004898,O004898,2025-10-02,Net Banking,Paid
PAY0004899,O004899,2025-01-26,Net Banking,Failed
PAY0004900,O004900,2024-09-05,UPI,Refunded
PAY0004901,O004901,2025-09-05,Net Banking,Paid
PAY0004902,O004902,2025-08-17,UPI,Paid
PAY0004903,O004903,2025-12-03,Net Banking,Paid
PAY0004904,O004904,2025-02-20,UPI,Paid
PAY0004905,O004905,2024-05-22,Net Banking,Paid
PAY0004906,O004906,2024-08-24,Debit Card,Paid
PAY0004907,O004907,2024-10-13,Debit Card,Paid
PAY0004908,O004908,2024-10-03,UPI,Paid
PAY0004909,O004909,2025-01-21,Debit Card,Paid
PAY0004910,O004910,2025-01-16,UPI,Paid
PAY0004911,O004911,2025-03-25,UPI,Paid
PAY0004912,O004912,2024-10-17,Credit Card,Paid
PAY0004913,O004913,2024-06-17,Debit Card,Paid
PAY0004914,O004914,2025-03-18,Credit Card,Paid
PAY0004915,O004915,2025-10-17,Credit Card,Failed
PAY0004916,O004916,2024-07-02,Net Banking,Pending
PAY0004917,O004917,2024-02-14,UPI,Paid
PAY0004918,O004918,2024-09-24,COD,Paid
PAY0004919,O004919,2025-04-20,Credit Card,Paid
PAY0004920,O004920,2024-09-09,Net Banking,Paid
PAY0004921,O004921,2025-01-30,Debit Card,Paid
PAY0004922,O004922,2024-10-15,COD,Paid
PAY0004923,O004923,2024-07-30,UPI,Pending
PAY0004924,O004924,2025-11-19,Net Banking,Paid
PAY0004925,O004925,2024-01-21,COD,Paid
PAY0004926,O004926,2024-11-11,UPI,Paid
PAY0004927,O004927,2025-07-17,UPI,Paid
PAY0004928,O004928,2025-03-13,COD,Paid
PAY0004929,O004929,2025-02-26,Net Banking,Paid
PAY0004930,O004930,2024-08-20,COD,Paid
PAY0004931,O004931,2024-05-02,Credit Card,Paid
PAY0004932,O004932,2025-09-03,UPI,Paid
PAY0004933,O004933,2024-08-01,Debit Card,Paid
PAY0004934,O004934,2025-10-08,COD,Paid
PAY0004935,O004935,2025-12-30,COD,Paid
PAY0004936,O004936,2025-08-22,UPI,Paid
PAY0004937,O004937,2024-02-09,UPI,Paid
PAY0004938,O004938,2024-11-27,COD,Paid
PAY0004939,O004939,2025-10-09,Debit Card,Paid
PAY0004940,O004940,2024-06-30,UPI,Paid
PAY0004941,O004941,2024-09-21,UPI,Paid
PAY0004942,O004942,2025-11-24,Credit Card,Paid
PAY0004943,O004943,2025-06-16,Net Banking,Pending
PAY0004944,O004944,2025-03-07,Credit Card,Failed
PAY0004945,O004945,2024-07-14,Debit Card,Paid
PAY0004946,O004946,2025-12-24,Net Banking,Failed
PAY0004947,O004947,2025-05-23,COD,Paid
PAY0004948,O004948,2025-03-22,Debit Card,Paid
PAY0004949,O004949,2025-06-11,Debit Card,Paid
PAY0004950,O004950,2024-07-20,Credit Card,Paid
PAY0004951,O004951,2025-12-30,Net Banking,Paid
PAY0004952,O004952,2025-08-27,Debit Card,Paid
PAY0004953,O004953,2024-05-12,Net Banking,Paid
PAY0004954,O004954,2024-05-18,COD,Paid
PAY0004955,O004955,2025-10-30,Net Banking,Pending
PAY0004956,O004956,2025-05-07,Credit Card,Failed
PAY0004957,O004957,2024-03-10,Credit Card,Paid
PAY0004958,O004958,2024-01-15,Debit Card,Paid
PAY0004959,O004959,2024-07-30,Net Banking,Paid
PAY0004960,O004960,2024-02-29,Credit Card,Paid
PAY0004961,O004961,2024-09-08,UPI,Paid
PAY0004962,O004962,2025-03-21,Credit Card,Paid
PAY0004963,O004963,2024-01-02,COD,Paid
PAY0004964,O004964,2024-12-01,UPI,Paid
PAY0004965,O004965,2024-01-19,Net Banking,Failed
PAY0004966,O004966,2025-07-14,Debit Card,Paid
PAY0004967,O004967,2024-03-18,UPI,Paid
PAY0004968,O004968,2025-04-16,Credit Card,Paid
PAY0004969,O004969,2024-01-28,Debit Card,Paid
PAY0004970,O004970,2025-07-13,Debit Card,Paid
PAY0004971,O004971,2025-08-30,Debit Card,Paid
PAY0004972,O004972,2024-06-13,Debit Card,Paid
PAY0004973,O004973,2025-04-02,Net Banking,Paid
PAY0004974,O004974,2024-06-24,Net Banking,Paid
PAY0004975,O004975,2025-08-07,Net Banking,Paid
PAY0004976,O004976,2024-01-29,Credit Card,Paid
PAY0004977,O004977,2025-10-30,Net Banking,Paid
PAY0004978,O004978,2024-10-05,Debit Card,Failed
PAY0004979,O004979,2024-10-09,UPI,Paid
PAY0004980,O004980,2025-04-23,UPI,Paid
PAY0004981,O004981,2025-06-02,UPI,Paid
PAY0004982,O004982,2024-10-31,UPI,Paid
PAY0004983,O004983,2025-11-24,UPI,Paid
PAY0004984,O004984,2024-04-18,COD,Paid
PAY0004985,O004985,2024-11-19,UPI,Paid
PAY0004986,O004986,2024-07-24,UPI,Paid
PAY0004987,O004987,2024-08-21,UPI,Paid
PAY0004988,O004988,2025-04-02,Credit Card,Paid
PAY0004989,O004989,2024-07-05,COD,Paid
PAY0004990,O004990,2025-04-26,UPI,Paid
PAY0004991,O004991,2025-02-10,Net Banking,Paid
PAY0004992,O004992,2025-05-23,Credit Card,Paid
PAY0004993,O004993,2025-06-03,COD,Paid
PAY0004994,O004994,2024-02-22,Net Banking,Failed
PAY0004995,O004995,2025-02-01,Net Banking,Paid
PAY0004996,O004996,2024-07-17,Credit Card,Paid
PAY0004997,O004997,2025-01-25,Net Banking,Paid
PAY0004998,O004998,2025-10-10,Debit Card,Paid
PAY0004999,O004999,2025-05-12,Credit Card,Paid
PAY0005000,O005000,2024-06-20,Credit Card,Paid
PAY0005001,O005001,2024-03-26,Debit Card,Paid
PAY0005002,O005002,2025-07-11,Credit Card,Paid
PAY0005003,O005003,2024-07-04,Net Banking,Paid
PAY0005004,O005004,2024-06-04,Net Banking,Paid
PAY0005005,O005005,2025-05-07,Net Banking,Paid
PAY0005006,O005006,2025-06-04,Debit Card,Paid
PAY0005007,O005007,2025-09-18,Net Banking,Paid
PAY0005008,O005008,2025-10-27,Debit Card,Failed
PAY0005009,O005009,2024-05-09,Debit Card,Failed
PAY0005010,O005010,2024-03-21,Debit Card,Paid
PAY0005011,O005011,2025-01-18,Credit Card,Paid
PAY0005012,O005012,2025-10-20,COD,Paid
PAY0005013,O005013,2024-10-21,Debit Card,Paid
PAY0005014,O005014,2024-09-25,Net Banking,Paid
PAY0005015,O005015,2025-10-06,Debit Card,Paid
PAY0005016,O005016,2025-07-15,UPI,Paid
PAY0005017,O005017,2025-06-18,Credit Card,Paid
PAY0005018,O005018,2025-01-12,Net Banking,Paid
PAY0005019,O005019,2025-01-10,Credit Card,Paid
PAY0005020,O005020,2024-03-28,Credit Card,Paid
PAY0005021,O005021,2025-09-15,UPI,Paid
PAY0005022,O005022,2024-04-20,Debit Card,Paid
PAY0005023,O005023,2025-08-06,Net Banking,Paid
PAY0005024,O005024,2024-06-02,COD,Paid
PAY0005025,O005025,2025-04-07,Credit Card,Paid
PAY0005026,O005026,2025-07-22,COD,Paid
PAY0005027,O005027,2024-06-04,COD,Pending
PAY0005028,O005028,2025-09-16,Debit Card,Pending
PAY0005029,O005029,2024-11-13,COD,Pending
PAY0005030,O005030,2025-07-12,Net Banking,Pending
PAY0005031,O005031,2024-08-25,Debit Card,Paid
PAY0005032,O005032,2024-11-29,COD,Pending
PAY0005033,O005033,2024-04-15,Debit Card,Paid
PAY0005034,O005034,2025-04-26,Net Banking,Paid
PAY0005035,O005035,2025-11-29,Credit Card,Paid
PAY0005036,O005036,2025-11-01,UPI,Paid
PAY0005037,O005037,2025-12-10,Debit Card,Paid
PAY0005038,O005038,2025-01-16,UPI,Paid
PAY0005039,O005039,2025-11-19,Credit Card,Paid
PAY0005040,O005040,2024-09-17,Net Banking,Paid
PAY0005041,O005041,2024-10-19,Credit Card,Paid
PAY0005042,O005042,2024-11-30,UPI,Paid
PAY0005043,O005043,2025-10-16,Net Banking,Failed
PAY0005044,O005044,2025-12-09,COD,Paid
PAY0005045,O005045,2025-04-20,COD,Paid
PAY0005046,O005046,2024-08-12,Debit Card,Pending
PAY0005047,O005047,2025-07-08,COD,Paid
PAY0005048,O005048,2025-03-29,UPI,Paid
PAY0005049,O005049,2025-10-24,COD,Paid
PAY0005050,O005050,2024-10-22,Debit Card,Paid
PAY0005051,O005051,2025-07-28,Net Banking,Paid
PAY0005052,O005052,2025-10-03,COD,Paid
PAY0005053,O005053,2025-04-07,Debit Card,Paid
PAY0005054,O005054,2024-08-01,COD,Paid
PAY0005055,O005055,2025-08-07,COD,Pending
PAY0005056,O005056,2025-09-07,UPI,Failed
PAY0005057,O005057,2024-06-06,Debit Card,Paid
PAY0005058,O005058,2024-09-28,Debit Card,Paid
PAY0005059,O005059,2024-08-25,Credit Card,Pending
PAY0005060,O005060,2024-10-29,Credit Card,Paid
PAY0005061,O005061,2025-10-31,Debit Card,Refunded
PAY0005062,O005062,2025-09-12,UPI,Paid
PAY0005063,O005063,2025-06-04,COD,Paid
PAY0005064,O005064,2024-11-16,Net Banking,Paid
PAY0005065,O005065,2024-02-28,COD,Paid
PAY0005066,O005066,2024-12-23,Net Banking,Paid
PAY0005067,O005067,2025-12-04,UPI,Pending
PAY0005068,O005068,2025-10-09,Credit Card,Paid
PAY0005069,O005069,2024-09-07,Debit Card,Paid
PAY0005070,O005070,2025-03-11,UPI,Paid
PAY0005071,O005071,2024-05-25,Net Banking,Paid
PAY0005072,O005072,2024-12-17,Debit Card,Paid
PAY0005073,O005073,2025-07-23,Net Banking,Paid
PAY0005074,O005074,2025-11-19,COD,Paid
PAY0005075,O005075,2024-09-01,COD,Paid
PAY0005076,O005076,2025-07-13,COD,Paid
PAY0005077,O005077,2024-10-27,Debit Card,Paid
PAY0005078,O005078,2025-03-13,Credit Card,Paid
PAY0005079,O005079,2024-04-09,Credit Card,Paid
PAY0005080,O005080,2025-12-25,Net Banking,Paid
PAY0005081,O005081,2025-04-24,Credit Card,Paid
PAY0005082,O005082,2025-02-18,Credit Card,Paid
PAY0005083,O005083,2024-06-13,Net Banking,Paid
PAY0005084,O005084,2025-09-29,Net Banking,Paid
PAY0005085,O005085,2024-10-28,Net Banking,Paid
PAY0005086,O005086,2024-04-30,Debit Card,Paid
PAY0005087,O005087,2024-03-28,Net Banking,Paid
PAY0005088,O005088,2024-08-04,Debit Card,Paid
PAY0005089,O005089,2025-07-26,Debit Card,Paid
PAY0005090,O005090,2024-06-27,Debit Card,Paid
PAY0005091,O005091,2025-12-02,Net Banking,Paid
PAY0005092,O005092,2024-06-11,Credit Card,Paid
PAY0005093,O005093,2025-08-15,Credit Card,Paid
PAY0005094,O005094,2024-06-18,Net Banking,Paid
PAY0005095,O005095,2024-10-27,Credit Card,Paid
PAY0005096,O005096,2025-01-08,Net Banking,Paid
PAY0005097,O005097,2025-12-08,Debit Card,Paid
PAY0005098,O005098,2024-07-21,COD,Paid
PAY0005099,O005099,2024-02-16,UPI,Paid
PAY0005100,O005100,2025-04-07,Net Banking,Paid
PAY0005101,O005101,2025-10-31,Debit Card,Pending
PAY0005102,O005102,2025-02-11,COD,Paid
PAY0005103,O005103,2024-07-12,Debit Card,Paid
PAY0005104,O005104,2025-03-02,UPI,Paid
PAY0005105,O005105,2024-11-12,Credit Card,Paid
PAY0005106,O005106,2025-04-23,Credit Card,Paid
PAY0005107,O005107,2025-02-24,Debit Card,Paid
PAY0005108,O005108,2024-09-25,UPI,Paid
PAY0005109,O005109,2025-04-25,Debit Card,Paid
PAY0005110,O005110,2025-12-11,Credit Card,Pending
PAY0005111,O005111,2024-09-19,Debit Card,Paid
PAY0005112,O005112,2025-03-01,COD,Paid
PAY0005113,O005113,2024-06-14,UPI,Paid
PAY0005114,O005114,2025-11-22,Credit Card,Paid
PAY0005115,O005115,2025-03-03,Debit Card,Paid
PAY0005116,O005116,2025-12-04,UPI,Failed
PAY0005117,O005117,2025-01-31,Debit Card,Pending
PAY0005118,O005118,2024-08-03,Credit Card,Paid
PAY0005119,O005119,2024-04-16,UPI,Paid
PAY0005120,O005120,2024-04-07,Credit Card,Paid
PAY0005121,O005121,2025-04-26,COD,Failed
PAY0005122,O005122,2025-05-13,COD,Paid
PAY0005123,O005123,2024-08-17,Net Banking,Paid
PAY0005124,O005124,2024-09-13,UPI,Paid
PAY0005125,O005125,2024-02-12,COD,Pending
PAY0005126,O005126,2024-08-29,Net Banking,Paid
PAY0005127,O005127,2025-07-07,UPI,Paid
PAY0005128,O005128,2024-04-04,Credit Card,Paid
PAY0005129,O005129,2024-07-06,Debit Card,Paid
PAY0005130,O005130,2025-01-19,Debit Card,Paid
PAY0005131,O005131,2025-02-03,Credit Card,Paid
PAY0005132,O005132,2025-05-20,COD,Paid
PAY0005133,O005133,2024-06-15,Debit Card,Paid
PAY0005134,O005134,2024-05-04,Credit Card,Paid
PAY0005135,O005135,2025-11-03,Net Banking,Paid
PAY0005136,O005136,2024-03-27,Net Banking,Paid
PAY0005137,O005137,2025-05-03,Credit Card,Paid
PAY0005138,O005138,2024-08-13,UPI,Paid
PAY0005139,O005139,2025-10-18,COD,Paid
PAY0005140,O005140,2024-12-10,COD,Paid
PAY0005141,O005141,2025-06-01,Credit Card,Paid
PAY0005142,O005142,2024-01-31,Debit Card,Paid
PAY0005143,O005143,2025-12-09,COD,Paid
PAY0005144,O005144,2024-10-22,COD,Paid
PAY0005145,O005145,2025-02-17,Net Banking,Paid
PAY0005146,O005146,2024-05-14,Net Banking,Paid
PAY0005147,O005147,2025-06-08,Net Banking,Paid
PAY0005148,O005148,2024-01-04,COD,Paid
PAY0005149,O005149,2024-06-26,COD,Paid
PAY0005150,O005150,2024-09-15,COD,Paid
PAY0005151,O005151,2025-10-13,Debit Card,Paid
PAY0005152,O005152,2024-03-05,Debit Card,Pending
PAY0005153,O005153,2024-12-28,Debit Card,Paid
PAY0005154,O005154,2025-12-17,UPI,Paid
PAY0005155,O005155,2024-01-17,COD,Pending
PAY0005156,O005156,2024-07-18,COD,Paid
PAY0005157,O005157,2025-06-27,Credit Card,Paid
PAY0005158,O005158,2024-07-30,Credit Card,Paid
PAY0005159,O005159,2025-03-10,UPI,Paid
PAY0005160,O005160,2024-09-29,Credit Card,Paid
PAY0005161,O005161,2024-10-16,Debit Card,Paid
PAY0005162,O005162,2025-04-27,UPI,Refunded
PAY0005163,O005163,2024-08-21,UPI,Paid
PAY0005164,O005164,2025-02-11,UPI,Paid
PAY0005165,O005165,2025-11-24,Net Banking,Paid
PAY0005166,O005166,2024-05-25,Credit Card,Paid
PAY0005167,O005167,2025-07-15,COD,Paid
PAY0005168,O005168,2025-03-05,Net Banking,Paid
PAY0005169,O005169,2025-03-07,Debit Card,Paid
PAY0005170,O005170,2025-09-06,Net Banking,Paid
PAY0005171,O005171,2025-06-28,Debit Card,Paid
PAY0005172,O005172,2025-05-11,COD,Paid
PAY0005173,O005173,2024-03-29,COD,Paid
PAY0005174,O005174,2025-02-14,Credit Card,Paid
PAY0005175,O005175,2024-08-28,Net Banking,Failed
PAY0005176,O005176,2024-08-10,COD,Paid
PAY0005177,O005177,2025-10-26,Debit Card,Paid
PAY0005178,O005178,2025-04-12,COD,Paid
PAY0005179,O005179,2025-07-22,Credit Card,Paid
PAY0005180,O005180,2024-11-17,Debit Card,Paid
PAY0005181,O005181,2025-01-09,UPI,Paid
PAY0005182,O005182,2024-04-21,Credit Card,Paid
PAY0005183,O005183,2025-06-10,Credit Card,Paid
PAY0005184,O005184,2025-02-15,UPI,Failed
PAY0005185,O005185,2024-09-25,COD,Paid
PAY0005186,O005186,2025-09-17,Credit Card,Paid
PAY0005187,O005187,2024-09-08,UPI,Refunded
PAY0005188,O005188,2025-01-08,UPI,Paid
PAY0005189,O005189,2025-10-15,Credit Card,Pending
PAY0005190,O005190,2025-09-17,Net Banking,Refunded
PAY0005191,O005191,2025-03-25,Credit Card,Paid
PAY0005192,O005192,2025-06-20,Net Banking,Paid
PAY0005193,O005193,2025-01-02,COD,Paid
PAY0005194,O005194,2024-09-11,UPI,Pending
PAY0005195,O005195,2025-04-07,Debit Card,Paid
PAY0005196,O005196,2024-09-24,Credit Card,Failed
PAY0005197,O005197,2024-05-05,Debit Card,Paid
PAY0005198,O005198,2025-01-27,COD,Paid
PAY0005199,O005199,2024-11-29,Credit Card,Paid
PAY0005200,O005200,2025-07-18,Debit Card,Paid
PAY0005201,O005201,2025-01-02,COD,Paid
PAY0005202,O005202,2025-07-08,Net Banking,Failed
PAY0005203,O005203,2025-11-08,COD,Paid
PAY0005204,O005204,2025-07-07,Credit Card,Pending
PAY0005205,O005205,2025-03-31,Credit Card,Paid
PAY0005206,O005206,2025-11-18,Credit Card,Paid
PAY0005207,O005207,2024-03-07,COD,Paid
PAY0005208,O005208,2024-03-06,Credit Card,Paid
PAY0005209,O005209,2025-08-17,COD,Failed
PAY0005210,O005210,2025-09-08,UPI,Failed
PAY0005211,O005211,2025-02-03,UPI,Paid
PAY0005212,O005212,2024-10-13,UPI,Paid
PAY0005213,O005213,2024-07-04,Debit Card,Paid
PAY0005214,O005214,2024-10-10,UPI,Paid
PAY0005215,O005215,2025-05-30,UPI,Paid
PAY0005216,O005216,2025-10-11,COD,Refunded
PAY0005217,O005217,2025-11-21,COD,Paid
PAY0005218,O005218,2024-08-24,Credit Card,Paid
PAY0005219,O005219,2024-01-18,Credit Card,Paid
PAY0005220,O005220,2025-02-17,Credit Card,Paid
PAY0005221,O005221,2024-01-09,COD,Paid
PAY0005222,O005222,2025-02-23,COD,Paid
PAY0005223,O005223,2024-01-29,UPI,Paid
PAY0005224,O005224,2025-10-17,Net Banking,Paid
PAY0005225,O005225,2024-12-13,COD,Paid
PAY0005226,O005226,2025-10-22,Net Banking,Paid
PAY0005227,O005227,2025-07-29,COD,Paid
PAY0005228,O005228,2025-03-25,COD,Paid
PAY0005229,O005229,2025-01-14,Debit Card,Paid
PAY0005230,O005230,2025-11-29,Net Banking,Paid
PAY0005231,O005231,2024-12-31,Debit Card,Paid
PAY0005232,O005232,2024-08-14,UPI,Paid
PAY0005233,O005233,2024-04-27,Debit Card,Paid
PAY0005234,O005234,2025-02-15,Debit Card,Paid
PAY0005235,O005235,2024-12-21,UPI,Paid
PAY0005236,O005236,2024-09-10,Net Banking,Paid
PAY0005237,O005237,2025-06-26,Credit Card,Paid
PAY0005238,O005238,2025-11-03,COD,Paid
PAY0005239,O005239,2025-12-27,Net Banking,Failed
PAY0005240,O005240,2025-03-19,UPI,Paid
PAY0005241,O005241,2025-11-11,Debit Card,Paid
PAY0005242,O005242,2024-03-21,Credit Card,Paid
PAY0005243,O005243,2024-02-15,Debit Card,Paid
PAY0005244,O005244,2024-02-18,COD,Pending
PAY0005245,O005245,2025-03-24,UPI,Paid
PAY0005246,O005246,2025-02-10,Credit Card,Refunded
PAY0005247,O005247,2024-10-09,Net Banking,Paid
PAY0005248,O005248,2025-04-17,Net Banking,Paid
PAY0005249,O005249,2025-02-19,UPI,Paid
PAY0005250,O005250,2025-08-22,UPI,Paid
PAY0005251,O005251,2024-04-30,Debit Card,Pending
PAY0005252,O005252,2024-01-03,Credit Card,Paid
PAY0005253,O005253,2024-11-11,COD,Paid
PAY0005254,O005254,2025-04-04,UPI,Paid
PAY0005255,O005255,2024-08-14,Credit Card,Paid
PAY0005256,O005256,2024-03-19,UPI,Paid
PAY0005257,O005257,2025-10-18,UPI,Paid
PAY0005258,O005258,2025-06-27,Net Banking,Paid
PAY0005259,O005259,2025-12-23,Credit Card,Paid
PAY0005260,O005260,2024-03-11,Net Banking,Paid
PAY0005261,O005261,2024-07-15,Net Banking,Paid
PAY0005262,O005262,2024-02-27,Credit Card,Paid
PAY0005263,O005263,2025-02-27,Net Banking,Paid
PAY0005264,O005264,2025-04-13,Debit Card,Paid
PAY0005265,O005265,2025-09-15,COD,Paid
PAY0005266,O005266,2024-02-17,COD,Paid
PAY0005267,O005267,2025-03-10,Debit Card,Paid
PAY0005268,O005268,2024-07-03,UPI,Paid
PAY0005269,O005269,2024-06-13,Net Banking,Paid
PAY0005270,O005270,2025-12-27,COD,Paid
PAY0005271,O005271,2024-11-26,Credit Card,Paid
PAY0005272,O005272,2024-11-25,UPI,Paid
PAY0005273,O005273,2024-04-30,COD,Paid
PAY0005274,O005274,2024-07-31,Net Banking,Failed
PAY0005275,O005275,2025-05-21,COD,Paid
PAY0005276,O005276,2025-07-06,Net Banking,Paid
PAY0005277,O005277,2024-06-16,UPI,Paid
PAY0005278,O005278,2025-06-29,Debit Card,Paid
PAY0005279,O005279,2025-03-02,Net Banking,Failed
PAY0005280,O005280,2025-12-09,Net Banking,Pending
PAY0005281,O005281,2025-12-03,UPI,Paid
PAY0005282,O005282,2024-08-08,UPI,Paid
PAY0005283,O005283,2024-01-10,Credit Card,Paid
PAY0005284,O005284,2024-04-29,UPI,Paid
PAY0005285,O005285,2025-09-26,COD,Paid
PAY0005286,O005286,2024-09-03,Net Banking,Paid
PAY0005287,O005287,2024-12-25,Debit Card,Paid
PAY0005288,O005288,2024-08-08,UPI,Paid
PAY0005289,O005289,2025-05-20,Net Banking,Paid
PAY0005290,O005290,2024-02-27,Debit Card,Refunded
PAY0005291,O005291,2025-04-04,Credit Card,Refunded
PAY0005292,O005292,2024-05-07,COD,Paid
PAY0005293,O005293,2025-11-29,Credit Card,Paid
PAY0005294,O005294,2025-12-17,UPI,Paid
PAY0005295,O005295,2024-03-26,COD,Paid
PAY0005296,O005296,2024-04-13,Credit Card,Paid
PAY0005297,O005297,2024-05-22,Net Banking,Paid
PAY0005298,O005298,2024-07-23,UPI,Paid
PAY0005299,O005299,2025-10-02,Credit Card,Paid
PAY0005300,O005300,2024-02-07,COD,Paid
PAY0005301,O005301,2024-12-28,COD,Paid
PAY0005302,O005302,2025-09-12,Debit Card,Paid
PAY0005303,O005303,2024-11-04,COD,Refunded
PAY0005304,O005304,2024-02-21,COD,Paid
PAY0005305,O005305,2024-01-01,UPI,Paid
PAY0005306,O005306,2024-01-11,COD,Refunded
PAY0005307,O005307,2025-10-01,Debit Card,Paid
PAY0005308,O005308,2024-08-01,COD,Paid
PAY0005309,O005309,2025-07-09,Debit Card,Paid
PAY0005310,O005310,2025-06-01,Net Banking,Paid
PAY0005311,O005311,2025-10-29,Debit Card,Paid
PAY0005312,O005312,2025-02-18,UPI,Paid
PAY0005313,O005313,2024-01-08,Credit Card,Paid
PAY0005314,O005314,2024-01-05,Credit Card,Paid
PAY0005315,O005315,2024-12-27,Net Banking,Paid
PAY0005316,O005316,2025-11-24,UPI,Paid
PAY0005317,O005317,2024-04-21,Net Banking,Paid
PAY0005318,O005318,2024-09-29,Net Banking,Paid
PAY0005319,O005319,2025-02-25,COD,Paid
PAY0005320,O005320,2024-09-21,COD,Paid
PAY0005321,O005321,2025-04-02,UPI,Paid
PAY0005322,O005322,2024-07-30,Credit Card,Failed
PAY0005323,O005323,2024-03-18,Debit Card,Paid
PAY0005324,O005324,2025-10-27,COD,Paid
PAY0005325,O005325,2024-08-08,UPI,Paid
PAY0005326,O005326,2025-01-03,UPI,Paid
PAY0005327,O005327,2024-12-12,Credit Card,Paid
PAY0005328,O005328,2024-01-25,UPI,Pending
PAY0005329,O005329,2025-02-23,UPI,Failed
PAY0005330,O005330,2024-12-19,Credit Card,Paid
PAY0005331,O005331,2025-12-20,COD,Paid
PAY0005332,O005332,2025-02-20,Credit Card,Paid
PAY0005333,O005333,2025-05-29,Net Banking,Paid
PAY0005334,O005334,2024-08-02,COD,Paid
PAY0005335,O005335,2024-04-21,Net Banking,Paid
PAY0005336,O005336,2025-12-04,UPI,Paid
PAY0005337,O005337,2025-07-12,Net Banking,Paid
PAY0005338,O005338,2025-03-03,Credit Card,Paid
PAY0005339,O005339,2025-11-29,Credit Card,Paid
PAY0005340,O005340,2025-07-15,Debit Card,Paid
PAY0005341,O005341,2025-12-09,UPI,Paid
PAY0005342,O005342,2024-08-03,Credit Card,Paid
PAY0005343,O005343,2025-02-16,COD,Paid
PAY0005344,O005344,2025-01-14,Credit Card,Paid
PAY0005345,O005345,2025-08-24,COD,Paid
PAY0005346,O005346,2024-08-19,UPI,Paid
PAY0005347,O005347,2024-09-14,Debit Card,Paid
PAY0005348,O005348,2025-10-26,Debit Card,Paid
PAY0005349,O005349,2024-09-12,Net Banking,Paid
PAY0005350,O005350,2025-02-06,Credit Card,Paid
PAY0005351,O005351,2025-02-27,UPI,Pending
PAY0005352,O005352,2024-03-05,Net Banking,Failed
PAY0005353,O005353,2024-07-08,UPI,Paid
PAY0005354,O005354,2025-08-25,UPI,Paid
PAY0005355,O005355,2024-06-21,Net Banking,Paid
PAY0005356,O005356,2025-09-19,UPI,Paid
PAY0005357,O005357,2025-07-14,Net Banking,Pending
PAY0005358,O005358,2024-08-14,Credit Card,Pending
PAY0005359,O005359,2025-08-03,Net Banking,Paid
PAY0005360,O005360,2025-01-22,Credit Card,Paid
PAY0005361,O005361,2025-02-04,Debit Card,Paid
PAY0005362,O005362,2025-09-29,Net Banking,Refunded
PAY0005363,O005363,2024-07-31,Debit Card,Failed
PAY0005364,O005364,2024-02-22,Net Banking,Paid
PAY0005365,O005365,2025-09-15,UPI,Paid
PAY0005366,O005366,2025-11-01,Debit Card,Paid
PAY0005367,O005367,2025-10-23,COD,Pending
PAY0005368,O005368,2024-05-18,COD,Paid
PAY0005369,O005369,2025-02-21,COD,Failed
PAY0005370,O005370,2025-09-16,Debit Card,Paid
PAY0005371,O005371,2024-05-22,Credit Card,Paid
PAY0005372,O005372,2025-05-23,Net Banking,Paid
PAY0005373,O005373,2025-10-11,UPI,Paid
PAY0005374,O005374,2025-04-30,UPI,Paid
PAY0005375,O005375,2025-03-12,Debit Card,Paid
PAY0005376,O005376,2025-06-26,COD,Refunded
PAY0005377,O005377,2024-10-19,UPI,Paid
PAY0005378,O005378,2025-09-11,UPI,Paid
PAY0005379,O005379,2024-10-10,Credit Card,Paid
PAY0005380,O005380,2025-11-01,UPI,Paid
PAY0005381,O005381,2024-01-14,UPI,Paid
PAY0005382,O005382,2025-09-25,Net Banking,Paid
PAY0005383,O005383,2025-12-27,UPI,Paid
PAY0005384,O005384,2024-09-28,Net Banking,Paid
PAY0005385,O005385,2024-01-25,COD,Failed
PAY0005386,O005386,2024-11-17,Credit Card,Paid
PAY0005387,O005387,2025-11-11,UPI,Paid
PAY0005388,O005388,2024-04-12,Credit Card,Paid
PAY0005389,O005389,2024-02-09,Credit Card,Paid
PAY0005390,O005390,2024-08-22,Credit Card,Paid
PAY0005391,O005391,2024-03-29,Debit Card,Paid
PAY0005392,O005392,2024-04-09,Net Banking,Paid
PAY0005393,O005393,2024-05-23,Credit Card,Paid
PAY0005394,O005394,2024-03-22,COD,Paid
PAY0005395,O005395,2025-08-11,UPI,Paid
PAY0005396,O005396,2025-07-24,Credit Card,Paid
PAY0005397,O005397,2024-08-16,Credit Card,Paid
PAY0005398,O005398,2025-08-25,UPI,Paid
PAY0005399,O005399,2025-01-29,COD,Paid
PAY0005400,O005400,2025-05-27,Credit Card,Paid
PAY0005401,O005401,2024-07-15,Credit Card,Paid
PAY0005402,O005402,2024-09-30,COD,Refunded
PAY0005403,O005403,2025-08-12,Credit Card,Paid
PAY0005404,O005404,2025-10-14,COD,Paid
PAY0005405,O005405,2025-08-05,Credit Card,Paid
PAY0005406,O005406,2025-07-15,UPI,Paid
PAY0005407,O005407,2025-01-06,COD,Paid
PAY0005408,O005408,2024-03-20,UPI,Failed
PAY0005409,O005409,2024-08-22,UPI,Paid
PAY0005410,O005410,2024-10-13,Credit Card,Paid
PAY0005411,O005411,2025-10-28,COD,Failed
PAY0005412,O005412,2025-07-25,Debit Card,Paid
PAY0005413,O005413,2025-06-28,UPI,Paid
PAY0005414,O005414,2025-03-12,UPI,Paid
PAY0005415,O005415,2024-05-06,UPI,Paid
PAY0005416,O005416,2025-12-12,Credit Card,Paid
PAY0005417,O005417,2025-02-20,Credit Card,Paid
PAY0005418,O005418,2025-09-29,UPI,Failed
PAY0005419,O005419,2024-02-10,Credit Card,Paid
PAY0005420,O005420,2025-04-13,Credit Card,Paid
PAY0005421,O005421,2024-10-23,Credit Card,Paid
PAY0005422,O005422,2025-08-19,Net Banking,Paid
PAY0005423,O005423,2025-08-23,COD,Paid
PAY0005424,O005424,2024-02-11,Credit Card,Paid
PAY0005425,O005425,2025-09-23,Net Banking,Paid
PAY0005426,O005426,2024-10-05,Net Banking,Failed
PAY0005427,O005427,2025-04-03,Credit Card,Paid
PAY0005428,O005428,2024-02-02,Net Banking,Paid
PAY0005429,O005429,2024-10-02,Debit Card,Paid
PAY0005430,O005430,2025-10-26,Net Banking,Paid
PAY0005431,O005431,2024-03-30,COD,Paid
PAY0005432,O005432,2025-09-07,Net Banking,Paid
PAY0005433,O005433,2025-06-07,Credit Card,Paid
PAY0005434,O005434,2024-06-08,UPI,Paid
PAY0005435,O005435,2025-04-02,Debit Card,Paid
PAY0005436,O005436,2025-12-08,Net Banking,Paid
PAY0005437,O005437,2025-02-02,Debit Card,Paid
PAY0005438,O005438,2024-03-31,COD,Paid
PAY0005439,O005439,2025-12-09,Net Banking,Paid
PAY0005440,O005440,2025-08-03,Net Banking,Paid
PAY0005441,O005441,2025-04-10,Debit Card,Paid
PAY0005442,O005442,2024-08-07,Net Banking,Paid
PAY0005443,O005443,2025-02-22,Net Banking,Paid
PAY0005444,O005444,2025-01-13,UPI,Paid
PAY0005445,O005445,2025-12-26,Debit Card,Paid
PAY0005446,O005446,2025-03-22,Credit Card,Pending
PAY0005447,O005447,2024-05-25,Credit Card,Paid
PAY0005448,O005448,2024-08-20,COD,Paid
PAY0005449,O005449,2025-01-05,UPI,Paid
PAY0005450,O005450,2024-08-21,Debit Card,Paid
PAY0005451,O005451,2025-12-26,Debit Card,Paid
PAY0005452,O005452,2025-01-01,UPI,Failed
PAY0005453,O005453,2025-04-25,UPI,Paid
PAY0005454,O005454,2025-07-26,COD,Paid
PAY0005455,O005455,2024-12-28,Credit Card,Paid
PAY0005456,O005456,2025-08-12,Debit Card,Pending
PAY0005457,O005457,2025-05-25,UPI,Paid
PAY0005458,O005458,2024-04-04,Debit Card,Paid
PAY0005459,O005459,2024-08-03,Credit Card,Paid
PAY0005460,O005460,2025-12-25,Debit Card,Failed
PAY0005461,O005461,2025-12-12,Debit Card,Failed
PAY0005462,O005462,2025-06-26,UPI,Paid
PAY0005463,O005463,2024-05-14,UPI,Paid
PAY0005464,O005464,2024-03-23,UPI,Pending
PAY0005465,O005465,2025-01-25,Credit Card,Paid
PAY0005466,O005466,2024-02-16,Net Banking,Paid
PAY0005467,O005467,2025-01-26,Credit Card,Paid
PAY0005468,O005468,2025-12-18,UPI,Refunded
PAY0005469,O005469,2025-01-19,COD,Failed
PAY0005470,O005470,2025-01-15,Debit Card,Paid
PAY0005471,O005471,2024-03-17,Debit Card,Paid
PAY0005472,O005472,2024-09-15,Debit Card,Paid
PAY0005473,O005473,2025-08-26,Debit Card,Failed
PAY0005474,O005474,2025-02-02,COD,Paid
PAY0005475,O005475,2024-04-09,UPI,Pending
PAY0005476,O005476,2025-05-15,Net Banking,Paid
PAY0005477,O005477,2025-01-17,Debit Card,Failed
PAY0005478,O005478,2025-12-07,Net Banking,Failed
PAY0005479,O005479,2024-07-10,Credit Card,Paid
PAY0005480,O005480,2025-08-02,Credit Card,Paid
PAY0005481,O005481,2025-08-24,Debit Card,Paid
PAY0005482,O005482,2024-12-10,UPI,Paid
PAY0005483,O005483,2024-01-10,COD,Failed
PAY0005484,O005484,2024-09-20,Debit Card,Paid
PAY0005485,O005485,2024-09-24,Credit Card,Refunded
PAY0005486,O005486,2025-09-21,Credit Card,Pending
PAY0005487,O005487,2025-07-24,Net Banking,Paid
PAY0005488,O005488,2024-07-13,COD,Paid
PAY0005489,O005489,2025-07-15,Debit Card,Paid
PAY0005490,O005490,2025-02-10,UPI,Paid
PAY0005491,O005491,2024-10-22,Net Banking,Paid
PAY0005492,O005492,2024-04-06,COD,Paid
PAY0005493,O005493,2025-04-06,Net Banking,Paid
PAY0005494,O005494,2025-09-30,UPI,Refunded
PAY0005495,O005495,2024-03-27,Credit Card,Paid
PAY0005496,O005496,2024-03-17,Debit Card,Paid
PAY0005497,O005497,2025-12-16,Debit Card,Paid
PAY0005498,O005498,2025-04-27,UPI,Paid
PAY0005499,O005499,2024-05-25,Debit Card,Paid
PAY0005500,O005500,2025-10-22,Debit Card,Paid
PAY0005501,O005501,2024-04-20,Net Banking,Paid
PAY0005502,O005502,2025-10-02,UPI,Paid
PAY0005503,O005503,2025-11-08,Net Banking,Paid
PAY0005504,O005504,2024-10-23,Debit Card,Paid
PAY0005505,O005505,2025-03-01,COD,Paid
PAY0005506,O005506,2025-10-10,COD,Paid
PAY0005507,O005507,2024-11-29,Net Banking,Paid
PAY0005508,O005508,2025-06-06,Credit Card,Paid
PAY0005509,O005509,2025-08-05,Credit Card,Paid
PAY0005510,O005510,2025-11-01,UPI,Pending
PAY0005511,O005511,2025-12-28,COD,Failed
PAY0005512,O005512,2025-06-21,COD,Paid
PAY0005513,O005513,2024-06-10,Net Banking,Refunded
PAY0005514,O005514,2025-03-05,Debit Card,Paid
PAY0005515,O005515,2025-09-05,UPI,Pending
PAY0005516,O005516,2024-03-09,Net Banking,Paid
PAY0005517,O005517,2024-05-12,Credit Card,Pending
PAY0005518,O005518,2024-07-07,Debit Card,Paid
PAY0005519,O005519,2025-12-23,UPI,Paid
PAY0005520,O005520,2025-11-08,Debit Card,Paid
PAY0005521,O005521,2025-07-26,Credit Card,Refunded
PAY0005522,O005522,2024-10-05,Net Banking,Paid
PAY0005523,O005523,2025-03-05,Net Banking,Paid
PAY0005524,O005524,2025-09-16,COD,Paid
PAY0005525,O005525,2025-06-25,Net Banking,Refunded
PAY0005526,O005526,2024-06-09,COD,Paid
PAY0005527,O005527,2025-03-28,Net Banking,Paid
PAY0005528,O005528,2024-06-18,UPI,Paid
PAY0005529,O005529,2025-11-28,Credit Card,Paid
PAY0005530,O005530,2024-02-26,Debit Card,Paid
PAY0005531,O005531,2024-08-27,Credit Card,Pending
PAY0005532,O005532,2024-12-23,Credit Card,Paid
PAY0005533,O005533,2024-07-19,COD,Paid
PAY0005534,O005534,2025-03-19,COD,Failed
PAY0005535,O005535,2024-10-28,UPI,Paid
PAY0005536,O005536,2024-04-15,Debit Card,Paid
PAY0005537,O005537,2024-04-10,Net Banking,Paid
PAY0005538,O005538,2024-04-06,Net Banking,Paid
PAY0005539,O005539,2025-10-26,Credit Card,Paid
PAY0005540,O005540,2024-01-29,UPI,Paid
PAY0005541,O005541,2025-05-20,Debit Card,Refunded
PAY0005542,O005542,2025-10-26,Net Banking,Paid
PAY0005543,O005543,2025-03-13,Credit Card,Paid
PAY0005544,O005544,2025-01-13,UPI,Paid
PAY0005545,O005545,2024-03-13,Debit Card,Paid
PAY0005546,O005546,2024-09-10,Credit Card,Paid
PAY0005547,O005547,2025-05-30,Credit Card,Paid
PAY0005548,O005548,2025-07-03,UPI,Paid
PAY0005549,O005549,2024-01-20,UPI,Paid
PAY0005550,O005550,2025-09-16,UPI,Paid
PAY0005551,O005551,2025-06-18,UPI,Paid
PAY0005552,O005552,2025-02-24,Debit Card,Pending
PAY0005553,O005553,2025-03-21,UPI,Refunded
PAY0005554,O005554,2024-05-15,UPI,Paid
PAY0005555,O005555,2025-05-19,UPI,Paid
PAY0005556,O005556,2024-10-27,Debit Card,Paid
PAY0005557,O005557,2025-08-31,Net Banking,Paid
PAY0005558,O005558,2024-02-02,Credit Card,Paid
PAY0005559,O005559,2025-10-08,COD,Paid
PAY0005560,O005560,2024-10-04,Credit Card,Paid
PAY0005561,O005561,2024-05-12,Debit Card,Paid
PAY0005562,O005562,2025-06-10,UPI,Paid
PAY0005563,O005563,2024-05-05,Debit Card,Failed
PAY0005564,O005564,2024-12-10,Net Banking,Paid
PAY0005565,O005565,2024-01-17,COD,Pending
PAY0005566,O005566,2025-07-15,Net Banking,Paid
PAY0005567,O005567,2025-10-08,UPI,Failed
PAY0005568,O005568,2025-09-21,Debit Card,Paid
PAY0005569,O005569,2025-01-12,Debit Card,Paid
PAY0005570,O005570,2024-02-29,UPI,Paid
PAY0005571,O005571,2025-09-28,UPI,Refunded
PAY0005572,O005572,2025-04-11,COD,Paid
PAY0005573,O005573,2025-09-19,Net Banking,Paid
PAY0005574,O005574,2025-01-25,UPI,Paid
PAY0005575,O005575,2025-11-15,UPI,Paid
PAY0005576,O005576,2024-07-05,Net Banking,Paid
PAY0005577,O005577,2025-05-12,UPI,Paid
PAY0005578,O005578,2025-08-22,COD,Paid
PAY0005579,O005579,2025-12-15,COD,Paid
PAY0005580,O005580,2024-12-26,Net Banking,Paid
PAY0005581,O005581,2025-03-24,Credit Card,Paid
PAY0005582,O005582,2025-11-24,COD,Failed
PAY0005583,O005583,2025-11-10,Debit Card,Paid
PAY0005584,O005584,2024-06-29,Debit Card,Failed
PAY0005585,O005585,2024-05-09,Credit Card,Paid
PAY0005586,O005586,2024-05-28,COD,Paid
PAY0005587,O005587,2025-04-16,UPI,Paid
PAY0005588,O005588,2025-12-21,Credit Card,Paid
PAY0005589,O005589,2025-09-14,UPI,Refunded
PAY0005590,O005590,2025-05-14,Debit Card,Paid
PAY0005591,O005591,2025-10-10,Credit Card,Paid
PAY0005592,O005592,2024-12-20,COD,Refunded
PAY0005593,O005593,2024-07-29,Debit Card,Failed
PAY0005594,O005594,2025-10-19,COD,Pending
PAY0005595,O005595,2025-08-18,UPI,Paid
PAY0005596,O005596,2024-01-30,COD,Paid
PAY0005597,O005597,2025-07-30,Credit Card,Failed
PAY0005598,O005598,2024-01-24,UPI,Failed
PAY0005599,O005599,2025-12-23,Credit Card,Failed
PAY0005600,O005600,2024-08-09,UPI,Paid
PAY0005601,O005601,2025-08-24,Credit Card,Failed
PAY0005602,O005602,2025-09-09,Debit Card,Paid
PAY0005603,O005603,2025-11-14,Credit Card,Failed
PAY0005604,O005604,2025-08-11,Debit Card,Paid
PAY0005605,O005605,2025-08-02,Net Banking,Failed
PAY0005606,O005606,2025-02-04,COD,Paid
PAY0005607,O005607,2025-08-26,UPI,Paid
PAY0005608,O005608,2025-05-26,COD,Paid
PAY0005609,O005609,2024-03-28,Debit Card,Paid
PAY0005610,O005610,2025-04-09,Debit Card,Paid
PAY0005611,O005611,2024-02-19,Debit Card,Paid
PAY0005612,O005612,2024-04-12,Credit Card,Paid
PAY0005613,O005613,2025-01-02,COD,Paid
PAY0005614,O005614,2025-05-06,Debit Card,Pending
PAY0005615,O005615,2025-07-11,Net Banking,Paid
PAY0005616,O005616,2025-11-21,Debit Card,Paid
PAY0005617,O005617,2024-09-24,COD,Paid
PAY0005618,O005618,2025-01-31,Debit Card,Paid
PAY0005619,O005619,2024-11-15,Debit Card,Paid
PAY0005620,O005620,2025-06-03,UPI,Paid
PAY0005621,O005621,2025-03-24,Debit Card,Paid
PAY0005622,O005622,2025-04-20,COD,Paid
PAY0005623,O005623,2025-08-12,UPI,Paid
PAY0005624,O005624,2024-08-27,UPI,Paid
PAY0005625,O005625,2024-09-14,Debit Card,Paid
PAY0005626,O005626,2025-12-08,Debit Card,Paid
PAY0005627,O005627,2025-10-04,Net Banking,Paid
PAY0005628,O005628,2025-01-24,COD,Paid
PAY0005629,O005629,2024-12-08,COD,Pending
PAY0005630,O005630,2025-01-21,Credit Card,Paid
PAY0005631,O005631,2025-01-28,Credit Card,Paid
PAY0005632,O005632,2025-11-13,COD,Paid
PAY0005633,O005633,2025-10-20,Debit Card,Paid
PAY0005634,O005634,2024-09-26,UPI,Paid
PAY0005635,O005635,2024-05-28,Net Banking,Paid
PAY0005636,O005636,2025-01-14,Debit Card,Paid
PAY0005637,O005637,2024-01-28,UPI,Pending
PAY0005638,O005638,2024-05-28,COD,Paid
PAY0005639,O005639,2025-02-23,Debit Card,Paid
PAY0005640,O005640,2024-10-06,Net Banking,Pending
PAY0005641,O005641,2024-06-30,Credit Card,Refunded
PAY0005642,O005642,2024-06-14,UPI,Paid
PAY0005643,O005643,2024-01-17,Debit Card,Refunded
PAY0005644,O005644,2024-05-29,Net Banking,Paid
PAY0005645,O005645,2024-12-04,Debit Card,Paid
PAY0005646,O005646,2024-02-14,COD,Paid
PAY0005647,O005647,2025-05-16,UPI,Paid
PAY0005648,O005648,2024-07-07,COD,Paid
PAY0005649,O005649,2025-10-12,COD,Paid
PAY0005650,O005650,2024-03-01,Credit Card,Paid
PAY0005651,O005651,2024-10-20,COD,Paid
PAY0005652,O005652,2024-02-02,Net Banking,Paid
PAY0005653,O005653,2024-10-25,UPI,Paid
PAY0005654,O005654,2025-02-18,Credit Card,Failed
PAY0005655,O005655,2025-09-15,Debit Card,Paid
PAY0005656,O005656,2025-07-02,COD,Paid
PAY0005657,O005657,2025-03-06,Debit Card,Paid
PAY0005658,O005658,2025-05-09,Credit Card,Paid
PAY0005659,O005659,2024-04-09,Debit Card,Paid
PAY0005660,O005660,2024-01-23,Net Banking,Paid
PAY0005661,O005661,2025-02-23,Credit Card,Paid
PAY0005662,O005662,2025-02-27,UPI,Paid
PAY0005663,O005663,2025-05-01,UPI,Refunded
PAY0005664,O005664,2025-12-30,UPI,Paid
PAY0005665,O005665,2024-03-29,UPI,Paid
PAY0005666,O005666,2024-07-27,Credit Card,Paid
PAY0005667,O005667,2024-09-27,Credit Card,Paid
PAY0005668,O005668,2025-02-09,Credit Card,Paid
PAY0005669,O005669,2025-12-21,COD,Paid
PAY0005670,O005670,2024-10-04,Credit Card,Paid
PAY0005671,O005671,2024-07-24,Credit Card,Paid
PAY0005672,O005672,2025-08-12,Credit Card,Paid
PAY0005673,O005673,2024-11-23,UPI,Paid
PAY0005674,O005674,2025-09-01,Net Banking,Paid
PAY0005675,O005675,2024-12-01,UPI,Paid
PAY0005676,O005676,2025-08-28,Net Banking,Paid
PAY0005677,O005677,2025-08-14,Net Banking,Failed
PAY0005678,O005678,2024-02-07,Net Banking,Paid
PAY0005679,O005679,2024-08-15,UPI,Pending
PAY0005680,O005680,2025-04-27,COD,Paid
PAY0005681,O005681,2024-05-13,Debit Card,Paid
PAY0005682,O005682,2025-12-08,COD,Paid
PAY0005683,O005683,2025-01-24,UPI,Paid
PAY0005684,O005684,2025-09-04,Net Banking,Paid
PAY0005685,O005685,2025-02-28,Debit Card,Failed
PAY0005686,O005686,2025-08-09,COD,Pending
PAY0005687,O005687,2025-05-24,Credit Card,Paid
PAY0005688,O005688,2025-12-20,COD,Paid
PAY0005689,O005689,2025-08-17,UPI,Paid
PAY0005690,O005690,2025-03-02,Debit Card,Paid
PAY0005691,O005691,2025-10-16,Credit Card,Paid
PAY0005692,O005692,2025-04-18,Debit Card,Paid
PAY0005693,O005693,2025-07-21,Debit Card,Paid
PAY0005694,O005694,2024-12-26,COD,Paid
PAY0005695,O005695,2024-07-29,Net Banking,Paid
PAY0005696,O005696,2024-06-27,COD,Paid
PAY0005697,O005697,2024-02-27,Credit Card,Paid
PAY0005698,O005698,2024-03-13,UPI,Paid
PAY0005699,O005699,2024-08-02,COD,Refunded
PAY0005700,O005700,2024-03-13,Net Banking,Paid
PAY0005701,O005701,2025-04-11,Net Banking,Paid
PAY0005702,O005702,2024-09-27,COD,Paid
PAY0005703,O005703,2025-05-13,Credit Card,Failed
PAY0005704,O005704,2024-12-19,Net Banking,Paid
PAY0005705,O005705,2024-08-21,Net Banking,Pending
PAY0005706,O005706,2024-11-14,Credit Card,Paid
PAY0005707,O005707,2024-01-19,Credit Card,Paid
PAY0005708,O005708,2025-09-16,Credit Card,Refunded
PAY0005709,O005709,2025-07-28,Credit Card,Pending
PAY0005710,O005710,2025-01-06,COD,Paid
PAY0005711,O005711,2024-07-02,COD,Failed
PAY0005712,O005712,2024-10-03,Debit Card,Paid
PAY0005713,O005713,2025-11-04,Debit Card,Paid
PAY0005714,O005714,2024-05-24,Debit Card,Paid
PAY0005715,O005715,2025-10-19,Net Banking,Paid
PAY0005716,O005716,2024-03-21,Credit Card,Failed
PAY0005717,O005717,2024-11-17,COD,Paid
PAY0005718,O005718,2025-03-10,COD,Paid
PAY0005719,O005719,2024-02-12,Credit Card,Refunded
PAY0005720,O005720,2024-11-08,Debit Card,Paid
PAY0005721,O005721,2024-10-19,Net Banking,Paid
PAY0005722,O005722,2025-11-18,COD,Paid
PAY0005723,O005723,2024-03-09,UPI,Paid
PAY0005724,O005724,2024-02-25,Net Banking,Paid
PAY0005725,O005725,2025-09-22,Net Banking,Paid
PAY0005726,O005726,2024-07-22,Debit Card,Paid
PAY0005727,O005727,2025-02-23,Credit Card,Paid
PAY0005728,O005728,2025-07-20,UPI,Paid
PAY0005729,O005729,2025-07-03,Debit Card,Paid
PAY0005730,O005730,2024-08-30,Credit Card,Paid
PAY0005731,O005731,2024-07-19,UPI,Refunded
PAY0005732,O005732,2025-04-18,COD,Paid
PAY0005733,O005733,2025-06-10,UPI,Paid
PAY0005734,O005734,2025-10-17,Debit Card,Paid
PAY0005735,O005735,2024-03-17,UPI,Paid
PAY0005736,O005736,2025-04-22,UPI,Failed
PAY0005737,O005737,2025-03-15,UPI,Paid
PAY0005738,O005738,2024-09-19,COD,Paid
PAY0005739,O005739,2024-07-03,Credit Card,Paid
PAY0005740,O005740,2024-02-24,UPI,Paid
PAY0005741,O005741,2024-11-03,Net Banking,Paid
PAY0005742,O005742,2025-05-30,Debit Card,Paid
PAY0005743,O005743,2024-10-25,Net Banking,Paid
PAY0005744,O005744,2025-07-05,Credit Card,Pending
PAY0005745,O005745,2024-08-17,Debit Card,Paid
PAY0005746,O005746,2025-01-11,Credit Card,Paid
PAY0005747,O005747,2024-10-12,Debit Card,Paid
PAY0005748,O005748,2024-05-17,Net Banking,Paid
PAY0005749,O005749,2025-04-22,Net Banking,Refunded
PAY0005750,O005750,2025-09-06,COD,Paid
PAY0005751,O005751,2024-01-07,Credit Card,Paid
PAY0005752,O005752,2025-11-06,Net Banking,Paid
PAY0005753,O005753,2025-02-22,Debit Card,Paid
PAY0005754,O005754,2025-04-16,UPI,Paid
PAY0005755,O005755,2025-02-23,UPI,Refunded
PAY0005756,O005756,2024-10-02,UPI,Paid
PAY0005757,O005757,2025-07-14,COD,Paid
PAY0005758,O005758,2025-08-30,Net Banking,Paid
PAY0005759,O005759,2025-07-24,Credit Card,Paid
PAY0005760,O005760,2025-11-19,Credit Card,Paid
PAY0005761,O005761,2024-03-30,COD,Paid
PAY0005762,O005762,2024-10-08,Debit Card,Paid
PAY0005763,O005763,2025-07-01,Net Banking,Paid
PAY0005764,O005764,2024-06-19,Net Banking,Paid
PAY0005765,O005765,2025-09-29,Debit Card,Paid
PAY0005766,O005766,2024-12-20,Debit Card,Paid
PAY0005767,O005767,2024-07-22,Net Banking,Paid
PAY0005768,O005768,2024-10-15,Net Banking,Paid
PAY0005769,O005769,2025-04-06,UPI,Paid
PAY0005770,O005770,2025-08-31,Credit Card,Paid
PAY0005771,O005771,2024-06-21,UPI,Failed
PAY0005772,O005772,2024-10-27,UPI,Paid
PAY0005773,O005773,2025-08-22,Credit Card,Failed
PAY0005774,O005774,2025-06-12,COD,Paid
PAY0005775,O005775,2024-05-19,COD,Paid
PAY0005776,O005776,2024-10-04,COD,Paid
PAY0005777,O005777,2025-10-24,COD,Paid
PAY0005778,O005778,2025-05-25,Debit Card,Paid
PAY0005779,O005779,2024-12-11,UPI,Failed
PAY0005780,O005780,2024-05-19,Debit Card,Paid
PAY0005781,O005781,2024-04-23,Debit Card,Paid
PAY0005782,O005782,2025-08-02,Credit Card,Refunded
PAY0005783,O005783,2025-05-21,COD,Paid
PAY0005784,O005784,2024-12-31,Net Banking,Paid
PAY0005785,O005785,2025-11-21,COD,Paid
PAY0005786,O005786,2025-09-28,UPI,Paid
PAY0005787,O005787,2025-01-31,Debit Card,Paid
PAY0005788,O005788,2025-10-20,UPI,Paid
PAY0005789,O005789,2024-04-20,Debit Card,Paid
PAY0005790,O005790,2024-12-23,Debit Card,Paid
PAY0005791,O005791,2024-08-25,Debit Card,Paid
PAY0005792,O005792,2024-01-03,Net Banking,Paid
PAY0005793,O005793,2025-12-23,COD,Refunded
PAY0005794,O005794,2025-02-07,Debit Card,Paid
PAY0005795,O005795,2024-01-25,Credit Card,Paid
PAY0005796,O005796,2025-05-23,Debit Card,Failed
PAY0005797,O005797,2025-11-26,COD,Paid
PAY0005798,O005798,2025-04-09,COD,Paid
PAY0005799,O005799,2024-03-01,Net Banking,Refunded
PAY0005800,O005800,2025-05-22,Debit Card,Paid
PAY0005801,O005801,2024-05-02,Credit Card,Paid
PAY0005802,O005802,2025-05-11,Net Banking,Paid
PAY0005803,O005803,2024-02-24,Net Banking,Paid
PAY0005804,O005804,2024-06-11,Debit Card,Paid
PAY0005805,O005805,2025-11-29,Debit Card,Paid
PAY0005806,O005806,2024-02-08,Net Banking,Paid
PAY0005807,O005807,2025-11-27,Net Banking,Paid
PAY0005808,O005808,2024-03-23,Net Banking,Paid
PAY0005809,O005809,2025-12-07,UPI,Paid
PAY0005810,O005810,2025-06-29,Net Banking,Paid
PAY0005811,O005811,2024-04-22,COD,Paid
PAY0005812,O005812,2025-02-28,Credit Card,Pending
PAY0005813,O005813,2024-08-17,Credit Card,Paid
PAY0005814,O005814,2024-10-09,Debit Card,Paid
PAY0005815,O005815,2024-10-13,Net Banking,Paid
PAY0005816,O005816,2024-06-03,Credit Card,Paid
PAY0005817,O005817,2024-06-13,Credit Card,Paid
PAY0005818,O005818,2024-06-30,COD,Paid
PAY0005819,O005819,2024-08-26,COD,Paid
PAY0005820,O005820,2025-10-10,UPI,Paid
PAY0005821,O005821,2024-12-04,UPI,Paid
PAY0005822,O005822,2025-05-26,Credit Card,Paid
PAY0005823,O005823,2024-09-22,Debit Card,Paid
PAY0005824,O005824,2024-07-05,Credit Card,Paid
PAY0005825,O005825,2024-02-09,Debit Card,Paid
PAY0005826,O005826,2025-05-07,Credit Card,Paid
PAY0005827,O005827,2025-11-09,COD,Paid
PAY0005828,O005828,2025-01-25,Net Banking,Paid
PAY0005829,O005829,2024-09-16,Credit Card,Paid
PAY0005830,O005830,2025-10-16,UPI,Failed
PAY0005831,O005831,2025-12-16,Debit Card,Paid
PAY0005832,O005832,2024-06-24,Debit Card,Paid
PAY0005833,O005833,2024-11-24,Credit Card,Paid
PAY0005834,O005834,2024-07-18,Debit Card,Paid
PAY0005835,O005835,2025-12-11,UPI,Paid
PAY0005836,O005836,2024-07-14,COD,Paid
PAY0005837,O005837,2025-08-11,Net Banking,Paid
PAY0005838,O005838,2025-06-14,Net Banking,Paid
PAY0005839,O005839,2024-03-02,Debit Card,Paid
PAY0005840,O005840,2024-11-22,Credit Card,Paid
PAY0005841,O005841,2024-10-07,Debit Card,Paid
PAY0005842,O005842,2024-08-14,UPI,Paid
PAY0005843,O005843,2025-09-30,Credit Card,Paid
PAY0005844,O005844,2024-02-27,COD,Paid
PAY0005845,O005845,2025-04-21,UPI,Paid
PAY0005846,O005846,2025-01-10,COD,Paid
PAY0005847,O005847,2025-12-16,Credit Card,Paid
PAY0005848,O005848,2024-08-30,COD,Refunded
PAY0005849,O005849,2025-01-01,UPI,Paid
PAY0005850,O005850,2025-05-14,UPI,Paid
PAY0005851,O005851,2024-09-08,Debit Card,Failed
PAY0005852,O005852,2024-11-17,Credit Card,Failed
PAY0005853,O005853,2025-01-10,Net Banking,Paid
PAY0005854,O005854,2025-02-12,Net Banking,Paid
PAY0005855,O005855,2025-12-11,COD,Paid
PAY0005856,O005856,2025-05-02,Net Banking,Pending
PAY0005857,O005857,2024-12-08,Net Banking,Pending
PAY0005858,O005858,2024-08-27,UPI,Paid
PAY0005859,O005859,2024-05-18,UPI,Paid
PAY0005860,O005860,2024-05-01,UPI,Paid
PAY0005861,O005861,2025-02-23,Net Banking,Failed
PAY0005862,O005862,2025-07-14,COD,Paid
PAY0005863,O005863,2024-10-30,Credit Card,Paid
PAY0005864,O005864,2024-04-24,Debit Card,Paid
PAY0005865,O005865,2024-12-08,COD,Failed
PAY0005866,O005866,2024-09-07,UPI,Paid
PAY0005867,O005867,2024-01-07,COD,Paid
PAY0005868,O005868,2025-08-11,Credit Card,Paid
PAY0005869,O005869,2024-06-27,UPI,Paid
PAY0005870,O005870,2024-05-24,Credit Card,Paid
PAY0005871,O005871,2025-02-19,Debit Card,Pending
PAY0005872,O005872,2025-10-27,COD,Paid
PAY0005873,O005873,2024-04-30,Debit Card,Paid
PAY0005874,O005874,2024-05-03,Net Banking,Paid
PAY0005875,O005875,2024-05-29,COD,Failed
PAY0005876,O005876,2025-01-31,Net Banking,Paid
PAY0005877,O005877,2025-01-15,Credit Card,Paid
PAY0005878,O005878,2024-01-01,Net Banking,Paid
PAY0005879,O005879,2025-11-03,Credit Card,Paid
PAY0005880,O005880,2024-08-31,Debit Card,Paid
PAY0005881,O005881,2025-02-01,UPI,Paid
PAY0005882,O005882,2024-09-07,Debit Card,Paid
PAY0005883,O005883,2025-07-29,Net Banking,Paid
PAY0005884,O005884,2024-10-25,Credit Card,Paid
PAY0005885,O005885,2024-10-23,Net Banking,Failed
PAY0005886,O005886,2025-05-14,UPI,Paid
PAY0005887,O005887,2024-04-24,COD,Pending
PAY0005888,O005888,2024-01-01,COD,Paid
PAY0005889,O005889,2025-07-06,COD,Paid
PAY0005890,O005890,2025-11-15,Net Banking,Pending
PAY0005891,O005891,2025-08-22,COD,Paid
PAY0005892,O005892,2025-04-26,Credit Card,Paid
PAY0005893,O005893,2025-09-01,UPI,Pending
PAY0005894,O005894,2025-08-22,Debit Card,Paid
PAY0005895,O005895,2025-05-24,Credit Card,Paid
PAY0005896,O005896,2024-11-30,UPI,Pending
PAY0005897,O005897,2025-04-09,Debit Card,Paid
PAY0005898,O005898,2024-05-20,COD,Failed
PAY0005899,O005899,2025-08-05,Debit Card,Paid
PAY0005900,O005900,2024-05-16,Net Banking,Paid
PAY0005901,O005901,2025-09-02,Net Banking,Refunded
PAY0005902,O005902,2025-10-24,COD,Paid
PAY0005903,O005903,2025-11-17,COD,Paid
PAY0005904,O005904,2024-06-15,Credit Card,Paid
PAY0005905,O005905,2024-12-08,Credit Card,Paid
PAY0005906,O005906,2025-02-13,Net Banking,Paid
PAY0005907,O005907,2024-03-05,UPI,Paid
PAY0005908,O005908,2025-08-03,Credit Card,Paid
PAY0005909,O005909,2024-03-07,UPI,Refunded
PAY0005910,O005910,2025-03-08,Net Banking,Paid
PAY0005911,O005911,2024-02-19,Credit Card,Paid
PAY0005912,O005912,2024-11-09,UPI,Paid
PAY0005913,O005913,2024-11-04,UPI,Paid
PAY0005914,O005914,2025-08-25,Credit Card,Failed
PAY0005915,O005915,2024-04-24,COD,Paid
PAY0005916,O005916,2025-07-22,Debit Card,Paid
PAY0005917,O005917,2024-12-07,COD,Paid
PAY0005918,O005918,2025-06-13,Debit Card,Paid
PAY0005919,O005919,2025-10-03,UPI,Paid
PAY0005920,O005920,2025-05-09,Credit Card,Paid
PAY0005921,O005921,2024-09-25,Net Banking,Paid
PAY0005922,O005922,2024-03-20,Credit Card,Paid
PAY0005923,O005923,2025-03-31,COD,Refunded
PAY0005924,O005924,2024-10-25,Debit Card,Paid
PAY0005925,O005925,2024-07-20,Credit Card,Paid
PAY0005926,O005926,2025-05-17,Debit Card,Paid
PAY0005927,O005927,2025-11-01,COD,Paid
PAY0005928,O005928,2025-12-16,COD,Paid
PAY0005929,O005929,2025-10-10,Credit Card,Failed
PAY0005930,O005930,2025-04-29,Net Banking,Paid
PAY0005931,O005931,2025-08-07,Net Banking,Pending
PAY0005932,O005932,2025-07-13,Debit Card,Paid
PAY0005933,O005933,2024-01-18,Credit Card,Paid
PAY0005934,O005934,2025-04-22,UPI,Failed
PAY0005935,O005935,2025-05-02,COD,Paid
PAY0005936,O005936,2025-03-21,Debit Card,Pending
PAY0005937,O005937,2024-12-05,COD,Paid
PAY0005938,O005938,2025-06-14,Debit Card,Paid
PAY0005939,O005939,2025-09-03,Credit Card,Paid
PAY0005940,O005940,2024-04-25,Debit Card,Paid
PAY0005941,O005941,2024-03-14,Debit Card,Paid
PAY0005942,O005942,2024-09-25,UPI,Paid
PAY0005943,O005943,2025-09-28,Debit Card,Paid
PAY0005944,O005944,2024-04-25,Net Banking,Paid
PAY0005945,O005945,2025-11-16,Debit Card,Failed
PAY0005946,O005946,2025-11-23,Debit Card,Paid
PAY0005947,O005947,2025-10-30,Credit Card,Paid
PAY0005948,O005948,2024-06-12,Debit Card,Paid
PAY0005949,O005949,2025-08-05,UPI,Paid
PAY0005950,O005950,2024-08-09,Credit Card,Failed
PAY0005951,O005951,2024-05-05,COD,Paid
PAY0005952,O005952,2025-10-18,Net Banking,Refunded
PAY0005953,O005953,2024-06-24,Net Banking,Paid
PAY0005954,O005954,2025-10-25,COD,Pending
PAY0005955,O005955,2025-11-24,Debit Card,Paid
PAY0005956,O005956,2025-01-09,UPI,Paid
PAY0005957,O005957,2025-05-12,UPI,Paid
PAY0005958,O005958,2024-03-25,UPI,Paid
PAY0005959,O005959,2025-01-17,UPI,Paid
PAY0005960,O005960,2025-09-24,Debit Card,Paid
PAY0005961,O005961,2025-10-02,COD,Refunded
PAY0005962,O005962,2025-04-07,COD,Paid
PAY0005963,O005963,2025-03-26,Net Banking,Paid
PAY0005964,O005964,2025-06-01,COD,Paid
PAY0005965,O005965,2025-11-25,UPI,Paid
PAY0005966,O005966,2025-07-03,Debit Card,Paid
PAY0005967,O005967,2024-04-25,Credit Card,Paid
PAY0005968,O005968,2025-09-05,Credit Card,Paid
PAY0005969,O005969,2024-01-08,UPI,Paid
PAY0005970,O005970,2024-08-05,Net Banking,Paid
PAY0005971,O005971,2025-12-19,Credit Card,Paid
PAY0005972,O005972,2025-08-12,UPI,Paid
PAY0005973,O005973,2025-02-07,Debit Card,Paid
PAY0005974,O005974,2025-07-20,Credit Card,Paid
PAY0005975,O005975,2024-10-30,UPI,Paid
PAY0005976,O005976,2025-04-11,Credit Card,Paid
PAY0005977,O005977,2024-03-28,Debit Card,Paid
PAY0005978,O005978,2024-01-10,COD,Pending
PAY0005979,O005979,2024-11-03,COD,Paid
PAY0005980,O005980,2025-03-09,Debit Card,Paid
PAY0005981,O005981,2024-06-12,Debit Card,Paid
PAY0005982,O005982,2024-08-26,COD,Paid
PAY0005983,O005983,2024-11-12,Debit Card,Paid
PAY0005984,O005984,2025-10-17,Debit Card,Failed
PAY0005985,O005985,2024-11-30,Debit Card,Paid
PAY0005986,O005986,2024-01-18,COD,Paid
PAY0005987,O005987,2024-03-11,COD,Paid
PAY0005988,O005988,2024-06-23,Credit Card,Failed
PAY0005989,O005989,2024-12-04,COD,Refunded
PAY0005990,O005990,2024-09-04,Credit Card,Refunded
PAY0005991,O005991,2024-07-11,COD,Paid
PAY0005992,O005992,2025-02-22,Net Banking,Paid
PAY0005993,O005993,2024-11-20,Credit Card,Pending
PAY0005994,O005994,2024-11-01,Debit Card,Paid
PAY0005995,O005995,2024-07-22,Net Banking,Paid
PAY0005996,O005996,2024-05-02,COD,Paid
PAY0005997,O005997,2025-07-23,COD,Failed
PAY0005998,O005998,2025-03-22,Net Banking,Paid
PAY0005999,O005999,2025-12-13,UPI,Paid
PAY0006000,O006000,2025-05-05,Debit Card,Pending
PAY0006001,O006001,2025-03-08,Credit Card,Paid
PAY0006002,O006002,2025-09-15,Net Banking,Paid
PAY0006003,O006003,2024-05-07,Credit Card,Paid
PAY0006004,O006004,2025-07-01,COD,Paid
PAY0006005,O006005,2024-02-16,UPI,Paid
PAY0006006,O006006,2025-05-19,UPI,Paid
PAY0006007,O006007,2024-04-24,Credit Card,Paid
PAY0006008,O006008,2025-02-19,COD,Pending
PAY0006009,O006009,2024-08-10,UPI,Refunded
PAY0006010,O006010,2025-09-27,Debit Card,Paid
PAY0006011,O006011,2025-05-17,COD,Paid
PAY0006012,O006012,2025-11-02,Net Banking,Paid
PAY0006013,O006013,2024-04-05,Net Banking,Paid
PAY0006014,O006014,2024-04-16,Net Banking,Paid
PAY0006015,O006015,2025-09-23,Debit Card,Paid
PAY0006016,O006016,2025-09-04,COD,Paid
PAY0006017,O006017,2025-09-06,Credit Card,Paid
PAY0006018,O006018,2025-11-08,Credit Card,Paid
PAY0006019,O006019,2025-11-28,COD,Paid
PAY0006020,O006020,2024-02-01,Debit Card,Paid
PAY0006021,O006021,2025-05-07,COD,Failed
PAY0006022,O006022,2024-03-06,Credit Card,Paid
PAY0006023,O006023,2024-06-27,COD,Paid
PAY0006024,O006024,2025-03-18,Net Banking,Paid
PAY0006025,O006025,2025-07-02,COD,Paid
PAY0006026,O006026,2024-07-19,UPI,Paid
PAY0006027,O006027,2024-02-18,COD,Paid
PAY0006028,O006028,2025-11-10,Credit Card,Paid
PAY0006029,O006029,2024-09-19,Credit Card,Failed
PAY0006030,O006030,2024-05-12,Credit Card,Refunded
PAY0006031,O006031,2024-12-09,Net Banking,Paid
PAY0006032,O006032,2024-06-24,Credit Card,Paid
PAY0006033,O006033,2025-01-25,UPI,Paid
PAY0006034,O006034,2024-01-11,COD,Paid
PAY0006035,O006035,2024-07-19,Debit Card,Paid
PAY0006036,O006036,2024-01-03,Credit Card,Failed
PAY0006037,O006037,2024-08-01,COD,Paid
PAY0006038,O006038,2024-11-02,Net Banking,Paid
PAY0006039,O006039,2025-06-27,COD,Paid
PAY0006040,O006040,2025-07-13,Credit Card,Paid
PAY0006041,O006041,2024-11-22,Credit Card,Failed
PAY0006042,O006042,2024-07-17,Credit Card,Paid
PAY0006043,O006043,2025-08-23,UPI,Paid
PAY0006044,O006044,2024-04-18,COD,Paid
PAY0006045,O006045,2024-10-17,Debit Card,Paid
PAY0006046,O006046,2024-04-17,UPI,Paid
PAY0006047,O006047,2025-02-11,Debit Card,Paid
PAY0006048,O006048,2025-07-05,Credit Card,Paid
PAY0006049,O006049,2024-02-21,Debit Card,Paid
PAY0006050,O006050,2024-04-21,Debit Card,Paid
PAY0006051,O006051,2024-10-21,UPI,Paid
PAY0006052,O006052,2025-08-02,UPI,Paid
PAY0006053,O006053,2024-07-07,COD,Refunded
PAY0006054,O006054,2025-12-21,Debit Card,Paid
PAY0006055,O006055,2024-03-05,UPI,Paid
PAY0006056,O006056,2025-07-27,COD,Paid
PAY0006057,O006057,2025-04-09,Debit Card,Paid
PAY0006058,O006058,2024-09-14,Debit Card,Paid
PAY0006059,O006059,2025-10-07,Credit Card,Paid
PAY0006060,O006060,2025-09-25,UPI,Paid
PAY0006061,O006061,2024-11-26,Net Banking,Paid
PAY0006062,O006062,2025-05-15,UPI,Paid
PAY0006063,O006063,2025-11-13,Credit Card,Paid
PAY0006064,O006064,2024-07-28,COD,Paid
PAY0006065,O006065,2024-03-29,UPI,Paid
PAY0006066,O006066,2025-11-09,Debit Card,Paid
PAY0006067,O006067,2024-01-28,Net Banking,Paid
PAY0006068,O006068,2024-08-25,COD,Paid
PAY0006069,O006069,2024-12-01,UPI,Paid
PAY0006070,O006070,2024-03-03,COD,Paid
PAY0006071,O006071,2025-07-06,Debit Card,Paid
PAY0006072,O006072,2025-05-14,Net Banking,Paid
PAY0006073,O006073,2025-06-24,Debit Card,Paid
PAY0006074,O006074,2025-04-13,Net Banking,Paid
PAY0006075,O006075,2025-08-14,COD,Paid
PAY0006076,O006076,2024-02-20,UPI,Paid
PAY0006077,O006077,2024-04-21,Net Banking,Paid
PAY0006078,O006078,2024-10-27,Debit Card,Paid
PAY0006079,O006079,2024-03-30,Net Banking,Paid
PAY0006080,O006080,2024-08-16,COD,Paid
PAY0006081,O006081,2024-05-29,COD,Paid
PAY0006082,O006082,2024-05-17,COD,Failed
PAY0006083,O006083,2024-05-14,UPI,Paid
PAY0006084,O006084,2025-04-01,COD,Paid
PAY0006085,O006085,2025-08-23,UPI,Paid
PAY0006086,O006086,2025-05-08,Credit Card,Paid
PAY0006087,O006087,2025-06-10,Net Banking,Paid
PAY0006088,O006088,2024-11-28,Debit Card,Paid
PAY0006089,O006089,2024-12-27,UPI,Paid
PAY0006090,O006090,2024-06-22,UPI,Paid
PAY0006091,O006091,2025-08-24,Debit Card,Paid
PAY0006092,O006092,2024-07-31,Net Banking,Paid
PAY0006093,O006093,2024-12-08,COD,Paid
PAY0006094,O006094,2024-03-01,Net Banking,Refunded
PAY0006095,O006095,2024-03-01,UPI,Paid
PAY0006096,O006096,2025-11-08,COD,Paid
PAY0006097,O006097,2025-06-07,Credit Card,Paid
PAY0006098,O006098,2024-08-03,Debit Card,Pending
PAY0006099,O006099,2025-08-11,Net Banking,Paid
PAY0006100,O006100,2025-09-15,COD,Failed
PAY0006101,O006101,2025-07-31,Debit Card,Paid
PAY0006102,O006102,2025-11-24,Net Banking,Paid
PAY0006103,O006103,2025-02-26,UPI,Paid
PAY0006104,O006104,2025-12-16,UPI,Paid
PAY0006105,O006105,2025-02-26,UPI,Paid
PAY0006106,O006106,2025-01-05,Credit Card,Paid
PAY0006107,O006107,2024-07-24,UPI,Paid
PAY0006108,O006108,2024-10-12,UPI,Failed
PAY0006109,O006109,2024-04-14,UPI,Paid
PAY0006110,O006110,2025-11-18,COD,Refunded
PAY0006111,O006111,2025-12-23,Debit Card,Paid
PAY0006112,O006112,2025-06-26,Credit Card,Paid
PAY0006113,O006113,2024-08-29,Net Banking,Paid
PAY0006114,O006114,2025-05-05,Credit Card,Paid
PAY0006115,O006115,2025-10-26,Debit Card,Paid
PAY0006116,O006116,2025-12-08,UPI,Paid
PAY0006117,O006117,2025-05-12,UPI,Paid
PAY0006118,O006118,2025-03-10,Net Banking,Pending
PAY0006119,O006119,2025-04-28,Credit Card,Pending
PAY0006120,O006120,2025-03-22,Credit Card,Paid
PAY0006121,O006121,2025-01-18,Net Banking,Failed
PAY0006122,O006122,2025-05-24,Credit Card,Failed
PAY0006123,O006123,2024-06-18,Credit Card,Paid
PAY0006124,O006124,2024-11-18,Credit Card,Failed
PAY0006125,O006125,2025-04-18,Net Banking,Pending
PAY0006126,O006126,2024-08-19,Net Banking,Pending
PAY0006127,O006127,2025-11-26,Debit Card,Paid
PAY0006128,O006128,2024-12-24,Credit Card,Paid
PAY0006129,O006129,2024-10-01,Debit Card,Paid
PAY0006130,O006130,2024-02-01,COD,Paid
PAY0006131,O006131,2024-06-25,COD,Paid
PAY0006132,O006132,2024-03-05,Credit Card,Paid
PAY0006133,O006133,2025-12-10,UPI,Paid
PAY0006134,O006134,2024-01-27,COD,Paid
PAY0006135,O006135,2025-10-24,UPI,Paid
PAY0006136,O006136,2025-04-23,Debit Card,Paid
PAY0006137,O006137,2024-09-24,Credit Card,Paid
PAY0006138,O006138,2025-08-19,Debit Card,Failed
PAY0006139,O006139,2024-03-06,Debit Card,Paid
PAY0006140,O006140,2024-05-12,Net Banking,Paid
PAY0006141,O006141,2024-12-31,Credit Card,Pending
PAY0006142,O006142,2024-03-22,Net Banking,Paid
PAY0006143,O006143,2024-11-23,Debit Card,Paid
PAY0006144,O006144,2024-04-07,UPI,Failed
PAY0006145,O006145,2025-08-07,Credit Card,Paid
PAY0006146,O006146,2024-11-22,Credit Card,Paid
PAY0006147,O006147,2025-06-25,COD,Paid
PAY0006148,O006148,2024-05-04,UPI,Refunded
PAY0006149,O006149,2024-07-28,UPI,Paid
PAY0006150,O006150,2025-12-25,Debit Card,Paid
PAY0006151,O006151,2024-05-12,Debit Card,Paid
PAY0006152,O006152,2025-05-17,Debit Card,Paid
PAY0006153,O006153,2024-06-05,COD,Paid
PAY0006154,O006154,2025-07-12,UPI,Paid
PAY0006155,O006155,2025-01-16,Net Banking,Paid
PAY0006156,O006156,2024-01-22,UPI,Paid
PAY0006157,O006157,2025-08-17,Net Banking,Paid
PAY0006158,O006158,2025-02-22,Credit Card,Paid
PAY0006159,O006159,2025-04-16,Net Banking,Paid
PAY0006160,O006160,2024-08-21,Credit Card,Paid
PAY0006161,O006161,2025-07-25,Debit Card,Failed
PAY0006162,O006162,2025-03-29,UPI,Paid
PAY0006163,O006163,2025-11-30,Debit Card,Paid
PAY0006164,O006164,2025-07-23,UPI,Failed
PAY0006165,O006165,2024-06-10,Net Banking,Paid
PAY0006166,O006166,2024-10-27,UPI,Paid
PAY0006167,O006167,2024-11-01,Net Banking,Paid
PAY0006168,O006168,2024-01-02,UPI,Failed
PAY0006169,O006169,2024-09-27,Credit Card,Paid
PAY0006170,O006170,2025-02-24,Net Banking,Paid
PAY0006171,O006171,2024-05-22,Debit Card,Paid
PAY0006172,O006172,2025-11-30,Debit Card,Paid
PAY0006173,O006173,2025-11-22,Debit Card,Paid
PAY0006174,O006174,2025-06-18,Debit Card,Paid
PAY0006175,O006175,2024-02-06,Credit Card,Paid
PAY0006176,O006176,2024-04-16,Credit Card,Paid
PAY0006177,O006177,2024-10-23,COD,Paid
PAY0006178,O006178,2024-04-06,COD,Failed
PAY0006179,O006179,2024-10-07,COD,Failed
PAY0006180,O006180,2024-04-19,COD,Paid
PAY0006181,O006181,2025-07-02,UPI,Paid
PAY0006182,O006182,2025-07-05,Net Banking,Paid
PAY0006183,O006183,2025-08-19,Debit Card,Paid
PAY0006184,O006184,2024-07-06,UPI,Paid
PAY0006185,O006185,2025-05-02,Credit Card,Pending
PAY0006186,O006186,2024-12-19,Debit Card,Paid
PAY0006187,O006187,2024-01-19,Net Banking,Paid
PAY0006188,O006188,2025-01-27,Net Banking,Paid
PAY0006189,O006189,2024-09-17,Credit Card,Paid
PAY0006190,O006190,2025-02-13,Debit Card,Paid
PAY0006191,O006191,2025-02-06,COD,Paid
PAY0006192,O006192,2025-10-31,Debit Card,Paid
PAY0006193,O006193,2025-04-28,Debit Card,Paid
PAY0006194,O006194,2024-10-30,Net Banking,Paid
PAY0006195,O006195,2025-09-15,Credit Card,Paid
PAY0006196,O006196,2025-10-17,Debit Card,Paid
PAY0006197,O006197,2024-01-18,UPI,Paid
PAY0006198,O006198,2024-07-02,UPI,Failed
PAY0006199,O006199,2025-02-08,Credit Card,Paid
PAY0006200,O006200,2024-05-10,COD,Paid
PAY0006201,O006201,2025-04-23,Debit Card,Paid
PAY0006202,O006202,2024-01-08,Debit Card,Paid
PAY0006203,O006203,2025-12-05,Net Banking,Pending
PAY0006204,O006204,2024-11-13,Debit Card,Paid
PAY0006205,O006205,2025-01-25,COD,Failed
PAY0006206,O006206,2025-06-02,Debit Card,Paid
PAY0006207,O006207,2024-05-15,Debit Card,Failed
PAY0006208,O006208,2025-06-14,Net Banking,Paid
PAY0006209,O006209,2025-10-12,UPI,Paid
PAY0006210,O006210,2025-01-01,UPI,Pending
PAY0006211,O006211,2025-05-03,COD,Paid
PAY0006212,O006212,2025-11-19,Credit Card,Paid
PAY0006213,O006213,2024-01-11,Credit Card,Paid
PAY0006214,O006214,2025-07-06,Net Banking,Failed
PAY0006215,O006215,2025-03-21,Debit Card,Pending
PAY0006216,O006216,2024-04-23,Net Banking,Paid
PAY0006217,O006217,2025-11-22,UPI,Failed
PAY0006218,O006218,2025-12-06,COD,Paid
PAY0006219,O006219,2024-07-14,Credit Card,Paid
PAY0006220,O006220,2024-11-18,Debit Card,Paid
PAY0006221,O006221,2025-05-26,Credit Card,Paid
PAY0006222,O006222,2025-09-19,UPI,Pending
PAY0006223,O006223,2025-10-23,Debit Card,Pending
PAY0006224,O006224,2025-09-21,UPI,Failed
PAY0006225,O006225,2024-06-13,Credit Card,Paid
PAY0006226,O006226,2024-09-08,Credit Card,Paid
PAY0006227,O006227,2024-02-13,UPI,Paid
PAY0006228,O006228,2025-04-14,Debit Card,Paid
PAY0006229,O006229,2025-05-03,UPI,Paid
PAY0006230,O006230,2024-06-29,Debit Card,Paid
PAY0006231,O006231,2024-03-17,Net Banking,Paid
PAY0006232,O006232,2025-01-08,Net Banking,Paid
PAY0006233,O006233,2025-09-19,Debit Card,Paid
PAY0006234,O006234,2024-03-07,UPI,Paid
PAY0006235,O006235,2025-06-08,Debit Card,Pending
PAY0006236,O006236,2024-04-01,Credit Card,Paid
PAY0006237,O006237,2025-10-12,UPI,Pending
PAY0006238,O006238,2024-08-31,Debit Card,Failed
PAY0006239,O006239,2024-12-06,Credit Card,Paid
PAY0006240,O006240,2024-10-30,COD,Paid
PAY0006241,O006241,2025-02-01,Credit Card,Pending
PAY0006242,O006242,2025-12-03,Debit Card,Paid
PAY0006243,O006243,2025-03-23,UPI,Paid
PAY0006244,O006244,2024-04-06,UPI,Paid
PAY0006245,O006245,2024-11-26,Net Banking,Failed
PAY0006246,O006246,2024-07-23,Debit Card,Paid
PAY0006247,O006247,2025-03-24,Credit Card,Paid
PAY0006248,O006248,2025-02-21,Credit Card,Paid
PAY0006249,O006249,2025-10-10,Debit Card,Paid
PAY0006250,O006250,2024-03-17,Credit Card,Paid
PAY0006251,O006251,2025-07-02,COD,Paid
PAY0006252,O006252,2025-02-28,Net Banking,Refunded
PAY0006253,O006253,2025-03-04,UPI,Paid
PAY0006254,O006254,2025-04-29,Credit Card,Paid
PAY0006255,O006255,2024-05-14,COD,Refunded
PAY0006256,O006256,2025-10-15,Debit Card,Paid
PAY0006257,O006257,2024-09-10,Credit Card,Paid
PAY0006258,O006258,2025-07-13,Debit Card,Paid
PAY0006259,O006259,2024-09-11,COD,Paid
PAY0006260,O006260,2025-10-07,COD,Paid
PAY0006261,O006261,2025-12-20,UPI,Paid
PAY0006262,O006262,2025-05-13,Debit Card,Paid
PAY0006263,O006263,2025-09-04,Net Banking,Failed
PAY0006264,O006264,2025-04-28,UPI,Paid
PAY0006265,O006265,2024-02-15,Debit Card,Paid
PAY0006266,O006266,2025-03-18,Debit Card,Paid
PAY0006267,O006267,2025-08-04,COD,Paid
PAY0006268,O006268,2025-10-09,COD,Paid
PAY0006269,O006269,2025-08-01,Debit Card,Paid
PAY0006270,O006270,2024-01-04,COD,Paid
PAY0006271,O006271,2024-01-01,Debit Card,Failed
PAY0006272,O006272,2024-10-16,Debit Card,Paid
PAY0006273,O006273,2024-04-18,UPI,Paid
PAY0006274,O006274,2025-07-28,UPI,Paid
PAY0006275,O006275,2025-04-04,Net Banking,Paid
PAY0006276,O006276,2024-09-22,UPI,Paid
PAY0006277,O006277,2024-05-17,Credit Card,Paid
PAY0006278,O006278,2025-03-09,Credit Card,Paid
PAY0006279,O006279,2024-02-13,COD,Paid
PAY0006280,O006280,2025-05-24,Credit Card,Paid
PAY0006281,O006281,2024-09-18,UPI,Paid
PAY0006282,O006282,2025-12-28,Net Banking,Pending
PAY0006283,O006283,2025-09-24,Debit Card,Paid
PAY0006284,O006284,2024-05-31,Net Banking,Paid
PAY0006285,O006285,2024-07-31,UPI,Failed
PAY0006286,O006286,2024-08-21,UPI,Paid
PAY0006287,O006287,2025-09-14,UPI,Refunded
PAY0006288,O006288,2024-12-26,COD,Paid
PAY0006289,O006289,2024-11-15,Credit Card,Paid
PAY0006290,O006290,2024-08-09,UPI,Paid
PAY0006291,O006291,2024-07-28,Debit Card,Paid
PAY0006292,O006292,2025-01-30,Credit Card,Paid
PAY0006293,O006293,2025-08-05,Credit Card,Paid
PAY0006294,O006294,2025-05-03,COD,Paid
PAY0006295,O006295,2025-08-23,Net Banking,Paid
PAY0006296,O006296,2025-04-08,Credit Card,Paid
PAY0006297,O006297,2025-11-30,Credit Card,Paid
PAY0006298,O006298,2025-09-15,UPI,Paid
PAY0006299,O006299,2025-03-27,Debit Card,Failed
PAY0006300,O006300,2025-02-16,UPI,Paid
PAY0006301,O006301,2025-04-20,Debit Card,Paid
PAY0006302,O006302,2024-09-12,Credit Card,Paid
PAY0006303,O006303,2024-05-29,Debit Card,Paid
PAY0006304,O006304,2024-05-06,UPI,Paid
PAY0006305,O006305,2025-01-26,UPI,Refunded
PAY0006306,O006306,2025-04-24,Net Banking,Paid
PAY0006307,O006307,2025-01-31,COD,Paid
PAY0006308,O006308,2025-02-05,Net Banking,Failed
PAY0006309,O006309,2024-09-30,Credit Card,Paid
PAY0006310,O006310,2024-05-18,Debit Card,Paid
PAY0006311,O006311,2024-04-12,UPI,Paid
PAY0006312,O006312,2024-08-29,UPI,Paid
PAY0006313,O006313,2024-04-26,UPI,Paid
PAY0006314,O006314,2024-08-01,UPI,Paid
PAY0006315,O006315,2025-04-28,Credit Card,Refunded
PAY0006316,O006316,2025-06-12,COD,Paid
PAY0006317,O006317,2025-11-21,Net Banking,Paid
PAY0006318,O006318,2024-08-11,Net Banking,Paid
PAY0006319,O006319,2024-09-26,UPI,Failed
PAY0006320,O006320,2024-05-13,UPI,Paid
PAY0006321,O006321,2024-04-23,Debit Card,Paid
PAY0006322,O006322,2025-03-16,UPI,Failed
PAY0006323,O006323,2025-10-05,Net Banking,Paid
PAY0006324,O006324,2025-10-12,Debit Card,Paid
PAY0006325,O006325,2024-12-30,Debit Card,Paid
PAY0006326,O006326,2024-08-19,UPI,Paid
PAY0006327,O006327,2025-04-02,Debit Card,Paid
PAY0006328,O006328,2025-01-09,COD,Paid
PAY0006329,O006329,2025-08-26,UPI,Paid
PAY0006330,O006330,2025-09-02,COD,Paid
PAY0006331,O006331,2024-07-25,UPI,Paid
PAY0006332,O006332,2025-06-03,COD,Paid
PAY0006333,O006333,2025-04-12,UPI,Failed
PAY0006334,O006334,2025-03-18,Net Banking,Failed
PAY0006335,O006335,2024-11-16,UPI,Paid
PAY0006336,O006336,2024-04-02,Net Banking,Paid
PAY0006337,O006337,2025-02-11,Credit Card,Failed
PAY0006338,O006338,2024-06-06,Credit Card,Paid
PAY0006339,O006339,2024-04-08,UPI,Paid
PAY0006340,O006340,2024-08-12,Net Banking,Paid
PAY0006341,O006341,2025-03-16,Net Banking,Paid
PAY0006342,O006342,2025-12-20,Debit Card,Paid
PAY0006343,O006343,2025-08-07,Debit Card,Paid
PAY0006344,O006344,2025-02-04,COD,Paid
PAY0006345,O006345,2025-07-24,Debit Card,Paid
PAY0006346,O006346,2024-03-04,UPI,Paid
PAY0006347,O006347,2025-07-13,Debit Card,Pending
PAY0006348,O006348,2024-10-05,Debit Card,Paid
PAY0006349,O006349,2025-12-10,UPI,Pending
PAY0006350,O006350,2025-10-31,UPI,Paid
PAY0006351,O006351,2025-06-02,COD,Paid
PAY0006352,O006352,2024-09-04,Net Banking,Refunded
PAY0006353,O006353,2025-01-02,Debit Card,Refunded
PAY0006354,O006354,2025-09-09,Credit Card,Paid
PAY0006355,O006355,2024-04-07,Net Banking,Paid
PAY0006356,O006356,2024-09-24,UPI,Paid
PAY0006357,O006357,2024-02-29,Debit Card,Paid
PAY0006358,O006358,2025-05-14,COD,Paid
PAY0006359,O006359,2024-11-03,Credit Card,Paid
PAY0006360,O006360,2025-05-07,Net Banking,Pending
PAY0006361,O006361,2025-02-14,Debit Card,Refunded
PAY0006362,O006362,2024-05-19,UPI,Paid
PAY0006363,O006363,2024-11-23,Net Banking,Paid
PAY0006364,O006364,2025-04-08,Credit Card,Paid
PAY0006365,O006365,2025-12-02,UPI,Paid
PAY0006366,O006366,2025-09-28,Credit Card,Paid
PAY0006367,O006367,2024-06-11,Debit Card,Paid
PAY0006368,O006368,2024-02-29,Net Banking,Paid
PAY0006369,O006369,2024-01-31,COD,Failed
PAY0006370,O006370,2024-11-28,Debit Card,Failed
PAY0006371,O006371,2024-03-16,Debit Card,Paid
PAY0006372,O006372,2024-11-12,COD,Paid
PAY0006373,O006373,2025-02-20,COD,Failed
PAY0006374,O006374,2024-07-08,UPI,Paid
PAY0006375,O006375,2025-05-03,Credit Card,Paid
PAY0006376,O006376,2024-11-10,Debit Card,Paid
PAY0006377,O006377,2024-10-22,UPI,Pending
PAY0006378,O006378,2025-05-15,UPI,Paid
PAY0006379,O006379,2024-06-25,Debit Card,Paid
PAY0006380,O006380,2025-12-19,Credit Card,Paid
PAY0006381,O006381,2024-08-02,COD,Failed
PAY0006382,O006382,2025-10-14,Debit Card,Paid
PAY0006383,O006383,2025-08-19,Credit Card,Paid
PAY0006384,O006384,2025-11-24,COD,Paid
PAY0006385,O006385,2024-11-27,Net Banking,Pending
PAY0006386,O006386,2024-05-07,Debit Card,Paid
PAY0006387,O006387,2024-09-25,Debit Card,Paid
PAY0006388,O006388,2025-07-04,Credit Card,Paid
PAY0006389,O006389,2025-06-18,UPI,Paid
PAY0006390,O006390,2024-12-31,UPI,Paid
PAY0006391,O006391,2025-09-10,Credit Card,Pending
PAY0006392,O006392,2024-12-13,Debit Card,Paid
PAY0006393,O006393,2024-05-21,Debit Card,Paid
PAY0006394,O006394,2024-05-24,Debit Card,Paid
PAY0006395,O006395,2024-09-01,Net Banking,Paid
PAY0006396,O006396,2025-03-17,UPI,Paid
PAY0006397,O006397,2025-12-03,Net Banking,Paid
PAY0006398,O006398,2024-10-16,Debit Card,Paid
PAY0006399,O006399,2025-11-21,UPI,Refunded
PAY0006400,O006400,2024-04-21,Debit Card,Paid
PAY0006401,O006401,2024-08-01,Debit Card,Paid
PAY0006402,O006402,2025-10-11,Credit Card,Paid
PAY0006403,O006403,2024-07-18,UPI,Paid
PAY0006404,O006404,2025-02-08,Debit Card,Refunded
PAY0006405,O006405,2025-02-24,COD,Paid
PAY0006406,O006406,2024-01-07,COD,Paid
PAY0006407,O006407,2025-06-08,Debit Card,Paid
PAY0006408,O006408,2025-08-14,Credit Card,Paid
PAY0006409,O006409,2024-10-12,Debit Card,Paid
PAY0006410,O006410,2025-11-01,COD,Paid
PAY0006411,O006411,2025-01-23,UPI,Failed
PAY0006412,O006412,2025-02-19,Credit Card,Paid
PAY0006413,O006413,2025-12-13,Debit Card,Paid
PAY0006414,O006414,2024-05-29,COD,Paid
PAY0006415,O006415,2025-03-03,UPI,Paid
PAY0006416,O006416,2024-10-19,COD,Failed
PAY0006417,O006417,2024-11-29,Credit Card,Paid
PAY0006418,O006418,2024-09-28,Net Banking,Paid
PAY0006419,O006419,2024-02-12,Debit Card,Paid
PAY0006420,O006420,2025-04-12,UPI,Pending
PAY0006421,O006421,2024-11-14,Credit Card,Paid
PAY0006422,O006422,2025-05-06,Credit Card,Paid
PAY0006423,O006423,2025-06-10,Net Banking,Paid
PAY0006424,O006424,2024-06-20,Net Banking,Failed
PAY0006425,O006425,2025-12-30,Debit Card,Refunded
PAY0006426,O006426,2025-10-10,Debit Card,Paid
PAY0006427,O006427,2024-11-16,Credit Card,Pending
PAY0006428,O006428,2024-02-13,Debit Card,Refunded
PAY0006429,O006429,2025-06-15,Debit Card,Paid
PAY0006430,O006430,2025-09-22,Net Banking,Paid
PAY0006431,O006431,2025-03-29,Credit Card,Failed
PAY0006432,O006432,2024-03-23,COD,Refunded
PAY0006433,O006433,2025-06-26,COD,Paid
PAY0006434,O006434,2024-11-17,UPI,Paid
PAY0006435,O006435,2024-08-21,Net Banking,Paid
PAY0006436,O006436,2025-06-23,UPI,Paid
PAY0006437,O006437,2024-09-08,Credit Card,Paid
PAY0006438,O006438,2025-03-24,COD,Paid
PAY0006439,O006439,2024-08-26,COD,Paid
PAY0006440,O006440,2025-05-04,COD,Paid
PAY0006441,O006441,2025-04-08,UPI,Paid
PAY0006442,O006442,2024-11-09,Debit Card,Paid
PAY0006443,O006443,2024-06-23,UPI,Paid
PAY0006444,O006444,2025-12-06,COD,Paid
PAY0006445,O006445,2024-06-28,Net Banking,Paid
PAY0006446,O006446,2025-01-19,Net Banking,Paid
PAY0006447,O006447,2024-10-21,UPI,Paid
PAY0006448,O006448,2024-08-02,UPI,Paid
PAY0006449,O006449,2025-12-15,Credit Card,Failed
PAY0006450,O006450,2024-03-15,UPI,Pending
PAY0006451,O006451,2024-12-09,UPI,Paid
PAY0006452,O006452,2025-12-14,COD,Paid
PAY0006453,O006453,2024-05-21,Debit Card,Paid
PAY0006454,O006454,2025-12-18,COD,Pending
PAY0006455,O006455,2024-07-17,Debit Card,Pending
PAY0006456,O006456,2024-06-19,COD,Paid
PAY0006457,O006457,2025-02-09,COD,Paid
PAY0006458,O006458,2024-08-15,Credit Card,Failed
PAY0006459,O006459,2025-02-14,Debit Card,Pending
PAY0006460,O006460,2025-11-21,COD,Paid
PAY0006461,O006461,2024-03-02,COD,Pending
PAY0006462,O006462,2024-11-22,Debit Card,Paid
PAY0006463,O006463,2025-12-16,Credit Card,Paid
PAY0006464,O006464,2024-05-12,Debit Card,Paid
PAY0006465,O006465,2025-08-06,Credit Card,Paid
PAY0006466,O006466,2025-08-12,Credit Card,Paid
PAY0006467,O006467,2024-07-07,Net Banking,Paid
PAY0006468,O006468,2024-12-21,Credit Card,Pending
PAY0006469,O006469,2024-03-11,Net Banking,Paid
PAY0006470,O006470,2024-09-19,UPI,Paid
PAY0006471,O006471,2024-11-01,Credit Card,Paid
PAY0006472,O006472,2025-07-11,Debit Card,Paid
PAY0006473,O006473,2024-08-11,Net Banking,Failed
PAY0006474,O006474,2024-11-23,UPI,Paid
PAY0006475,O006475,2025-08-10,UPI,Paid
PAY0006476,O006476,2024-03-14,Credit Card,Paid
PAY0006477,O006477,2025-05-25,Debit Card,Refunded
PAY0006478,O006478,2024-05-21,Credit Card,Refunded
PAY0006479,O006479,2025-08-07,COD,Paid
PAY0006480,O006480,2024-04-11,UPI,Paid
PAY0006481,O006481,2025-08-28,COD,Paid
PAY0006482,O006482,2025-08-03,COD,Paid
PAY0006483,O006483,2024-03-05,Net Banking,Paid
PAY0006484,O006484,2024-07-11,COD,Failed
PAY0006485,O006485,2024-03-02,UPI,Failed
PAY0006486,O006486,2025-06-15,UPI,Paid
PAY0006487,O006487,2024-08-28,Debit Card,Paid
PAY0006488,O006488,2025-12-15,Credit Card,Paid
PAY0006489,O006489,2025-02-13,Debit Card,Paid
PAY0006490,O006490,2024-10-26,Debit Card,Paid
PAY0006491,O006491,2024-07-13,Credit Card,Paid
PAY0006492,O006492,2025-03-29,UPI,Paid
PAY0006493,O006493,2025-07-27,Net Banking,Paid
PAY0006494,O006494,2025-09-10,COD,Paid
PAY0006495,O006495,2025-09-28,Net Banking,Paid
PAY0006496,O006496,2024-10-27,COD,Paid
PAY0006497,O006497,2025-03-31,Credit Card,Paid
PAY0006498,O006498,2024-07-20,Credit Card,Paid
PAY0006499,O006499,2025-11-04,Debit Card,Paid
PAY0006500,O006500,2024-10-28,Credit Card,Paid
PAY0006501,O006501,2025-09-15,COD,Paid
PAY0006502,O006502,2024-12-02,Net Banking,Paid
PAY0006503,O006503,2024-02-01,Net Banking,Paid
PAY0006504,O006504,2024-04-07,Net Banking,Refunded
PAY0006505,O006505,2024-07-09,Net Banking,Refunded
PAY0006506,O006506,2025-06-24,Debit Card,Paid
PAY0006507,O006507,2024-02-17,Net Banking,Paid
PAY0006508,O006508,2024-09-06,COD,Paid
PAY0006509,O006509,2024-08-13,Debit Card,Paid
PAY0006510,O006510,2024-09-28,Debit Card,Failed
PAY0006511,O006511,2025-10-26,Debit Card,Failed
PAY0006512,O006512,2025-04-29,Credit Card,Paid
PAY0006513,O006513,2024-11-23,Debit Card,Paid
PAY0006514,O006514,2024-06-28,COD,Paid
PAY0006515,O006515,2025-10-26,Net Banking,Pending
PAY0006516,O006516,2024-01-23,Credit Card,Paid
PAY0006517,O006517,2025-08-28,Net Banking,Paid
PAY0006518,O006518,2025-01-04,UPI,Paid
PAY0006519,O006519,2024-09-01,Credit Card,Paid
PAY0006520,O006520,2024-06-08,COD,Paid
PAY0006521,O006521,2025-01-07,Credit Card,Paid
PAY0006522,O006522,2024-10-11,Debit Card,Paid
PAY0006523,O006523,2025-06-04,Credit Card,Paid
PAY0006524,O006524,2025-03-25,Debit Card,Paid
PAY0006525,O006525,2025-11-27,Net Banking,Paid
PAY0006526,O006526,2025-10-08,Credit Card,Paid
PAY0006527,O006527,2025-09-13,Credit Card,Paid
PAY0006528,O006528,2025-08-03,COD,Paid
PAY0006529,O006529,2024-05-15,UPI,Paid
PAY0006530,O006530,2024-04-05,Credit Card,Paid
PAY0006531,O006531,2024-04-28,Net Banking,Failed
PAY0006532,O006532,2025-01-08,Debit Card,Paid
PAY0006533,O006533,2024-09-30,Net Banking,Refunded
PAY0006534,O006534,2024-06-25,COD,Failed
PAY0006535,O006535,2024-10-03,Credit Card,Paid
PAY0006536,O006536,2024-05-17,UPI,Paid
PAY0006537,O006537,2024-05-11,UPI,Paid
PAY0006538,O006538,2024-02-13,Credit Card,Paid
PAY0006539,O006539,2024-05-02,UPI,Paid
PAY0006540,O006540,2024-05-15,Net Banking,Paid
PAY0006541,O006541,2025-01-01,Debit Card,Failed
PAY0006542,O006542,2025-01-07,Credit Card,Failed
PAY0006543,O006543,2024-05-05,Debit Card,Paid
PAY0006544,O006544,2025-03-14,UPI,Failed
PAY0006545,O006545,2025-07-29,COD,Paid
PAY0006546,O006546,2024-02-20,Debit Card,Paid
PAY0006547,O006547,2024-05-16,COD,Paid
PAY0006548,O006548,2024-06-06,Net Banking,Paid
PAY0006549,O006549,2024-02-25,COD,Paid
PAY0006550,O006550,2025-08-15,Debit Card,Paid
PAY0006551,O006551,2025-03-03,Debit Card,Paid
PAY0006552,O006552,2025-03-18,Credit Card,Paid
PAY0006553,O006553,2024-11-21,COD,Failed
PAY0006554,O006554,2025-10-01,Net Banking,Paid
PAY0006555,O006555,2025-09-29,Credit Card,Paid
PAY0006556,O006556,2024-03-20,Credit Card,Paid
PAY0006557,O006557,2025-04-18,Net Banking,Paid
PAY0006558,O006558,2025-01-11,Credit Card,Paid
PAY0006559,O006559,2024-11-28,Net Banking,Paid
PAY0006560,O006560,2024-06-23,UPI,Paid
PAY0006561,O006561,2025-10-18,Credit Card,Paid
PAY0006562,O006562,2025-03-16,Debit Card,Paid
PAY0006563,O006563,2024-05-05,UPI,Paid
PAY0006564,O006564,2025-11-24,Credit Card,Paid
PAY0006565,O006565,2024-08-06,Net Banking,Pending
PAY0006566,O006566,2024-10-04,UPI,Paid
PAY0006567,O006567,2025-04-29,UPI,Paid
PAY0006568,O006568,2025-08-17,Debit Card,Paid
PAY0006569,O006569,2024-05-20,Credit Card,Paid
PAY0006570,O006570,2025-08-29,Credit Card,Paid
PAY0006571,O006571,2025-12-06,Net Banking,Pending
PAY0006572,O006572,2024-04-19,UPI,Paid
PAY0006573,O006573,2024-02-21,Debit Card,Paid
PAY0006574,O006574,2025-09-06,Net Banking,Paid
PAY0006575,O006575,2025-09-04,Net Banking,Paid
PAY0006576,O006576,2025-10-15,Debit Card,Paid
PAY0006577,O006577,2025-12-13,Credit Card,Paid
PAY0006578,O006578,2024-11-14,Debit Card,Failed
PAY0006579,O006579,2024-07-17,Credit Card,Paid
PAY0006580,O006580,2025-12-29,COD,Paid
PAY0006581,O006581,2024-02-15,UPI,Paid
PAY0006582,O006582,2025-05-19,Debit Card,Paid
PAY0006583,O006583,2025-06-23,Net Banking,Failed
PAY0006584,O006584,2025-05-28,Credit Card,Paid
PAY0006585,O006585,2024-01-17,UPI,Paid
PAY0006586,O006586,2024-11-10,UPI,Paid
PAY0006587,O006587,2025-03-11,Debit Card,Paid
PAY0006588,O006588,2025-01-22,Net Banking,Paid
PAY0006589,O006589,2024-03-17,Debit Card,Paid
PAY0006590,O006590,2025-01-05,Net Banking,Failed
PAY0006591,O006591,2024-06-13,COD,Paid
PAY0006592,O006592,2025-08-31,Debit Card,Paid
PAY0006593,O006593,2025-09-08,Credit Card,Paid
PAY0006594,O006594,2024-01-24,Debit Card,Paid
PAY0006595,O006595,2025-12-12,Debit Card,Paid
PAY0006596,O006596,2024-02-04,COD,Paid
PAY0006597,O006597,2025-05-28,COD,Paid
PAY0006598,O006598,2025-04-05,Debit Card,Paid
PAY0006599,O006599,2024-05-17,Net Banking,Paid
PAY0006600,O006600,2025-07-27,COD,Paid
PAY0006601,O006601,2025-12-09,COD,Paid
PAY0006602,O006602,2025-07-24,Net Banking,Failed
PAY0006603,O006603,2024-09-21,UPI,Paid
PAY0006604,O006604,2024-11-28,COD,Paid
PAY0006605,O006605,2024-07-06,COD,Paid
PAY0006606,O006606,2024-03-03,Net Banking,Paid
PAY0006607,O006607,2024-10-05,Net Banking,Paid
PAY0006608,O006608,2025-06-25,Debit Card,Paid
PAY0006609,O006609,2024-06-19,Debit Card,Paid
PAY0006610,O006610,2025-05-17,UPI,Pending
PAY0006611,O006611,2025-06-16,UPI,Paid
PAY0006612,O006612,2024-10-25,UPI,Paid
PAY0006613,O006613,2024-07-19,Credit Card,Paid
PAY0006614,O006614,2024-05-14,Net Banking,Paid
PAY0006615,O006615,2024-09-28,COD,Paid
PAY0006616,O006616,2025-06-18,Net Banking,Paid
PAY0006617,O006617,2025-03-17,Net Banking,Pending
PAY0006618,O006618,2024-03-27,UPI,Failed
PAY0006619,O006619,2024-01-31,Net Banking,Pending
PAY0006620,O006620,2024-04-30,Credit Card,Paid
PAY0006621,O006621,2024-03-09,COD,Failed
PAY0006622,O006622,2025-10-07,UPI,Failed
PAY0006623,O006623,2025-05-10,Debit Card,Paid
PAY0006624,O006624,2024-05-25,COD,Pending
PAY0006625,O006625,2024-11-28,Debit Card,Paid
PAY0006626,O006626,2025-04-25,Debit Card,Paid
PAY0006627,O006627,2024-09-19,Net Banking,Paid
PAY0006628,O006628,2024-10-19,COD,Paid
PAY0006629,O006629,2025-03-04,Credit Card,Paid
PAY0006630,O006630,2024-03-26,Net Banking,Pending
PAY0006631,O006631,2024-01-16,Debit Card,Pending
PAY0006632,O006632,2025-12-28,COD,Failed
PAY0006633,O006633,2025-09-19,Net Banking,Paid
PAY0006634,O006634,2024-04-27,COD,Paid
PAY0006635,O006635,2024-09-26,UPI,Paid
PAY0006636,O006636,2025-01-29,Credit Card,Paid
PAY0006637,O006637,2024-06-10,Credit Card,Paid
PAY0006638,O006638,2025-11-30,Credit Card,Pending
PAY0006639,O006639,2024-04-13,Debit Card,Paid
PAY0006640,O006640,2025-10-14,Debit Card,Paid
PAY0006641,O006641,2024-06-15,Credit Card,Paid
PAY0006642,O006642,2024-10-26,COD,Paid
PAY0006643,O006643,2024-01-28,UPI,Pending
PAY0006644,O006644,2025-02-27,Debit Card,Pending
PAY0006645,O006645,2025-07-15,Net Banking,Paid
PAY0006646,O006646,2024-06-04,Net Banking,Paid
PAY0006647,O006647,2024-11-19,Debit Card,Paid
PAY0006648,O006648,2024-12-13,Credit Card,Paid
PAY0006649,O006649,2024-04-30,COD,Pending
PAY0006650,O006650,2025-10-13,UPI,Pending
PAY0006651,O006651,2025-06-11,Net Banking,Failed
PAY0006652,O006652,2025-07-14,Debit Card,Paid
PAY0006653,O006653,2024-06-12,COD,Paid
PAY0006654,O006654,2024-03-02,Credit Card,Failed
PAY0006655,O006655,2024-12-05,UPI,Paid
PAY0006656,O006656,2025-10-27,UPI,Refunded
PAY0006657,O006657,2024-11-07,Net Banking,Paid
PAY0006658,O006658,2025-01-10,Net Banking,Paid
PAY0006659,O006659,2024-12-11,Debit Card,Paid
PAY0006660,O006660,2024-05-29,UPI,Paid
PAY0006661,O006661,2025-08-07,Credit Card,Paid
PAY0006662,O006662,2025-08-03,Credit Card,Paid
PAY0006663,O006663,2024-06-25,Debit Card,Paid
PAY0006664,O006664,2024-12-19,UPI,Paid
PAY0006665,O006665,2025-05-28,Net Banking,Failed
PAY0006666,O006666,2024-11-04,Credit Card,Paid
PAY0006667,O006667,2024-04-28,COD,Paid
PAY0006668,O006668,2025-06-02,Debit Card,Paid
PAY0006669,O006669,2025-04-22,Credit Card,Paid
PAY0006670,O006670,2025-02-17,COD,Paid
PAY0006671,O006671,2025-08-09,COD,Paid
PAY0006672,O006672,2024-12-16,Credit Card,Paid
PAY0006673,O006673,2025-05-20,Debit Card,Paid
PAY0006674,O006674,2024-07-13,COD,Paid
PAY0006675,O006675,2024-07-05,COD,Paid
PAY0006676,O006676,2025-03-25,UPI,Paid
PAY0006677,O006677,2025-05-10,UPI,Refunded
PAY0006678,O006678,2025-05-29,UPI,Paid
PAY0006679,O006679,2025-11-26,COD,Paid
PAY0006680,O006680,2024-09-29,COD,Paid
PAY0006681,O006681,2024-02-21,Debit Card,Paid
PAY0006682,O006682,2024-09-19,Net Banking,Paid
PAY0006683,O006683,2025-01-02,UPI,Paid
PAY0006684,O006684,2024-05-12,Net Banking,Paid
PAY0006685,O006685,2024-08-12,UPI,Paid
PAY0006686,O006686,2024-11-05,UPI,Paid
PAY0006687,O006687,2025-07-26,Debit Card,Paid
PAY0006688,O006688,2024-01-16,Debit Card,Failed
PAY0006689,O006689,2024-07-13,Credit Card,Paid
PAY0006690,O006690,2025-03-18,UPI,Paid
PAY0006691,O006691,2024-10-29,UPI,Paid
PAY0006692,O006692,2024-02-17,UPI,Refunded
PAY0006693,O006693,2024-04-30,Debit Card,Paid
PAY0006694,O006694,2025-05-13,UPI,Paid
PAY0006695,O006695,2025-07-15,Credit Card,Paid
PAY0006696,O006696,2025-04-13,COD,Paid
PAY0006697,O006697,2024-02-10,Credit Card,Paid
PAY0006698,O006698,2025-03-31,COD,Refunded
PAY0006699,O006699,2025-06-17,Debit Card,Failed
PAY0006700,O006700,2025-01-05,Net Banking,Paid
PAY0006701,O006701,2024-06-30,Debit Card,Paid
PAY0006702,O006702,2025-05-31,Net Banking,Paid
PAY0006703,O006703,2025-10-18,COD,Paid
PAY0006704,O006704,2025-08-12,Net Banking,Pending
PAY0006705,O006705,2024-08-18,COD,Paid
PAY0006706,O006706,2024-12-13,Net Banking,Paid
PAY0006707,O006707,2025-04-23,COD,Paid
PAY0006708,O006708,2024-07-27,Net Banking,Paid
PAY0006709,O006709,2025-11-05,COD,Paid
PAY0006710,O006710,2025-11-10,Credit Card,Paid
PAY0006711,O006711,2024-10-04,UPI,Paid
PAY0006712,O006712,2025-11-18,Credit Card,Paid
PAY0006713,O006713,2024-02-22,Debit Card,Paid
PAY0006714,O006714,2024-01-10,Net Banking,Refunded
PAY0006715,O006715,2025-10-19,COD,Pending
PAY0006716,O006716,2025-04-08,Credit Card,Paid
PAY0006717,O006717,2025-08-05,Credit Card,Paid
PAY0006718,O006718,2024-06-06,COD,Paid
PAY0006719,O006719,2024-01-19,Net Banking,Paid
PAY0006720,O006720,2024-02-24,Debit Card,Paid
PAY0006721,O006721,2025-12-27,Debit Card,Paid
PAY0006722,O006722,2025-12-21,Debit Card,Paid
PAY0006723,O006723,2024-01-21,COD,Paid
PAY0006724,O006724,2024-10-08,Credit Card,Paid
PAY0006725,O006725,2025-06-23,Debit Card,Paid
PAY0006726,O006726,2025-02-20,Credit Card,Failed
PAY0006727,O006727,2025-12-23,Debit Card,Paid
PAY0006728,O006728,2024-10-11,Debit Card,Paid
PAY0006729,O006729,2025-06-15,Net Banking,Refunded
PAY0006730,O006730,2025-06-15,COD,Pending
PAY0006731,O006731,2025-05-25,Net Banking,Paid
PAY0006732,O006732,2025-01-30,Credit Card,Paid
PAY0006733,O006733,2024-04-29,Credit Card,Paid
PAY0006734,O006734,2024-04-06,COD,Paid
PAY0006735,O006735,2024-04-29,Debit Card,Paid
PAY0006736,O006736,2025-06-20,COD,Paid
PAY0006737,O006737,2024-06-01,Debit Card,Paid
PAY0006738,O006738,2024-09-01,UPI,Paid
PAY0006739,O006739,2025-05-30,UPI,Paid
PAY0006740,O006740,2025-01-27,COD,Paid
PAY0006741,O006741,2024-05-22,UPI,Paid
PAY0006742,O006742,2025-05-18,UPI,Paid
PAY0006743,O006743,2024-08-07,Credit Card,Paid
PAY0006744,O006744,2024-06-08,Debit Card,Paid
PAY0006745,O006745,2024-03-16,UPI,Paid
PAY0006746,O006746,2025-09-02,Net Banking,Paid
PAY0006747,O006747,2025-11-22,Credit Card,Paid
PAY0006748,O006748,2025-09-30,Debit Card,Paid
PAY0006749,O006749,2024-02-01,Credit Card,Refunded
PAY0006750,O006750,2024-11-29,Net Banking,Failed
PAY0006751,O006751,2025-06-08,Debit Card,Paid
PAY0006752,O006752,2025-03-15,COD,Paid
PAY0006753,O006753,2024-12-17,COD,Paid
PAY0006754,O006754,2024-12-04,Credit Card,Pending
PAY0006755,O006755,2025-02-03,COD,Paid
PAY0006756,O006756,2025-01-30,Debit Card,Paid
PAY0006757,O006757,2024-07-20,Net Banking,Paid
PAY0006758,O006758,2025-06-13,Net Banking,Paid
PAY0006759,O006759,2024-04-02,COD,Paid
PAY0006760,O006760,2024-12-23,UPI,Paid
PAY0006761,O006761,2025-01-30,UPI,Paid
PAY0006762,O006762,2024-02-29,UPI,Refunded
PAY0006763,O006763,2025-04-21,COD,Paid
PAY0006764,O006764,2025-12-26,COD,Paid
PAY0006765,O006765,2025-09-03,COD,Paid
PAY0006766,O006766,2024-01-01,Debit Card,Paid
PAY0006767,O006767,2025-07-08,UPI,Paid
PAY0006768,O006768,2024-11-06,Credit Card,Pending
PAY0006769,O006769,2024-06-16,Debit Card,Paid
PAY0006770,O006770,2024-07-10,Debit Card,Paid
PAY0006771,O006771,2024-02-03,COD,Paid
PAY0006772,O006772,2024-02-03,COD,Paid
PAY0006773,O006773,2025-11-18,Debit Card,Paid
PAY0006774,O006774,2025-02-20,COD,Paid
PAY0006775,O006775,2025-12-08,UPI,Paid
PAY0006776,O006776,2024-06-06,Debit Card,Failed
PAY0006777,O006777,2025-05-14,Debit Card,Paid
PAY0006778,O006778,2024-12-31,Debit Card,Pending
PAY0006779,O006779,2024-12-05,COD,Failed
PAY0006780,O006780,2024-11-30,Debit Card,Failed
PAY0006781,O006781,2025-08-05,Credit Card,Paid
PAY0006782,O006782,2024-11-22,Credit Card,Paid
PAY0006783,O006783,2024-04-23,UPI,Paid
PAY0006784,O006784,2025-02-21,Debit Card,Paid
PAY0006785,O006785,2025-04-12,Debit Card,Paid
PAY0006786,O006786,2024-05-22,COD,Paid
PAY0006787,O006787,2025-08-31,Net Banking,Paid
PAY0006788,O006788,2024-11-04,Net Banking,Paid
PAY0006789,O006789,2025-02-04,Debit Card,Failed
PAY0006790,O006790,2024-11-15,UPI,Paid
PAY0006791,O006791,2024-07-30,Credit Card,Paid
PAY0006792,O006792,2024-11-12,Debit Card,Paid
PAY0006793,O006793,2024-07-03,Debit Card,Refunded
PAY0006794,O006794,2024-07-23,UPI,Paid
PAY0006795,O006795,2024-12-29,UPI,Paid
PAY0006796,O006796,2024-08-03,Net Banking,Paid
PAY0006797,O006797,2024-09-02,Debit Card,Refunded
PAY0006798,O006798,2024-08-26,Debit Card,Paid
PAY0006799,O006799,2025-01-25,COD,Paid
PAY0006800,O006800,2025-06-03,Credit Card,Paid
PAY0006801,O006801,2025-08-12,COD,Paid
PAY0006802,O006802,2024-10-03,COD,Paid
PAY0006803,O006803,2024-07-20,Credit Card,Paid
PAY0006804,O006804,2024-08-01,Debit Card,Paid
PAY0006805,O006805,2025-08-28,Net Banking,Paid
PAY0006806,O006806,2025-04-22,Credit Card,Paid
PAY0006807,O006807,2025-05-22,UPI,Paid
PAY0006808,O006808,2024-03-15,Debit Card,Paid
PAY0006809,O006809,2025-10-30,Credit Card,Paid
PAY0006810,O006810,2025-10-26,Credit Card,Paid
PAY0006811,O006811,2024-05-21,Credit Card,Paid
PAY0006812,O006812,2025-08-12,Net Banking,Paid
PAY0006813,O006813,2024-11-17,COD,Paid
PAY0006814,O006814,2025-11-24,COD,Paid
PAY0006815,O006815,2025-04-05,Credit Card,Paid
PAY0006816,O006816,2025-12-07,Credit Card,Paid
PAY0006817,O006817,2025-10-31,COD,Refunded
PAY0006818,O006818,2024-05-25,Net Banking,Paid
PAY0006819,O006819,2024-02-23,Debit Card,Paid
PAY0006820,O006820,2024-12-21,COD,Failed
PAY0006821,O006821,2024-10-03,Credit Card,Paid
PAY0006822,O006822,2025-08-17,Net Banking,Paid
PAY0006823,O006823,2025-02-03,Net Banking,Paid
PAY0006824,O006824,2025-10-29,Credit Card,Paid
PAY0006825,O006825,2025-05-30,UPI,Paid
PAY0006826,O006826,2025-05-13,Net Banking,Paid
PAY0006827,O006827,2024-11-06,COD,Paid
PAY0006828,O006828,2024-09-27,UPI,Paid
PAY0006829,O006829,2025-07-29,Debit Card,Paid
PAY0006830,O006830,2025-03-24,COD,Paid
PAY0006831,O006831,2024-04-21,Credit Card,Paid
PAY0006832,O006832,2024-08-26,UPI,Paid
PAY0006833,O006833,2024-05-23,COD,Paid
PAY0006834,O006834,2025-01-08,Net Banking,Paid
PAY0006835,O006835,2024-01-20,Credit Card,Pending
PAY0006836,O006836,2025-07-29,UPI,Paid
PAY0006837,O006837,2024-10-15,Net Banking,Pending
PAY0006838,O006838,2025-08-15,Credit Card,Paid
PAY0006839,O006839,2024-07-15,Credit Card,Paid
PAY0006840,O006840,2025-01-16,UPI,Paid
PAY0006841,O006841,2025-08-03,UPI,Paid
PAY0006842,O006842,2025-11-28,UPI,Paid
PAY0006843,O006843,2025-11-09,COD,Paid
PAY0006844,O006844,2025-12-17,Credit Card,Paid
PAY0006845,O006845,2025-05-06,Debit Card,Paid
PAY0006846,O006846,2024-06-12,Net Banking,Paid
PAY0006847,O006847,2025-08-28,UPI,Paid
PAY0006848,O006848,2024-09-05,Credit Card,Paid
PAY0006849,O006849,2024-03-08,Net Banking,Paid
PAY0006850,O006850,2024-01-21,Debit Card,Paid
PAY0006851,O006851,2025-05-26,Net Banking,Paid
PAY0006852,O006852,2025-08-19,Debit Card,Paid
PAY0006853,O006853,2025-01-24,UPI,Paid
PAY0006854,O006854,2025-06-19,COD,Paid
PAY0006855,O006855,2024-04-20,Debit Card,Paid
PAY0006856,O006856,2025-08-17,UPI,Paid
PAY0006857,O006857,2025-04-04,Net Banking,Paid
PAY0006858,O006858,2024-03-18,Net Banking,Paid
PAY0006859,O006859,2025-03-09,Net Banking,Paid
PAY0006860,O006860,2025-01-14,COD,Paid
PAY0006861,O006861,2025-10-13,Credit Card,Paid
PAY0006862,O006862,2025-03-15,Debit Card,Paid
PAY0006863,O006863,2024-12-04,Credit Card,Paid
PAY0006864,O006864,2025-02-27,Net Banking,Paid
PAY0006865,O006865,2024-06-17,COD,Paid
PAY0006866,O006866,2025-12-09,UPI,Paid
PAY0006867,O006867,2024-09-18,COD,Paid
PAY0006868,O006868,2025-12-27,Credit Card,Paid
PAY0006869,O006869,2025-08-01,Net Banking,Pending
PAY0006870,O006870,2024-08-16,Debit Card,Paid
PAY0006871,O006871,2024-06-09,COD,Pending
PAY0006872,O006872,2025-03-02,Credit Card,Paid
PAY0006873,O006873,2024-05-01,Credit Card,Paid
PAY0006874,O006874,2024-05-28,UPI,Paid
PAY0006875,O006875,2025-12-05,Debit Card,Paid
PAY0006876,O006876,2024-04-20,Credit Card,Failed
PAY0006877,O006877,2025-10-18,Debit Card,Paid
PAY0006878,O006878,2024-08-08,Net Banking,Paid
PAY0006879,O006879,2024-03-04,COD,Paid
PAY0006880,O006880,2025-09-29,Credit Card,Paid
PAY0006881,O006881,2025-12-30,Net Banking,Paid
PAY0006882,O006882,2024-12-19,UPI,Paid
PAY0006883,O006883,2025-04-18,Debit Card,Paid
PAY0006884,O006884,2025-04-29,Net Banking,Paid
PAY0006885,O006885,2024-01-13,Debit Card,Failed
PAY0006886,O006886,2024-06-01,Debit Card,Failed
PAY0006887,O006887,2024-08-26,Credit Card,Failed
PAY0006888,O006888,2024-07-08,Debit Card,Paid
PAY0006889,O006889,2025-10-24,Net Banking,Paid
PAY0006890,O006890,2024-03-26,UPI,Pending
PAY0006891,O006891,2024-01-21,Credit Card,Paid
PAY0006892,O006892,2025-11-24,COD,Paid
PAY0006893,O006893,2024-11-14,UPI,Pending
PAY0006894,O006894,2024-06-06,Net Banking,Paid
PAY0006895,O006895,2025-04-25,Credit Card,Paid
PAY0006896,O006896,2024-03-16,Debit Card,Failed
PAY0006897,O006897,2024-11-24,UPI,Paid
PAY0006898,O006898,2025-02-19,Credit Card,Paid
PAY0006899,O006899,2024-07-21,COD,Paid
PAY0006900,O006900,2024-08-16,COD,Paid
PAY0006901,O006901,2024-05-31,COD,Pending
PAY0006902,O006902,2024-03-12,Credit Card,Failed
PAY0006903,O006903,2024-08-12,UPI,Paid
PAY0006904,O006904,2025-04-17,Debit Card,Failed
PAY0006905,O006905,2025-10-04,UPI,Failed
PAY0006906,O006906,2024-12-25,Debit Card,Paid
PAY0006907,O006907,2025-06-23,UPI,Failed
PAY0006908,O006908,2025-08-31,UPI,Failed
PAY0006909,O006909,2024-02-15,Credit Card,Paid
PAY0006910,O006910,2024-01-01,COD,Failed
PAY0006911,O006911,2025-11-08,COD,Paid
PAY0006912,O006912,2024-09-01,COD,Paid
PAY0006913,O006913,2024-08-06,COD,Pending
PAY0006914,O006914,2025-09-05,UPI,Failed
PAY0006915,O006915,2024-10-17,COD,Paid
PAY0006916,O006916,2025-04-02,UPI,Paid
PAY0006917,O006917,2024-07-22,Debit Card,Pending
PAY0006918,O006918,2024-07-20,Net Banking,Paid
PAY0006919,O006919,2025-07-19,Net Banking,Paid
PAY0006920,O006920,2025-04-26,Debit Card,Paid
PAY0006921,O006921,2025-05-25,UPI,Paid
PAY0006922,O006922,2024-10-04,COD,Paid
PAY0006923,O006923,2024-01-16,Credit Card,Paid
PAY0006924,O006924,2025-06-08,UPI,Paid
PAY0006925,O006925,2024-12-21,UPI,Paid
PAY0006926,O006926,2024-12-21,Debit Card,Paid
PAY0006927,O006927,2025-08-21,Debit Card,Paid
PAY0006928,O006928,2024-03-18,Credit Card,Paid
PAY0006929,O006929,2024-03-07,COD,Paid
PAY0006930,O006930,2025-12-23,Net Banking,Paid
PAY0006931,O006931,2024-08-01,COD,Paid
PAY0006932,O006932,2025-11-27,COD,Paid
PAY0006933,O006933,2025-03-24,UPI,Failed
PAY0006934,O006934,2025-03-08,Credit Card,Paid
PAY0006935,O006935,2025-06-28,UPI,Paid
PAY0006936,O006936,2024-04-24,Debit Card,Paid
PAY0006937,O006937,2025-02-23,Net Banking,Paid
PAY0006938,O006938,2025-05-13,Credit Card,Paid
PAY0006939,O006939,2025-12-10,Credit Card,Paid
PAY0006940,O006940,2025-01-14,COD,Paid
PAY0006941,O006941,2024-05-22,UPI,Paid
PAY0006942,O006942,2025-09-23,COD,Paid
PAY0006943,O006943,2024-01-24,COD,Failed
PAY0006944,O006944,2025-06-22,Credit Card,Paid
PAY0006945,O006945,2024-03-15,Net Banking,Paid
PAY0006946,O006946,2025-06-18,Debit Card,Paid
PAY0006947,O006947,2025-11-03,COD,Paid
PAY0006948,O006948,2024-02-10,Net Banking,Paid
PAY0006949,O006949,2025-07-21,COD,Paid
PAY0006950,O006950,2025-02-16,Net Banking,Paid
PAY0006951,O006951,2025-02-18,UPI,Paid
PAY0006952,O006952,2025-03-24,Debit Card,Paid
PAY0006953,O006953,2025-09-01,Credit Card,Paid
PAY0006954,O006954,2025-10-19,UPI,Paid
PAY0006955,O006955,2025-03-11,COD,Paid
PAY0006956,O006956,2025-07-05,COD,Paid
PAY0006957,O006957,2025-12-05,Debit Card,Refunded
PAY0006958,O006958,2024-08-26,Debit Card,Paid
PAY0006959,O006959,2024-02-11,Debit Card,Pending
PAY0006960,O006960,2025-12-08,COD,Paid
PAY0006961,O006961,2024-01-10,COD,Pending
PAY0006962,O006962,2024-09-21,Credit Card,Paid
PAY0006963,O006963,2025-08-03,Debit Card,Paid
PAY0006964,O006964,2025-03-20,Net Banking,Paid
PAY0006965,O006965,2024-05-18,Credit Card,Paid
PAY0006966,O006966,2024-07-14,Net Banking,Paid
PAY0006967,O006967,2024-03-14,UPI,Paid
PAY0006968,O006968,2025-09-06,Debit Card,Paid
PAY0006969,O006969,2024-08-12,Credit Card,Paid
PAY0006970,O006970,2025-09-26,Credit Card,Paid
PAY0006971,O006971,2024-04-11,UPI,Paid
PAY0006972,O006972,2024-09-20,UPI,Paid
PAY0006973,O006973,2024-06-09,UPI,Paid
PAY0006974,O006974,2024-08-20,Credit Card,Paid
PAY0006975,O006975,2025-05-05,COD,Paid
PAY0006976,O006976,2024-11-06,Net Banking,Pending
PAY0006977,O006977,2025-10-12,Net Banking,Paid
PAY0006978,O006978,2024-08-14,UPI,Paid
PAY0006979,O006979,2024-09-29,COD,Refunded
PAY0006980,O006980,2024-11-12,COD,Paid
PAY0006981,O006981,2024-03-26,UPI,Paid
PAY0006982,O006982,2024-10-17,Debit Card,Paid
PAY0006983,O006983,2025-04-13,Credit Card,Paid
PAY0006984,O006984,2025-12-29,Debit Card,Paid
PAY0006985,O006985,2025-07-31,COD,Paid
PAY0006986,O006986,2025-10-08,UPI,Paid
PAY0006987,O006987,2025-02-07,Credit Card,Failed
PAY0006988,O006988,2025-03-02,Net Banking,Paid
PAY0006989,O006989,2025-01-09,COD,Paid
PAY0006990,O006990,2025-07-20,Credit Card,Paid
PAY0006991,O006991,2024-09-08,Credit Card,Paid
PAY0006992,O006992,2025-06-16,Debit Card,Paid
PAY0006993,O006993,2024-11-02,Net Banking,Paid
PAY0006994,O006994,2025-03-05,Debit Card,Paid
PAY0006995,O006995,2025-11-05,Debit Card,Paid
PAY0006996,O006996,2024-09-20,Debit Card,Paid
PAY0006997,O006997,2024-03-08,Debit Card,Paid
PAY0006998,O006998,2024-04-16,COD,Paid
PAY0006999,O006999,2025-02-03,Net Banking,Failed
PAY0007000,O007000,2025-08-01,Debit Card,Paid
PAY0007001,O007001,2024-07-17,COD,Paid
PAY0007002,O007002,2024-07-10,COD,Failed
PAY0007003,O007003,2025-05-28,Credit Card,Paid
PAY0007004,O007004,2025-03-17,Credit Card,Paid
PAY0007005,O007005,2024-01-01,UPI,Paid
PAY0007006,O007006,2024-12-23,COD,Paid
PAY0007007,O007007,2024-04-24,UPI,Paid
PAY0007008,O007008,2025-08-22,COD,Paid
PAY0007009,O007009,2024-07-15,Debit Card,Paid
PAY0007010,O007010,2025-08-26,Debit Card,Paid
PAY0007011,O007011,2024-09-30,UPI,Paid
PAY0007012,O007012,2024-06-08,Debit Card,Paid
PAY0007013,O007013,2024-06-21,Debit Card,Pending
PAY0007014,O007014,2025-06-28,Credit Card,Paid
PAY0007015,O007015,2025-04-02,Debit Card,Paid
PAY0007016,O007016,2025-08-07,Credit Card,Paid
PAY0007017,O007017,2025-03-08,Net Banking,Paid
PAY0007018,O007018,2025-04-25,COD,Failed
PAY0007019,O007019,2025-03-30,Credit Card,Paid
PAY0007020,O007020,2024-07-14,Credit Card,Paid
PAY0007021,O007021,2025-08-21,Credit Card,Paid
PAY0007022,O007022,2024-11-04,COD,Paid
PAY0007023,O007023,2025-07-09,COD,Paid
PAY0007024,O007024,2025-05-08,COD,Paid
PAY0007025,O007025,2025-03-14,Debit Card,Paid
PAY0007026,O007026,2025-10-11,Credit Card,Paid
PAY0007027,O007027,2024-12-24,COD,Paid
PAY0007028,O007028,2024-02-05,Net Banking,Paid
PAY0007029,O007029,2024-02-03,COD,Paid
PAY0007030,O007030,2024-03-28,UPI,Paid
PAY0007031,O007031,2025-10-19,UPI,Failed
PAY0007032,O007032,2024-01-16,Credit Card,Paid
PAY0007033,O007033,2025-02-24,Credit Card,Paid
PAY0007034,O007034,2025-07-06,Credit Card,Pending
PAY0007035,O007035,2024-05-05,Debit Card,Paid
PAY0007036,O007036,2024-01-08,UPI,Paid
PAY0007037,O007037,2025-04-16,UPI,Paid
PAY0007038,O007038,2025-04-12,Credit Card,Paid
PAY0007039,O007039,2025-05-24,UPI,Paid
PAY0007040,O007040,2025-02-05,UPI,Paid
PAY0007041,O007041,2024-06-24,Debit Card,Refunded
PAY0007042,O007042,2025-01-01,Net Banking,Paid
PAY0007043,O007043,2025-05-02,Credit Card,Pending
PAY0007044,O007044,2024-01-18,Net Banking,Paid
PAY0007045,O007045,2024-02-25,Net Banking,Paid
PAY0007046,O007046,2024-02-04,Debit Card,Paid
PAY0007047,O007047,2025-09-21,UPI,Paid
PAY0007048,O007048,2025-12-25,Credit Card,Paid
PAY0007049,O007049,2025-07-26,COD,Paid
PAY0007050,O007050,2025-08-22,Net Banking,Paid
PAY0007051,O007051,2024-12-12,Net Banking,Paid
PAY0007052,O007052,2024-02-01,Debit Card,Refunded
PAY0007053,O007053,2024-05-12,Net Banking,Paid
PAY0007054,O007054,2025-07-29,Net Banking,Paid
PAY0007055,O007055,2024-07-17,Net Banking,Paid
PAY0007056,O007056,2024-09-12,Debit Card,Paid
PAY0007057,O007057,2024-12-07,UPI,Paid
PAY0007058,O007058,2025-10-28,Net Banking,Paid
PAY0007059,O007059,2024-08-18,Credit Card,Paid
PAY0007060,O007060,2024-10-27,Net Banking,Paid
PAY0007061,O007061,2025-06-30,Net Banking,Paid
PAY0007062,O007062,2024-01-26,Credit Card,Paid
PAY0007063,O007063,2025-06-18,Debit Card,Pending
PAY0007064,O007064,2025-10-14,COD,Paid
PAY0007065,O007065,2025-04-18,Credit Card,Failed
PAY0007066,O007066,2025-01-21,COD,Paid
PAY0007067,O007067,2024-10-11,UPI,Paid
PAY0007068,O007068,2025-03-25,UPI,Paid
PAY0007069,O007069,2024-11-15,Net Banking,Paid
PAY0007070,O007070,2024-06-04,Net Banking,Paid
PAY0007071,O007071,2025-04-15,Debit Card,Paid
PAY0007072,O007072,2025-02-23,COD,Paid
PAY0007073,O007073,2024-04-22,UPI,Paid
PAY0007074,O007074,2025-10-12,UPI,Refunded
PAY0007075,O007075,2025-02-25,Net Banking,Paid
PAY0007076,O007076,2025-12-21,Net Banking,Refunded
PAY0007077,O007077,2025-08-20,Debit Card,Paid
PAY0007078,O007078,2024-10-11,Net Banking,Failed
PAY0007079,O007079,2025-07-25,Net Banking,Pending
PAY0007080,O007080,2024-02-23,Debit Card,Paid
PAY0007081,O007081,2025-08-27,Net Banking,Refunded
PAY0007082,O007082,2024-11-20,Net Banking,Pending
PAY0007083,O007083,2025-04-02,Net Banking,Paid
PAY0007084,O007084,2024-09-21,COD,Paid
PAY0007085,O007085,2025-01-16,UPI,Paid
PAY0007086,O007086,2024-07-31,Credit Card,Paid
PAY0007087,O007087,2024-11-28,UPI,Paid
PAY0007088,O007088,2024-01-10,COD,Paid
PAY0007089,O007089,2024-12-23,Credit Card,Paid
PAY0007090,O007090,2024-07-21,UPI,Paid
PAY0007091,O007091,2025-12-08,Debit Card,Paid
PAY0007092,O007092,2024-02-27,COD,Paid
PAY0007093,O007093,2025-05-08,Debit Card,Pending
PAY0007094,O007094,2025-05-24,Debit Card,Paid
PAY0007095,O007095,2024-08-10,UPI,Paid
PAY0007096,O007096,2025-01-03,Credit Card,Paid
PAY0007097,O007097,2025-11-22,Net Banking,Paid
PAY0007098,O007098,2025-02-21,Net Banking,Paid
PAY0007099,O007099,2025-06-30,COD,Failed
PAY0007100,O007100,2024-04-12,Debit Card,Paid
PAY0007101,O007101,2024-06-09,COD,Paid
PAY0007102,O007102,2024-07-18,UPI,Paid
PAY0007103,O007103,2024-06-08,Debit Card,Paid
PAY0007104,O007104,2025-11-25,Net Banking,Paid
PAY0007105,O007105,2024-05-15,UPI,Paid
PAY0007106,O007106,2025-02-01,UPI,Paid
PAY0007107,O007107,2025-01-26,COD,Paid
PAY0007108,O007108,2024-04-15,COD,Pending
PAY0007109,O007109,2025-08-05,Credit Card,Paid
PAY0007110,O007110,2025-08-11,Net Banking,Pending
PAY0007111,O007111,2024-02-23,Net Banking,Paid
PAY0007112,O007112,2024-10-03,COD,Paid
PAY0007113,O007113,2024-04-20,Net Banking,Paid
PAY0007114,O007114,2024-08-11,Net Banking,Paid
PAY0007115,O007115,2024-03-15,UPI,Paid
PAY0007116,O007116,2025-05-20,Debit Card,Paid
PAY0007117,O007117,2024-01-14,Debit Card,Paid
PAY0007118,O007118,2025-04-26,Credit Card,Paid
PAY0007119,O007119,2024-07-07,Debit Card,Paid
PAY0007120,O007120,2024-12-29,Net Banking,Paid
PAY0007121,O007121,2024-08-26,UPI,Paid
PAY0007122,O007122,2025-02-04,Debit Card,Pending
PAY0007123,O007123,2024-10-30,Net Banking,Paid
PAY0007124,O007124,2024-03-31,Net Banking,Paid
PAY0007125,O007125,2025-01-26,COD,Paid
PAY0007126,O007126,2024-07-02,COD,Paid
PAY0007127,O007127,2024-01-17,Debit Card,Paid
PAY0007128,O007128,2024-01-12,COD,Paid
PAY0007129,O007129,2024-06-14,Net Banking,Paid
PAY0007130,O007130,2024-05-25,Net Banking,Paid
PAY0007131,O007131,2024-10-08,COD,Refunded
PAY0007132,O007132,2025-07-02,UPI,Paid
PAY0007133,O007133,2025-08-04,COD,Paid
PAY0007134,O007134,2024-06-17,UPI,Paid
PAY0007135,O007135,2024-06-18,COD,Paid
PAY0007136,O007136,2024-12-11,Net Banking,Paid
PAY0007137,O007137,2025-05-13,Net Banking,Paid
PAY0007138,O007138,2025-04-04,COD,Paid
PAY0007139,O007139,2024-10-23,Credit Card,Paid
PAY0007140,O007140,2024-05-21,UPI,Paid
PAY0007141,O007141,2025-11-25,Credit Card,Paid
PAY0007142,O007142,2024-02-22,Net Banking,Paid
PAY0007143,O007143,2024-04-27,UPI,Paid
PAY0007144,O007144,2024-12-30,COD,Paid
PAY0007145,O007145,2025-11-01,UPI,Failed
PAY0007146,O007146,2024-05-15,UPI,Paid
PAY0007147,O007147,2025-02-17,Debit Card,Pending
PAY0007148,O007148,2024-03-17,UPI,Paid
PAY0007149,O007149,2025-07-10,Net Banking,Paid
PAY0007150,O007150,2024-01-18,Credit Card,Paid
PAY0007151,O007151,2025-02-06,Credit Card,Paid
PAY0007152,O007152,2024-07-23,COD,Paid
PAY0007153,O007153,2025-05-13,Debit Card,Paid
PAY0007154,O007154,2024-11-19,Credit Card,Paid
PAY0007155,O007155,2025-08-17,Credit Card,Paid
PAY0007156,O007156,2025-07-15,UPI,Paid
PAY0007157,O007157,2024-10-07,Net Banking,Paid
PAY0007158,O007158,2024-06-14,Net Banking,Paid
PAY0007159,O007159,2024-08-30,COD,Paid
PAY0007160,O007160,2025-04-23,Net Banking,Refunded
PAY0007161,O007161,2024-06-12,Credit Card,Paid
PAY0007162,O007162,2024-11-19,UPI,Failed
PAY0007163,O007163,2025-07-21,Net Banking,Paid
PAY0007164,O007164,2025-07-04,Debit Card,Paid
PAY0007165,O007165,2025-10-01,Debit Card,Paid
PAY0007166,O007166,2025-09-25,Debit Card,Paid
PAY0007167,O007167,2025-11-28,Net Banking,Paid
PAY0007168,O007168,2024-07-26,UPI,Paid
PAY0007169,O007169,2024-11-10,Net Banking,Failed
PAY0007170,O007170,2024-10-30,Credit Card,Paid
PAY0007171,O007171,2024-08-26,Net Banking,Paid
PAY0007172,O007172,2025-12-27,Debit Card,Paid
PAY0007173,O007173,2024-08-11,Debit Card,Paid
PAY0007174,O007174,2024-03-28,UPI,Refunded
PAY0007175,O007175,2025-06-20,COD,Paid
PAY0007176,O007176,2025-03-04,Debit Card,Paid
PAY0007177,O007177,2024-08-07,Debit Card,Pending
PAY0007178,O007178,2024-10-01,COD,Failed
PAY0007179,O007179,2025-10-08,Net Banking,Paid
PAY0007180,O007180,2024-03-06,Debit Card,Paid
PAY0007181,O007181,2025-08-14,UPI,Paid
PAY0007182,O007182,2025-02-26,Net Banking,Paid
PAY0007183,O007183,2024-09-11,Net Banking,Paid
PAY0007184,O007184,2024-05-04,Debit Card,Refunded
PAY0007185,O007185,2024-05-25,Net Banking,Paid
PAY0007186,O007186,2025-09-06,Net Banking,Paid
PAY0007187,O007187,2025-01-19,UPI,Paid
PAY0007188,O007188,2025-03-22,Net Banking,Paid
PAY0007189,O007189,2025-01-21,Debit Card,Failed
PAY0007190,O007190,2025-01-17,Debit Card,Paid
PAY0007191,O007191,2024-10-03,COD,Paid
PAY0007192,O007192,2025-01-16,Credit Card,Paid
PAY0007193,O007193,2024-05-03,COD,Failed
PAY0007194,O007194,2024-09-23,UPI,Paid
PAY0007195,O007195,2024-04-20,UPI,Paid
PAY0007196,O007196,2025-01-15,Debit Card,Paid
PAY0007197,O007197,2025-08-23,Credit Card,Paid
PAY0007198,O007198,2024-06-06,COD,Failed
PAY0007199,O007199,2025-12-28,Credit Card,Paid
PAY0007200,O007200,2025-07-01,Debit Card,Paid
PAY0007201,O007201,2025-08-21,Net Banking,Pending
PAY0007202,O007202,2024-04-27,Debit Card,Paid
PAY0007203,O007203,2024-11-23,Debit Card,Paid
PAY0007204,O007204,2025-11-24,Credit Card,Paid
PAY0007205,O007205,2024-03-08,UPI,Refunded
PAY0007206,O007206,2025-03-09,Net Banking,Paid
PAY0007207,O007207,2024-12-24,Net Banking,Paid
PAY0007208,O007208,2025-11-01,UPI,Paid
PAY0007209,O007209,2025-03-18,Credit Card,Paid
PAY0007210,O007210,2024-06-12,Credit Card,Paid
PAY0007211,O007211,2024-12-26,UPI,Paid
PAY0007212,O007212,2025-08-07,COD,Paid
PAY0007213,O007213,2024-04-28,Credit Card,Failed
PAY0007214,O007214,2024-07-13,UPI,Paid
PAY0007215,O007215,2025-08-23,COD,Paid
PAY0007216,O007216,2025-08-10,Debit Card,Pending
PAY0007217,O007217,2025-10-12,Net Banking,Paid
PAY0007218,O007218,2024-08-28,UPI,Paid
PAY0007219,O007219,2025-05-23,Credit Card,Refunded
PAY0007220,O007220,2025-10-27,Net Banking,Paid
PAY0007221,O007221,2025-07-18,COD,Pending
PAY0007222,O007222,2024-05-21,Net Banking,Paid
PAY0007223,O007223,2024-01-31,UPI,Paid
PAY0007224,O007224,2024-08-10,Debit Card,Paid
PAY0007225,O007225,2024-09-22,COD,Paid
PAY0007226,O007226,2024-10-08,COD,Paid
PAY0007227,O007227,2025-01-15,COD,Paid
PAY0007228,O007228,2025-07-09,Net Banking,Refunded
PAY0007229,O007229,2024-03-02,Debit Card,Paid
PAY0007230,O007230,2025-12-13,UPI,Paid
PAY0007231,O007231,2025-06-04,UPI,Paid
PAY0007232,O007232,2024-03-11,Net Banking,Paid
PAY0007233,O007233,2025-08-24,UPI,Pending
PAY0007234,O007234,2025-06-19,UPI,Paid
PAY0007235,O007235,2024-05-19,Debit Card,Paid
PAY0007236,O007236,2024-11-11,Net Banking,Paid
PAY0007237,O007237,2024-12-05,Net Banking,Paid
PAY0007238,O007238,2025-08-12,COD,Paid
PAY0007239,O007239,2025-12-26,UPI,Paid
PAY0007240,O007240,2025-06-11,Credit Card,Paid
PAY0007241,O007241,2025-06-24,Debit Card,Failed
PAY0007242,O007242,2025-02-19,Debit Card,Paid
PAY0007243,O007243,2025-04-11,Credit Card,Paid
PAY0007244,O007244,2025-01-09,COD,Paid
PAY0007245,O007245,2024-10-17,Credit Card,Refunded
PAY0007246,O007246,2024-02-12,Credit Card,Paid
PAY0007247,O007247,2024-02-22,COD,Paid
PAY0007248,O007248,2024-08-19,Credit Card,Paid
PAY0007249,O007249,2024-07-30,COD,Paid
PAY0007250,O007250,2024-01-08,UPI,Paid
PAY0007251,O007251,2025-09-25,COD,Paid
PAY0007252,O007252,2025-04-27,Net Banking,Paid
PAY0007253,O007253,2024-02-11,Net Banking,Paid
PAY0007254,O007254,2024-11-28,Credit Card,Paid
PAY0007255,O007255,2024-08-20,Net Banking,Paid
PAY0007256,O007256,2024-03-10,COD,Paid
PAY0007257,O007257,2024-01-16,UPI,Paid
PAY0007258,O007258,2024-03-09,COD,Paid
PAY0007259,O007259,2024-02-22,Debit Card,Pending
PAY0007260,O007260,2025-11-15,Credit Card,Pending
PAY0007261,O007261,2025-01-13,UPI,Paid
PAY0007262,O007262,2025-04-07,Credit Card,Paid
PAY0007263,O007263,2025-06-10,Debit Card,Paid
PAY0007264,O007264,2025-11-09,Net Banking,Refunded
PAY0007265,O007265,2024-03-03,Debit Card,Paid
PAY0007266,O007266,2024-09-17,Net Banking,Paid
PAY0007267,O007267,2025-05-14,Credit Card,Paid
PAY0007268,O007268,2024-04-30,Credit Card,Paid
PAY0007269,O007269,2024-08-27,Credit Card,Paid
PAY0007270,O007270,2025-04-09,COD,Pending
PAY0007271,O007271,2024-04-16,UPI,Paid
PAY0007272,O007272,2024-06-28,COD,Paid
PAY0007273,O007273,2024-01-16,Debit Card,Paid
PAY0007274,O007274,2024-12-20,UPI,Refunded
PAY0007275,O007275,2024-11-04,Credit Card,Paid
PAY0007276,O007276,2025-12-27,Credit Card,Paid
PAY0007277,O007277,2025-08-11,Credit Card,Pending
PAY0007278,O007278,2025-08-27,Net Banking,Paid
PAY0007279,O007279,2024-06-29,Debit Card,Refunded
PAY0007280,O007280,2024-06-22,COD,Refunded
PAY0007281,O007281,2024-12-19,Debit Card,Paid
PAY0007282,O007282,2024-12-19,Net Banking,Paid
PAY0007283,O007283,2024-08-06,Net Banking,Paid
PAY0007284,O007284,2025-10-16,Debit Card,Paid
PAY0007285,O007285,2024-11-10,Net Banking,Paid
PAY0007286,O007286,2025-03-09,UPI,Paid
PAY0007287,O007287,2024-10-08,Credit Card,Paid
PAY0007288,O007288,2024-09-15,COD,Paid
PAY0007289,O007289,2025-07-12,Net Banking,Paid
PAY0007290,O007290,2024-01-05,COD,Paid
PAY0007291,O007291,2025-07-27,Credit Card,Paid
PAY0007292,O007292,2025-08-18,Debit Card,Paid
PAY0007293,O007293,2025-10-06,Credit Card,Paid
PAY0007294,O007294,2025-01-28,COD,Paid
PAY0007295,O007295,2024-12-01,UPI,Pending
PAY0007296,O007296,2024-03-03,Debit Card,Paid
PAY0007297,O007297,2024-02-13,Net Banking,Paid
PAY0007298,O007298,2024-06-01,UPI,Paid
PAY0007299,O007299,2025-11-13,Credit Card,Paid
PAY0007300,O007300,2024-06-04,COD,Paid
PAY0007301,O007301,2025-04-22,COD,Paid
PAY0007302,O007302,2024-10-01,COD,Paid
PAY0007303,O007303,2024-12-23,Credit Card,Paid
PAY0007304,O007304,2025-03-01,Debit Card,Paid
PAY0007305,O007305,2025-06-15,Net Banking,Paid
PAY0007306,O007306,2025-04-27,UPI,Paid
PAY0007307,O007307,2024-08-01,Credit Card,Paid
PAY0007308,O007308,2024-03-19,COD,Paid
PAY0007309,O007309,2024-05-18,Net Banking,Failed
PAY0007310,O007310,2024-04-07,COD,Paid
PAY0007311,O007311,2025-10-25,Credit Card,Paid
PAY0007312,O007312,2024-07-16,COD,Refunded
PAY0007313,O007313,2024-06-04,Credit Card,Paid
PAY0007314,O007314,2024-02-19,COD,Paid
PAY0007315,O007315,2025-04-23,Credit Card,Paid
PAY0007316,O007316,2024-08-15,COD,Failed
PAY0007317,O007317,2025-04-01,Net Banking,Paid
PAY0007318,O007318,2025-06-05,Net Banking,Paid
PAY0007319,O007319,2024-05-28,COD,Pending
PAY0007320,O007320,2024-02-27,COD,Paid
PAY0007321,O007321,2024-06-10,Credit Card,Paid
PAY0007322,O007322,2025-04-21,Credit Card,Paid
PAY0007323,O007323,2024-04-16,Credit Card,Paid
PAY0007324,O007324,2025-03-02,Debit Card,Paid
PAY0007325,O007325,2025-01-29,COD,Paid
PAY0007326,O007326,2024-07-04,COD,Failed
PAY0007327,O007327,2025-07-11,COD,Paid
PAY0007328,O007328,2025-03-21,COD,Failed
PAY0007329,O007329,2025-10-02,Credit Card,Paid
PAY0007330,O007330,2025-03-23,Credit Card,Paid
PAY0007331,O007331,2024-03-27,Debit Card,Refunded
PAY0007332,O007332,2024-09-05,Credit Card,Failed
PAY0007333,O007333,2025-03-15,COD,Paid
PAY0007334,O007334,2024-09-13,COD,Paid
PAY0007335,O007335,2024-10-03,UPI,Paid
PAY0007336,O007336,2025-03-13,Credit Card,Paid
PAY0007337,O007337,2025-05-30,UPI,Paid
PAY0007338,O007338,2025-07-30,COD,Paid
PAY0007339,O007339,2024-07-20,Credit Card,Paid
PAY0007340,O007340,2025-07-28,COD,Paid
PAY0007341,O007341,2025-10-16,UPI,Failed
PAY0007342,O007342,2024-06-28,UPI,Failed
PAY0007343,O007343,2025-11-16,Net Banking,Paid
PAY0007344,O007344,2024-11-20,Net Banking,Paid
PAY0007345,O007345,2025-09-14,Credit Card,Paid
PAY0007346,O007346,2025-11-17,Credit Card,Paid
PAY0007347,O007347,2025-04-19,Credit Card,Failed
PAY0007348,O007348,2025-10-26,Credit Card,Failed
PAY0007349,O007349,2025-02-03,Credit Card,Paid
PAY0007350,O007350,2024-08-04,Credit Card,Pending
PAY0007351,O007351,2025-03-28,Credit Card,Paid
PAY0007352,O007352,2025-02-07,UPI,Paid
PAY0007353,O007353,2024-08-27,UPI,Paid
PAY0007354,O007354,2024-07-04,UPI,Paid
PAY0007355,O007355,2024-02-17,COD,Paid
PAY0007356,O007356,2025-01-20,Debit Card,Paid
PAY0007357,O007357,2024-07-26,COD,Paid
PAY0007358,O007358,2024-06-05,Credit Card,Paid
PAY0007359,O007359,2024-08-12,Debit Card,Paid
PAY0007360,O007360,2024-05-23,UPI,Paid
PAY0007361,O007361,2025-02-22,UPI,Paid
PAY0007362,O007362,2024-04-20,Net Banking,Paid
PAY0007363,O007363,2025-04-09,Credit Card,Failed
PAY0007364,O007364,2024-05-11,Credit Card,Paid
PAY0007365,O007365,2025-09-16,Net Banking,Paid
PAY0007366,O007366,2025-08-23,COD,Refunded
PAY0007367,O007367,2025-11-03,Net Banking,Paid
PAY0007368,O007368,2024-11-29,Credit Card,Paid
PAY0007369,O007369,2024-03-15,UPI,Paid
PAY0007370,O007370,2025-02-15,Net Banking,Paid
PAY0007371,O007371,2025-06-02,Debit Card,Paid
PAY0007372,O007372,2025-09-16,UPI,Paid
PAY0007373,O007373,2024-02-05,COD,Paid
PAY0007374,O007374,2025-09-16,UPI,Paid
PAY0007375,O007375,2024-08-10,COD,Paid
PAY0007376,O007376,2025-12-23,UPI,Paid
PAY0007377,O007377,2025-06-13,Credit Card,Paid
PAY0007378,O007378,2024-08-28,COD,Paid
PAY0007379,O007379,2024-05-13,COD,Pending
PAY0007380,O007380,2025-01-25,Net Banking,Paid
PAY0007381,O007381,2024-04-11,UPI,Paid
PAY0007382,O007382,2025-10-13,COD,Paid
PAY0007383,O007383,2025-11-11,COD,Paid
PAY0007384,O007384,2025-05-12,UPI,Pending
PAY0007385,O007385,2025-05-25,UPI,Paid
PAY0007386,O007386,2025-12-03,Debit Card,Paid
PAY0007387,O007387,2025-06-20,Net Banking,Failed
PAY0007388,O007388,2025-06-28,COD,Paid
PAY0007389,O007389,2024-12-08,UPI,Paid
PAY0007390,O007390,2024-01-06,COD,Paid
PAY0007391,O007391,2024-07-12,Debit Card,Paid
PAY0007392,O007392,2024-05-16,Debit Card,Paid
PAY0007393,O007393,2025-04-17,COD,Paid
PAY0007394,O007394,2024-08-03,Net Banking,Paid
PAY0007395,O007395,2024-12-14,Credit Card,Paid
PAY0007396,O007396,2024-07-01,COD,Pending
PAY0007397,O007397,2024-06-16,Debit Card,Paid
PAY0007398,O007398,2024-02-07,Net Banking,Refunded
PAY0007399,O007399,2025-11-05,UPI,Paid
PAY0007400,O007400,2025-04-15,Net Banking,Paid
PAY0007401,O007401,2025-03-27,Net Banking,Paid
PAY0007402,O007402,2025-05-04,COD,Refunded
PAY0007403,O007403,2024-05-21,Net Banking,Paid
PAY0007404,O007404,2024-04-12,UPI,Paid
PAY0007405,O007405,2025-12-11,COD,Paid
PAY0007406,O007406,2025-12-12,Debit Card,Paid
PAY0007407,O007407,2024-02-11,UPI,Paid
PAY0007408,O007408,2024-05-26,COD,Paid
PAY0007409,O007409,2024-03-06,COD,Pending
PAY0007410,O007410,2024-07-11,Credit Card,Paid
PAY0007411,O007411,2024-10-24,UPI,Refunded
PAY0007412,O007412,2024-02-07,Net Banking,Paid
PAY0007413,O007413,2025-05-16,UPI,Paid
PAY0007414,O007414,2025-10-14,UPI,Paid
PAY0007415,O007415,2025-09-09,Credit Card,Paid
PAY0007416,O007416,2025-03-03,Net Banking,Paid
PAY0007417,O007417,2025-10-25,Credit Card,Paid
PAY0007418,O007418,2024-12-17,Credit Card,Failed
PAY0007419,O007419,2024-11-21,Credit Card,Pending
PAY0007420,O007420,2024-02-07,UPI,Pending
PAY0007421,O007421,2024-04-06,Credit Card,Paid
PAY0007422,O007422,2024-04-17,Debit Card,Paid
PAY0007423,O007423,2025-09-22,Net Banking,Pending
PAY0007424,O007424,2024-05-30,Net Banking,Paid
PAY0007425,O007425,2024-03-14,Credit Card,Paid
PAY0007426,O007426,2024-02-26,UPI,Paid
PAY0007427,O007427,2024-11-30,COD,Paid
PAY0007428,O007428,2024-09-08,COD,Paid
PAY0007429,O007429,2024-09-10,UPI,Paid
PAY0007430,O007430,2025-01-19,Credit Card,Refunded
PAY0007431,O007431,2025-03-31,Credit Card,Paid
PAY0007432,O007432,2024-09-15,Debit Card,Paid
PAY0007433,O007433,2025-04-09,COD,Paid
PAY0007434,O007434,2024-02-03,COD,Failed
PAY0007435,O007435,2025-05-09,Net Banking,Paid
PAY0007436,O007436,2024-11-21,Credit Card,Paid
PAY0007437,O007437,2024-08-25,UPI,Paid
PAY0007438,O007438,2025-11-21,Credit Card,Paid
PAY0007439,O007439,2025-09-07,Credit Card,Paid
PAY0007440,O007440,2025-06-24,Debit Card,Paid
PAY0007441,O007441,2025-04-10,UPI,Failed
PAY0007442,O007442,2024-10-30,Debit Card,Paid
PAY0007443,O007443,2024-04-26,Debit Card,Paid
PAY0007444,O007444,2024-07-25,Debit Card,Paid
PAY0007445,O007445,2025-11-27,Debit Card,Paid
PAY0007446,O007446,2025-04-25,Credit Card,Paid
PAY0007447,O007447,2025-10-11,Net Banking,Paid
PAY0007448,O007448,2025-02-06,Credit Card,Paid
PAY0007449,O007449,2025-11-06,Debit Card,Paid
PAY0007450,O007450,2025-08-09,Debit Card,Failed
PAY0007451,O007451,2024-08-20,Net Banking,Paid
PAY0007452,O007452,2024-10-10,COD,Pending
PAY0007453,O007453,2025-04-24,UPI,Paid
PAY0007454,O007454,2024-01-09,Debit Card,Paid
PAY0007455,O007455,2025-12-15,Debit Card,Paid
PAY0007456,O007456,2025-01-13,Credit Card,Paid
PAY0007457,O007457,2025-08-25,Debit Card,Paid
PAY0007458,O007458,2025-01-15,Debit Card,Paid
PAY0007459,O007459,2025-10-23,UPI,Failed
PAY0007460,O007460,2024-12-25,Credit Card,Paid
PAY0007461,O007461,2024-06-24,COD,Paid
PAY0007462,O007462,2025-04-29,Debit Card,Paid
PAY0007463,O007463,2025-02-08,Debit Card,Paid
PAY0007464,O007464,2024-02-02,COD,Paid
PAY0007465,O007465,2025-04-09,Net Banking,Paid
PAY0007466,O007466,2025-11-26,COD,Paid
PAY0007467,O007467,2024-06-05,COD,Paid
PAY0007468,O007468,2025-07-18,Credit Card,Refunded
PAY0007469,O007469,2024-07-20,COD,Paid
PAY0007470,O007470,2024-06-23,Credit Card,Pending
PAY0007471,O007471,2024-08-31,COD,Paid
PAY0007472,O007472,2024-09-25,Debit Card,Paid
PAY0007473,O007473,2025-03-21,Debit Card,Paid
PAY0007474,O007474,2024-03-14,Net Banking,Refunded
PAY0007475,O007475,2024-04-05,COD,Paid
PAY0007476,O007476,2024-06-21,UPI,Paid
PAY0007477,O007477,2025-02-09,COD,Paid
PAY0007478,O007478,2024-06-03,UPI,Paid
PAY0007479,O007479,2024-07-01,COD,Paid
PAY0007480,O007480,2024-11-18,Credit Card,Paid
PAY0007481,O007481,2024-10-15,Debit Card,Paid
PAY0007482,O007482,2024-09-14,UPI,Paid
PAY0007483,O007483,2025-08-09,UPI,Refunded
PAY0007484,O007484,2024-06-22,COD,Paid
PAY0007485,O007485,2024-11-25,Debit Card,Paid
PAY0007486,O007486,2024-08-18,Net Banking,Paid
PAY0007487,O007487,2024-06-09,UPI,Paid
PAY0007488,O007488,2024-07-04,Debit Card,Pending
PAY0007489,O007489,2024-05-22,Debit Card,Paid
PAY0007490,O007490,2024-10-08,UPI,Paid
PAY0007491,O007491,2025-10-01,Credit Card,Paid
PAY0007492,O007492,2025-11-08,Credit Card,Paid
PAY0007493,O007493,2024-01-27,COD,Paid
PAY0007494,O007494,2024-09-02,COD,Paid
PAY0007495,O007495,2025-05-01,Debit Card,Paid
PAY0007496,O007496,2025-10-08,UPI,Paid
PAY0007497,O007497,2024-07-20,Credit Card,Paid
PAY0007498,O007498,2024-01-21,Debit Card,Paid
PAY0007499,O007499,2025-08-13,Credit Card,Refunded
PAY0007500,O007500,2025-10-31,UPI,Failed
PAY0007501,O007501,2024-04-03,Credit Card,Paid
PAY0007502,O007502,2024-01-08,Net Banking,Paid
PAY0007503,O007503,2025-04-16,COD,Paid
PAY0007504,O007504,2024-12-04,Credit Card,Paid
PAY0007505,O007505,2024-09-15,UPI,Paid
PAY0007506,O007506,2024-02-24,UPI,Paid
PAY0007507,O007507,2025-07-01,Net Banking,Refunded
PAY0007508,O007508,2024-01-06,UPI,Paid
PAY0007509,O007509,2025-01-11,Net Banking,Failed
PAY0007510,O007510,2025-07-07,Debit Card,Paid
PAY0007511,O007511,2024-02-19,Credit Card,Paid
PAY0007512,O007512,2024-04-21,UPI,Pending
PAY0007513,O007513,2024-05-25,COD,Paid
PAY0007514,O007514,2024-08-17,Credit Card,Paid
PAY0007515,O007515,2025-12-23,Net Banking,Paid
PAY0007516,O007516,2025-05-11,Credit Card,Paid
PAY0007517,O007517,2024-11-01,Credit Card,Paid
PAY0007518,O007518,2025-06-25,UPI,Paid
PAY0007519,O007519,2025-04-05,COD,Paid
PAY0007520,O007520,2025-09-19,Debit Card,Paid
PAY0007521,O007521,2024-08-13,COD,Pending
PAY0007522,O007522,2024-02-28,Net Banking,Paid
PAY0007523,O007523,2024-03-16,COD,Paid
PAY0007524,O007524,2025-03-03,COD,Paid
PAY0007525,O007525,2025-12-28,Net Banking,Paid
PAY0007526,O007526,2024-05-11,COD,Paid
PAY0007527,O007527,2025-05-12,Debit Card,Paid
PAY0007528,O007528,2025-08-15,Credit Card,Paid
PAY0007529,O007529,2024-10-31,Debit Card,Paid
PAY0007530,O007530,2024-03-07,Credit Card,Paid
PAY0007531,O007531,2024-08-17,Credit Card,Paid
PAY0007532,O007532,2024-11-28,COD,Paid
PAY0007533,O007533,2024-10-03,Credit Card,Paid
PAY0007534,O007534,2025-08-06,Net Banking,Pending
PAY0007535,O007535,2025-12-21,Debit Card,Pending
PAY0007536,O007536,2024-05-23,Credit Card,Paid
PAY0007537,O007537,2024-09-07,COD,Paid
PAY0007538,O007538,2025-11-21,COD,Paid
PAY0007539,O007539,2024-03-20,COD,Paid
PAY0007540,O007540,2024-02-26,UPI,Paid
PAY0007541,O007541,2024-12-31,Debit Card,Paid
PAY0007542,O007542,2024-11-03,COD,Failed
PAY0007543,O007543,2024-06-22,Net Banking,Pending
PAY0007544,O007544,2025-04-06,COD,Paid
PAY0007545,O007545,2025-11-08,UPI,Paid
PAY0007546,O007546,2025-08-18,Debit Card,Paid
PAY0007547,O007547,2025-05-07,Credit Card,Paid
PAY0007548,O007548,2025-07-13,Debit Card,Paid
PAY0007549,O007549,2025-09-30,Credit Card,Paid
PAY0007550,O007550,2025-11-11,Credit Card,Paid
PAY0007551,O007551,2025-01-08,COD,Paid
PAY0007552,O007552,2024-12-14,Net Banking,Paid
PAY0007553,O007553,2024-03-07,Net Banking,Paid
PAY0007554,O007554,2024-11-25,COD,Paid
PAY0007555,O007555,2024-07-12,UPI,Paid
PAY0007556,O007556,2024-06-03,Credit Card,Failed
PAY0007557,O007557,2024-06-08,Net Banking,Pending
PAY0007558,O007558,2025-11-26,Debit Card,Paid
PAY0007559,O007559,2024-09-22,UPI,Paid
PAY0007560,O007560,2024-06-16,COD,Paid
PAY0007561,O007561,2024-05-24,UPI,Paid
PAY0007562,O007562,2024-07-04,Net Banking,Paid
PAY0007563,O007563,2025-02-26,COD,Pending
PAY0007564,O007564,2025-04-01,Net Banking,Paid
PAY0007565,O007565,2024-12-10,Credit Card,Paid
PAY0007566,O007566,2025-07-07,UPI,Paid
PAY0007567,O007567,2025-05-30,Credit Card,Paid
PAY0007568,O007568,2025-12-05,Debit Card,Paid
PAY0007569,O007569,2024-04-13,Credit Card,Paid
PAY0007570,O007570,2024-09-03,UPI,Paid
PAY0007571,O007571,2024-01-23,Debit Card,Paid
PAY0007572,O007572,2025-06-08,Net Banking,Paid
PAY0007573,O007573,2024-05-23,Debit Card,Paid
PAY0007574,O007574,2025-12-30,UPI,Paid
PAY0007575,O007575,2025-11-25,COD,Paid
PAY0007576,O007576,2024-07-11,Debit Card,Paid
PAY0007577,O007577,2025-04-09,Net Banking,Paid
PAY0007578,O007578,2025-01-09,Debit Card,Paid
PAY0007579,O007579,2025-11-07,Credit Card,Paid
PAY0007580,O007580,2025-11-22,COD,Paid
PAY0007581,O007581,2025-09-20,UPI,Paid
PAY0007582,O007582,2024-09-22,COD,Pending
PAY0007583,O007583,2025-01-12,Credit Card,Paid
PAY0007584,O007584,2025-07-03,COD,Paid
PAY0007585,O007585,2025-07-09,Credit Card,Failed
PAY0007586,O007586,2024-03-14,Debit Card,Refunded
PAY0007587,O007587,2025-03-13,UPI,Paid
PAY0007588,O007588,2024-08-13,Credit Card,Paid
PAY0007589,O007589,2024-11-03,Credit Card,Paid
PAY0007590,O007590,2024-12-13,Debit Card,Paid
PAY0007591,O007591,2025-04-20,Credit Card,Paid
PAY0007592,O007592,2024-11-10,UPI,Paid
PAY0007593,O007593,2025-06-08,Net Banking,Paid
PAY0007594,O007594,2025-02-28,COD,Failed
PAY0007595,O007595,2025-06-07,Credit Card,Paid
PAY0007596,O007596,2025-07-15,COD,Refunded
PAY0007597,O007597,2024-09-05,COD,Paid
PAY0007598,O007598,2025-09-22,Net Banking,Paid
PAY0007599,O007599,2025-07-22,Credit Card,Paid
PAY0007600,O007600,2024-06-30,UPI,Paid
PAY0007601,O007601,2024-04-15,Credit Card,Pending
PAY0007602,O007602,2024-07-09,COD,Paid
PAY0007603,O007603,2024-05-16,Debit Card,Failed
PAY0007604,O007604,2025-11-30,Net Banking,Paid
PAY0007605,O007605,2024-04-29,UPI,Paid
PAY0007606,O007606,2024-03-12,UPI,Paid
PAY0007607,O007607,2024-05-10,COD,Paid
PAY0007608,O007608,2025-04-01,UPI,Paid
PAY0007609,O007609,2025-04-23,COD,Paid
PAY0007610,O007610,2024-02-21,UPI,Paid
PAY0007611,O007611,2025-07-27,UPI,Paid
PAY0007612,O007612,2024-04-28,COD,Paid
PAY0007613,O007613,2024-09-20,Net Banking,Paid
PAY0007614,O007614,2024-08-26,UPI,Failed
PAY0007615,O007615,2024-12-16,Credit Card,Paid
PAY0007616,O007616,2024-09-11,Debit Card,Paid
PAY0007617,O007617,2025-11-15,COD,Paid
PAY0007618,O007618,2024-11-04,UPI,Failed
PAY0007619,O007619,2025-08-29,Net Banking,Paid
PAY0007620,O007620,2025-05-09,Credit Card,Pending
PAY0007621,O007621,2024-02-26,COD,Paid
PAY0007622,O007622,2025-02-06,Credit Card,Paid
PAY0007623,O007623,2024-03-07,Debit Card,Paid
PAY0007624,O007624,2024-02-15,Net Banking,Failed
PAY0007625,O007625,2025-08-28,COD,Paid
PAY0007626,O007626,2025-10-11,COD,Paid
PAY0007627,O007627,2025-01-03,UPI,Paid
PAY0007628,O007628,2025-08-27,Credit Card,Paid
PAY0007629,O007629,2024-08-19,COD,Pending
PAY0007630,O007630,2025-02-05,Credit Card,Paid
PAY0007631,O007631,2025-07-14,Debit Card,Paid
PAY0007632,O007632,2024-01-23,UPI,Paid
PAY0007633,O007633,2025-07-27,Debit Card,Paid
PAY0007634,O007634,2024-09-23,UPI,Paid
PAY0007635,O007635,2024-04-27,UPI,Paid
PAY0007636,O007636,2025-08-22,Credit Card,Paid
PAY0007637,O007637,2025-08-23,UPI,Refunded
PAY0007638,O007638,2024-02-24,Debit Card,Paid
PAY0007639,O007639,2024-06-01,Debit Card,Paid
PAY0007640,O007640,2024-08-26,Debit Card,Paid
PAY0007641,O007641,2024-09-21,Credit Card,Paid
PAY0007642,O007642,2024-09-24,Credit Card,Paid
PAY0007643,O007643,2024-04-22,Net Banking,Paid
PAY0007644,O007644,2024-06-14,COD,Paid
PAY0007645,O007645,2025-10-29,Net Banking,Paid
PAY0007646,O007646,2024-01-08,Net Banking,Pending
PAY0007647,O007647,2025-12-14,UPI,Pending
PAY0007648,O007648,2024-08-04,UPI,Paid
PAY0007649,O007649,2025-03-06,Net Banking,Refunded
PAY0007650,O007650,2024-10-18,COD,Paid
PAY0007651,O007651,2024-02-19,Net Banking,Paid
PAY0007652,O007652,2024-04-16,Credit Card,Paid
PAY0007653,O007653,2024-01-09,Debit Card,Paid
PAY0007654,O007654,2025-11-30,Net Banking,Paid
PAY0007655,O007655,2025-03-31,UPI,Paid
PAY0007656,O007656,2024-11-18,COD,Pending
PAY0007657,O007657,2024-11-04,UPI,Pending
PAY0007658,O007658,2025-09-13,Credit Card,Paid
PAY0007659,O007659,2024-05-24,UPI,Paid
PAY0007660,O007660,2025-02-15,UPI,Paid
PAY0007661,O007661,2024-04-23,COD,Paid
PAY0007662,O007662,2025-07-28,COD,Paid
PAY0007663,O007663,2025-02-02,UPI,Paid
PAY0007664,O007664,2024-10-01,UPI,Paid
PAY0007665,O007665,2024-05-03,Net Banking,Paid
PAY0007666,O007666,2024-03-26,Credit Card,Paid
PAY0007667,O007667,2025-08-04,Net Banking,Paid
PAY0007668,O007668,2024-02-16,COD,Paid
PAY0007669,O007669,2025-12-11,Net Banking,Paid
PAY0007670,O007670,2024-07-19,Net Banking,Paid
PAY0007671,O007671,2024-10-02,UPI,Paid
PAY0007672,O007672,2025-07-02,UPI,Paid
PAY0007673,O007673,2025-12-15,Credit Card,Paid
PAY0007674,O007674,2024-05-09,Debit Card,Paid
PAY0007675,O007675,2025-03-23,Debit Card,Paid
PAY0007676,O007676,2025-01-23,Net Banking,Paid
PAY0007677,O007677,2025-07-29,Credit Card,Paid
PAY0007678,O007678,2024-09-19,Credit Card,Paid
PAY0007679,O007679,2025-09-23,COD,Paid
PAY0007680,O007680,2024-10-04,UPI,Refunded
PAY0007681,O007681,2025-12-14,COD,Failed
PAY0007682,O007682,2024-02-15,Debit Card,Paid
PAY0007683,O007683,2024-06-16,Credit Card,Failed
PAY0007684,O007684,2025-03-20,Debit Card,Paid
PAY0007685,O007685,2025-09-13,UPI,Paid
PAY0007686,O007686,2024-02-15,UPI,Pending
PAY0007687,O007687,2025-12-24,UPI,Pending
PAY0007688,O007688,2025-06-23,Debit Card,Paid
PAY0007689,O007689,2024-03-27,Credit Card,Paid
PAY0007690,O007690,2025-01-19,COD,Paid
PAY0007691,O007691,2025-10-30,Credit Card,Paid
PAY0007692,O007692,2024-09-21,Credit Card,Paid
PAY0007693,O007693,2024-01-22,Net Banking,Refunded
PAY0007694,O007694,2025-12-03,Credit Card,Failed
PAY0007695,O007695,2025-03-25,COD,Paid
PAY0007696,O007696,2024-08-19,Net Banking,Paid
PAY0007697,O007697,2024-07-04,Credit Card,Paid
PAY0007698,O007698,2024-11-21,Net Banking,Pending
PAY0007699,O007699,2024-07-01,Credit Card,Pending
PAY0007700,O007700,2025-01-31,UPI,Paid
PAY0007701,O007701,2025-04-25,UPI,Paid
PAY0007702,O007702,2025-02-06,Credit Card,Failed
PAY0007703,O007703,2025-04-07,Net Banking,Paid
PAY0007704,O007704,2025-02-20,COD,Refunded
PAY0007705,O007705,2024-07-20,UPI,Paid
PAY0007706,O007706,2024-03-05,Net Banking,Paid
PAY0007707,O007707,2025-07-08,COD,Paid
PAY0007708,O007708,2024-01-17,Net Banking,Paid
PAY0007709,O007709,2024-07-01,Credit Card,Paid
PAY0007710,O007710,2025-01-25,UPI,Refunded
PAY0007711,O007711,2024-02-13,UPI,Paid
PAY0007712,O007712,2025-11-30,UPI,Paid
PAY0007713,O007713,2025-04-26,Credit Card,Paid
PAY0007714,O007714,2024-09-19,COD,Paid
PAY0007715,O007715,2024-06-22,COD,Paid
PAY0007716,O007716,2025-03-16,UPI,Paid
PAY0007717,O007717,2025-07-19,COD,Paid
PAY0007718,O007718,2024-08-07,UPI,Paid
PAY0007719,O007719,2025-07-11,COD,Paid
PAY0007720,O007720,2025-01-28,UPI,Pending
PAY0007721,O007721,2024-07-13,COD,Paid
PAY0007722,O007722,2025-02-12,Net Banking,Paid
PAY0007723,O007723,2025-04-15,UPI,Paid
PAY0007724,O007724,2024-12-12,UPI,Paid
PAY0007725,O007725,2025-04-06,Debit Card,Pending
PAY0007726,O007726,2024-03-01,UPI,Paid
PAY0007727,O007727,2024-06-14,COD,Paid
PAY0007728,O007728,2025-11-02,Net Banking,Failed
PAY0007729,O007729,2024-05-30,Net Banking,Paid
PAY0007730,O007730,2024-04-20,COD,Paid
PAY0007731,O007731,2025-05-02,Credit Card,Paid
PAY0007732,O007732,2025-07-02,UPI,Paid
PAY0007733,O007733,2024-01-03,Net Banking,Failed
PAY0007734,O007734,2025-04-27,COD,Paid
PAY0007735,O007735,2024-01-13,Net Banking,Paid
PAY0007736,O007736,2024-06-10,Net Banking,Paid
PAY0007737,O007737,2024-12-09,COD,Paid
PAY0007738,O007738,2025-03-24,Debit Card,Paid
PAY0007739,O007739,2024-11-27,Net Banking,Paid
PAY0007740,O007740,2024-09-20,Net Banking,Paid
PAY0007741,O007741,2024-03-23,Credit Card,Paid
PAY0007742,O007742,2024-11-29,Debit Card,Paid
PAY0007743,O007743,2025-01-14,Credit Card,Paid
PAY0007744,O007744,2024-08-06,COD,Paid
PAY0007745,O007745,2025-10-19,UPI,Paid
PAY0007746,O007746,2025-03-29,COD,Paid
PAY0007747,O007747,2025-11-03,Debit Card,Paid
PAY0007748,O007748,2024-03-29,COD,Paid
PAY0007749,O007749,2024-11-28,Debit Card,Paid
PAY0007750,O007750,2024-11-05,Credit Card,Paid
PAY0007751,O007751,2025-12-27,Net Banking,Paid
PAY0007752,O007752,2025-02-23,COD,Paid
PAY0007753,O007753,2025-08-31,COD,Paid
PAY0007754,O007754,2025-12-25,Net Banking,Paid
PAY0007755,O007755,2024-12-19,COD,Paid
PAY0007756,O007756,2024-04-09,COD,Paid
PAY0007757,O007757,2024-05-24,UPI,Paid
PAY0007758,O007758,2024-01-10,UPI,Paid
PAY0007759,O007759,2024-02-13,Net Banking,Paid
PAY0007760,O007760,2025-01-20,Credit Card,Paid
PAY0007761,O007761,2025-05-09,COD,Paid
PAY0007762,O007762,2025-05-07,COD,Paid
PAY0007763,O007763,2024-06-17,Credit Card,Pending
PAY0007764,O007764,2025-10-03,COD,Paid
PAY0007765,O007765,2025-06-14,Credit Card,Paid
PAY0007766,O007766,2024-12-01,Net Banking,Paid
PAY0007767,O007767,2025-05-27,Net Banking,Paid
PAY0007768,O007768,2024-05-09,Credit Card,Paid
PAY0007769,O007769,2025-06-22,Credit Card,Paid
PAY0007770,O007770,2025-05-28,Debit Card,Paid
PAY0007771,O007771,2024-09-06,UPI,Paid
PAY0007772,O007772,2024-05-17,UPI,Paid
PAY0007773,O007773,2024-10-01,COD,Paid
PAY0007774,O007774,2025-04-08,COD,Paid
PAY0007775,O007775,2024-05-20,Credit Card,Paid
PAY0007776,O007776,2024-09-12,Credit Card,Paid
PAY0007777,O007777,2025-03-31,UPI,Failed
PAY0007778,O007778,2025-03-09,COD,Refunded
PAY0007779,O007779,2025-08-29,UPI,Paid
PAY0007780,O007780,2024-06-21,Net Banking,Paid
PAY0007781,O007781,2025-04-17,UPI,Failed
PAY0007782,O007782,2025-02-26,UPI,Paid
PAY0007783,O007783,2025-03-14,Credit Card,Paid
PAY0007784,O007784,2024-02-26,COD,Paid
PAY0007785,O007785,2025-05-12,Net Banking,Paid
PAY0007786,O007786,2025-09-05,UPI,Paid
PAY0007787,O007787,2024-06-17,UPI,Paid
PAY0007788,O007788,2025-08-04,Credit Card,Paid
PAY0007789,O007789,2025-07-14,Debit Card,Failed
PAY0007790,O007790,2025-03-03,COD,Paid
PAY0007791,O007791,2025-02-22,COD,Paid
PAY0007792,O007792,2024-12-12,COD,Paid
PAY0007793,O007793,2025-05-31,UPI,Paid
PAY0007794,O007794,2025-03-30,UPI,Refunded
PAY0007795,O007795,2025-12-14,UPI,Paid
PAY0007796,O007796,2024-07-20,Debit Card,Paid
PAY0007797,O007797,2024-06-27,UPI,Pending
PAY0007798,O007798,2024-02-26,COD,Paid
PAY0007799,O007799,2025-11-28,COD,Paid
PAY0007800,O007800,2025-08-26,Credit Card,Paid
PAY0007801,O007801,2025-05-15,Debit Card,Paid
PAY0007802,O007802,2024-04-21,Net Banking,Paid
PAY0007803,O007803,2024-05-27,UPI,Paid
PAY0007804,O007804,2025-12-15,Net Banking,Paid
PAY0007805,O007805,2025-01-12,UPI,Paid
PAY0007806,O007806,2024-12-13,Debit Card,Paid
PAY0007807,O007807,2024-12-23,Debit Card,Failed
PAY0007808,O007808,2024-02-25,COD,Paid
PAY0007809,O007809,2024-11-11,Debit Card,Paid
PAY0007810,O007810,2024-07-03,Net Banking,Paid
PAY0007811,O007811,2024-02-23,Net Banking,Paid
PAY0007812,O007812,2024-02-06,Debit Card,Pending
PAY0007813,O007813,2025-12-23,Net Banking,Paid
PAY0007814,O007814,2024-09-26,UPI,Refunded
PAY0007815,O007815,2025-05-22,Credit Card,Paid
PAY0007816,O007816,2024-08-15,COD,Paid
PAY0007817,O007817,2025-03-03,Credit Card,Paid
PAY0007818,O007818,2025-12-23,Net Banking,Paid
PAY0007819,O007819,2024-01-01,COD,Paid
PAY0007820,O007820,2024-01-23,Credit Card,Paid
PAY0007821,O007821,2025-05-17,Credit Card,Paid
PAY0007822,O007822,2025-03-23,Net Banking,Refunded
PAY0007823,O007823,2025-05-10,COD,Paid
PAY0007824,O007824,2025-02-28,COD,Paid
PAY0007825,O007825,2025-11-30,Credit Card,Paid
PAY0007826,O007826,2024-01-18,COD,Paid
PAY0007827,O007827,2025-03-20,COD,Paid
PAY0007828,O007828,2025-07-14,UPI,Paid
PAY0007829,O007829,2025-07-12,Net Banking,Failed
PAY0007830,O007830,2025-09-18,Net Banking,Paid
PAY0007831,O007831,2024-02-08,UPI,Paid
PAY0007832,O007832,2025-12-29,Credit Card,Pending
PAY0007833,O007833,2024-07-28,Debit Card,Paid
PAY0007834,O007834,2024-07-29,Credit Card,Paid
PAY0007835,O007835,2025-07-18,UPI,Failed
PAY0007836,O007836,2024-10-07,COD,Paid
PAY0007837,O007837,2024-05-12,UPI,Paid
PAY0007838,O007838,2025-03-24,Net Banking,Paid
PAY0007839,O007839,2024-09-20,COD,Paid
PAY0007840,O007840,2024-04-20,Credit Card,Paid
PAY0007841,O007841,2025-07-08,COD,Failed
PAY0007842,O007842,2024-08-25,Net Banking,Paid
PAY0007843,O007843,2025-04-01,UPI,Paid
PAY0007844,O007844,2025-05-30,Credit Card,Paid
PAY0007845,O007845,2024-06-21,Debit Card,Paid
PAY0007846,O007846,2024-07-11,Debit Card,Paid
PAY0007847,O007847,2025-05-29,UPI,Pending
PAY0007848,O007848,2025-07-21,Credit Card,Failed
PAY0007849,O007849,2025-02-12,Credit Card,Paid
PAY0007850,O007850,2025-11-18,COD,Failed
PAY0007851,O007851,2025-09-19,UPI,Paid
PAY0007852,O007852,2024-03-24,COD,Pending
PAY0007853,O007853,2025-11-01,UPI,Paid
PAY0007854,O007854,2024-03-20,Net Banking,Refunded
PAY0007855,O007855,2025-07-31,UPI,Paid
PAY0007856,O007856,2024-07-27,COD,Paid
PAY0007857,O007857,2025-06-05,Credit Card,Failed
PAY0007858,O007858,2024-07-17,UPI,Paid
PAY0007859,O007859,2025-07-24,Credit Card,Failed
PAY0007860,O007860,2024-08-21,Net Banking,Paid
PAY0007861,O007861,2024-08-31,Debit Card,Pending
PAY0007862,O007862,2025-01-27,Debit Card,Paid
PAY0007863,O007863,2025-07-19,COD,Paid
PAY0007864,O007864,2025-03-21,UPI,Failed
PAY0007865,O007865,2025-01-27,Net Banking,Paid
PAY0007866,O007866,2024-01-09,Net Banking,Failed
PAY0007867,O007867,2025-09-04,Credit Card,Pending
PAY0007868,O007868,2025-12-15,COD,Paid
PAY0007869,O007869,2024-06-01,Net Banking,Paid
PAY0007870,O007870,2024-04-19,UPI,Pending
PAY0007871,O007871,2024-09-22,Net Banking,Paid
PAY0007872,O007872,2025-01-07,Debit Card,Paid
PAY0007873,O007873,2024-05-31,COD,Paid
PAY0007874,O007874,2025-08-17,Credit Card,Refunded
PAY0007875,O007875,2025-02-18,UPI,Paid
PAY0007876,O007876,2025-10-07,Debit Card,Paid
PAY0007877,O007877,2024-11-21,Net Banking,Failed
PAY0007878,O007878,2025-11-02,COD,Paid
PAY0007879,O007879,2025-07-04,COD,Refunded
PAY0007880,O007880,2024-06-24,UPI,Paid
PAY0007881,O007881,2025-06-08,Credit Card,Paid
PAY0007882,O007882,2024-11-10,Debit Card,Paid
PAY0007883,O007883,2024-03-07,Credit Card,Refunded
PAY0007884,O007884,2025-07-06,UPI,Paid
PAY0007885,O007885,2024-07-02,UPI,Paid
PAY0007886,O007886,2024-02-04,Debit Card,Paid
PAY0007887,O007887,2025-05-19,COD,Paid
PAY0007888,O007888,2024-03-16,COD,Paid
PAY0007889,O007889,2025-04-16,Debit Card,Paid
PAY0007890,O007890,2025-08-04,Credit Card,Paid
PAY0007891,O007891,2025-06-06,Debit Card,Paid
PAY0007892,O007892,2024-10-09,COD,Paid
PAY0007893,O007893,2025-06-19,Credit Card,Paid
PAY0007894,O007894,2024-09-30,Net Banking,Paid
PAY0007895,O007895,2025-06-22,Credit Card,Pending
PAY0007896,O007896,2024-02-23,COD,Paid
PAY0007897,O007897,2024-02-24,UPI,Paid
PAY0007898,O007898,2024-10-03,Credit Card,Refunded
PAY0007899,O007899,2025-03-18,Credit Card,Paid
PAY0007900,O007900,2025-02-21,UPI,Failed
PAY0007901,O007901,2025-09-23,COD,Paid
PAY0007902,O007902,2024-08-12,Net Banking,Paid
PAY0007903,O007903,2025-07-23,Net Banking,Paid
PAY0007904,O007904,2024-09-11,Debit Card,Paid
PAY0007905,O007905,2024-06-24,Net Banking,Paid
PAY0007906,O007906,2025-07-19,Net Banking,Refunded
PAY0007907,O007907,2024-05-25,Credit Card,Paid
PAY0007908,O007908,2025-10-25,Debit Card,Paid
PAY0007909,O007909,2025-01-19,Net Banking,Paid
PAY0007910,O007910,2024-09-18,Credit Card,Paid
PAY0007911,O007911,2025-06-14,Debit Card,Failed
PAY0007912,O007912,2025-01-05,Credit Card,Paid
PAY0007913,O007913,2025-11-13,UPI,Paid
PAY0007914,O007914,2024-07-15,COD,Paid
PAY0007915,O007915,2025-08-07,COD,Paid
PAY0007916,O007916,2025-08-19,COD,Paid
PAY0007917,O007917,2024-10-10,Net Banking,Paid
PAY0007918,O007918,2024-10-28,COD,Paid
PAY0007919,O007919,2024-05-11,COD,Paid
PAY0007920,O007920,2024-04-29,Debit Card,Paid
PAY0007921,O007921,2025-12-28,Debit Card,Paid
PAY0007922,O007922,2024-05-15,Debit Card,Paid
PAY0007923,O007923,2025-09-19,Net Banking,Paid
PAY0007924,O007924,2025-07-26,COD,Paid
PAY0007925,O007925,2025-06-12,Net Banking,Paid
PAY0007926,O007926,2024-02-03,Net Banking,Paid
PAY0007927,O007927,2025-06-15,Net Banking,Refunded
PAY0007928,O007928,2024-07-26,Net Banking,Paid
PAY0007929,O007929,2025-11-04,Net Banking,Failed
PAY0007930,O007930,2024-10-25,Net Banking,Paid
PAY0007931,O007931,2025-06-05,COD,Paid
PAY0007932,O007932,2024-04-03,Debit Card,Paid
PAY0007933,O007933,2025-02-17,Credit Card,Paid
PAY0007934,O007934,2025-01-05,Credit Card,Paid
PAY0007935,O007935,2025-02-12,Credit Card,Pending
PAY0007936,O007936,2025-01-17,UPI,Paid
PAY0007937,O007937,2025-03-16,Debit Card,Paid
PAY0007938,O007938,2025-03-22,COD,Paid
PAY0007939,O007939,2025-09-10,Net Banking,Paid
PAY0007940,O007940,2025-09-08,Credit Card,Paid
PAY0007941,O007941,2024-03-11,Debit Card,Refunded
PAY0007942,O007942,2024-03-24,COD,Pending
PAY0007943,O007943,2024-07-27,Credit Card,Paid
PAY0007944,O007944,2024-09-15,Debit Card,Paid
PAY0007945,O007945,2024-08-26,COD,Paid
PAY0007946,O007946,2024-10-28,Debit Card,Paid
PAY0007947,O007947,2024-08-19,Net Banking,Paid
PAY0007948,O007948,2024-10-08,Debit Card,Paid
PAY0007949,O007949,2025-01-28,Debit Card,Paid
PAY0007950,O007950,2025-02-21,UPI,Failed
PAY0007951,O007951,2024-07-24,Net Banking,Paid
PAY0007952,O007952,2024-09-20,Debit Card,Paid
PAY0007953,O007953,2024-11-06,Net Banking,Paid
PAY0007954,O007954,2025-11-27,Debit Card,Paid
PAY0007955,O007955,2025-09-17,Net Banking,Paid
PAY0007956,O007956,2024-03-19,COD,Paid
PAY0007957,O007957,2024-12-07,Credit Card,Failed
PAY0007958,O007958,2025-07-15,UPI,Paid
PAY0007959,O007959,2024-04-04,Credit Card,Paid
PAY0007960,O007960,2024-12-16,Debit Card,Failed
PAY0007961,O007961,2024-03-02,Debit Card,Paid
PAY0007962,O007962,2024-05-21,COD,Paid
PAY0007963,O007963,2024-04-20,Debit Card,Pending
PAY0007964,O007964,2025-09-07,Net Banking,Paid
PAY0007965,O007965,2025-06-10,Credit Card,Paid
PAY0007966,O007966,2025-11-01,Debit Card,Paid
PAY0007967,O007967,2024-06-05,COD,Paid
PAY0007968,O007968,2025-06-22,UPI,Paid
PAY0007969,O007969,2025-08-19,Credit Card,Failed
PAY0007970,O007970,2024-01-09,COD,Failed
PAY0007971,O007971,2024-10-02,COD,Paid
PAY0007972,O007972,2024-08-14,Credit Card,Paid
PAY0007973,O007973,2024-07-04,COD,Failed
PAY0007974,O007974,2025-08-13,UPI,Pending
PAY0007975,O007975,2024-08-03,UPI,Paid
PAY0007976,O007976,2025-03-08,Debit Card,Pending
PAY0007977,O007977,2025-07-22,Net Banking,Paid
PAY0007978,O007978,2025-10-17,Debit Card,Paid
PAY0007979,O007979,2024-12-21,Net Banking,Paid
PAY0007980,O007980,2025-01-26,Credit Card,Paid
PAY0007981,O007981,2025-08-01,COD,Paid
PAY0007982,O007982,2024-10-01,Debit Card,Paid
PAY0007983,O007983,2025-05-08,COD,Paid
PAY0007984,O007984,2025-09-08,Debit Card,Failed
PAY0007985,O007985,2025-03-26,Debit Card,Paid
PAY0007986,O007986,2025-02-23,UPI,Paid
PAY0007987,O007987,2025-11-30,Net Banking,Paid
PAY0007988,O007988,2024-06-12,Credit Card,Paid
PAY0007989,O007989,2025-07-16,COD,Paid
PAY0007990,O007990,2025-09-29,Debit Card,Paid
PAY0007991,O007991,2025-08-14,COD,Paid
PAY0007992,O007992,2024-07-01,UPI,Paid
PAY0007993,O007993,2024-11-05,Credit Card,Paid
PAY0007994,O007994,2024-01-17,Net Banking,Paid
PAY0007995,O007995,2025-03-21,Net Banking,Paid
PAY0007996,O007996,2024-06-18,Debit Card,Paid
PAY0007997,O007997,2024-10-06,Credit Card,Paid
PAY0007998,O007998,2024-12-05,Net Banking,Paid
PAY0007999,O007999,2025-12-26,Credit Card,Paid
PAY0008000,O008000,2025-12-10,COD,Paid
PAY0008001,O008001,2025-06-02,UPI,Paid
PAY0008002,O008002,2024-01-11,Credit Card,Paid
PAY0008003,O008003,2025-06-07,Credit Card,Paid
PAY0008004,O008004,2025-09-13,Net Banking,Paid
PAY0008005,O008005,2024-05-12,Debit Card,Failed
PAY0008006,O008006,2025-10-01,Debit Card,Paid
PAY0008007,O008007,2024-05-27,COD,Paid
PAY0008008,O008008,2025-07-19,Net Banking,Paid
PAY0008009,O008009,2024-03-19,Net Banking,Failed
PAY0008010,O008010,2024-12-11,UPI,Paid
PAY0008011,O008011,2025-08-31,Debit Card,Paid
PAY0008012,O008012,2024-09-05,Net Banking,Paid
PAY0008013,O008013,2025-09-30,COD,Paid
PAY0008014,O008014,2025-06-25,UPI,Pending
PAY0008015,O008015,2024-01-24,Debit Card,Paid
PAY0008016,O008016,2025-04-15,Debit Card,Paid
PAY0008017,O008017,2024-07-19,Debit Card,Paid
PAY0008018,O008018,2024-05-10,UPI,Paid
PAY0008019,O008019,2025-09-25,COD,Paid
PAY0008020,O008020,2024-12-21,COD,Refunded
PAY0008021,O008021,2024-05-29,Net Banking,Paid
PAY0008022,O008022,2025-06-09,Net Banking,Paid
PAY0008023,O008023,2024-10-30,Debit Card,Paid
PAY0008024,O008024,2025-06-24,Credit Card,Failed
PAY0008025,O008025,2024-02-19,Net Banking,Failed
PAY0008026,O008026,2025-04-08,COD,Paid
PAY0008027,O008027,2024-08-27,Debit Card,Paid
PAY0008028,O008028,2025-04-26,COD,Paid
PAY0008029,O008029,2025-03-30,Debit Card,Paid
PAY0008030,O008030,2024-10-09,UPI,Refunded
PAY0008031,O008031,2024-11-30,Net Banking,Failed
PAY0008032,O008032,2024-12-17,UPI,Refunded
PAY0008033,O008033,2025-10-29,Net Banking,Paid
PAY0008034,O008034,2025-10-10,COD,Paid
PAY0008035,O008035,2024-11-22,COD,Paid
PAY0008036,O008036,2024-12-01,Credit Card,Failed
PAY0008037,O008037,2025-10-27,COD,Paid
PAY0008038,O008038,2024-03-21,Debit Card,Refunded
PAY0008039,O008039,2024-03-27,Credit Card,Paid
PAY0008040,O008040,2024-09-14,Debit Card,Paid
PAY0008041,O008041,2024-07-03,Credit Card,Paid
PAY0008042,O008042,2025-11-22,Debit Card,Paid
PAY0008043,O008043,2025-11-28,Credit Card,Paid
PAY0008044,O008044,2024-05-02,Net Banking,Paid
PAY0008045,O008045,2024-04-05,Net Banking,Failed
PAY0008046,O008046,2025-08-27,Credit Card,Paid
PAY0008047,O008047,2025-05-29,UPI,Paid
PAY0008048,O008048,2025-03-18,Credit Card,Paid
PAY0008049,O008049,2025-05-28,UPI,Refunded
PAY0008050,O008050,2025-01-05,Debit Card,Paid
PAY0008051,O008051,2024-10-31,Credit Card,Paid
PAY0008052,O008052,2024-12-22,UPI,Paid
PAY0008053,O008053,2024-05-27,Credit Card,Failed
PAY0008054,O008054,2024-10-11,Net Banking,Paid
PAY0008055,O008055,2025-10-18,Net Banking,Paid
PAY0008056,O008056,2024-09-18,Credit Card,Paid
PAY0008057,O008057,2025-07-27,Credit Card,Paid
PAY0008058,O008058,2025-05-05,COD,Paid
PAY0008059,O008059,2024-01-31,Net Banking,Paid
PAY0008060,O008060,2025-12-02,Debit Card,Paid
PAY0008061,O008061,2024-09-24,Credit Card,Paid
PAY0008062,O008062,2024-01-12,COD,Paid
PAY0008063,O008063,2024-07-09,Credit Card,Pending
PAY0008064,O008064,2025-02-03,Net Banking,Paid
PAY0008065,O008065,2025-06-20,UPI,Refunded
PAY0008066,O008066,2024-03-31,UPI,Paid
PAY0008067,O008067,2025-08-22,Net Banking,Paid
PAY0008068,O008068,2025-05-15,Debit Card,Paid
PAY0008069,O008069,2024-10-27,COD,Paid
PAY0008070,O008070,2024-04-20,Credit Card,Paid
PAY0008071,O008071,2024-03-20,Credit Card,Pending
PAY0008072,O008072,2025-10-13,Credit Card,Pending
PAY0008073,O008073,2025-03-08,COD,Paid
PAY0008074,O008074,2025-02-20,COD,Paid
PAY0008075,O008075,2024-08-01,Net Banking,Paid
PAY0008076,O008076,2025-03-22,COD,Paid
PAY0008077,O008077,2024-01-18,Credit Card,Paid
PAY0008078,O008078,2024-02-23,Credit Card,Failed
PAY0008079,O008079,2025-08-31,COD,Refunded
PAY0008080,O008080,2024-08-27,COD,Paid
PAY0008081,O008081,2025-02-21,Net Banking,Paid
PAY0008082,O008082,2025-04-30,UPI,Pending
PAY0008083,O008083,2025-03-19,COD,Paid
PAY0008084,O008084,2025-07-19,UPI,Paid
PAY0008085,O008085,2025-08-21,Debit Card,Paid
PAY0008086,O008086,2024-05-02,UPI,Paid
PAY0008087,O008087,2025-02-23,COD,Pending
PAY0008088,O008088,2025-07-19,Credit Card,Paid
PAY0008089,O008089,2024-08-03,Credit Card,Paid
PAY0008090,O008090,2025-02-23,COD,Failed
PAY0008091,O008091,2025-12-09,Net Banking,Paid
PAY0008092,O008092,2025-07-04,COD,Paid
PAY0008093,O008093,2024-08-15,COD,Failed
PAY0008094,O008094,2024-08-24,Net Banking,Paid
PAY0008095,O008095,2025-10-05,Net Banking,Paid
PAY0008096,O008096,2024-11-25,Debit Card,Paid
PAY0008097,O008097,2025-04-13,Debit Card,Paid
PAY0008098,O008098,2025-11-10,Debit Card,Paid
PAY0008099,O008099,2025-05-01,Net Banking,Paid
PAY0008100,O008100,2025-07-02,UPI,Paid
PAY0008101,O008101,2025-08-01,COD,Paid
PAY0008102,O008102,2025-09-14,Debit Card,Paid
PAY0008103,O008103,2025-02-18,UPI,Paid
PAY0008104,O008104,2024-08-06,COD,Paid
PAY0008105,O008105,2025-12-21,UPI,Paid
PAY0008106,O008106,2025-01-15,Credit Card,Paid
PAY0008107,O008107,2024-03-27,Credit Card,Paid
PAY0008108,O008108,2025-04-05,COD,Paid
PAY0008109,O008109,2025-02-14,UPI,Paid
PAY0008110,O008110,2025-11-21,UPI,Pending
PAY0008111,O008111,2025-06-08,Net Banking,Paid
PAY0008112,O008112,2025-03-22,Debit Card,Paid
PAY0008113,O008113,2024-10-26,COD,Pending
PAY0008114,O008114,2025-02-11,UPI,Paid
PAY0008115,O008115,2025-09-28,Debit Card,Paid
PAY0008116,O008116,2025-01-09,COD,Paid
PAY0008117,O008117,2024-08-20,UPI,Paid
PAY0008118,O008118,2025-09-29,Credit Card,Paid
PAY0008119,O008119,2025-10-11,UPI,Paid
PAY0008120,O008120,2024-02-18,Credit Card,Paid
PAY0008121,O008121,2024-07-04,Credit Card,Paid
PAY0008122,O008122,2024-07-23,Net Banking,Paid
PAY0008123,O008123,2024-03-18,Net Banking,Paid
PAY0008124,O008124,2025-04-25,Debit Card,Pending
PAY0008125,O008125,2025-01-20,COD,Paid
PAY0008126,O008126,2024-07-12,Debit Card,Paid
PAY0008127,O008127,2024-04-12,Net Banking,Paid
PAY0008128,O008128,2025-09-08,Debit Card,Paid
PAY0008129,O008129,2025-01-10,COD,Paid
PAY0008130,O008130,2024-10-13,COD,Paid
PAY0008131,O008131,2025-04-26,UPI,Refunded
PAY0008132,O008132,2025-12-23,Debit Card,Paid
PAY0008133,O008133,2024-09-06,Net Banking,Paid
PAY0008134,O008134,2024-07-19,UPI,Paid
PAY0008135,O008135,2025-06-19,Debit Card,Failed
PAY0008136,O008136,2025-04-05,COD,Paid
PAY0008137,O008137,2024-10-26,Net Banking,Paid
PAY0008138,O008138,2025-04-22,Debit Card,Refunded
PAY0008139,O008139,2024-03-23,COD,Paid
PAY0008140,O008140,2025-04-02,COD,Pending
PAY0008141,O008141,2025-11-21,Debit Card,Paid
PAY0008142,O008142,2024-10-24,Debit Card,Failed
PAY0008143,O008143,2024-12-29,Net Banking,Paid
PAY0008144,O008144,2025-12-18,UPI,Failed
PAY0008145,O008145,2024-02-09,COD,Paid
PAY0008146,O008146,2025-09-16,UPI,Failed
PAY0008147,O008147,2024-12-05,UPI,Paid
PAY0008148,O008148,2025-05-30,COD,Paid
PAY0008149,O008149,2024-04-17,Debit Card,Paid
PAY0008150,O008150,2024-11-11,COD,Paid
PAY0008151,O008151,2024-04-23,UPI,Paid
PAY0008152,O008152,2024-06-15,Net Banking,Paid
PAY0008153,O008153,2024-09-17,COD,Paid
PAY0008154,O008154,2025-09-09,Net Banking,Paid
PAY0008155,O008155,2024-08-11,Debit Card,Paid
PAY0008156,O008156,2024-09-18,Debit Card,Paid
PAY0008157,O008157,2024-09-07,Net Banking,Paid
PAY0008158,O008158,2025-06-09,Net Banking,Paid
PAY0008159,O008159,2025-12-10,COD,Paid
PAY0008160,O008160,2024-05-05,Debit Card,Pending
PAY0008161,O008161,2024-07-24,Net Banking,Paid
PAY0008162,O008162,2024-05-19,Credit Card,Paid
PAY0008163,O008163,2024-03-02,COD,Paid
PAY0008164,O008164,2024-10-09,COD,Paid
PAY0008165,O008165,2024-02-23,Credit Card,Pending
PAY0008166,O008166,2024-12-11,Debit Card,Paid
PAY0008167,O008167,2025-06-07,Net Banking,Paid
PAY0008168,O008168,2024-05-15,Net Banking,Paid
PAY0008169,O008169,2024-11-25,Debit Card,Paid
PAY0008170,O008170,2024-05-23,Credit Card,Paid
PAY0008171,O008171,2025-03-11,Credit Card,Paid
PAY0008172,O008172,2024-10-08,Credit Card,Paid
PAY0008173,O008173,2024-05-15,COD,Paid
PAY0008174,O008174,2025-05-03,Net Banking,Pending
PAY0008175,O008175,2025-12-21,UPI,Failed
PAY0008176,O008176,2025-02-04,COD,Paid
PAY0008177,O008177,2025-03-24,COD,Paid
PAY0008178,O008178,2025-09-26,Net Banking,Paid
PAY0008179,O008179,2025-09-19,Debit Card,Paid
PAY0008180,O008180,2025-10-30,Net Banking,Paid
PAY0008181,O008181,2024-09-26,Debit Card,Failed
PAY0008182,O008182,2024-01-17,Net Banking,Paid
PAY0008183,O008183,2024-09-25,COD,Paid
PAY0008184,O008184,2025-04-26,Credit Card,Paid
PAY0008185,O008185,2024-08-06,COD,Paid
PAY0008186,O008186,2024-11-14,COD,Paid
PAY0008187,O008187,2024-08-25,UPI,Paid
PAY0008188,O008188,2025-06-28,COD,Paid
PAY0008189,O008189,2024-10-11,COD,Paid
PAY0008190,O008190,2024-02-06,COD,Pending
PAY0008191,O008191,2024-04-12,UPI,Paid
PAY0008192,O008192,2025-12-23,Debit Card,Paid
PAY0008193,O008193,2025-03-05,UPI,Paid
PAY0008194,O008194,2025-10-15,Credit Card,Paid
PAY0008195,O008195,2024-08-26,Debit Card,Paid
PAY0008196,O008196,2025-10-06,UPI,Paid
PAY0008197,O008197,2024-05-04,Credit Card,Paid
PAY0008198,O008198,2025-07-18,Credit Card,Paid
PAY0008199,O008199,2025-08-22,Net Banking,Failed
PAY0008200,O008200,2025-09-01,Net Banking,Paid
PAY0008201,O008201,2025-08-29,COD,Paid
PAY0008202,O008202,2024-07-06,Debit Card,Failed
PAY0008203,O008203,2024-09-12,UPI,Paid
PAY0008204,O008204,2025-08-07,COD,Paid
PAY0008205,O008205,2025-06-13,Debit Card,Paid
PAY0008206,O008206,2025-11-06,Net Banking,Paid
PAY0008207,O008207,2025-01-26,UPI,Paid
PAY0008208,O008208,2025-10-19,Credit Card,Paid
PAY0008209,O008209,2025-04-12,Credit Card,Paid
PAY0008210,O008210,2024-09-09,COD,Paid
PAY0008211,O008211,2025-11-02,COD,Failed
PAY0008212,O008212,2025-07-14,UPI,Paid
PAY0008213,O008213,2024-06-24,Credit Card,Paid
PAY0008214,O008214,2025-04-10,COD,Paid
PAY0008215,O008215,2025-07-30,Credit Card,Paid
PAY0008216,O008216,2024-10-15,Net Banking,Paid
PAY0008217,O008217,2024-02-19,COD,Refunded
PAY0008218,O008218,2024-01-04,Debit Card,Paid
PAY0008219,O008219,2025-09-22,COD,Paid
PAY0008220,O008220,2025-05-14,Net Banking,Paid
PAY0008221,O008221,2025-11-06,UPI,Paid
PAY0008222,O008222,2024-08-10,Credit Card,Refunded
PAY0008223,O008223,2025-10-29,UPI,Paid
PAY0008224,O008224,2024-09-18,COD,Paid
PAY0008225,O008225,2025-11-15,Debit Card,Paid
PAY0008226,O008226,2025-06-18,UPI,Paid
PAY0008227,O008227,2025-01-10,Debit Card,Paid
PAY0008228,O008228,2024-03-01,COD,Paid
PAY0008229,O008229,2024-12-21,Debit Card,Pending
PAY0008230,O008230,2025-10-07,Debit Card,Paid
PAY0008231,O008231,2024-01-24,Net Banking,Pending
PAY0008232,O008232,2024-10-19,UPI,Paid
PAY0008233,O008233,2025-07-10,COD,Paid
PAY0008234,O008234,2025-11-21,Net Banking,Paid
PAY0008235,O008235,2024-12-21,Debit Card,Paid
PAY0008236,O008236,2025-07-28,Net Banking,Paid
PAY0008237,O008237,2024-01-29,Net Banking,Failed
PAY0008238,O008238,2024-12-22,Debit Card,Paid
PAY0008239,O008239,2024-12-30,COD,Paid
PAY0008240,O008240,2025-08-30,Credit Card,Paid
PAY0008241,O008241,2025-02-12,Net Banking,Pending
PAY0008242,O008242,2024-09-22,UPI,Paid
PAY0008243,O008243,2024-10-17,Debit Card,Paid
PAY0008244,O008244,2025-07-20,Credit Card,Paid
PAY0008245,O008245,2024-06-01,Net Banking,Paid
PAY0008246,O008246,2024-08-06,Debit Card,Failed
PAY0008247,O008247,2024-06-21,Debit Card,Pending
PAY0008248,O008248,2025-08-30,Net Banking,Paid
PAY0008249,O008249,2025-09-26,UPI,Failed
PAY0008250,O008250,2024-01-12,Debit Card,Failed
PAY0008251,O008251,2025-05-30,Debit Card,Paid
PAY0008252,O008252,2024-12-27,Net Banking,Pending
PAY0008253,O008253,2025-08-01,Credit Card,Paid
PAY0008254,O008254,2025-10-18,Debit Card,Paid
PAY0008255,O008255,2025-04-21,Debit Card,Refunded
PAY0008256,O008256,2025-07-30,Net Banking,Paid
PAY0008257,O008257,2024-03-22,Debit Card,Paid
PAY0008258,O008258,2025-09-08,Net Banking,Paid
PAY0008259,O008259,2025-11-23,UPI,Failed
PAY0008260,O008260,2024-12-05,Net Banking,Paid
PAY0008261,O008261,2025-03-16,Credit Card,Paid
PAY0008262,O008262,2025-09-08,Debit Card,Paid
PAY0008263,O008263,2024-08-13,UPI,Paid
PAY0008264,O008264,2025-01-05,Debit Card,Paid
PAY0008265,O008265,2024-01-28,Debit Card,Paid
PAY0008266,O008266,2024-01-16,Net Banking,Failed
PAY0008267,O008267,2024-10-03,Debit Card,Paid
PAY0008268,O008268,2024-11-28,UPI,Paid
PAY0008269,O008269,2025-04-27,COD,Paid
PAY0008270,O008270,2025-07-19,Debit Card,Paid
PAY0008271,O008271,2024-10-14,Net Banking,Paid
PAY0008272,O008272,2024-04-23,Credit Card,Paid
PAY0008273,O008273,2024-02-07,Debit Card,Paid
PAY0008274,O008274,2025-03-29,Net Banking,Paid
PAY0008275,O008275,2024-06-14,Debit Card,Paid
PAY0008276,O008276,2025-11-24,COD,Paid
PAY0008277,O008277,2024-07-23,COD,Failed
PAY0008278,O008278,2024-09-01,UPI,Paid
PAY0008279,O008279,2024-11-28,COD,Paid
PAY0008280,O008280,2025-01-30,Net Banking,Paid
PAY0008281,O008281,2025-05-21,COD,Failed
PAY0008282,O008282,2024-04-30,Net Banking,Paid
PAY0008283,O008283,2024-09-15,Debit Card,Paid
PAY0008284,O008284,2025-12-22,UPI,Failed
PAY0008285,O008285,2025-02-13,UPI,Paid
PAY0008286,O008286,2024-11-05,COD,Paid
PAY0008287,O008287,2025-12-06,Credit Card,Paid
PAY0008288,O008288,2024-03-08,COD,Paid
PAY0008289,O008289,2024-04-23,Credit Card,Paid
PAY0008290,O008290,2024-08-07,COD,Paid
PAY0008291,O008291,2024-08-07,Net Banking,Paid
PAY0008292,O008292,2025-04-17,Net Banking,Paid
PAY0008293,O008293,2025-12-30,Credit Card,Paid
PAY0008294,O008294,2025-01-20,UPI,Paid
PAY0008295,O008295,2024-10-24,Credit Card,Paid
PAY0008296,O008296,2025-08-28,Debit Card,Refunded
PAY0008297,O008297,2024-09-09,UPI,Paid
PAY0008298,O008298,2025-02-08,Credit Card,Paid
PAY0008299,O008299,2025-05-06,Debit Card,Paid
PAY0008300,O008300,2024-12-22,Debit Card,Paid
PAY0008301,O008301,2025-03-03,COD,Refunded
PAY0008302,O008302,2024-08-02,Credit Card,Pending
PAY0008303,O008303,2025-01-14,Net Banking,Paid
PAY0008304,O008304,2024-08-01,COD,Paid
PAY0008305,O008305,2024-04-07,UPI,Paid
PAY0008306,O008306,2025-06-11,Net Banking,Paid
PAY0008307,O008307,2025-10-27,Debit Card,Failed
PAY0008308,O008308,2025-06-11,UPI,Paid
PAY0008309,O008309,2025-12-10,COD,Paid
PAY0008310,O008310,2025-09-11,Debit Card,Paid
PAY0008311,O008311,2025-06-18,Debit Card,Pending
PAY0008312,O008312,2025-07-07,Debit Card,Paid
PAY0008313,O008313,2025-07-02,Net Banking,Failed
PAY0008314,O008314,2024-11-23,COD,Paid
PAY0008315,O008315,2024-06-13,COD,Paid
PAY0008316,O008316,2024-04-25,Net Banking,Paid
PAY0008317,O008317,2024-05-29,COD,Paid
PAY0008318,O008318,2025-06-01,Debit Card,Paid
PAY0008319,O008319,2024-02-01,Debit Card,Paid
PAY0008320,O008320,2025-10-18,Debit Card,Paid
PAY0008321,O008321,2024-10-19,COD,Paid
PAY0008322,O008322,2025-11-19,Credit Card,Paid
PAY0008323,O008323,2024-06-25,UPI,Paid
PAY0008324,O008324,2024-03-01,Credit Card,Paid
PAY0008325,O008325,2025-08-11,Net Banking,Paid
PAY0008326,O008326,2025-02-19,Credit Card,Refunded
PAY0008327,O008327,2025-01-17,Credit Card,Paid
PAY0008328,O008328,2025-08-20,Net Banking,Paid
PAY0008329,O008329,2025-12-03,Credit Card,Paid
PAY0008330,O008330,2024-01-07,UPI,Paid
PAY0008331,O008331,2024-03-25,COD,Paid
PAY0008332,O008332,2025-02-01,Net Banking,Paid
PAY0008333,O008333,2025-01-27,Credit Card,Paid
PAY0008334,O008334,2024-02-16,Debit Card,Paid
PAY0008335,O008335,2024-12-06,Debit Card,Paid
PAY0008336,O008336,2025-05-12,Net Banking,Paid
PAY0008337,O008337,2025-08-28,Debit Card,Paid
PAY0008338,O008338,2025-04-22,UPI,Paid
PAY0008339,O008339,2025-03-01,Credit Card,Pending
PAY0008340,O008340,2025-03-01,UPI,Paid
PAY0008341,O008341,2025-05-29,UPI,Pending
PAY0008342,O008342,2024-05-08,COD,Paid
PAY0008343,O008343,2024-09-05,Credit Card,Paid
PAY0008344,O008344,2024-05-10,Net Banking,Paid
PAY0008345,O008345,2025-11-19,Debit Card,Paid
PAY0008346,O008346,2024-11-18,COD,Paid
PAY0008347,O008347,2025-06-26,UPI,Paid
PAY0008348,O008348,2024-03-06,Debit Card,Paid
PAY0008349,O008349,2025-12-18,Credit Card,Paid
PAY0008350,O008350,2024-04-10,UPI,Refunded
PAY0008351,O008351,2024-01-31,UPI,Paid
PAY0008352,O008352,2024-07-09,Credit Card,Paid
PAY0008353,O008353,2025-07-31,Net Banking,Paid
PAY0008354,O008354,2025-02-18,COD,Refunded
PAY0008355,O008355,2025-12-14,Credit Card,Paid
PAY0008356,O008356,2025-05-14,Debit Card,Paid
PAY0008357,O008357,2025-08-17,Debit Card,Paid
PAY0008358,O008358,2024-02-15,UPI,Pending
PAY0008359,O008359,2024-03-29,COD,Paid
PAY0008360,O008360,2025-11-28,Net Banking,Paid
PAY0008361,O008361,2025-01-09,Net Banking,Paid
PAY0008362,O008362,2025-12-01,Debit Card,Pending
PAY0008363,O008363,2024-09-02,Net Banking,Paid
PAY0008364,O008364,2025-07-11,Debit Card,Paid
PAY0008365,O008365,2024-09-13,COD,Paid
PAY0008366,O008366,2024-12-17,UPI,Paid
PAY0008367,O008367,2025-07-26,Debit Card,Paid
PAY0008368,O008368,2024-04-14,COD,Paid
PAY0008369,O008369,2024-12-02,Debit Card,Paid
PAY0008370,O008370,2025-06-09,Credit Card,Paid
PAY0008371,O008371,2024-10-27,Debit Card,Paid
PAY0008372,O008372,2024-03-17,COD,Paid
PAY0008373,O008373,2025-05-25,Net Banking,Paid
PAY0008374,O008374,2024-08-17,Debit Card,Paid
PAY0008375,O008375,2025-11-09,UPI,Paid
PAY0008376,O008376,2025-07-31,COD,Paid
PAY0008377,O008377,2024-02-01,Net Banking,Paid
PAY0008378,O008378,2025-08-30,COD,Paid
PAY0008379,O008379,2024-02-27,Debit Card,Paid
PAY0008380,O008380,2024-04-13,Credit Card,Paid
PAY0008381,O008381,2024-11-07,Credit Card,Pending
PAY0008382,O008382,2025-10-07,UPI,Paid
PAY0008383,O008383,2025-12-29,UPI,Paid
PAY0008384,O008384,2024-03-07,Net Banking,Paid
PAY0008385,O008385,2025-11-20,Credit Card,Pending
PAY0008386,O008386,2025-01-08,Debit Card,Paid
PAY0008387,O008387,2024-08-22,COD,Failed
PAY0008388,O008388,2025-10-04,COD,Pending
PAY0008389,O008389,2024-04-21,Credit Card,Paid
PAY0008390,O008390,2025-01-23,Credit Card,Paid
PAY0008391,O008391,2025-02-11,COD,Paid
PAY0008392,O008392,2024-02-23,Net Banking,Paid
PAY0008393,O008393,2024-08-26,COD,Paid
PAY0008394,O008394,2024-10-21,UPI,Paid
PAY0008395,O008395,2024-04-21,Debit Card,Paid
PAY0008396,O008396,2024-03-28,Credit Card,Paid
PAY0008397,O008397,2025-04-20,Credit Card,Paid
PAY0008398,O008398,2024-10-30,Net Banking,Paid
PAY0008399,O008399,2024-10-31,UPI,Paid
PAY0008400,O008400,2024-10-16,COD,Paid
PAY0008401,O008401,2024-07-26,UPI,Paid
PAY0008402,O008402,2025-08-04,UPI,Pending
PAY0008403,O008403,2025-01-04,Net Banking,Paid
PAY0008404,O008404,2024-08-07,Net Banking,Paid
PAY0008405,O008405,2024-08-18,COD,Paid
PAY0008406,O008406,2024-12-14,COD,Paid
PAY0008407,O008407,2024-09-11,Debit Card,Paid
PAY0008408,O008408,2025-03-27,UPI,Paid
PAY0008409,O008409,2024-05-21,COD,Paid
PAY0008410,O008410,2024-03-09,Net Banking,Paid
PAY0008411,O008411,2024-03-29,Debit Card,Paid
PAY0008412,O008412,2024-05-15,Debit Card,Paid
PAY0008413,O008413,2025-10-16,Net Banking,Failed
PAY0008414,O008414,2025-11-29,COD,Paid
PAY0008415,O008415,2025-06-06,Net Banking,Pending
PAY0008416,O008416,2025-10-21,COD,Paid
PAY0008417,O008417,2025-03-17,Net Banking,Failed
PAY0008418,O008418,2024-02-07,Net Banking,Paid
PAY0008419,O008419,2024-07-26,Credit Card,Paid
PAY0008420,O008420,2024-07-28,COD,Paid
PAY0008421,O008421,2025-05-27,UPI,Paid
PAY0008422,O008422,2024-12-25,Credit Card,Paid
PAY0008423,O008423,2025-07-30,Credit Card,Refunded
PAY0008424,O008424,2024-01-01,Credit Card,Paid
PAY0008425,O008425,2025-01-15,Credit Card,Paid
PAY0008426,O008426,2025-06-20,UPI,Paid
PAY0008427,O008427,2025-01-28,Credit Card,Failed
PAY0008428,O008428,2024-02-19,UPI,Paid
PAY0008429,O008429,2025-01-30,UPI,Paid
PAY0008430,O008430,2024-02-01,Credit Card,Paid
PAY0008431,O008431,2025-06-28,Debit Card,Pending
PAY0008432,O008432,2025-12-12,UPI,Paid
PAY0008433,O008433,2024-08-21,Credit Card,Paid
PAY0008434,O008434,2024-01-26,Net Banking,Paid
PAY0008435,O008435,2025-07-07,Net Banking,Paid
PAY0008436,O008436,2025-03-09,COD,Paid
PAY0008437,O008437,2024-03-01,UPI,Paid
PAY0008438,O008438,2025-07-06,UPI,Paid
PAY0008439,O008439,2025-03-16,Net Banking,Paid
PAY0008440,O008440,2024-05-09,UPI,Paid
PAY0008441,O008441,2024-12-19,UPI,Paid
PAY0008442,O008442,2024-07-16,Net Banking,Paid
PAY0008443,O008443,2025-10-24,Credit Card,Paid
PAY0008444,O008444,2025-12-16,Net Banking,Paid
PAY0008445,O008445,2025-11-24,Debit Card,Paid
PAY0008446,O008446,2025-01-05,Net Banking,Paid
PAY0008447,O008447,2025-12-19,Net Banking,Paid
PAY0008448,O008448,2024-05-26,Credit Card,Paid
PAY0008449,O008449,2025-12-16,Net Banking,Paid
PAY0008450,O008450,2025-05-12,Net Banking,Failed
PAY0008451,O008451,2024-02-17,Credit Card,Pending
PAY0008452,O008452,2025-10-12,Net Banking,Paid
PAY0008453,O008453,2024-06-20,Credit Card,Pending
PAY0008454,O008454,2025-09-04,Debit Card,Paid
PAY0008455,O008455,2025-11-29,Credit Card,Pending
PAY0008456,O008456,2024-11-10,UPI,Paid
PAY0008457,O008457,2025-01-10,UPI,Paid
PAY0008458,O008458,2025-06-16,Credit Card,Paid
PAY0008459,O008459,2025-02-23,Net Banking,Paid
PAY0008460,O008460,2025-01-30,COD,Pending
PAY0008461,O008461,2025-06-05,COD,Paid
PAY0008462,O008462,2024-07-05,Debit Card,Paid
PAY0008463,O008463,2025-10-06,Debit Card,Refunded
PAY0008464,O008464,2024-02-02,COD,Paid
PAY0008465,O008465,2024-03-09,COD,Paid
PAY0008466,O008466,2025-08-14,Credit Card,Paid
PAY0008467,O008467,2024-07-09,COD,Paid
PAY0008468,O008468,2024-04-10,UPI,Paid
PAY0008469,O008469,2025-04-29,Debit Card,Paid
PAY0008470,O008470,2024-10-11,Debit Card,Refunded
PAY0008471,O008471,2025-01-24,UPI,Paid
PAY0008472,O008472,2025-07-18,Debit Card,Paid
PAY0008473,O008473,2024-06-08,COD,Paid
PAY0008474,O008474,2025-07-07,Debit Card,Paid
PAY0008475,O008475,2024-02-16,UPI,Paid
PAY0008476,O008476,2024-06-07,Debit Card,Paid
PAY0008477,O008477,2025-03-21,COD,Paid
PAY0008478,O008478,2025-11-26,Credit Card,Refunded
PAY0008479,O008479,2025-06-06,COD,Pending
PAY0008480,O008480,2025-10-27,Debit Card,Paid
PAY0008481,O008481,2024-06-03,Net Banking,Paid
PAY0008482,O008482,2024-12-04,Debit Card,Paid
PAY0008483,O008483,2024-12-30,Debit Card,Paid
PAY0008484,O008484,2025-11-29,UPI,Paid
PAY0008485,O008485,2025-07-27,Net Banking,Paid
PAY0008486,O008486,2024-05-27,UPI,Paid
PAY0008487,O008487,2024-05-23,UPI,Failed
PAY0008488,O008488,2024-04-12,COD,Paid
PAY0008489,O008489,2024-04-02,Credit Card,Paid
PAY0008490,O008490,2024-10-12,Debit Card,Failed
PAY0008491,O008491,2025-02-27,Net Banking,Paid
PAY0008492,O008492,2024-04-28,Debit Card,Paid
PAY0008493,O008493,2024-01-29,UPI,Paid
PAY0008494,O008494,2025-05-25,Credit Card,Paid
PAY0008495,O008495,2024-01-30,UPI,Paid
PAY0008496,O008496,2024-12-31,Debit Card,Paid
PAY0008497,O008497,2024-05-17,COD,Paid
PAY0008498,O008498,2025-04-19,Debit Card,Paid
PAY0008499,O008499,2025-07-16,UPI,Paid
PAY0008500,O008500,2025-01-26,Net Banking,Paid
PAY0008501,O008501,2025-03-10,Net Banking,Paid
PAY0008502,O008502,2024-08-21,Net Banking,Pending
PAY0008503,O008503,2024-02-24,Net Banking,Paid
PAY0008504,O008504,2024-10-18,Net Banking,Paid
PAY0008505,O008505,2024-11-07,Credit Card,Paid
PAY0008506,O008506,2025-07-01,Credit Card,Paid
PAY0008507,O008507,2024-03-29,COD,Paid
PAY0008508,O008508,2024-07-30,Net Banking,Paid
PAY0008509,O008509,2024-11-13,UPI,Paid
PAY0008510,O008510,2025-04-09,UPI,Paid
PAY0008511,O008511,2024-03-27,Debit Card,Failed
PAY0008512,O008512,2025-02-12,Net Banking,Paid
PAY0008513,O008513,2024-08-27,UPI,Failed
PAY0008514,O008514,2025-11-30,COD,Pending
PAY0008515,O008515,2024-02-26,UPI,Failed
PAY0008516,O008516,2024-04-22,COD,Paid
PAY0008517,O008517,2024-03-10,Net Banking,Paid
PAY0008518,O008518,2025-11-22,Debit Card,Paid
PAY0008519,O008519,2024-07-02,Debit Card,Paid
PAY0008520,O008520,2025-12-03,Credit Card,Paid
PAY0008521,O008521,2024-10-02,Net Banking,Paid
PAY0008522,O008522,2024-08-20,UPI,Paid
PAY0008523,O008523,2024-02-23,Debit Card,Paid
PAY0008524,O008524,2024-09-13,COD,Paid
PAY0008525,O008525,2024-03-30,COD,Paid
PAY0008526,O008526,2025-10-24,UPI,Paid
PAY0008527,O008527,2025-03-10,UPI,Paid
PAY0008528,O008528,2025-09-16,Net Banking,Paid
PAY0008529,O008529,2025-02-11,UPI,Paid
PAY0008530,O008530,2024-09-25,UPI,Paid
PAY0008531,O008531,2025-10-30,UPI,Paid
PAY0008532,O008532,2024-12-31,Debit Card,Paid
PAY0008533,O008533,2024-12-16,Net Banking,Paid
PAY0008534,O008534,2024-10-25,UPI,Paid
PAY0008535,O008535,2024-06-07,UPI,Paid
PAY0008536,O008536,2025-05-01,COD,Paid
PAY0008537,O008537,2025-06-09,Debit Card,Paid
PAY0008538,O008538,2024-12-20,UPI,Paid
PAY0008539,O008539,2025-09-12,Debit Card,Failed
PAY0008540,O008540,2025-02-04,Net Banking,Paid
PAY0008541,O008541,2025-02-08,Net Banking,Paid
PAY0008542,O008542,2024-04-05,Credit Card,Paid
PAY0008543,O008543,2025-12-07,COD,Paid
PAY0008544,O008544,2025-07-23,Credit Card,Paid
PAY0008545,O008545,2025-01-26,Debit Card,Paid
PAY0008546,O008546,2024-12-17,COD,Paid
PAY0008547,O008547,2025-10-27,UPI,Paid
PAY0008548,O008548,2025-07-29,COD,Failed
PAY0008549,O008549,2025-10-31,COD,Pending
PAY0008550,O008550,2025-09-24,Net Banking,Paid
PAY0008551,O008551,2024-10-14,Credit Card,Paid
PAY0008552,O008552,2025-06-06,Net Banking,Paid
PAY0008553,O008553,2025-12-26,Net Banking,Failed
PAY0008554,O008554,2024-06-10,Credit Card,Paid
PAY0008555,O008555,2025-09-08,Net Banking,Paid
PAY0008556,O008556,2025-10-20,COD,Paid
PAY0008557,O008557,2024-06-30,Debit Card,Paid
PAY0008558,O008558,2025-07-02,UPI,Paid
PAY0008559,O008559,2024-03-22,UPI,Paid
PAY0008560,O008560,2025-06-07,Net Banking,Paid
PAY0008561,O008561,2024-01-04,Credit Card,Paid
PAY0008562,O008562,2025-05-09,COD,Pending
PAY0008563,O008563,2025-07-08,Net Banking,Paid
PAY0008564,O008564,2024-02-20,COD,Paid
PAY0008565,O008565,2024-09-17,COD,Paid
PAY0008566,O008566,2024-05-13,UPI,Paid
PAY0008567,O008567,2025-08-21,Debit Card,Paid
PAY0008568,O008568,2024-12-27,Debit Card,Paid
PAY0008569,O008569,2025-07-21,Credit Card,Paid
PAY0008570,O008570,2024-08-04,Debit Card,Paid
PAY0008571,O008571,2024-03-08,Net Banking,Paid
PAY0008572,O008572,2025-07-09,UPI,Paid
PAY0008573,O008573,2024-05-22,UPI,Paid
PAY0008574,O008574,2024-12-11,COD,Paid
PAY0008575,O008575,2025-07-07,Net Banking,Paid
PAY0008576,O008576,2025-10-12,Net Banking,Paid
PAY0008577,O008577,2025-08-07,COD,Paid
PAY0008578,O008578,2024-07-12,COD,Paid
PAY0008579,O008579,2025-10-28,UPI,Paid
PAY0008580,O008580,2024-09-02,Net Banking,Paid
PAY0008581,O008581,2024-11-09,Debit Card,Paid
PAY0008582,O008582,2025-12-30,Debit Card,Paid
PAY0008583,O008583,2025-01-18,UPI,Paid
PAY0008584,O008584,2024-10-03,Debit Card,Paid
PAY0008585,O008585,2024-03-12,Debit Card,Refunded
PAY0008586,O008586,2024-05-08,Net Banking,Failed
PAY0008587,O008587,2024-12-23,Net Banking,Paid
PAY0008588,O008588,2025-11-28,Credit Card,Paid
PAY0008589,O008589,2025-06-08,Net Banking,Refunded
PAY0008590,O008590,2024-08-07,Credit Card,Failed
PAY0008591,O008591,2024-01-06,Net Banking,Failed
PAY0008592,O008592,2025-09-15,COD,Failed
PAY0008593,O008593,2024-08-15,Net Banking,Refunded
PAY0008594,O008594,2024-01-17,Credit Card,Failed
PAY0008595,O008595,2025-08-07,Debit Card,Paid
PAY0008596,O008596,2024-01-12,Net Banking,Paid
PAY0008597,O008597,2025-08-20,Debit Card,Paid
PAY0008598,O008598,2025-05-13,Debit Card,Paid
PAY0008599,O008599,2025-11-22,Net Banking,Paid
PAY0008600,O008600,2025-09-25,Net Banking,Paid
PAY0008601,O008601,2025-12-16,COD,Failed
PAY0008602,O008602,2025-05-16,Credit Card,Paid
PAY0008603,O008603,2024-03-10,Net Banking,Failed
PAY0008604,O008604,2024-04-17,Debit Card,Paid
PAY0008605,O008605,2024-07-19,Debit Card,Paid
PAY0008606,O008606,2024-02-21,Net Banking,Refunded
PAY0008607,O008607,2025-07-02,Credit Card,Paid
PAY0008608,O008608,2025-09-20,Debit Card,Paid
PAY0008609,O008609,2024-09-15,COD,Paid
PAY0008610,O008610,2025-04-26,Debit Card,Paid
PAY0008611,O008611,2024-09-20,Credit Card,Paid
PAY0008612,O008612,2024-10-29,UPI,Paid
PAY0008613,O008613,2025-07-29,COD,Paid
PAY0008614,O008614,2025-07-07,COD,Paid
PAY0008615,O008615,2025-07-08,UPI,Paid
PAY0008616,O008616,2024-05-04,COD,Paid
PAY0008617,O008617,2024-09-26,COD,Paid
PAY0008618,O008618,2025-04-24,COD,Paid
PAY0008619,O008619,2024-05-11,Debit Card,Failed
PAY0008620,O008620,2024-01-02,Debit Card,Paid
PAY0008621,O008621,2024-04-24,Net Banking,Paid
PAY0008622,O008622,2025-04-25,Net Banking,Refunded
PAY0008623,O008623,2024-01-01,Debit Card,Paid
PAY0008624,O008624,2024-11-26,COD,Paid
PAY0008625,O008625,2025-07-30,Credit Card,Paid
PAY0008626,O008626,2025-09-28,UPI,Paid
PAY0008627,O008627,2025-01-25,Net Banking,Paid
PAY0008628,O008628,2024-05-22,COD,Failed
PAY0008629,O008629,2024-11-23,Net Banking,Paid
PAY0008630,O008630,2025-09-19,Credit Card,Refunded
PAY0008631,O008631,2025-01-11,COD,Paid
PAY0008632,O008632,2024-03-30,Debit Card,Pending
PAY0008633,O008633,2024-02-11,Credit Card,Paid
PAY0008634,O008634,2024-02-04,Net Banking,Refunded
PAY0008635,O008635,2025-05-08,COD,Paid
PAY0008636,O008636,2025-07-06,COD,Paid
PAY0008637,O008637,2024-05-03,UPI,Pending
PAY0008638,O008638,2024-02-26,UPI,Paid
PAY0008639,O008639,2025-03-31,UPI,Paid
PAY0008640,O008640,2024-08-22,Debit Card,Pending
PAY0008641,O008641,2025-08-30,COD,Paid
PAY0008642,O008642,2025-01-26,COD,Paid
PAY0008643,O008643,2025-05-06,Net Banking,Paid
PAY0008644,O008644,2024-12-08,Debit Card,Paid
PAY0008645,O008645,2025-10-05,UPI,Paid
PAY0008646,O008646,2024-06-24,COD,Paid
PAY0008647,O008647,2024-02-21,UPI,Paid
PAY0008648,O008648,2025-07-03,Credit Card,Failed
PAY0008649,O008649,2025-04-22,Debit Card,Paid
PAY0008650,O008650,2025-05-03,UPI,Paid
PAY0008651,O008651,2024-01-05,Debit Card,Paid
PAY0008652,O008652,2025-12-25,COD,Paid
PAY0008653,O008653,2025-09-23,Credit Card,Paid
PAY0008654,O008654,2024-07-27,Net Banking,Refunded
PAY0008655,O008655,2024-08-04,Credit Card,Paid
PAY0008656,O008656,2025-06-19,Debit Card,Paid
PAY0008657,O008657,2024-12-07,Credit Card,Failed
PAY0008658,O008658,2025-12-17,COD,Paid
PAY0008659,O008659,2025-02-04,Debit Card,Paid
PAY0008660,O008660,2025-04-06,Debit Card,Pending
PAY0008661,O008661,2025-12-30,COD,Paid
PAY0008662,O008662,2024-07-29,UPI,Refunded
PAY0008663,O008663,2024-01-26,Net Banking,Paid
PAY0008664,O008664,2024-09-08,Credit Card,Paid
PAY0008665,O008665,2024-01-03,Net Banking,Paid
PAY0008666,O008666,2024-01-02,Net Banking,Paid
PAY0008667,O008667,2025-08-26,COD,Paid
PAY0008668,O008668,2024-01-02,UPI,Failed
PAY0008669,O008669,2024-05-29,Net Banking,Paid
PAY0008670,O008670,2025-08-05,Debit Card,Paid
PAY0008671,O008671,2024-01-04,UPI,Paid
PAY0008672,O008672,2025-05-11,COD,Paid
PAY0008673,O008673,2025-07-03,Net Banking,Paid
PAY0008674,O008674,2025-04-12,COD,Paid
PAY0008675,O008675,2024-03-10,Credit Card,Paid
PAY0008676,O008676,2024-07-19,COD,Paid
PAY0008677,O008677,2024-11-03,Debit Card,Failed
PAY0008678,O008678,2024-09-08,COD,Paid
PAY0008679,O008679,2024-10-13,UPI,Failed
PAY0008680,O008680,2024-10-18,Credit Card,Paid
PAY0008681,O008681,2024-06-02,Debit Card,Paid
PAY0008682,O008682,2024-05-12,Credit Card,Paid
PAY0008683,O008683,2025-08-08,Debit Card,Paid
PAY0008684,O008684,2024-09-30,Credit Card,Paid
PAY0008685,O008685,2025-11-27,Net Banking,Paid
PAY0008686,O008686,2025-05-23,COD,Paid
PAY0008687,O008687,2024-12-18,UPI,Paid
PAY0008688,O008688,2024-01-05,UPI,Paid
PAY0008689,O008689,2024-10-19,Net Banking,Paid
PAY0008690,O008690,2024-12-25,Credit Card,Paid
PAY0008691,O008691,2025-08-20,COD,Paid
PAY0008692,O008692,2024-08-01,Net Banking,Paid
PAY0008693,O008693,2025-02-09,Credit Card,Failed
PAY0008694,O008694,2025-03-11,COD,Paid
PAY0008695,O008695,2024-01-15,Credit Card,Paid
PAY0008696,O008696,2024-09-29,UPI,Paid
PAY0008697,O008697,2025-07-16,COD,Paid
PAY0008698,O008698,2024-02-14,UPI,Paid
PAY0008699,O008699,2025-12-03,UPI,Pending
PAY0008700,O008700,2025-09-25,COD,Paid
PAY0008701,O008701,2025-02-15,Net Banking,Pending
PAY0008702,O008702,2024-07-05,Credit Card,Paid
PAY0008703,O008703,2025-12-26,COD,Paid
PAY0008704,O008704,2025-10-22,UPI,Paid
PAY0008705,O008705,2024-06-18,Credit Card,Paid
PAY0008706,O008706,2025-12-21,COD,Paid
PAY0008707,O008707,2025-08-16,Net Banking,Paid
PAY0008708,O008708,2025-02-04,COD,Paid
PAY0008709,O008709,2025-12-08,COD,Paid
PAY0008710,O008710,2024-09-02,Debit Card,Paid
PAY0008711,O008711,2025-07-05,Credit Card,Paid
PAY0008712,O008712,2025-11-10,COD,Paid
PAY0008713,O008713,2024-02-12,UPI,Paid
PAY0008714,O008714,2025-12-23,UPI,Paid
PAY0008715,O008715,2024-06-27,Debit Card,Paid
PAY0008716,O008716,2025-04-01,UPI,Paid
PAY0008717,O008717,2025-06-18,COD,Paid
PAY0008718,O008718,2025-08-29,Credit Card,Paid
PAY0008719,O008719,2025-11-02,Debit Card,Paid
PAY0008720,O008720,2024-08-31,Debit Card,Paid
PAY0008721,O008721,2024-01-17,Net Banking,Refunded
PAY0008722,O008722,2024-04-21,Net Banking,Paid
PAY0008723,O008723,2025-09-06,Credit Card,Paid
PAY0008724,O008724,2025-08-20,Credit Card,Paid
PAY0008725,O008725,2025-06-30,Debit Card,Paid
PAY0008726,O008726,2024-01-30,COD,Paid
PAY0008727,O008727,2024-07-10,COD,Paid
PAY0008728,O008728,2025-03-12,Net Banking,Paid
PAY0008729,O008729,2024-06-27,Credit Card,Paid
PAY0008730,O008730,2025-09-07,Credit Card,Paid
PAY0008731,O008731,2025-11-07,COD,Paid
PAY0008732,O008732,2025-04-18,Net Banking,Pending
PAY0008733,O008733,2025-09-25,COD,Paid
PAY0008734,O008734,2024-05-13,COD,Paid
PAY0008735,O008735,2024-11-07,Debit Card,Failed
PAY0008736,O008736,2024-01-25,Credit Card,Pending
PAY0008737,O008737,2025-01-05,Debit Card,Pending
PAY0008738,O008738,2025-06-08,Debit Card,Paid
PAY0008739,O008739,2024-11-14,COD,Paid
PAY0008740,O008740,2024-08-17,Net Banking,Paid
PAY0008741,O008741,2024-04-11,COD,Paid
PAY0008742,O008742,2025-03-25,Net Banking,Refunded
PAY0008743,O008743,2025-01-12,Credit Card,Paid
PAY0008744,O008744,2024-07-21,UPI,Paid
PAY0008745,O008745,2024-09-23,Credit Card,Paid
PAY0008746,O008746,2025-04-06,COD,Paid
PAY0008747,O008747,2024-12-30,Net Banking,Refunded
PAY0008748,O008748,2024-04-13,UPI,Paid
PAY0008749,O008749,2024-04-20,Net Banking,Paid
PAY0008750,O008750,2025-03-03,Net Banking,Paid
PAY0008751,O008751,2025-04-13,UPI,Paid
PAY0008752,O008752,2025-08-03,UPI,Paid
PAY0008753,O008753,2025-11-10,Credit Card,Paid
PAY0008754,O008754,2025-07-14,Debit Card,Paid
PAY0008755,O008755,2024-09-06,UPI,Pending
PAY0008756,O008756,2025-04-26,Debit Card,Refunded
PAY0008757,O008757,2024-11-26,Debit Card,Paid
PAY0008758,O008758,2025-08-09,Debit Card,Paid
PAY0008759,O008759,2024-07-19,Debit Card,Refunded
PAY0008760,O008760,2025-03-29,UPI,Paid
PAY0008761,O008761,2025-05-18,Net Banking,Paid
PAY0008762,O008762,2025-06-29,UPI,Pending
PAY0008763,O008763,2024-04-20,UPI,Paid
PAY0008764,O008764,2025-06-27,COD,Paid
PAY0008765,O008765,2024-07-27,COD,Failed
PAY0008766,O008766,2025-10-05,Credit Card,Paid
PAY0008767,O008767,2025-09-09,Debit Card,Refunded
PAY0008768,O008768,2024-02-02,Debit Card,Paid
PAY0008769,O008769,2025-07-08,COD,Refunded
PAY0008770,O008770,2024-04-16,Net Banking,Paid
PAY0008771,O008771,2024-09-21,Credit Card,Failed
PAY0008772,O008772,2024-08-13,Net Banking,Paid
PAY0008773,O008773,2025-05-01,COD,Paid
PAY0008774,O008774,2024-06-27,Net Banking,Paid
PAY0008775,O008775,2024-08-09,Debit Card,Paid
PAY0008776,O008776,2025-01-04,COD,Failed
PAY0008777,O008777,2025-09-28,Net Banking,Paid
PAY0008778,O008778,2024-06-15,Credit Card,Failed
PAY0008779,O008779,2025-10-24,Credit Card,Paid
PAY0008780,O008780,2025-07-06,UPI,Paid
PAY0008781,O008781,2024-10-26,COD,Paid
PAY0008782,O008782,2025-01-15,COD,Paid
PAY0008783,O008783,2024-02-04,COD,Paid
PAY0008784,O008784,2025-02-10,Debit Card,Paid
PAY0008785,O008785,2025-05-16,Debit Card,Paid
PAY0008786,O008786,2024-11-09,COD,Failed
PAY0008787,O008787,2025-12-27,Net Banking,Refunded
PAY0008788,O008788,2024-04-10,Debit Card,Paid
PAY0008789,O008789,2025-07-22,COD,Pending
PAY0008790,O008790,2024-08-02,Debit Card,Paid
PAY0008791,O008791,2025-10-29,UPI,Paid
PAY0008792,O008792,2025-07-29,Credit Card,Paid
PAY0008793,O008793,2024-03-02,UPI,Paid
PAY0008794,O008794,2025-01-03,COD,Paid
PAY0008795,O008795,2025-01-02,Credit Card,Paid
PAY0008796,O008796,2025-07-27,Net Banking,Pending
PAY0008797,O008797,2024-04-03,COD,Refunded
PAY0008798,O008798,2025-04-13,Net Banking,Paid
PAY0008799,O008799,2024-01-26,Net Banking,Paid
PAY0008800,O008800,2025-03-10,Debit Card,Paid
PAY0008801,O008801,2024-04-30,Debit Card,Paid
PAY0008802,O008802,2024-02-19,Credit Card,Paid
PAY0008803,O008803,2024-02-05,Credit Card,Paid
PAY0008804,O008804,2025-02-13,Debit Card,Paid
PAY0008805,O008805,2024-10-15,Credit Card,Paid
PAY0008806,O008806,2025-01-13,UPI,Pending
PAY0008807,O008807,2024-04-09,COD,Paid
PAY0008808,O008808,2024-11-19,UPI,Pending
PAY0008809,O008809,2024-11-24,COD,Paid
PAY0008810,O008810,2025-10-09,Debit Card,Paid
PAY0008811,O008811,2025-12-06,UPI,Paid
PAY0008812,O008812,2024-08-08,Net Banking,Pending
PAY0008813,O008813,2025-07-20,UPI,Paid
PAY0008814,O008814,2024-04-19,Credit Card,Paid
PAY0008815,O008815,2024-05-28,UPI,Paid
PAY0008816,O008816,2025-02-09,Debit Card,Pending
PAY0008817,O008817,2025-11-04,Debit Card,Paid
PAY0008818,O008818,2025-11-29,Credit Card,Paid
PAY0008819,O008819,2025-02-13,COD,Paid
PAY0008820,O008820,2024-05-08,Credit Card,Paid
PAY0008821,O008821,2025-04-28,COD,Paid
PAY0008822,O008822,2024-04-17,Debit Card,Refunded
PAY0008823,O008823,2025-01-23,Debit Card,Failed
PAY0008824,O008824,2025-02-28,COD,Paid
PAY0008825,O008825,2025-03-22,UPI,Paid
PAY0008826,O008826,2024-03-08,UPI,Paid
PAY0008827,O008827,2024-03-06,Credit Card,Paid
PAY0008828,O008828,2025-10-17,Debit Card,Paid
PAY0008829,O008829,2025-07-18,UPI,Paid
PAY0008830,O008830,2025-10-01,Debit Card,Paid
PAY0008831,O008831,2025-05-18,Credit Card,Paid
PAY0008832,O008832,2025-05-18,Net Banking,Paid
PAY0008833,O008833,2024-11-16,Debit Card,Paid
PAY0008834,O008834,2025-12-19,Net Banking,Paid
PAY0008835,O008835,2025-12-28,Debit Card,Paid
PAY0008836,O008836,2025-08-02,COD,Paid
PAY0008837,O008837,2025-03-22,Net Banking,Paid
PAY0008838,O008838,2025-07-27,COD,Paid
PAY0008839,O008839,2024-07-28,COD,Pending
PAY0008840,O008840,2025-01-04,Credit Card,Paid
PAY0008841,O008841,2025-07-17,Credit Card,Paid
PAY0008842,O008842,2025-09-19,UPI,Failed
PAY0008843,O008843,2025-04-02,Net Banking,Paid
PAY0008844,O008844,2025-07-30,UPI,Paid
PAY0008845,O008845,2025-10-03,Net Banking,Paid
PAY0008846,O008846,2025-11-19,Credit Card,Pending
PAY0008847,O008847,2024-06-11,Credit Card,Pending
PAY0008848,O008848,2024-11-27,Credit Card,Paid
PAY0008849,O008849,2025-10-25,Net Banking,Paid
PAY0008850,O008850,2024-12-15,Credit Card,Paid
PAY0008851,O008851,2025-10-31,UPI,Paid
PAY0008852,O008852,2025-04-12,COD,Paid
PAY0008853,O008853,2025-03-01,Net Banking,Paid
PAY0008854,O008854,2024-11-22,COD,Paid
PAY0008855,O008855,2024-04-15,UPI,Paid
PAY0008856,O008856,2024-09-11,Debit Card,Paid
PAY0008857,O008857,2024-12-23,Credit Card,Paid
PAY0008858,O008858,2025-03-19,UPI,Failed
PAY0008859,O008859,2024-04-22,Debit Card,Paid
PAY0008860,O008860,2024-01-30,Net Banking,Paid
PAY0008861,O008861,2025-06-07,UPI,Paid
PAY0008862,O008862,2025-11-19,Net Banking,Paid
PAY0008863,O008863,2024-02-15,COD,Paid
PAY0008864,O008864,2024-06-19,COD,Paid
PAY0008865,O008865,2024-05-09,Net Banking,Paid
PAY0008866,O008866,2024-12-18,COD,Paid
PAY0008867,O008867,2024-07-21,COD,Paid
PAY0008868,O008868,2024-08-13,Credit Card,Paid
PAY0008869,O008869,2024-03-20,Net Banking,Failed
PAY0008870,O008870,2024-11-05,Net Banking,Refunded
PAY0008871,O008871,2024-02-04,Debit Card,Pending
PAY0008872,O008872,2025-07-17,Credit Card,Paid
PAY0008873,O008873,2024-06-09,UPI,Pending
PAY0008874,O008874,2025-08-18,Credit Card,Failed
PAY0008875,O008875,2025-03-10,UPI,Paid
PAY0008876,O008876,2025-06-21,Net Banking,Paid
PAY0008877,O008877,2024-08-12,Credit Card,Failed
PAY0008878,O008878,2025-03-21,Debit Card,Paid
PAY0008879,O008879,2024-11-12,COD,Paid
PAY0008880,O008880,2025-10-27,UPI,Refunded
PAY0008881,O008881,2025-02-17,COD,Paid
PAY0008882,O008882,2024-04-04,Net Banking,Paid
PAY0008883,O008883,2024-08-12,Net Banking,Paid
PAY0008884,O008884,2025-07-06,Net Banking,Paid
PAY0008885,O008885,2025-10-06,COD,Paid
PAY0008886,O008886,2024-03-06,Net Banking,Paid
PAY0008887,O008887,2025-01-31,Net Banking,Paid
PAY0008888,O008888,2024-07-28,COD,Paid
PAY0008889,O008889,2025-04-18,Net Banking,Paid
PAY0008890,O008890,2025-10-26,UPI,Paid
PAY0008891,O008891,2025-11-14,Credit Card,Paid
PAY0008892,O008892,2025-07-24,UPI,Paid
PAY0008893,O008893,2025-11-26,Net Banking,Paid
PAY0008894,O008894,2025-05-04,Net Banking,Pending
PAY0008895,O008895,2024-06-28,Net Banking,Paid
PAY0008896,O008896,2025-06-07,Net Banking,Paid
PAY0008897,O008897,2025-04-03,COD,Paid
PAY0008898,O008898,2024-03-08,Credit Card,Paid
PAY0008899,O008899,2024-11-24,COD,Paid
PAY0008900,O008900,2024-07-20,COD,Failed
PAY0008901,O008901,2025-04-19,Net Banking,Paid
PAY0008902,O008902,2025-06-01,UPI,Pending
PAY0008903,O008903,2024-01-15,UPI,Paid
PAY0008904,O008904,2024-02-11,Debit Card,Failed
PAY0008905,O008905,2025-06-26,Credit Card,Paid
PAY0008906,O008906,2025-11-23,Debit Card,Paid
PAY0008907,O008907,2024-10-15,COD,Paid
PAY0008908,O008908,2025-06-16,Debit Card,Paid
PAY0008909,O008909,2025-11-24,Debit Card,Paid
PAY0008910,O008910,2025-11-26,Debit Card,Paid
PAY0008911,O008911,2024-08-31,Credit Card,Failed
PAY0008912,O008912,2025-10-22,UPI,Paid
PAY0008913,O008913,2025-09-03,UPI,Failed
PAY0008914,O008914,2025-07-20,Debit Card,Paid
PAY0008915,O008915,2025-11-28,Credit Card,Paid
PAY0008916,O008916,2025-08-20,UPI,Paid
PAY0008917,O008917,2024-06-22,Net Banking,Paid
PAY0008918,O008918,2025-06-17,UPI,Paid
PAY0008919,O008919,2025-05-23,UPI,Paid
PAY0008920,O008920,2024-08-31,Credit Card,Paid
PAY0008921,O008921,2024-02-29,Credit Card,Paid
PAY0008922,O008922,2024-04-13,UPI,Paid
PAY0008923,O008923,2025-10-12,Net Banking,Pending
PAY0008924,O008924,2024-10-29,Net Banking,Paid
PAY0008925,O008925,2025-11-01,Debit Card,Paid
PAY0008926,O008926,2024-03-17,Debit Card,Paid
PAY0008927,O008927,2024-01-18,UPI,Paid
PAY0008928,O008928,2025-06-17,UPI,Refunded
PAY0008929,O008929,2024-07-02,UPI,Pending
PAY0008930,O008930,2025-10-18,Net Banking,Paid
PAY0008931,O008931,2025-07-03,COD,Failed
PAY0008932,O008932,2024-10-07,Debit Card,Paid
PAY0008933,O008933,2024-10-14,Debit Card,Paid
PAY0008934,O008934,2025-10-16,COD,Paid
PAY0008935,O008935,2025-06-08,UPI,Paid
PAY0008936,O008936,2025-11-28,Debit Card,Paid
PAY0008937,O008937,2025-04-18,Net Banking,Paid
PAY0008938,O008938,2024-09-23,COD,Pending
PAY0008939,O008939,2025-08-31,Net Banking,Paid
PAY0008940,O008940,2024-12-22,UPI,Paid
PAY0008941,O008941,2024-01-01,Debit Card,Paid
PAY0008942,O008942,2024-01-27,Net Banking,Failed
PAY0008943,O008943,2025-07-01,COD,Failed
PAY0008944,O008944,2024-06-08,UPI,Refunded
PAY0008945,O008945,2025-02-02,Debit Card,Pending
PAY0008946,O008946,2025-06-26,Debit Card,Paid
PAY0008947,O008947,2024-05-06,UPI,Paid
PAY0008948,O008948,2024-07-28,UPI,Paid
PAY0008949,O008949,2024-05-29,UPI,Paid
PAY0008950,O008950,2024-01-31,Net Banking,Paid
PAY0008951,O008951,2025-09-03,Credit Card,Paid
PAY0008952,O008952,2024-10-28,Debit Card,Paid
PAY0008953,O008953,2025-11-13,Net Banking,Paid
PAY0008954,O008954,2024-09-13,COD,Pending
PAY0008955,O008955,2024-02-26,Debit Card,Paid
PAY0008956,O008956,2024-01-09,Credit Card,Failed
PAY0008957,O008957,2024-01-05,COD,Paid
PAY0008958,O008958,2024-04-23,Debit Card,Paid
PAY0008959,O008959,2025-11-15,Credit Card,Paid
PAY0008960,O008960,2024-07-23,UPI,Paid
PAY0008961,O008961,2024-01-24,Credit Card,Refunded
PAY0008962,O008962,2025-05-07,Debit Card,Pending
PAY0008963,O008963,2025-11-12,Credit Card,Failed
PAY0008964,O008964,2025-02-09,Debit Card,Paid
PAY0008965,O008965,2024-04-12,Debit Card,Failed
PAY0008966,O008966,2024-02-29,Credit Card,Paid
PAY0008967,O008967,2024-03-26,Credit Card,Paid
PAY0008968,O008968,2025-11-07,COD,Paid
PAY0008969,O008969,2025-01-06,COD,Pending
PAY0008970,O008970,2025-11-09,Net Banking,Paid
PAY0008971,O008971,2025-08-18,Debit Card,Paid
PAY0008972,O008972,2024-07-20,COD,Paid
PAY0008973,O008973,2025-08-24,Net Banking,Paid
PAY0008974,O008974,2024-03-29,Debit Card,Paid
PAY0008975,O008975,2025-03-12,Net Banking,Refunded
PAY0008976,O008976,2024-04-29,COD,Pending
PAY0008977,O008977,2024-06-04,Net Banking,Paid
PAY0008978,O008978,2025-02-02,Credit Card,Paid
PAY0008979,O008979,2025-11-30,Net Banking,Paid
PAY0008980,O008980,2024-07-06,UPI,Paid
PAY0008981,O008981,2024-02-21,UPI,Paid
PAY0008982,O008982,2025-10-13,Net Banking,Paid
PAY0008983,O008983,2025-06-14,UPI,Paid
PAY0008984,O008984,2025-04-24,Net Banking,Paid
PAY0008985,O008985,2025-08-09,Net Banking,Paid
PAY0008986,O008986,2024-08-17,Net Banking,Paid
PAY0008987,O008987,2025-04-25,UPI,Failed
PAY0008988,O008988,2024-05-09,Debit Card,Paid
PAY0008989,O008989,2024-02-24,Net Banking,Paid
PAY0008990,O008990,2024-09-27,Net Banking,Paid
PAY0008991,O008991,2024-04-09,Credit Card,Paid
PAY0008992,O008992,2024-03-09,Credit Card,Paid
PAY0008993,O008993,2024-10-25,COD,Paid
PAY0008994,O008994,2025-06-12,UPI,Paid
PAY0008995,O008995,2024-12-19,Debit Card,Failed
PAY0008996,O008996,2025-09-19,Net Banking,Paid
PAY0008997,O008997,2024-05-31,Net Banking,Paid
PAY0008998,O008998,2024-11-25,UPI,Paid
PAY0008999,O008999,2024-04-25,COD,Paid
PAY0009000,O009000,2025-06-25,COD,Paid
PAY0009001,O009001,2024-11-18,Credit Card,Paid
PAY0009002,O009002,2025-07-16,UPI,Paid
PAY0009003,O009003,2025-07-25,COD,Pending
PAY0009004,O009004,2024-08-16,COD,Paid
PAY0009005,O009005,2024-12-25,Debit Card,Refunded
PAY0009006,O009006,2024-01-05,Credit Card,Failed
PAY0009007,O009007,2024-01-28,Credit Card,Paid
PAY0009008,O009008,2024-12-29,Credit Card,Refunded
PAY0009009,O009009,2025-04-06,COD,Paid
PAY0009010,O009010,2024-08-18,Net Banking,Paid
PAY0009011,O009011,2025-01-29,COD,Pending
PAY0009012,O009012,2025-12-12,COD,Paid
PAY0009013,O009013,2024-09-27,UPI,Paid
PAY0009014,O009014,2024-10-30,Credit Card,Paid
PAY0009015,O009015,2025-01-17,Credit Card,Paid
PAY0009016,O009016,2025-07-11,Debit Card,Paid
PAY0009017,O009017,2024-01-28,Credit Card,Failed
PAY0009018,O009018,2025-06-02,COD,Paid
PAY0009019,O009019,2024-07-17,UPI,Failed
PAY0009020,O009020,2025-08-28,Debit Card,Failed
PAY0009021,O009021,2024-03-22,COD,Paid
PAY0009022,O009022,2024-03-28,COD,Paid
PAY0009023,O009023,2025-01-24,Debit Card,Paid
PAY0009024,O009024,2025-11-28,COD,Failed
PAY0009025,O009025,2025-08-02,COD,Paid
PAY0009026,O009026,2025-03-26,UPI,Pending
PAY0009027,O009027,2025-03-08,UPI,Paid
PAY0009028,O009028,2025-01-08,UPI,Paid
PAY0009029,O009029,2025-03-10,Credit Card,Paid
PAY0009030,O009030,2024-07-05,Debit Card,Paid
PAY0009031,O009031,2025-01-24,UPI,Paid
PAY0009032,O009032,2024-08-05,COD,Failed
PAY0009033,O009033,2024-04-17,Credit Card,Pending
PAY0009034,O009034,2025-07-03,Debit Card,Pending
PAY0009035,O009035,2024-12-14,UPI,Failed
PAY0009036,O009036,2025-06-05,UPI,Pending
PAY0009037,O009037,2024-01-26,Debit Card,Paid
PAY0009038,O009038,2024-02-17,UPI,Paid
PAY0009039,O009039,2025-01-04,Debit Card,Failed
PAY0009040,O009040,2024-01-14,Debit Card,Paid
PAY0009041,O009041,2025-09-03,COD,Paid
PAY0009042,O009042,2024-07-05,Debit Card,Paid
PAY0009043,O009043,2025-06-07,Net Banking,Paid
PAY0009044,O009044,2024-10-05,UPI,Failed
PAY0009045,O009045,2024-12-06,COD,Paid
PAY0009046,O009046,2024-11-23,Credit Card,Paid
PAY0009047,O009047,2025-11-09,Net Banking,Paid
PAY0009048,O009048,2025-09-25,Debit Card,Paid
PAY0009049,O009049,2025-08-29,Credit Card,Pending
PAY0009050,O009050,2024-01-25,Credit Card,Paid
PAY0009051,O009051,2025-06-12,Credit Card,Paid
PAY0009052,O009052,2025-03-01,Credit Card,Paid
PAY0009053,O009053,2024-01-29,COD,Paid
PAY0009054,O009054,2024-11-18,COD,Paid
PAY0009055,O009055,2024-11-08,Credit Card,Paid
PAY0009056,O009056,2025-08-06,Net Banking,Failed
PAY0009057,O009057,2024-09-26,UPI,Paid
PAY0009058,O009058,2024-10-21,UPI,Paid
PAY0009059,O009059,2025-10-17,COD,Paid
PAY0009060,O009060,2024-08-10,Net Banking,Paid
PAY0009061,O009061,2024-03-15,Net Banking,Paid
PAY0009062,O009062,2024-04-11,Debit Card,Pending
PAY0009063,O009063,2025-06-15,COD,Paid
PAY0009064,O009064,2025-09-20,Net Banking,Paid
PAY0009065,O009065,2025-11-16,Net Banking,Paid
PAY0009066,O009066,2024-06-21,UPI,Paid
PAY0009067,O009067,2024-01-04,Net Banking,Paid
PAY0009068,O009068,2025-04-23,Net Banking,Paid
PAY0009069,O009069,2025-10-21,Credit Card,Paid
PAY0009070,O009070,2025-01-29,UPI,Paid
PAY0009071,O009071,2025-09-17,UPI,Paid
PAY0009072,O009072,2024-06-15,Credit Card,Paid
PAY0009073,O009073,2024-10-26,UPI,Paid
PAY0009074,O009074,2024-04-27,Debit Card,Paid
PAY0009075,O009075,2025-05-26,Debit Card,Paid
PAY0009076,O009076,2025-09-03,COD,Paid
PAY0009077,O009077,2024-06-23,UPI,Paid
PAY0009078,O009078,2024-06-07,UPI,Paid
PAY0009079,O009079,2025-01-18,Debit Card,Paid
PAY0009080,O009080,2024-08-14,COD,Failed
PAY0009081,O009081,2024-02-07,COD,Failed
PAY0009082,O009082,2025-04-07,Debit Card,Paid
PAY0009083,O009083,2025-03-06,Debit Card,Paid
PAY0009084,O009084,2025-12-10,Credit Card,Pending
PAY0009085,O009085,2025-10-09,COD,Refunded
PAY0009086,O009086,2024-04-13,COD,Paid
PAY0009087,O009087,2024-07-11,Credit Card,Paid
PAY0009088,O009088,2024-09-06,Debit Card,Failed
PAY0009089,O009089,2024-01-13,Credit Card,Paid
PAY0009090,O009090,2025-07-20,Credit Card,Paid
PAY0009091,O009091,2025-08-19,Net Banking,Paid
PAY0009092,O009092,2025-09-12,COD,Failed
PAY0009093,O009093,2025-07-08,Debit Card,Paid
PAY0009094,O009094,2025-01-22,Net Banking,Paid
PAY0009095,O009095,2024-03-11,Net Banking,Failed
PAY0009096,O009096,2025-07-24,Net Banking,Pending
PAY0009097,O009097,2025-03-13,Debit Card,Refunded
PAY0009098,O009098,2024-02-13,Credit Card,Failed
PAY0009099,O009099,2024-09-28,Debit Card,Paid
PAY0009100,O009100,2024-01-14,COD,Paid
PAY0009101,O009101,2025-01-05,COD,Paid
PAY0009102,O009102,2024-04-21,Credit Card,Paid
PAY0009103,O009103,2025-01-13,Debit Card,Paid
PAY0009104,O009104,2024-11-09,Credit Card,Failed
PAY0009105,O009105,2025-02-18,Credit Card,Paid
PAY0009106,O009106,2025-04-29,Debit Card,Paid
PAY0009107,O009107,2024-06-17,COD,Paid
PAY0009108,O009108,2024-09-02,Debit Card,Paid
PAY0009109,O009109,2024-09-22,COD,Failed
PAY0009110,O009110,2024-08-30,UPI,Paid
PAY0009111,O009111,2025-10-31,UPI,Paid
PAY0009112,O009112,2024-10-26,UPI,Paid
PAY0009113,O009113,2024-11-22,Net Banking,Paid
PAY0009114,O009114,2025-06-13,COD,Paid
PAY0009115,O009115,2025-08-17,COD,Paid
PAY0009116,O009116,2024-12-07,Debit Card,Paid
PAY0009117,O009117,2025-11-09,COD,Paid
PAY0009118,O009118,2025-07-07,Debit Card,Paid
PAY0009119,O009119,2024-09-05,Net Banking,Paid
PAY0009120,O009120,2025-01-14,Debit Card,Paid
PAY0009121,O009121,2025-06-15,UPI,Paid
PAY0009122,O009122,2025-01-15,Debit Card,Paid
PAY0009123,O009123,2024-02-11,Debit Card,Paid
PAY0009124,O009124,2024-12-10,Debit Card,Paid
PAY0009125,O009125,2025-08-21,COD,Paid
PAY0009126,O009126,2024-09-17,Credit Card,Refunded
PAY0009127,O009127,2024-11-01,Credit Card,Paid
PAY0009128,O009128,2024-08-27,Credit Card,Pending
PAY0009129,O009129,2025-11-09,COD,Paid
PAY0009130,O009130,2024-11-08,UPI,Paid
PAY0009131,O009131,2025-03-16,Credit Card,Paid
PAY0009132,O009132,2024-05-12,Credit Card,Paid
PAY0009133,O009133,2025-12-19,Net Banking,Failed
PAY0009134,O009134,2024-02-20,Net Banking,Paid
PAY0009135,O009135,2025-09-09,UPI,Paid
PAY0009136,O009136,2025-01-26,Debit Card,Paid
PAY0009137,O009137,2025-11-26,Debit Card,Paid
PAY0009138,O009138,2025-12-13,Net Banking,Paid
PAY0009139,O009139,2025-06-06,Net Banking,Paid
PAY0009140,O009140,2025-05-22,UPI,Paid
PAY0009141,O009141,2025-10-23,UPI,Refunded
PAY0009142,O009142,2024-12-19,COD,Pending
PAY0009143,O009143,2025-01-29,Debit Card,Paid
PAY0009144,O009144,2024-04-05,COD,Failed
PAY0009145,O009145,2024-04-15,Credit Card,Paid
PAY0009146,O009146,2025-10-16,UPI,Paid
PAY0009147,O009147,2025-11-08,Debit Card,Failed
PAY0009148,O009148,2025-05-27,Debit Card,Paid
PAY0009149,O009149,2025-07-11,COD,Paid
PAY0009150,O009150,2024-08-29,Net Banking,Paid
PAY0009151,O009151,2025-05-02,Net Banking,Paid
PAY0009152,O009152,2025-05-29,UPI,Paid
PAY0009153,O009153,2025-10-15,Net Banking,Paid
PAY0009154,O009154,2024-03-01,Credit Card,Failed
PAY0009155,O009155,2025-02-19,Debit Card,Paid
PAY0009156,O009156,2024-10-20,Net Banking,Paid
PAY0009157,O009157,2024-10-28,UPI,Paid
PAY0009158,O009158,2024-06-18,Credit Card,Paid
PAY0009159,O009159,2025-10-07,COD,Paid
PAY0009160,O009160,2024-02-10,COD,Paid
PAY0009161,O009161,2024-08-18,Credit Card,Paid
PAY0009162,O009162,2025-02-12,UPI,Refunded
PAY0009163,O009163,2025-10-12,COD,Paid
PAY0009164,O009164,2025-09-13,Debit Card,Paid
PAY0009165,O009165,2024-10-23,Debit Card,Paid
PAY0009166,O009166,2025-03-30,UPI,Pending
PAY0009167,O009167,2024-02-26,UPI,Paid
PAY0009168,O009168,2025-09-26,Debit Card,Paid
PAY0009169,O009169,2024-08-27,UPI,Paid
PAY0009170,O009170,2025-08-20,Credit Card,Failed
PAY0009171,O009171,2024-06-24,UPI,Paid
PAY0009172,O009172,2024-03-03,Debit Card,Paid
PAY0009173,O009173,2025-07-04,Net Banking,Failed
PAY0009174,O009174,2024-05-17,UPI,Paid
PAY0009175,O009175,2025-03-29,COD,Paid
PAY0009176,O009176,2025-03-24,Credit Card,Paid
PAY0009177,O009177,2024-08-13,Credit Card,Paid
PAY0009178,O009178,2025-03-18,Credit Card,Paid
PAY0009179,O009179,2024-07-24,COD,Paid
PAY0009180,O009180,2025-11-06,COD,Paid
PAY0009181,O009181,2024-01-27,Credit Card,Paid
PAY0009182,O009182,2025-04-01,Credit Card,Paid
PAY0009183,O009183,2025-11-25,Credit Card,Paid
PAY0009184,O009184,2025-12-10,UPI,Paid
PAY0009185,O009185,2024-04-16,COD,Paid
PAY0009186,O009186,2025-03-19,Debit Card,Paid
PAY0009187,O009187,2025-12-01,UPI,Paid
PAY0009188,O009188,2024-02-05,Debit Card,Failed
PAY0009189,O009189,2025-08-19,UPI,Paid
PAY0009190,O009190,2024-06-03,UPI,Paid
PAY0009191,O009191,2024-06-17,Debit Card,Paid
PAY0009192,O009192,2024-09-28,Credit Card,Paid
PAY0009193,O009193,2025-06-30,Debit Card,Pending
PAY0009194,O009194,2025-02-23,Net Banking,Paid
PAY0009195,O009195,2024-07-02,COD,Refunded
PAY0009196,O009196,2025-09-02,Net Banking,Paid
PAY0009197,O009197,2024-08-24,UPI,Failed
PAY0009198,O009198,2025-05-23,Debit Card,Paid
PAY0009199,O009199,2025-03-16,Credit Card,Paid
PAY0009200,O009200,2024-05-01,Credit Card,Paid
PAY0009201,O009201,2025-02-20,Net Banking,Paid
PAY0009202,O009202,2025-06-18,Net Banking,Paid
PAY0009203,O009203,2025-01-09,UPI,Paid
PAY0009204,O009204,2025-07-28,COD,Paid
PAY0009205,O009205,2024-11-21,UPI,Paid
PAY0009206,O009206,2025-04-24,Credit Card,Paid
PAY0009207,O009207,2024-05-29,Debit Card,Failed
PAY0009208,O009208,2025-12-07,Net Banking,Paid
PAY0009209,O009209,2025-08-14,Credit Card,Failed
PAY0009210,O009210,2025-05-04,UPI,Paid
PAY0009211,O009211,2024-06-01,COD,Paid
PAY0009212,O009212,2024-01-17,Debit Card,Paid
PAY0009213,O009213,2025-07-04,COD,Paid
PAY0009214,O009214,2024-12-13,UPI,Paid
PAY0009215,O009215,2025-04-03,UPI,Failed
PAY0009216,O009216,2024-07-20,Credit Card,Paid
PAY0009217,O009217,2025-02-26,Debit Card,Paid
PAY0009218,O009218,2024-10-06,UPI,Pending
PAY0009219,O009219,2025-02-25,Credit Card,Paid
PAY0009220,O009220,2025-08-22,UPI,Paid
PAY0009221,O009221,2025-04-09,Credit Card,Paid
PAY0009222,O009222,2024-12-20,COD,Failed
PAY0009223,O009223,2025-08-04,Credit Card,Paid
PAY0009224,O009224,2025-01-12,COD,Paid
PAY0009225,O009225,2024-05-03,Net Banking,Paid
PAY0009226,O009226,2024-03-20,UPI,Paid
PAY0009227,O009227,2025-07-10,Net Banking,Refunded
PAY0009228,O009228,2024-08-20,Debit Card,Paid
PAY0009229,O009229,2025-04-24,Net Banking,Paid
PAY0009230,O009230,2024-06-02,Credit Card,Paid
PAY0009231,O009231,2025-11-22,Credit Card,Failed
PAY0009232,O009232,2025-02-12,Debit Card,Paid
PAY0009233,O009233,2024-01-31,Debit Card,Paid
PAY0009234,O009234,2025-08-19,UPI,Paid
PAY0009235,O009235,2025-07-10,Credit Card,Pending
PAY0009236,O009236,2025-05-17,Debit Card,Paid
PAY0009237,O009237,2025-01-05,Net Banking,Paid
PAY0009238,O009238,2024-11-18,Credit Card,Paid
PAY0009239,O009239,2024-11-27,Debit Card,Refunded
PAY0009240,O009240,2024-08-30,UPI,Paid
PAY0009241,O009241,2025-07-05,COD,Paid
PAY0009242,O009242,2025-03-05,Credit Card,Paid
PAY0009243,O009243,2024-06-30,Credit Card,Failed
PAY0009244,O009244,2025-04-17,Credit Card,Paid
PAY0009245,O009245,2025-01-10,Credit Card,Pending
PAY0009246,O009246,2024-03-21,COD,Paid
PAY0009247,O009247,2025-07-03,COD,Paid
PAY0009248,O009248,2025-02-23,UPI,Paid
PAY0009249,O009249,2025-04-11,Credit Card,Paid
PAY0009250,O009250,2025-03-03,Debit Card,Paid
PAY0009251,O009251,2024-02-26,Net Banking,Paid
PAY0009252,O009252,2024-11-17,Credit Card,Paid
PAY0009253,O009253,2025-06-25,COD,Paid
PAY0009254,O009254,2025-05-09,UPI,Paid
PAY0009255,O009255,2024-09-22,Credit Card,Paid
PAY0009256,O009256,2024-08-14,UPI,Paid
PAY0009257,O009257,2024-02-23,Debit Card,Refunded
PAY0009258,O009258,2025-08-31,Debit Card,Paid
PAY0009259,O009259,2024-01-04,Debit Card,Paid
PAY0009260,O009260,2025-03-14,Debit Card,Paid
PAY0009261,O009261,2024-11-05,Net Banking,Pending
PAY0009262,O009262,2025-08-25,UPI,Paid
PAY0009263,O009263,2024-03-29,Credit Card,Paid
PAY0009264,O009264,2024-11-15,Net Banking,Paid
PAY0009265,O009265,2025-01-09,Credit Card,Paid
PAY0009266,O009266,2025-08-26,COD,Paid
PAY0009267,O009267,2025-05-15,Net Banking,Refunded
PAY0009268,O009268,2025-10-23,Net Banking,Failed
PAY0009269,O009269,2024-08-21,COD,Paid
PAY0009270,O009270,2024-12-02,Net Banking,Paid
PAY0009271,O009271,2025-07-24,UPI,Paid
PAY0009272,O009272,2024-07-03,Debit Card,Paid
PAY0009273,O009273,2025-03-13,Credit Card,Paid
PAY0009274,O009274,2025-07-09,COD,Paid
PAY0009275,O009275,2024-06-28,Debit Card,Paid
PAY0009276,O009276,2024-03-16,Net Banking,Paid
PAY0009277,O009277,2025-10-17,UPI,Paid
PAY0009278,O009278,2025-09-04,Net Banking,Paid
PAY0009279,O009279,2024-09-28,COD,Paid
PAY0009280,O009280,2024-02-24,Net Banking,Paid
PAY0009281,O009281,2025-12-01,UPI,Paid
PAY0009282,O009282,2024-03-17,Net Banking,Refunded
PAY0009283,O009283,2024-10-22,Net Banking,Paid
PAY0009284,O009284,2024-08-06,Net Banking,Pending
PAY0009285,O009285,2024-10-03,Net Banking,Paid
PAY0009286,O009286,2025-07-31,UPI,Failed
PAY0009287,O009287,2025-10-09,Credit Card,Paid
PAY0009288,O009288,2025-12-11,Debit Card,Paid
PAY0009289,O009289,2024-09-22,COD,Paid
PAY0009290,O009290,2024-02-12,Credit Card,Paid
PAY0009291,O009291,2024-12-26,UPI,Refunded
PAY0009292,O009292,2024-08-15,COD,Paid
PAY0009293,O009293,2024-08-14,COD,Paid
PAY0009294,O009294,2024-03-03,Net Banking,Paid
PAY0009295,O009295,2024-06-19,Debit Card,Paid
PAY0009296,O009296,2024-11-02,Debit Card,Paid
PAY0009297,O009297,2025-07-21,UPI,Paid
PAY0009298,O009298,2025-11-13,Credit Card,Paid
PAY0009299,O009299,2024-02-03,Net Banking,Paid
PAY0009300,O009300,2025-10-03,Debit Card,Paid
PAY0009301,O009301,2024-05-09,Net Banking,Paid
PAY0009302,O009302,2025-01-28,Credit Card,Paid
PAY0009303,O009303,2024-05-30,COD,Paid
PAY0009304,O009304,2025-10-16,Credit Card,Pending
PAY0009305,O009305,2025-09-21,COD,Paid
PAY0009306,O009306,2025-12-16,Credit Card,Pending
PAY0009307,O009307,2025-01-18,Net Banking,Paid
PAY0009308,O009308,2024-01-17,Credit Card,Paid
PAY0009309,O009309,2025-08-16,Debit Card,Paid
PAY0009310,O009310,2024-01-14,Debit Card,Paid
PAY0009311,O009311,2024-03-21,UPI,Paid
PAY0009312,O009312,2024-07-25,Debit Card,Paid
PAY0009313,O009313,2024-07-22,Debit Card,Refunded
PAY0009314,O009314,2025-01-13,COD,Paid
PAY0009315,O009315,2025-06-27,Net Banking,Paid
PAY0009316,O009316,2024-01-23,Net Banking,Paid
PAY0009317,O009317,2025-09-05,COD,Paid
PAY0009318,O009318,2024-06-10,Debit Card,Paid
PAY0009319,O009319,2025-09-01,Credit Card,Paid
PAY0009320,O009320,2024-05-23,COD,Paid
PAY0009321,O009321,2024-04-13,Net Banking,Refunded
PAY0009322,O009322,2025-01-16,UPI,Failed
PAY0009323,O009323,2025-03-30,Net Banking,Paid
PAY0009324,O009324,2025-02-20,Credit Card,Refunded
PAY0009325,O009325,2024-11-19,Net Banking,Paid
PAY0009326,O009326,2024-06-19,COD,Paid
PAY0009327,O009327,2025-07-29,UPI,Paid
PAY0009328,O009328,2025-08-05,Net Banking,Paid
PAY0009329,O009329,2024-09-30,COD,Paid
PAY0009330,O009330,2025-03-27,COD,Paid
PAY0009331,O009331,2024-05-04,COD,Failed
PAY0009332,O009332,2025-01-17,UPI,Paid
PAY0009333,O009333,2024-11-12,COD,Paid
PAY0009334,O009334,2024-04-16,UPI,Paid
PAY0009335,O009335,2025-10-21,Credit Card,Refunded
PAY0009336,O009336,2025-04-07,Credit Card,Paid
PAY0009337,O009337,2025-03-05,Credit Card,Paid
PAY0009338,O009338,2025-12-04,COD,Paid
PAY0009339,O009339,2024-12-02,UPI,Paid
PAY0009340,O009340,2025-05-10,Credit Card,Paid
PAY0009341,O009341,2024-12-27,Debit Card,Paid
PAY0009342,O009342,2025-03-07,Credit Card,Paid
PAY0009343,O009343,2025-11-05,COD,Refunded
PAY0009344,O009344,2025-06-03,Debit Card,Paid
PAY0009345,O009345,2025-02-09,Net Banking,Paid
PAY0009346,O009346,2025-01-11,Debit Card,Pending
PAY0009347,O009347,2024-05-31,Net Banking,Paid
PAY0009348,O009348,2024-11-17,Debit Card,Paid
PAY0009349,O009349,2025-08-29,UPI,Paid
PAY0009350,O009350,2024-08-01,Debit Card,Paid
PAY0009351,O009351,2025-07-29,Credit Card,Paid
PAY0009352,O009352,2024-03-05,Net Banking,Paid
PAY0009353,O009353,2024-09-26,Net Banking,Failed
PAY0009354,O009354,2025-06-20,Credit Card,Pending
PAY0009355,O009355,2024-04-09,UPI,Failed
PAY0009356,O009356,2024-04-14,Debit Card,Paid
PAY0009357,O009357,2024-05-10,UPI,Paid
PAY0009358,O009358,2025-01-23,Credit Card,Paid
PAY0009359,O009359,2024-11-16,Debit Card,Paid
PAY0009360,O009360,2025-03-13,Credit Card,Paid
PAY0009361,O009361,2024-01-19,Net Banking,Paid
PAY0009362,O009362,2024-08-12,Net Banking,Paid
PAY0009363,O009363,2025-09-09,Net Banking,Paid
PAY0009364,O009364,2025-07-19,COD,Paid
PAY0009365,O009365,2025-04-04,COD,Paid
PAY0009366,O009366,2025-01-28,Net Banking,Paid
PAY0009367,O009367,2024-08-13,COD,Paid
PAY0009368,O009368,2024-12-25,COD,Paid
PAY0009369,O009369,2025-03-05,Credit Card,Pending
PAY0009370,O009370,2024-01-15,Debit Card,Pending
PAY0009371,O009371,2025-07-13,Net Banking,Paid
PAY0009372,O009372,2025-10-12,COD,Failed
PAY0009373,O009373,2025-06-29,Credit Card,Pending
PAY0009374,O009374,2025-02-17,Credit Card,Paid
PAY0009375,O009375,2024-12-20,Debit Card,Pending
PAY0009376,O009376,2025-04-01,Credit Card,Paid
PAY0009377,O009377,2025-12-22,UPI,Paid
PAY0009378,O009378,2025-06-14,UPI,Paid
PAY0009379,O009379,2024-07-14,Net Banking,Pending
PAY0009380,O009380,2024-04-24,Debit Card,Paid
PAY0009381,O009381,2025-02-20,UPI,Paid
PAY0009382,O009382,2024-12-17,Debit Card,Failed
PAY0009383,O009383,2024-03-15,Net Banking,Paid
PAY0009384,O009384,2025-10-23,Credit Card,Paid
PAY0009385,O009385,2024-02-05,Credit Card,Paid
PAY0009386,O009386,2024-08-29,Credit Card,Paid
PAY0009387,O009387,2025-10-24,UPI,Paid
PAY0009388,O009388,2024-03-03,Debit Card,Paid
PAY0009389,O009389,2025-10-27,UPI,Pending
PAY0009390,O009390,2025-05-23,COD,Paid
PAY0009391,O009391,2024-07-06,Debit Card,Paid
PAY0009392,O009392,2024-04-02,Net Banking,Failed
PAY0009393,O009393,2024-01-05,UPI,Paid
PAY0009394,O009394,2025-03-13,Credit Card,Paid
PAY0009395,O009395,2024-06-14,Credit Card,Pending
PAY0009396,O009396,2025-03-21,Credit Card,Refunded
PAY0009397,O009397,2024-01-25,UPI,Paid
PAY0009398,O009398,2025-05-22,UPI,Paid
PAY0009399,O009399,2024-04-07,Credit Card,Paid
PAY0009400,O009400,2024-09-24,Credit Card,Failed
PAY0009401,O009401,2025-10-23,Credit Card,Paid
PAY0009402,O009402,2025-01-27,COD,Failed
PAY0009403,O009403,2025-08-18,UPI,Paid
PAY0009404,O009404,2024-10-11,Credit Card,Paid
PAY0009405,O009405,2025-11-14,Net Banking,Paid
PAY0009406,O009406,2024-04-18,Credit Card,Failed
PAY0009407,O009407,2024-01-27,UPI,Paid
PAY0009408,O009408,2024-02-24,Net Banking,Paid
PAY0009409,O009409,2024-05-12,UPI,Pending
PAY0009410,O009410,2024-02-21,UPI,Paid
PAY0009411,O009411,2025-05-07,UPI,Pending
PAY0009412,O009412,2024-10-24,Debit Card,Paid
PAY0009413,O009413,2025-02-02,Net Banking,Failed
PAY0009414,O009414,2025-08-13,COD,Paid
PAY0009415,O009415,2024-01-18,COD,Paid
PAY0009416,O009416,2025-09-10,Debit Card,Paid
PAY0009417,O009417,2025-07-12,UPI,Refunded
PAY0009418,O009418,2024-09-02,COD,Paid
PAY0009419,O009419,2025-05-17,Net Banking,Paid
PAY0009420,O009420,2024-03-29,Credit Card,Refunded
PAY0009421,O009421,2024-07-21,Net Banking,Paid
PAY0009422,O009422,2024-08-27,UPI,Paid
PAY0009423,O009423,2025-05-04,Net Banking,Paid
PAY0009424,O009424,2024-01-13,UPI,Refunded
PAY0009425,O009425,2025-10-10,Net Banking,Paid
PAY0009426,O009426,2024-11-10,Debit Card,Paid
PAY0009427,O009427,2025-11-15,Net Banking,Paid
PAY0009428,O009428,2024-07-16,COD,Paid
PAY0009429,O009429,2024-08-30,Credit Card,Paid
PAY0009430,O009430,2025-05-21,Debit Card,Paid
PAY0009431,O009431,2024-02-12,Net Banking,Paid
PAY0009432,O009432,2024-11-25,UPI,Paid
PAY0009433,O009433,2025-08-13,Debit Card,Paid
PAY0009434,O009434,2025-03-04,COD,Paid
PAY0009435,O009435,2025-09-04,Credit Card,Paid
PAY0009436,O009436,2024-06-10,Credit Card,Paid
PAY0009437,O009437,2025-10-17,Net Banking,Paid
PAY0009438,O009438,2025-09-12,COD,Paid
PAY0009439,O009439,2025-03-10,COD,Paid
PAY0009440,O009440,2024-08-20,Credit Card,Paid
PAY0009441,O009441,2024-04-20,Credit Card,Paid
PAY0009442,O009442,2024-08-19,COD,Pending
PAY0009443,O009443,2025-12-09,Credit Card,Paid
PAY0009444,O009444,2024-09-29,UPI,Paid
PAY0009445,O009445,2025-08-20,Credit Card,Paid
PAY0009446,O009446,2024-02-10,UPI,Failed
PAY0009447,O009447,2025-07-13,Credit Card,Failed
PAY0009448,O009448,2025-04-10,Debit Card,Failed
PAY0009449,O009449,2024-03-17,Debit Card,Paid
PAY0009450,O009450,2025-11-20,Debit Card,Paid
PAY0009451,O009451,2025-05-04,UPI,Refunded
PAY0009452,O009452,2024-04-26,UPI,Paid
PAY0009453,O009453,2025-03-09,Net Banking,Paid
PAY0009454,O009454,2024-01-19,Net Banking,Failed
PAY0009455,O009455,2025-07-24,Credit Card,Paid
PAY0009456,O009456,2024-07-14,UPI,Paid
PAY0009457,O009457,2025-09-10,Debit Card,Paid
PAY0009458,O009458,2025-03-26,Debit Card,Paid
PAY0009459,O009459,2025-02-28,Debit Card,Paid
PAY0009460,O009460,2025-01-28,Credit Card,Paid
PAY0009461,O009461,2024-10-10,UPI,Refunded
PAY0009462,O009462,2024-02-03,Credit Card,Paid
PAY0009463,O009463,2024-10-21,COD,Pending
PAY0009464,O009464,2024-09-07,COD,Pending
PAY0009465,O009465,2025-09-29,Net Banking,Paid
PAY0009466,O009466,2024-12-04,UPI,Failed
PAY0009467,O009467,2025-09-09,Debit Card,Paid
PAY0009468,O009468,2025-03-15,UPI,Paid
PAY0009469,O009469,2024-06-28,Net Banking,Paid
PAY0009470,O009470,2025-09-13,Debit Card,Paid
PAY0009471,O009471,2024-08-15,Credit Card,Paid
PAY0009472,O009472,2025-09-24,Debit Card,Paid
PAY0009473,O009473,2025-09-10,COD,Paid
PAY0009474,O009474,2025-10-04,Credit Card,Paid
PAY0009475,O009475,2024-01-23,Debit Card,Paid
PAY0009476,O009476,2025-10-18,Credit Card,Paid
PAY0009477,O009477,2024-11-22,COD,Failed
PAY0009478,O009478,2024-06-02,COD,Paid
PAY0009479,O009479,2025-09-10,UPI,Paid
PAY0009480,O009480,2024-05-25,COD,Paid
PAY0009481,O009481,2024-09-08,COD,Paid
PAY0009482,O009482,2024-10-28,COD,Paid
PAY0009483,O009483,2024-03-10,Net Banking,Paid
PAY0009484,O009484,2025-06-26,COD,Paid
PAY0009485,O009485,2024-04-02,UPI,Paid
PAY0009486,O009486,2025-10-10,Credit Card,Pending
PAY0009487,O009487,2024-06-11,Net Banking,Paid
PAY0009488,O009488,2024-03-21,Credit Card,Paid
PAY0009489,O009489,2025-08-10,Credit Card,Paid
PAY0009490,O009490,2024-03-03,UPI,Paid
PAY0009491,O009491,2025-09-03,Net Banking,Paid
PAY0009492,O009492,2025-03-11,Debit Card,Paid
PAY0009493,O009493,2024-02-17,COD,Paid
PAY0009494,O009494,2025-03-20,Credit Card,Paid
PAY0009495,O009495,2024-03-14,Credit Card,Paid
PAY0009496,O009496,2025-12-04,UPI,Paid
PAY0009497,O009497,2025-06-25,UPI,Pending
PAY0009498,O009498,2024-06-05,UPI,Paid
PAY0009499,O009499,2025-05-01,Net Banking,Paid
PAY0009500,O009500,2024-09-22,COD,Pending
PAY0009501,O009501,2024-09-12,Net Banking,Paid
PAY0009502,O009502,2024-02-08,UPI,Paid
PAY0009503,O009503,2024-02-24,UPI,Refunded
PAY0009504,O009504,2024-01-28,Credit Card,Paid
PAY0009505,O009505,2024-04-27,Net Banking,Failed
PAY0009506,O009506,2025-01-04,Net Banking,Pending
PAY0009507,O009507,2024-07-27,COD,Paid
PAY0009508,O009508,2025-08-09,Net Banking,Paid
PAY0009509,O009509,2025-07-30,COD,Paid
PAY0009510,O009510,2025-09-03,Debit Card,Paid
PAY0009511,O009511,2025-07-11,COD,Failed
PAY0009512,O009512,2024-11-11,UPI,Paid
PAY0009513,O009513,2025-01-27,Debit Card,Paid
PAY0009514,O009514,2025-03-19,Credit Card,Paid
PAY0009515,O009515,2025-10-29,Credit Card,Paid
PAY0009516,O009516,2024-09-15,Credit Card,Failed
PAY0009517,O009517,2025-10-09,UPI,Paid
PAY0009518,O009518,2024-07-16,Credit Card,Paid
PAY0009519,O009519,2025-11-29,COD,Paid
PAY0009520,O009520,2025-09-19,UPI,Paid
PAY0009521,O009521,2025-03-20,Net Banking,Paid
PAY0009522,O009522,2025-07-23,UPI,Paid
PAY0009523,O009523,2025-08-04,UPI,Paid
PAY0009524,O009524,2025-08-27,Net Banking,Paid
PAY0009525,O009525,2025-10-10,COD,Paid
PAY0009526,O009526,2025-09-08,Debit Card,Paid
PAY0009527,O009527,2024-10-31,Net Banking,Paid
PAY0009528,O009528,2024-12-04,UPI,Paid
PAY0009529,O009529,2025-06-12,Credit Card,Paid
PAY0009530,O009530,2024-02-23,Net Banking,Paid
PAY0009531,O009531,2024-04-21,Net Banking,Paid
PAY0009532,O009532,2025-11-14,Debit Card,Paid
PAY0009533,O009533,2025-02-22,UPI,Paid
PAY0009534,O009534,2024-10-31,Credit Card,Paid
PAY0009535,O009535,2025-03-13,Credit Card,Paid
PAY0009536,O009536,2025-10-17,Debit Card,Paid
PAY0009537,O009537,2024-03-25,Credit Card,Paid
PAY0009538,O009538,2025-06-07,COD,Paid
PAY0009539,O009539,2024-09-08,Net Banking,Paid
PAY0009540,O009540,2025-12-28,Net Banking,Paid
PAY0009541,O009541,2024-05-05,Credit Card,Paid
PAY0009542,O009542,2025-09-01,Credit Card,Paid
PAY0009543,O009543,2025-02-08,Credit Card,Failed
PAY0009544,O009544,2024-10-30,Net Banking,Pending
PAY0009545,O009545,2024-01-28,Credit Card,Paid
PAY0009546,O009546,2024-09-22,COD,Paid
PAY0009547,O009547,2024-02-21,COD,Paid
PAY0009548,O009548,2025-10-16,Net Banking,Paid
PAY0009549,O009549,2025-10-05,UPI,Paid
PAY0009550,O009550,2025-05-25,UPI,Failed
PAY0009551,O009551,2024-07-25,UPI,Paid
PAY0009552,O009552,2025-07-27,COD,Paid
PAY0009553,O009553,2025-05-25,Debit Card,Paid
PAY0009554,O009554,2025-10-05,UPI,Paid
PAY0009555,O009555,2025-07-06,Debit Card,Paid
PAY0009556,O009556,2024-07-19,Net Banking,Paid
PAY0009557,O009557,2025-09-02,COD,Refunded
PAY0009558,O009558,2024-10-10,UPI,Paid
PAY0009559,O009559,2024-12-22,COD,Paid
PAY0009560,O009560,2024-02-16,Net Banking,Refunded
PAY0009561,O009561,2024-05-16,COD,Paid
PAY0009562,O009562,2024-05-09,Credit Card,Paid
PAY0009563,O009563,2024-07-13,UPI,Paid
PAY0009564,O009564,2025-09-20,COD,Paid
PAY0009565,O009565,2024-12-29,COD,Paid
PAY0009566,O009566,2025-03-07,COD,Paid
PAY0009567,O009567,2024-03-09,Net Banking,Paid
PAY0009568,O009568,2025-04-02,UPI,Refunded
PAY0009569,O009569,2025-06-23,UPI,Paid
PAY0009570,O009570,2024-11-30,Credit Card,Paid
PAY0009571,O009571,2025-06-09,Credit Card,Paid
PAY0009572,O009572,2025-07-11,COD,Paid
PAY0009573,O009573,2024-01-16,UPI,Failed
PAY0009574,O009574,2025-03-31,UPI,Paid
PAY0009575,O009575,2025-05-24,COD,Paid
PAY0009576,O009576,2024-07-27,Debit Card,Paid
PAY0009577,O009577,2024-06-06,UPI,Pending
PAY0009578,O009578,2024-12-02,COD,Refunded
PAY0009579,O009579,2024-08-28,COD,Paid
PAY0009580,O009580,2024-02-27,Debit Card,Paid
PAY0009581,O009581,2024-10-31,Credit Card,Paid
PAY0009582,O009582,2024-12-10,COD,Paid
PAY0009583,O009583,2025-10-03,UPI,Paid
PAY0009584,O009584,2025-12-29,Credit Card,Refunded
PAY0009585,O009585,2024-01-14,Credit Card,Paid
PAY0009586,O009586,2024-12-24,Credit Card,Paid
PAY0009587,O009587,2025-01-11,COD,Paid
PAY0009588,O009588,2024-08-30,UPI,Paid
PAY0009589,O009589,2024-05-24,Debit Card,Paid
PAY0009590,O009590,2025-02-18,Net Banking,Paid
PAY0009591,O009591,2025-01-28,Net Banking,Paid
PAY0009592,O009592,2025-09-06,Credit Card,Paid
PAY0009593,O009593,2025-12-29,Net Banking,Paid
PAY0009594,O009594,2024-12-23,Net Banking,Paid
PAY0009595,O009595,2025-07-29,COD,Paid
PAY0009596,O009596,2024-06-06,Debit Card,Paid
PAY0009597,O009597,2025-11-04,Net Banking,Paid
PAY0009598,O009598,2024-01-18,Debit Card,Paid
PAY0009599,O009599,2025-12-28,Net Banking,Pending
PAY0009600,O009600,2025-07-14,Credit Card,Paid
PAY0009601,O009601,2025-07-21,Credit Card,Paid
PAY0009602,O009602,2024-12-12,Debit Card,Paid
PAY0009603,O009603,2024-02-27,Debit Card,Paid
PAY0009604,O009604,2024-06-03,Debit Card,Paid
PAY0009605,O009605,2025-07-20,Debit Card,Paid
PAY0009606,O009606,2025-05-01,UPI,Paid
PAY0009607,O009607,2025-06-14,Credit Card,Refunded
PAY0009608,O009608,2025-05-01,Net Banking,Paid
PAY0009609,O009609,2024-05-30,UPI,Paid
PAY0009610,O009610,2024-12-24,Debit Card,Paid
PAY0009611,O009611,2025-01-02,Net Banking,Paid
PAY0009612,O009612,2025-09-11,Credit Card,Paid
PAY0009613,O009613,2024-02-16,Debit Card,Paid
PAY0009614,O009614,2024-07-25,COD,Paid
PAY0009615,O009615,2025-03-25,Debit Card,Paid
PAY0009616,O009616,2025-04-27,Net Banking,Paid
PAY0009617,O009617,2025-10-01,Credit Card,Failed
PAY0009618,O009618,2025-11-27,Debit Card,Paid
PAY0009619,O009619,2025-07-23,Credit Card,Paid
PAY0009620,O009620,2024-05-22,UPI,Paid
PAY0009621,O009621,2025-02-03,COD,Paid
PAY0009622,O009622,2024-04-06,UPI,Paid
PAY0009623,O009623,2024-02-16,COD,Pending
PAY0009624,O009624,2024-07-09,UPI,Paid
PAY0009625,O009625,2024-05-19,Credit Card,Failed
PAY0009626,O009626,2025-09-06,Credit Card,Paid
PAY0009627,O009627,2024-08-18,UPI,Paid
PAY0009628,O009628,2024-12-05,Net Banking,Paid
PAY0009629,O009629,2025-05-05,UPI,Paid
PAY0009630,O009630,2024-02-18,Debit Card,Paid
PAY0009631,O009631,2025-09-15,Net Banking,Paid
PAY0009632,O009632,2025-03-28,Credit Card,Paid
PAY0009633,O009633,2024-11-11,UPI,Paid
PAY0009634,O009634,2024-11-17,Net Banking,Pending
PAY0009635,O009635,2024-03-27,Debit Card,Paid
PAY0009636,O009636,2025-04-18,COD,Paid
PAY0009637,O009637,2024-10-08,Credit Card,Paid
PAY0009638,O009638,2024-03-14,Net Banking,Paid
PAY0009639,O009639,2025-03-28,Net Banking,Failed
PAY0009640,O009640,2024-02-16,Net Banking,Paid
PAY0009641,O009641,2025-08-10,UPI,Paid
PAY0009642,O009642,2024-04-05,Credit Card,Paid
PAY0009643,O009643,2024-01-31,Credit Card,Paid
PAY0009644,O009644,2025-06-17,UPI,Paid
PAY0009645,O009645,2024-01-17,UPI,Paid
PAY0009646,O009646,2024-07-30,UPI,Paid
PAY0009647,O009647,2025-10-21,Debit Card,Paid
PAY0009648,O009648,2024-08-22,Net Banking,Paid
PAY0009649,O009649,2025-01-26,Debit Card,Paid
PAY0009650,O009650,2024-12-19,Credit Card,Paid
PAY0009651,O009651,2024-10-31,UPI,Paid
PAY0009652,O009652,2025-08-21,Net Banking,Paid
PAY0009653,O009653,2025-07-03,COD,Paid
PAY0009654,O009654,2025-07-18,Net Banking,Paid
PAY0009655,O009655,2025-06-23,COD,Paid
PAY0009656,O009656,2025-08-11,Net Banking,Paid
PAY0009657,O009657,2025-05-23,UPI,Paid
PAY0009658,O009658,2025-12-12,COD,Paid
PAY0009659,O009659,2025-01-29,COD,Paid
PAY0009660,O009660,2025-03-06,Credit Card,Paid
PAY0009661,O009661,2025-11-15,Net Banking,Refunded
PAY0009662,O009662,2025-07-15,Debit Card,Failed
PAY0009663,O009663,2024-06-25,Debit Card,Pending
PAY0009664,O009664,2025-02-09,Credit Card,Paid
PAY0009665,O009665,2024-10-27,Credit Card,Paid
PAY0009666,O009666,2025-03-20,Credit Card,Pending
PAY0009667,O009667,2024-05-06,UPI,Paid
PAY0009668,O009668,2024-12-14,UPI,Paid
PAY0009669,O009669,2024-01-21,UPI,Paid
PAY0009670,O009670,2025-12-11,UPI,Paid
PAY0009671,O009671,2025-12-01,Credit Card,Paid
PAY0009672,O009672,2025-02-23,Credit Card,Paid
PAY0009673,O009673,2024-05-31,UPI,Paid
PAY0009674,O009674,2024-06-08,UPI,Failed
PAY0009675,O009675,2025-04-24,COD,Paid
PAY0009676,O009676,2025-03-18,Net Banking,Paid
PAY0009677,O009677,2024-04-05,COD,Paid
PAY0009678,O009678,2024-12-17,Net Banking,Failed
PAY0009679,O009679,2024-03-15,UPI,Paid
PAY0009680,O009680,2025-08-16,UPI,Paid
PAY0009681,O009681,2025-10-01,UPI,Pending
PAY0009682,O009682,2024-12-24,COD,Failed
PAY0009683,O009683,2024-05-12,Credit Card,Paid
PAY0009684,O009684,2025-02-03,Net Banking,Paid
PAY0009685,O009685,2024-05-18,COD,Paid
PAY0009686,O009686,2024-09-02,UPI,Paid
PAY0009687,O009687,2024-10-17,Credit Card,Pending
PAY0009688,O009688,2024-04-21,COD,Paid
PAY0009689,O009689,2025-12-15,Net Banking,Paid
PAY0009690,O009690,2024-06-18,UPI,Paid
PAY0009691,O009691,2025-08-21,Net Banking,Paid
PAY0009692,O009692,2025-09-22,UPI,Paid
PAY0009693,O009693,2025-09-01,UPI,Paid
PAY0009694,O009694,2024-08-27,Debit Card,Paid
PAY0009695,O009695,2024-12-02,Net Banking,Paid
PAY0009696,O009696,2024-05-17,Credit Card,Paid
PAY0009697,O009697,2025-08-16,UPI,Paid
PAY0009698,O009698,2024-08-23,Credit Card,Paid
PAY0009699,O009699,2025-10-09,COD,Paid
PAY0009700,O009700,2024-01-03,UPI,Pending
PAY0009701,O009701,2025-07-24,UPI,Paid
PAY0009702,O009702,2024-04-25,UPI,Pending
PAY0009703,O009703,2025-04-16,Credit Card,Paid
PAY0009704,O009704,2024-05-10,Debit Card,Failed
PAY0009705,O009705,2025-04-27,Net Banking,Paid
PAY0009706,O009706,2025-02-04,UPI,Paid
PAY0009707,O009707,2024-07-19,Net Banking,Failed
PAY0009708,O009708,2024-10-18,Net Banking,Paid
PAY0009709,O009709,2024-12-07,Net Banking,Paid
PAY0009710,O009710,2025-09-01,Credit Card,Paid
PAY0009711,O009711,2024-08-03,Net Banking,Paid
PAY0009712,O009712,2025-09-27,COD,Paid
PAY0009713,O009713,2025-08-07,Credit Card,Paid
PAY0009714,O009714,2024-12-31,Credit Card,Pending
PAY0009715,O009715,2025-10-03,COD,Failed
PAY0009716,O009716,2025-04-13,Debit Card,Paid
PAY0009717,O009717,2025-02-21,Debit Card,Paid
PAY0009718,O009718,2024-01-27,UPI,Refunded
PAY0009719,O009719,2025-11-07,Debit Card,Paid
PAY0009720,O009720,2025-03-30,UPI,Failed
PAY0009721,O009721,2025-08-02,Net Banking,Paid
PAY0009722,O009722,2024-01-14,UPI,Paid
PAY0009723,O009723,2024-04-07,Debit Card,Paid
PAY0009724,O009724,2024-10-05,UPI,Paid
PAY0009725,O009725,2025-05-04,Credit Card,Paid
PAY0009726,O009726,2025-09-15,Debit Card,Paid
PAY0009727,O009727,2024-07-25,UPI,Paid
PAY0009728,O009728,2024-08-20,Debit Card,Paid
PAY0009729,O009729,2025-07-26,COD,Failed
PAY0009730,O009730,2025-08-19,Debit Card,Paid
PAY0009731,O009731,2025-11-25,COD,Paid
PAY0009732,O009732,2024-08-26,UPI,Paid
PAY0009733,O009733,2024-09-06,COD,Paid
PAY0009734,O009734,2025-08-05,Debit Card,Paid
PAY0009735,O009735,2025-08-19,Credit Card,Paid
PAY0009736,O009736,2024-11-01,COD,Failed
PAY0009737,O009737,2025-04-07,Debit Card,Paid
PAY0009738,O009738,2024-08-23,Credit Card,Paid
PAY0009739,O009739,2024-10-17,Net Banking,Failed
PAY0009740,O009740,2024-02-08,COD,Paid
PAY0009741,O009741,2025-12-18,COD,Pending
PAY0009742,O009742,2024-07-01,UPI,Paid
PAY0009743,O009743,2025-11-29,Net Banking,Failed
PAY0009744,O009744,2025-10-06,UPI,Refunded
PAY0009745,O009745,2024-01-30,UPI,Paid
PAY0009746,O009746,2025-01-22,Debit Card,Paid
PAY0009747,O009747,2024-05-22,UPI,Paid
PAY0009748,O009748,2025-09-06,COD,Paid
PAY0009749,O009749,2025-02-22,UPI,Paid
PAY0009750,O009750,2024-03-14,Credit Card,Failed
PAY0009751,O009751,2024-02-24,COD,Paid
PAY0009752,O009752,2025-07-25,Debit Card,Paid
PAY0009753,O009753,2024-01-24,UPI,Failed
PAY0009754,O009754,2024-01-22,Credit Card,Paid
PAY0009755,O009755,2025-03-03,Credit Card,Paid
PAY0009756,O009756,2024-02-01,COD,Paid
PAY0009757,O009757,2024-12-04,UPI,Paid
PAY0009758,O009758,2025-05-29,Credit Card,Paid
PAY0009759,O009759,2025-05-26,UPI,Paid
PAY0009760,O009760,2024-03-10,COD,Paid
PAY0009761,O009761,2025-11-02,Net Banking,Paid
PAY0009762,O009762,2024-03-28,Credit Card,Paid
PAY0009763,O009763,2025-07-24,Debit Card,Paid
PAY0009764,O009764,2024-08-06,UPI,Paid
PAY0009765,O009765,2025-12-13,COD,Paid
PAY0009766,O009766,2025-08-11,COD,Paid
PAY0009767,O009767,2024-09-26,Debit Card,Paid
PAY0009768,O009768,2025-10-12,Net Banking,Paid
PAY0009769,O009769,2024-03-18,UPI,Paid
PAY0009770,O009770,2025-08-14,Net Banking,Paid
PAY0009771,O009771,2024-01-10,COD,Paid
PAY0009772,O009772,2025-04-12,Credit Card,Paid
PAY0009773,O009773,2024-12-01,Net Banking,Paid
PAY0009774,O009774,2025-09-27,Credit Card,Paid
PAY0009775,O009775,2024-07-04,Debit Card,Failed
PAY0009776,O009776,2025-06-29,COD,Paid
PAY0009777,O009777,2024-04-30,Credit Card,Paid
PAY0009778,O009778,2025-08-14,UPI,Paid
PAY0009779,O009779,2025-12-18,COD,Paid
PAY0009780,O009780,2025-07-18,Debit Card,Paid
PAY0009781,O009781,2025-10-29,UPI,Paid
PAY0009782,O009782,2024-09-30,COD,Paid
PAY0009783,O009783,2025-02-13,Net Banking,Paid
PAY0009784,O009784,2024-12-23,COD,Pending
PAY0009785,O009785,2025-10-08,UPI,Failed
PAY0009786,O009786,2024-04-07,Credit Card,Paid
PAY0009787,O009787,2024-08-28,Credit Card,Paid
PAY0009788,O009788,2025-07-10,COD,Paid
PAY0009789,O009789,2025-12-11,COD,Paid
PAY0009790,O009790,2024-04-23,Debit Card,Paid
PAY0009791,O009791,2025-05-01,Net Banking,Paid
PAY0009792,O009792,2024-08-28,Debit Card,Paid
PAY0009793,O009793,2024-06-04,Debit Card,Paid
PAY0009794,O009794,2024-12-17,Credit Card,Failed
PAY0009795,O009795,2024-02-13,Credit Card,Paid
PAY0009796,O009796,2025-08-14,UPI,Paid
PAY0009797,O009797,2024-11-07,Debit Card,Paid
PAY0009798,O009798,2024-05-17,UPI,Paid
PAY0009799,O009799,2025-10-24,COD,Paid
PAY0009800,O009800,2025-03-11,UPI,Refunded
PAY0009801,O009801,2024-05-22,Credit Card,Paid
PAY0009802,O009802,2024-10-25,Debit Card,Paid
PAY0009803,O009803,2025-07-15,Credit Card,Pending
PAY0009804,O009804,2024-09-18,COD,Paid
PAY0009805,O009805,2025-05-26,Net Banking,Pending
PAY0009806,O009806,2025-11-03,Debit Card,Paid
PAY0009807,O009807,2024-03-02,Credit Card,Paid
PAY0009808,O009808,2025-07-20,Net Banking,Paid
PAY0009809,O009809,2025-02-26,COD,Paid
PAY0009810,O009810,2025-01-30,Net Banking,Paid
PAY0009811,O009811,2024-01-31,Credit Card,Paid
PAY0009812,O009812,2024-11-25,Credit Card,Paid
PAY0009813,O009813,2024-06-17,COD,Pending
PAY0009814,O009814,2024-09-22,COD,Paid
PAY0009815,O009815,2024-11-03,Net Banking,Paid
PAY0009816,O009816,2025-04-03,Net Banking,Paid
PAY0009817,O009817,2024-07-03,Credit Card,Pending
PAY0009818,O009818,2024-11-29,COD,Pending
PAY0009819,O009819,2025-05-29,UPI,Paid
PAY0009820,O009820,2025-03-16,COD,Paid
PAY0009821,O009821,2025-11-03,Debit Card,Paid
PAY0009822,O009822,2025-01-25,Debit Card,Paid
PAY0009823,O009823,2025-07-13,COD,Paid
PAY0009824,O009824,2024-09-10,Net Banking,Failed
PAY0009825,O009825,2025-08-08,Debit Card,Paid
PAY0009826,O009826,2024-11-30,Credit Card,Refunded
PAY0009827,O009827,2025-02-03,Credit Card,Paid
PAY0009828,O009828,2024-06-14,Credit Card,Paid
PAY0009829,O009829,2024-09-16,COD,Paid
PAY0009830,O009830,2024-01-04,Debit Card,Paid
PAY0009831,O009831,2024-04-28,Net Banking,Paid
PAY0009832,O009832,2025-04-14,Credit Card,Paid
PAY0009833,O009833,2025-04-14,Net Banking,Paid
PAY0009834,O009834,2025-05-07,Credit Card,Paid
PAY0009835,O009835,2025-05-14,COD,Paid
PAY0009836,O009836,2024-03-10,Credit Card,Paid
PAY0009837,O009837,2025-11-24,COD,Paid
PAY0009838,O009838,2025-01-04,Debit Card,Paid
PAY0009839,O009839,2024-06-29,Debit Card,Refunded
PAY0009840,O009840,2024-01-05,Net Banking,Paid
PAY0009841,O009841,2024-07-15,Credit Card,Paid
PAY0009842,O009842,2024-02-16,Debit Card,Paid
PAY0009843,O009843,2025-07-05,UPI,Paid
PAY0009844,O009844,2025-09-25,UPI,Paid
PAY0009845,O009845,2025-10-08,Net Banking,Paid
PAY0009846,O009846,2024-05-19,Debit Card,Paid
PAY0009847,O009847,2025-10-26,COD,Paid
PAY0009848,O009848,2025-06-23,UPI,Paid
PAY0009849,O009849,2025-03-02,Debit Card,Paid
PAY0009850,O009850,2025-08-11,COD,Paid
PAY0009851,O009851,2025-11-17,Credit Card,Failed
PAY0009852,O009852,2025-07-14,Debit Card,Failed
PAY0009853,O009853,2024-11-05,Credit Card,Paid
PAY0009854,O009854,2024-09-30,UPI,Paid
PAY0009855,O009855,2025-06-22,Credit Card,Paid
PAY0009856,O009856,2025-01-24,UPI,Failed
PAY0009857,O009857,2025-04-03,Net Banking,Paid
PAY0009858,O009858,2025-09-25,Net Banking,Failed
PAY0009859,O009859,2024-12-26,UPI,Paid
PAY0009860,O009860,2024-03-09,COD,Paid
PAY0009861,O009861,2025-08-05,Net Banking,Paid
PAY0009862,O009862,2025-10-23,COD,Paid
PAY0009863,O009863,2025-11-29,COD,Pending
PAY0009864,O009864,2025-03-06,COD,Pending
PAY0009865,O009865,2025-12-08,Debit Card,Paid
PAY0009866,O009866,2024-02-01,Debit Card,Paid
PAY0009867,O009867,2025-09-12,COD,Paid
PAY0009868,O009868,2025-05-27,UPI,Failed
PAY0009869,O009869,2024-06-30,Net Banking,Pending
PAY0009870,O009870,2025-11-16,Credit Card,Failed
PAY0009871,O009871,2025-11-11,Debit Card,Failed
PAY0009872,O009872,2024-09-04,Debit Card,Paid
PAY0009873,O009873,2025-09-11,Credit Card,Paid
PAY0009874,O009874,2024-10-23,COD,Paid
PAY0009875,O009875,2024-01-30,Credit Card,Paid
PAY0009876,O009876,2024-10-28,COD,Refunded
PAY0009877,O009877,2025-04-20,Debit Card,Paid
PAY0009878,O009878,2024-12-17,Credit Card,Paid
PAY0009879,O009879,2025-04-26,UPI,Paid
PAY0009880,O009880,2024-11-12,Net Banking,Paid
PAY0009881,O009881,2025-01-31,Net Banking,Paid
PAY0009882,O009882,2024-03-29,Net Banking,Paid
PAY0009883,O009883,2024-08-21,Credit Card,Paid
PAY0009884,O009884,2024-06-16,COD,Paid
PAY0009885,O009885,2024-05-05,Debit Card,Paid
PAY0009886,O009886,2025-07-26,Net Banking,Paid
PAY0009887,O009887,2024-04-29,Credit Card,Paid
PAY0009888,O009888,2025-03-03,Net Banking,Paid
PAY0009889,O009889,2024-07-08,COD,Paid
PAY0009890,O009890,2025-09-24,UPI,Paid
PAY0009891,O009891,2025-03-03,UPI,Paid
PAY0009892,O009892,2025-07-13,Debit Card,Paid
PAY0009893,O009893,2024-07-20,UPI,Refunded
PAY0009894,O009894,2024-02-28,UPI,Paid
PAY0009895,O009895,2025-11-27,Credit Card,Paid
PAY0009896,O009896,2024-08-10,Credit Card,Paid
PAY0009897,O009897,2025-05-06,Debit Card,Paid
PAY0009898,O009898,2024-01-11,Debit Card,Paid
PAY0009899,O009899,2025-12-01,Credit Card,Paid
PAY0009900,O009900,2025-05-26,UPI,Paid
PAY0009901,O009901,2024-11-05,COD,Failed
PAY0009902,O009902,2024-02-03,UPI,Paid
PAY0009903,O009903,2024-12-05,UPI,Paid
PAY0009904,O009904,2025-10-08,COD,Paid
PAY0009905,O009905,2025-04-25,Debit Card,Paid
PAY0009906,O009906,2025-07-27,Credit Card,Paid
PAY0009907,O009907,2024-04-02,Debit Card,Failed
PAY0009908,O009908,2025-09-19,Debit Card,Paid
PAY0009909,O009909,2024-05-12,Debit Card,Paid
PAY0009910,O009910,2025-02-22,Credit Card,Paid
PAY0009911,O009911,2025-04-12,Debit Card,Paid
PAY0009912,O009912,2025-03-19,Debit Card,Paid
PAY0009913,O009913,2025-12-05,Net Banking,Paid
PAY0009914,O009914,2024-01-30,UPI,Refunded
PAY0009915,O009915,2024-10-24,Net Banking,Paid
PAY0009916,O009916,2024-03-01,Credit Card,Paid
PAY0009917,O009917,2025-04-02,COD,Paid
PAY0009918,O009918,2024-10-30,COD,Paid
PAY0009919,O009919,2024-12-05,Net Banking,Paid
PAY0009920,O009920,2025-03-23,Net Banking,Pending
PAY0009921,O009921,2024-10-28,Net Banking,Paid
PAY0009922,O009922,2025-06-23,UPI,Paid
PAY0009923,O009923,2025-04-29,Credit Card,Paid
PAY0009924,O009924,2024-03-17,Debit Card,Paid
PAY0009925,O009925,2025-09-24,Net Banking,Paid
PAY0009926,O009926,2025-05-29,UPI,Paid
PAY0009927,O009927,2025-07-02,COD,Paid
PAY0009928,O009928,2025-10-20,COD,Failed
PAY0009929,O009929,2024-04-01,COD,Paid
PAY0009930,O009930,2025-04-10,Net Banking,Paid
PAY0009931,O009931,2025-04-10,COD,Paid
PAY0009932,O009932,2025-08-21,COD,Pending
PAY0009933,O009933,2024-02-09,COD,Paid
PAY0009934,O009934,2025-11-20,Debit Card,Paid
PAY0009935,O009935,2024-11-24,COD,Refunded
PAY0009936,O009936,2024-10-11,UPI,Paid
PAY0009937,O009937,2025-07-07,Net Banking,Paid
PAY0009938,O009938,2024-03-06,Debit Card,Pending
PAY0009939,O009939,2025-09-27,Debit Card,Paid
PAY0009940,O009940,2025-10-18,Net Banking,Paid
PAY0009941,O009941,2025-09-23,COD,Paid
PAY0009942,O009942,2024-04-18,COD,Paid
PAY0009943,O009943,2025-02-18,Credit Card,Failed
PAY0009944,O009944,2024-04-01,COD,Paid
PAY0009945,O009945,2025-01-02,UPI,Paid
PAY0009946,O009946,2025-02-26,COD,Paid
PAY0009947,O009947,2025-07-25,Net Banking,Paid
PAY0009948,O009948,2024-08-27,COD,Pending
PAY0009949,O009949,2025-03-10,Net Banking,Paid
PAY0009950,O009950,2024-07-30,Debit Card,Paid
PAY0009951,O009951,2025-02-03,Credit Card,Paid
PAY0009952,O009952,2025-09-01,Debit Card,Paid
PAY0009953,O009953,2025-06-09,Net Banking,Paid
PAY0009954,O009954,2025-12-30,Credit Card,Failed
PAY0009955,O009955,2025-04-12,Debit Card,Failed
PAY0009956,O009956,2024-06-18,COD,Paid
PAY0009957,O009957,2024-07-28,COD,Paid
PAY0009958,O009958,2024-09-12,Credit Card,Paid
PAY0009959,O009959,2025-11-13,Debit Card,Paid
PAY0009960,O009960,2024-03-13,UPI,Paid
PAY0009961,O009961,2024-05-26,UPI,Paid
PAY0009962,O009962,2024-12-05,UPI,Paid
PAY0009963,O009963,2024-11-12,Debit Card,Paid
PAY0009964,O009964,2025-09-09,Debit Card,Pending
PAY0009965,O009965,2025-08-28,Debit Card,Failed
PAY0009966,O009966,2025-07-28,Net Banking,Paid
PAY0009967,O009967,2024-06-02,UPI,Paid
PAY0009968,O009968,2024-09-11,UPI,Paid
PAY0009969,O009969,2024-12-16,UPI,Paid
PAY0009970,O009970,2025-06-30,Net Banking,Paid
PAY0009971,O009971,2024-11-07,Net Banking,Paid
PAY0009972,O009972,2025-10-30,Debit Card,Paid
PAY0009973,O009973,2024-05-13,UPI,Failed
PAY0009974,O009974,2024-05-08,UPI,Paid
PAY0009975,O009975,2025-03-11,COD,Paid
PAY0009976,O009976,2024-10-06,COD,Paid
PAY0009977,O009977,2024-12-23,COD,Paid
PAY0009978,O009978,2024-09-08,Net Banking,Paid
PAY0009979,O009979,2024-05-14,Debit Card,Paid
PAY0009980,O009980,2025-06-06,Credit Card,Paid
PAY0009981,O009981,2025-10-21,UPI,Paid
PAY0009982,O009982,2024-11-14,COD,Refunded
PAY0009983,O009983,2024-03-20,UPI,Paid
PAY0009984,O009984,2024-07-09,UPI,Paid
PAY0009985,O009985,2025-03-28,UPI,Paid
PAY0009986,O009986,2024-12-09,Debit Card,Refunded
PAY0009987,O009987,2024-01-30,UPI,Paid
PAY0009988,O009988,2025-02-17,Debit Card,Paid
PAY0009989,O009989,2025-01-02,Credit Card,Paid
PAY0009990,O009990,2025-08-18,Credit Card,Paid
PAY0009991,O009991,2025-05-16,Net Banking,Paid
PAY0009992,O009992,2025-10-23,UPI,Paid
PAY0009993,O009993,2025-12-01,COD,Paid
PAY0009994,O009994,2024-01-21,Net Banking,Paid
PAY0009995,O009995,2025-07-02,Net Banking,Paid
PAY0009996,O009996,2024-09-02,Credit Card,Paid
PAY0009997,O009997,2024-10-09,COD,Paid
PAY0009998,O009998,2025-09-05,UPI,Failed
PAY0009999,O009999,2024-08-19,UPI,Paid
PAY0010000,O010000,2024-11-11,Credit Card,Paid
